pseudocode,state,district,block,rural_urban,lgd_vill_name,school_category,school_type,lowclass,highclass,managment,pincode,pre_primary,shift_school,resi_school,class_1_students,class_2_students,class_3_students,class_4_students,class_5_students,class_6_students,class_7_students,class_8_students,class_9_students,class_10_students,class_11_students,class_12_students,total_students,total_tch,regular,contract,part_time,total_class_rooms,classrooms_in_good_condition,classrooms_needs_minor_repair,classrooms_needs_major_repair,total_boys_toilet,total_girls_toilet,desktop,laptop,tablet,internet,electricity_availability,library_availability,playground_available,structure_name,structure_status,classroom_repair_gap,has_internet,has_library
8241379,UTTAR PRADESH,BAREILLY,NAWABGANJ,1,Hafiz Ganj,2,3,1,8,5,243407,1,2,3,58,47,36,31,40,12,2,0,0,0,0,0,226,4,0,4,0,11,11,0,0,1,1,0,1,1,1,1,1,1,Upper Primary (1–8),STANDARD,0,True,True
1835919,UTTAR PRADESH,BAREILLY,RAMNAGAR,1,Kala Bhoj,4,3,6,8,5,243303,9,2,3,0,0,0,0,0,58,40,9,0,0,0,0,107,5,4,1,0,6,6,0,0,1,1,0,0,0,1,1,1,2,Upper Primary (6–8),STANDARD,0,True,True
3516289,UTTAR PRADESH,BAREILLY,RAMNAGAR,1,Barathanpur,1,3,1,5,5,243303,2,2,3,19,25,19,8,12,0,0,0,0,0,0,0,83,6,2,4,0,5,5,0,0,1,1,0,0,0,1,1,1,2,Primary (1–5),STANDARD,0,True,True
5308057,UTTAR PRADESH,BAREILLY,RAMNAGAR,1,Ram Nagar,1,3,1,5,5,243303,2,2,3,27,23,21,31,45,0,0,0,0,0,0,0,147,0,0,0,0,5,5,0,0,5,3,0,0,0,1,1,1,1,Primary (1–5),STANDARD,0,True,True
7514836,UTTAR PRADESH,BAREILLY,RAMNAGAR,1,Jagannathpur,2,3,1,8,5,243303,2,2,3,33,48,30,48,35,69,65,51,0,0,0,0,379,16,16,0,0,13,13,0,0,3,3,5,1,50,1,1,1,1,Upper Primary (1–8),STANDARD,0,True,True
2958335,UTTAR PRADESH,BAREILLY,BHUTA,1,Tisuwa,1,3,1,5,5,243006,1,2,3,30,16,10,10,6,0,0,0,0,0,0,0,72,9,9,0,0,7,7,0,0,2,2,1,1,0,1,1,1,1,Primary (1–5),STANDARD,0,True,True
8393050,UTTAR PRADESH,BAREILLY,FATEHGANJ,1,Amaur,2,3,1,8,5,243201,2,2,3,8,8,7,8,11,23,19,7,0,0,0,0,91,6,6,0,0,8,8,0,0,5,10,0,1,1,1,1,1,1,Upper Primary (1–8),STANDARD,0,True,True
8069997,UTTAR PRADESH,BAREILLY,FATEHGANJ,2,,1,3,1,5,5,243501,2,2,3,6,14,8,11,10,0,0,0,0,0,0,0,49,5,4,1,0,5,5,0,0,1,1,0,1,0,2,1,2,1,Primary (1–5),STANDARD,0,False,False
4883682,UTTAR PRADESH,BAREILLY,FATEHGANJ,2,,1,3,1,5,5,243501,2,2,3,6,3,4,3,5,0,0,0,0,0,0,0,21,3,3,0,0,5,5,0,0,1,1,0,0,0,2,1,2,2,Primary (1–5),STANDARD,0,False,False
4588106,UTTAR PRADESH,BAREILLY,FATEHGANJ,2,,1,3,1,5,5,243501,2,2,3,22,20,28,18,16,0,0,0,0,0,0,0,104,3,3,0,0,5,5,0,0,1,1,0,0,0,2,2,2,2,Primary (1–5),STANDARD,0,False,False
6961815,UTTAR PRADESH,BAREILLY,FATEHGANJ,1,Sheeshgarh,1,3,1,5,5,243505,2,2,1,26,27,26,32,19,0,0,0,0,0,0,0,130,3,3,0,0,0,0,0,0,1,1,0,0,0,2,2,2,2,Primary (1–5),STANDARD,0,False,False
5058091,UTTAR PRADESH,BAREILLY,FATEHGANJ,1,Dhantiya,2,3,1,8,5,243502,1,2,3,76,61,59,57,48,39,27,28,0,0,0,0,395,18,18,0,0,17,17,0,0,2,2,25,2,0,1,1,1,1,Upper Primary (1–8),STANDARD,0,True,True
9782386,UTTAR PRADESH,BAREILLY,FATEHGANJ,1,Tiliya Pur,7,3,6,10,5,243502,9,2,3,0,0,0,0,0,1,0,5,172,124,0,0,302,6,0,6,0,10,10,0,0,2,2,10,2,0,1,1,1,1,Secondary (6–10),STANDARD,0,True,True
6642253,UTTAR PRADESH,BAREILLY,FATEHGANJ,1,Rahpura Jagir,1,3,1,5,5,243001,2,2,3,7,7,5,9,5,0,0,0,0,0,0,0,33,5,5,0,0,5,5,0,0,2,2,0,0,0,2,1,2,1,Primary (1–5),STANDARD,0,False,False
1244791,UTTAR PRADESH,BAREILLY,FATEHGANJ,1,Chitauli,5,3,6,12,1,243501,9,2,3,0,0,0,0,0,0,0,0,50,0,50,0,100,0,0,0,0,14,14,0,0,2,2,0,0,0,1,1,2,2,Higher Secondary (6–12),STANDARD,0,True,False
1533873,UTTAR PRADESH,BAREILLY,FATEHGANJ,1,Bafari Buzurg,1,3,1,5,5,243505,2,2,2,26,28,13,16,16,0,0,0,0,0,0,0,99,5,5,0,0,10,10,0,0,1,1,0,0,0,2,2,2,1,Primary (1–5),STANDARD,0,False,False
7381830,UTTAR PRADESH,BAREILLY,FATEHGANJ,1,Kulchha,1,3,1,5,5,243505,2,2,3,37,21,27,28,39,0,0,0,0,0,0,0,152,5,4,1,0,5,5,0,0,2,2,1,0,2,2,2,2,1,Primary (1–5),STANDARD,0,False,False
5243028,UTTAR PRADESH,BAREILLY,KYARA,1,Kargaina,1,3,1,5,5,243001,2,2,3,0,0,2,2,2,0,0,0,0,0,0,0,6,4,4,0,0,5,5,0,0,15,15,0,0,0,2,1,1,2,Primary (1–5),STANDARD,0,False,True
1352448,UTTAR PRADESH,BAREILLY,SHERGARH,2,,5,3,6,12,1,243505,9,2,3,0,0,0,0,0,0,0,0,13,0,35,0,48,0,0,0,0,18,18,0,0,7,7,0,0,0,1,1,1,1,Higher Secondary (6–12),STANDARD,0,True,True
4407046,UTTAR PRADESH,BAREILLY,SHERGARH,1,Sharif Nagar,1,3,1,5,5,243201,2,2,1,11,14,8,6,5,0,0,0,0,0,0,0,44,3,1,2,0,8,8,0,0,2,2,0,1,0,2,2,1,1,Primary (1–5),STANDARD,0,False,True
1437598,UTTAR PRADESH,BAREILLY,SHERGARH,2,,1,3,1,5,5,243505,2,2,3,13,12,11,11,8,0,0,0,0,0,0,0,55,8,8,0,0,10,10,0,0,2,3,0,0,0,2,2,1,2,Primary (1–5),STANDARD,0,False,True
6335418,UTTAR PRADESH,BAREILLY,MAJHGAWAN,1,Shivpuri,1,3,1,5,5,243303,2,2,3,71,17,27,29,23,0,0,0,0,0,0,0,167,6,6,0,0,6,6,0,0,1,1,0,1,0,1,1,1,1,Primary (1–5),STANDARD,0,True,True
5477344,UTTAR PRADESH,BAREILLY,AONLA,2,,1,3,1,5,5,243301,2,2,3,7,6,7,6,3,0,0,0,0,0,0,0,29,1,1,0,0,5,5,0,0,1,1,0,0,0,1,1,1,2,Primary (1–5),STANDARD,0,True,True
5754513,UTTAR PRADESH,BAREILLY,BAHERI TOWN,2,,2,3,1,8,5,243201,1,2,3,20,37,20,35,34,46,44,40,0,0,0,0,276,7,7,0,0,12,12,0,0,5,5,1,1,0,1,1,2,1,Upper Primary (1–8),STANDARD,0,True,False
3129817,UTTAR PRADESH,BAREILLY,BAHERI,1,Gudwara,1,3,1,5,5,243201,2,2,3,29,19,17,24,18,0,0,0,0,0,0,0,107,5,1,2,2,5,5,0,0,2,3,1,0,0,2,1,1,1,Primary (1–5),STANDARD,0,False,True
4220648,UTTAR PRADESH,BAREILLY,BAHERI,1,Gudwara,4,3,6,8,5,243201,9,2,3,0,0,0,0,0,11,17,11,0,0,0,0,39,4,1,1,2,3,3,0,0,2,3,0,0,0,2,1,1,1,Upper Primary (6–8),STANDARD,0,False,True
1337554,UTTAR PRADESH,BAREILLY,BAHERI,1,Naula,1,3,1,5,5,243201,2,2,3,9,18,3,5,8,0,0,0,0,0,0,0,43,2,2,0,0,5,5,0,0,1,2,0,0,0,2,1,1,1,Primary (1–5),STANDARD,0,False,True
6952277,UTTAR PRADESH,BAREILLY,BAHERI,1,Uganpur,1,3,1,5,5,243201,2,2,3,12,22,14,11,9,0,0,0,0,0,0,0,68,5,5,0,0,10,10,0,0,2,2,18,2,0,1,1,1,1,Primary (1–5),STANDARD,0,True,True
7067533,UTTAR PRADESH,BAREILLY,BAHERI,1,Mavai Kaziyan,5,2,6,12,1,243505,9,2,3,0,0,0,0,0,0,0,2,6,1,23,2,34,1,1,0,0,8,8,0,0,0,12,0,0,0,2,1,1,1,Higher Secondary (6–12),STANDARD,0,False,True
1858500,UTTAR PRADESH,BAREILLY,BAHERI,1,Utarsia Samukhiya,5,2,6,12,1,243201,9,2,3,0,0,0,0,0,7,0,0,10,0,1,0,18,0,0,0,0,14,14,0,0,0,13,0,0,0,1,1,1,1,Higher Secondary (6–12),STANDARD,0,True,True
1872837,UTTAR PRADESH,BAREILLY,FARIDPUR,1,Tara Khas,1,3,1,5,5,243506,2,2,3,5,5,5,6,1,0,0,0,0,0,0,0,22,3,0,0,3,7,7,0,0,1,1,1,0,0,1,1,2,1,Primary (1–5),STANDARD,0,True,False
7622229,UTTAR PRADESH,BAREILLY,FARIDPUR TOWN,2,,1,3,1,5,5,243503,2,1,1,68,47,41,50,38,0,0,0,0,0,0,0,244,10,8,1,1,11,11,0,0,6,2,0,0,0,2,1,1,1,Primary (1–5),STANDARD,0,False,True
8684329,UTTAR PRADESH,BAREILLY,FARIDPUR TOWN,2,,1,3,1,5,5,243503,2,2,3,17,32,23,25,11,0,0,0,0,0,0,0,108,5,5,0,0,5,5,0,0,2,1,1,1,0,2,1,2,2,Primary (1–5),STANDARD,0,False,False
1710137,UTTAR PRADESH,BAREILLY,FARIDPUR TOWN,2,,1,3,1,5,5,243503,2,2,3,20,11,11,15,8,0,0,0,0,0,0,0,65,7,7,0,0,5,5,0,0,2,2,0,0,0,1,2,1,1,Primary (1–5),STANDARD,0,True,True
8888092,UTTAR PRADESH,BAREILLY,FARIDPUR TOWN,2,,1,3,1,5,5,243503,2,2,3,0,15,12,11,4,0,0,0,0,0,0,0,42,4,4,0,0,6,6,0,0,2,2,0,0,0,1,1,2,1,Primary (1–5),STANDARD,0,True,False
1667636,UTTAR PRADESH,BAREILLY,ALAMPUR,1,Sendha,2,3,1,8,5,243301,2,2,3,7,6,5,7,10,37,37,38,0,0,0,0,147,8,8,0,0,9,9,0,0,2,2,0,0,0,1,1,1,1,Upper Primary (1–8),STANDARD,0,True,True
1324259,UTTAR PRADESH,BAREILLY,ALAMPUR,1,Sirohi,1,3,1,5,5,243401,2,2,3,15,30,27,35,16,0,0,0,0,0,0,0,123,5,4,1,0,3,3,0,0,1,1,0,1,0,1,1,1,1,Primary (1–5),STANDARD,0,True,True
6195896,UTTAR PRADESH,BAREILLY,ALAMPUR,1,Sardar Nagar,2,3,1,8,5,243402,2,2,3,49,47,31,34,33,38,33,7,0,0,0,0,272,5,5,0,0,8,8,0,0,2,2,1,1,1,1,1,1,1,Upper Primary (1–8),STANDARD,0,True,True
1089512,UTTAR PRADESH,BAREILLY,ALAMPUR,1,Harirampur,7,3,6,10,5,243402,9,2,3,0,0,0,0,0,56,13,14,32,16,0,0,131,11,1,10,0,12,12,0,0,2,2,0,0,0,1,1,2,1,Secondary (6–10),STANDARD,0,True,False
1712288,UTTAR PRADESH,BAREILLY,ALAMPUR,1,Katka Raman,1,3,1,5,5,243402,2,2,3,6,5,9,5,1,0,0,0,0,0,0,0,26,6,5,1,0,5,5,0,0,2,2,1,1,0,1,1,1,2,Primary (1–5),STANDARD,0,True,True
5199366,UTTAR PRADESH,BAREILLY,ALAMPUR,1,Karuatal,3,3,1,12,89,243301,2,2,3,48,38,22,13,18,37,19,15,25,35,24,30,324,25,6,19,0,20,20,0,0,12,10,45,2,0,1,1,1,1,Higher Secondary (1–12),STANDARD,0,True,True
5260420,UTTAR PRADESH,BAREILLY,VITHARI CHAINPUR,1,Manehra,1,3,1,5,5,243202,1,2,3,12,10,6,12,12,0,0,0,0,0,0,0,52,8,8,0,0,14,14,0,0,2,2,1,0,1,1,1,1,1,Primary (1–5),STANDARD,0,True,True
8340688,UTTAR PRADESH,BAREILLY,VITHARI CHAINPUR,1,Padarathpur (Ct),1,3,1,5,5,243123,2,2,3,0,13,9,6,7,0,0,0,0,0,0,0,35,2,2,0,0,4,4,0,0,1,1,0,0,0,2,1,1,1,Primary (1–5),STANDARD,0,False,True
2974192,UTTAR PRADESH,BAREILLY,VITHARI CHAINPUR,1,Bhoora,2,3,1,8,5,243006,1,2,3,19,5,4,2,2,5,1,1,0,0,0,0,39,10,6,4,0,8,8,0,0,4,4,4,1,0,2,1,1,1,Upper Primary (1–8),STANDARD,0,False,True
3035287,UTTAR PRADESH,BAREILLY,BAREILLY TOWN,2,,1,3,1,5,5,243001,2,2,3,8,16,7,10,6,0,0,0,0,0,0,0,47,4,4,0,0,10,10,0,0,4,4,1,0,0,2,1,1,2,Primary (1–5),STANDARD,0,False,True
9215176,UTTAR PRADESH,BAREILLY,BAREILLY TOWN,2,,2,3,1,8,5,243122,2,2,3,42,41,41,49,40,42,42,38,0,0,0,0,335,8,8,0,0,8,8,0,0,4,4,1,0,0,2,1,1,1,Upper Primary (1–8),STANDARD,0,False,True
8984651,UTTAR PRADESH,BAREILLY,BAREILLY TOWN,2,,1,3,1,5,5,243122,2,2,3,21,28,23,17,10,0,0,0,0,0,0,0,99,4,0,4,0,5,5,0,0,2,2,0,0,0,2,1,1,1,Primary (1–5),STANDARD,0,False,True
8769732,UTTAR PRADESH,BAREILLY,BAREILLY TOWN,2,,1,3,1,5,5,243122,2,2,3,100,155,137,139,129,0,0,0,0,0,0,0,660,31,26,5,0,35,35,0,0,10,10,10,2,0,2,1,1,1,Primary (1–5),STANDARD,0,False,True
9873268,UTTAR PRADESH,BAREILLY,BAREILLY TOWN,2,,4,3,6,8,5,243003,9,2,3,0,0,0,0,0,53,50,58,0,0,0,0,161,8,4,4,0,16,16,0,0,4,2,15,0,0,1,1,1,2,Upper Primary (6–8),STANDARD,0,True,True
8457880,UTTAR PRADESH,BAREILLY,BAREILLY TOWN,2,,1,3,1,5,5,243006,2,2,3,14,16,13,13,12,0,0,0,0,0,0,0,68,8,8,0,0,7,7,0,0,2,2,1,0,0,2,1,1,1,Primary (1–5),STANDARD,0,False,True
4329711,UTTAR PRADESH,BAREILLY,BAREILLY TOWN,2,,2,3,1,8,5,243202,1,2,3,42,27,22,24,13,21,11,6,0,0,0,0,166,4,3,1,0,12,12,0,0,3,2,5,1,0,1,1,1,1,Upper Primary (1–8),STANDARD,0,True,True
2625072,UTTAR PRADESH,BAREILLY,KYARA,1,Kargaina,1,3,1,5,5,243502,2,2,3,27,4,6,5,7,0,0,0,0,0,0,0,49,4,4,0,0,5,5,0,0,2,2,0,0,0,2,1,1,1,Primary (1–5),STANDARD,0,False,True
4228345,UTTAR PRADESH,BAREILLY,SHERGARH,1,Shahpura,2,3,1,8,5,243201,1,2,3,47,132,27,49,42,48,8,10,0,0,0,0,363,14,14,0,0,8,8,0,0,2,2,40,2,0,1,1,1,1,Upper Primary (1–8),STANDARD,0,True,True
3428453,UTTAR PRADESH,BAREILLY,VITHARI CHAINPUR,1,Mohanpur,4,3,6,8,5,243123,9,2,3,0,0,0,0,0,23,23,22,0,0,0,0,68,4,1,3,0,3,3,0,0,1,1,5,0,0,2,1,1,1,Upper Primary (6–8),STANDARD,0,False,True
4260696,UTTAR PRADESH,BAREILLY,BAREILLY TOWN,2,,2,3,1,8,5,243001,2,2,3,0,0,0,0,0,5,6,0,0,0,0,0,11,4,4,0,0,12,12,0,0,2,2,10,1,0,1,1,1,1,Upper Primary (1–8),STANDARD,0,True,True
8709839,UTTAR PRADESH,BAREILLY,BAREILLY TOWN,2,,2,3,1,8,5,243001,2,2,3,36,41,35,33,38,28,29,6,0,0,0,0,246,12,12,0,0,12,12,0,0,2,2,10,1,0,1,1,1,1,Upper Primary (1–8),STANDARD,0,True,True
2185887,UTTAR PRADESH,BAREILLY,BAREILLY TOWN,2,,2,3,1,8,5,243001,2,2,3,13,11,9,7,4,0,0,3,0,0,0,0,47,8,8,0,0,12,12,0,0,2,2,10,1,0,1,1,1,1,Upper Primary (1–8),STANDARD,0,True,True
9337953,UTTAR PRADESH,BAREILLY,BAREILLY TOWN,2,,2,3,1,8,5,243001,2,2,3,12,0,1,4,4,0,1,0,0,0,0,0,22,6,6,0,0,12,12,0,0,2,2,10,1,0,1,1,1,1,Upper Primary (1–8),STANDARD,0,True,True
1389772,UTTAR PRADESH,BAREILLY,FATEHGANJ,1,Kharseni,1,3,1,5,5,243505,2,1,3,4,14,5,1,7,0,0,0,0,0,0,0,31,4,1,2,1,6,6,0,0,2,2,0,1,0,1,2,1,1,Primary (1–5),STANDARD,0,True,True
3078588,UTTAR PRADESH,BAREILLY,RAMNAGAR,1,Manauna,1,3,1,5,5,243301,2,2,3,0,4,0,7,5,0,0,0,0,0,0,0,16,4,4,0,0,4,4,0,0,1,1,0,0,0,1,1,1,2,Primary (1–5),STANDARD,0,True,True
7045539,UTTAR PRADESH,BAREILLY,AONLA,2,,2,3,1,8,5,243301,2,2,3,43,18,17,17,28,15,5,9,0,0,0,0,152,11,11,0,0,5,5,0,0,2,2,2,0,0,1,1,1,2,Upper Primary (1–8),STANDARD,0,True,True
6915389,UTTAR PRADESH,BAREILLY,ALAMPUR,1,Alampur Japhrabad,1,3,1,5,5,243402,2,2,1,11,10,9,17,18,0,0,0,0,0,0,0,65,4,0,4,0,16,16,0,0,2,2,0,0,0,2,1,1,1,Primary (1–5),STANDARD,0,False,True
1293333,UTTAR PRADESH,BAREILLY,BAREILLY TOWN,2,,2,3,1,8,5,243001,2,2,3,46,80,55,44,38,50,46,36,0,0,0,0,395,18,0,18,0,16,16,0,0,2,2,1,0,0,2,1,1,1,Upper Primary (1–8),STANDARD,0,False,True
9339988,UTTAR PRADESH,BAREILLY,BAREILLY TOWN,2,,2,3,1,8,5,243003,2,2,3,4,12,7,7,4,4,3,0,0,0,0,0,41,7,7,0,0,10,10,0,0,4,4,1,0,0,2,1,1,1,Upper Primary (1–8),STANDARD,0,False,True
4863927,UTTAR PRADESH,BAREILLY,BAREILLY TOWN,2,,1,3,1,5,5,243001,2,2,3,9,14,15,7,10,0,0,0,0,0,0,0,55,5,5,0,0,6,6,0,0,1,1,0,0,0,2,1,1,1,Primary (1–5),STANDARD,0,False,True
3051808,UTTAR PRADESH,BAREILLY,RAMNAGAR,1,Mahmood Pur,1,3,1,5,5,243301,2,2,3,31,18,10,9,16,0,0,0,0,0,0,0,84,1,1,0,0,4,4,0,0,1,1,0,0,0,1,1,1,2,Primary (1–5),STANDARD,0,True,True
2708112,UTTAR PRADESH,BAREILLY,FARIDPUR TOWN,2,,2,3,1,8,5,243503,1,2,3,26,13,12,19,8,34,22,23,0,0,0,0,157,11,10,1,0,11,11,0,0,3,2,2,2,0,1,1,1,1,Upper Primary (1–8),STANDARD,0,True,True
5625539,UTTAR PRADESH,BAREILLY,BAHERI TOWN,2,,1,3,1,5,5,243201,2,2,3,21,25,21,20,15,0,0,0,0,0,0,0,102,5,5,0,0,5,5,0,0,2,2,0,0,0,2,1,1,1,Primary (1–5),STANDARD,0,False,True
5008226,UTTAR PRADESH,BAREILLY,BAREILLY TOWN,2,,2,3,1,8,5,243001,2,2,3,16,14,15,7,7,17,8,1,0,0,0,0,85,10,10,0,0,18,18,0,0,4,4,10,1,0,2,1,1,1,Upper Primary (1–8),STANDARD,0,False,True
6754999,UTTAR PRADESH,BAREILLY,VITHARI CHAINPUR,1,Kesarpur,1,3,1,5,5,243123,2,2,3,23,57,23,19,25,0,0,0,0,0,0,0,147,5,5,0,0,5,5,0,0,1,1,0,0,0,2,1,1,1,Primary (1–5),STANDARD,0,False,True
1200621,UTTAR PRADESH,BAREILLY,MAJHGAWAN,1,Khateta,1,3,1,5,5,243302,2,2,3,9,17,7,13,15,0,0,0,0,0,0,0,61,6,6,0,0,8,8,0,0,2,2,1,0,0,2,2,1,1,Primary (1–5),STANDARD,0,False,True
5178290,UTTAR PRADESH,BAREILLY,VITHARI CHAINPUR,1,Mundia Ahmed Nagar,2,3,1,8,5,243006,2,2,3,30,37,24,31,18,19,16,13,0,0,0,0,188,9,9,0,0,11,11,0,0,4,4,2,1,0,1,2,2,1,Upper Primary (1–8),STANDARD,0,True,False
8044161,UTTAR PRADESH,BAREILLY,VITHARI CHAINPUR,1,Dohara,1,3,1,5,5,243122,2,2,2,5,3,5,4,4,0,0,0,0,0,0,0,21,5,4,0,1,5,5,0,0,1,1,0,1,0,1,1,2,1,Primary (1–5),STANDARD,0,True,False
9944710,UTTAR PRADESH,BAREILLY,MIRGANJ,1,Bitham Naugawan,2,3,1,8,5,243505,2,2,3,15,6,12,23,40,52,57,53,0,0,0,0,258,8,8,0,0,12,12,0,0,1,1,0,0,0,2,1,2,1,Upper Primary (1–8),STANDARD,0,False,False
3778827,UTTAR PRADESH,BAREILLY,BAREILLY TOWN,2,,2,3,1,8,5,243005,2,2,3,10,0,0,0,0,0,2,2,0,0,0,0,14,3,3,0,0,5,5,0,0,2,2,1,0,0,2,1,1,1,Upper Primary (1–8),STANDARD,0,False,True
6040953,UTTAR PRADESH,BAREILLY,BAREILLY TOWN,2,,1,3,1,5,5,243001,2,2,3,17,21,12,11,7,0,0,0,0,0,0,0,68,4,4,0,0,5,5,0,0,2,2,1,0,0,2,1,1,1,Primary (1–5),STANDARD,0,False,True
4813644,UTTAR PRADESH,BAREILLY,BAREILLY TOWN,2,,1,3,1,5,5,243004,2,2,3,0,3,0,2,1,0,0,0,0,0,0,0,6,4,4,0,0,5,5,0,0,2,2,1,1,0,2,1,1,1,Primary (1–5),STANDARD,0,False,True
8577733,UTTAR PRADESH,BAREILLY,BAREILLY TOWN,2,,2,3,1,8,5,243001,2,2,3,28,34,21,24,18,1,0,8,0,0,0,0,134,6,0,6,0,5,5,0,0,2,2,0,0,0,2,1,1,1,Upper Primary (1–8),STANDARD,0,False,True
7522157,UTTAR PRADESH,BAREILLY,FATEHGANJ,1,Tiliya Pur,1,3,1,5,5,243502,2,2,3,43,38,17,16,16,0,0,0,0,0,0,0,130,5,5,0,0,5,5,0,0,1,1,1,0,0,2,1,2,1,Primary (1–5),STANDARD,0,False,False
6404671,UTTAR PRADESH,BAREILLY,NAWABGANJ,1,Laikhera,1,3,1,5,5,243001,2,2,3,0,5,0,0,0,0,0,0,0,0,0,0,5,2,2,0,0,5,5,0,0,1,1,0,1,0,1,2,1,2,Primary (1–5),STANDARD,0,True,True
6024705,UTTAR PRADESH,BAREILLY,BAREILLY TOWN,2,,2,3,1,8,5,243122,2,2,3,10,75,25,17,31,156,24,20,0,0,0,0,358,6,6,0,0,9,9,0,0,2,2,10,5,2,1,1,1,1,Upper Primary (1–8),STANDARD,0,True,True
6875724,UTTAR PRADESH,BAREILLY,FATEHGANJ,2,,1,3,1,5,97,243501,2,2,3,10,16,3,6,3,0,0,0,0,0,0,0,38,5,0,5,0,5,5,0,0,2,2,0,0,0,1,1,2,2,Primary (1–5),STANDARD,0,True,False
3781034,UTTAR PRADESH,BAREILLY,FARIDPUR TOWN,2,,2,3,1,8,5,243503,2,2,3,33,33,22,27,18,14,0,0,0,0,0,0,147,12,11,1,0,11,11,0,0,3,3,10,0,0,2,1,1,1,Upper Primary (1–8),STANDARD,0,False,True
6813300,UTTAR PRADESH,BAREILLY,FARIDPUR TOWN,2,,1,3,1,5,97,243503,2,2,3,0,30,23,10,8,0,0,0,0,0,0,0,71,5,0,5,0,6,6,0,0,3,3,1,0,0,1,1,1,2,Primary (1–5),STANDARD,0,True,True
7216332,UTTAR PRADESH,BAREILLY,BHUTA,1,Singhai Kala,1,3,1,5,97,243503,2,2,3,5,21,8,9,1,0,0,0,0,0,0,0,44,3,0,3,0,5,5,0,0,1,1,0,1,0,2,1,2,2,Primary (1–5),STANDARD,0,False,False
4088200,UTTAR PRADESH,BAREILLY,FATEHGANJ,1,Dahiya,4,3,6,8,5,243202,9,2,3,0,0,0,0,0,29,20,16,0,0,0,0,65,5,1,4,0,3,3,0,0,2,2,0,0,0,1,3,1,1,Upper Primary (6–8),STANDARD,0,True,True
2968922,UTTAR PRADESH,BAREILLY,FATEHGANJ,1,Chitauli,2,3,1,8,5,243501,2,2,3,42,26,34,36,32,24,17,27,0,0,0,0,238,15,15,0,0,14,14,0,0,7,8,14,1,0,1,1,1,1,Upper Primary (1–8),STANDARD,0,True,True
1081559,UTTAR PRADESH,BAREILLY,FATEHGANJ,1,Kurtara,1,3,1,5,5,243501,2,2,3,4,9,9,5,1,0,0,0,0,0,0,0,28,4,4,0,0,5,5,0,0,2,2,0,0,0,2,2,2,2,Primary (1–5),STANDARD,0,False,False
8660007,UTTAR PRADESH,BAREILLY,BHOJIPURA,1,Kuan Danda Dhimni,2,3,1,8,5,243202,1,2,3,54,37,29,29,38,43,24,17,0,0,0,0,271,11,2,9,0,11,11,0,0,2,2,0,2,0,1,1,1,1,Upper Primary (1–8),STANDARD,0,True,True
7494699,UTTAR PRADESH,BAREILLY,BAREILLY TOWN,2,,1,3,1,5,5,243502,2,2,3,12,33,24,25,22,0,0,0,0,0,0,0,116,5,5,0,0,5,5,0,0,2,2,1,0,0,2,1,1,1,Primary (1–5),STANDARD,0,False,True
4610272,UTTAR PRADESH,BAREILLY,KYARA,1,Kandharpur (Ct),2,3,1,8,5,243004,2,2,3,47,32,28,31,20,15,8,4,0,0,0,0,185,8,1,7,0,9,7,2,0,2,2,0,1,0,2,2,1,1,Upper Primary (1–8),STANDARD,2,False,True
4107518,UTTAR PRADESH,BAREILLY,VITHARI CHAINPUR,1,Taiyatpur,2,3,1,8,5,243123,2,2,3,9,5,6,2,2,9,5,0,0,0,0,0,38,13,13,0,0,11,11,0,0,4,6,10,2,0,1,1,1,1,Upper Primary (1–8),STANDARD,0,True,True
3384692,UTTAR PRADESH,BAREILLY,SHERGARH,1,Gularia,1,3,1,5,5,243505,2,2,3,8,11,20,10,16,0,0,0,0,0,0,0,65,5,5,0,0,5,5,0,0,2,2,0,0,0,1,2,2,2,Primary (1–5),STANDARD,0,True,False
8355602,UTTAR PRADESH,BAREILLY,ALAMPUR,1,Bilauri,2,3,1,8,5,243301,2,2,3,19,13,17,19,20,118,163,83,0,0,0,0,452,5,0,5,0,8,8,0,0,2,2,0,1,0,1,1,2,2,Upper Primary (1–8),STANDARD,0,True,False
6006631,UTTAR PRADESH,BAREILLY,BAREILLY TOWN,2,,2,3,1,8,5,243005,2,2,3,38,59,32,31,38,33,39,24,0,0,0,0,294,25,25,0,0,14,14,0,0,6,8,28,3,0,1,1,1,1,Upper Primary (1–8),STANDARD,0,True,True
7045564,UTTAR PRADESH,BAREILLY,FARIDPUR,1,Lathauli Kala,2,3,1,8,5,243506,1,2,3,35,30,25,36,14,37,28,5,0,0,0,0,210,13,0,13,0,8,8,0,0,2,2,2,0,2,1,1,1,1,Upper Primary (1–8),STANDARD,0,True,True
7410867,UTTAR PRADESH,BAREILLY,AONLA,2,,1,3,1,5,5,243301,1,2,3,39,31,33,26,32,0,0,0,0,0,0,0,161,4,4,0,0,10,10,0,0,4,4,4,0,0,1,1,1,2,Primary (1–5),STANDARD,0,True,True
7470112,UTTAR PRADESH,BAREILLY,RAMNAGAR,2,,1,3,1,5,5,243303,2,2,3,12,4,7,3,1,0,0,0,0,0,0,0,27,3,3,0,0,5,5,0,0,3,1,0,0,0,1,2,1,1,Primary (1–5),STANDARD,0,True,True
5908022,UTTAR PRADESH,BAREILLY,VITHARI CHAINPUR,1,Parsona (Ct),1,3,1,5,5,243123,2,2,3,8,19,6,12,8,0,0,0,0,0,0,0,53,5,5,0,0,6,6,0,0,2,2,0,1,0,2,1,1,2,Primary (1–5),STANDARD,0,False,True
4337163,UTTAR PRADESH,BAREILLY,BAHERI,1,Mirzapur Ranjeet,1,3,1,5,5,243201,2,2,3,34,27,18,20,19,0,0,0,0,0,0,0,118,2,2,0,0,5,5,0,0,2,2,0,0,0,2,2,2,1,Primary (1–5),STANDARD,0,False,False
9739921,UTTAR PRADESH,BAREILLY,BAHERI,1,Garibpura,1,3,1,5,5,243201,2,2,3,10,8,1,9,17,0,0,0,0,0,0,0,45,4,4,0,0,5,5,0,0,2,2,0,0,0,2,2,1,1,Primary (1–5),STANDARD,0,False,True
5136128,UTTAR PRADESH,BAREILLY,BAREILLY TOWN,2,,1,3,1,5,5,243122,2,2,3,0,5,3,0,3,0,0,0,0,0,0,0,11,6,6,0,0,5,5,0,0,2,2,1,0,0,2,1,1,1,Primary (1–5),STANDARD,0,False,True
3400210,UTTAR PRADESH,BAREILLY,BAREILLY TOWN,2,,1,3,1,5,90,243005,2,2,3,1,11,4,9,3,0,0,0,0,0,0,0,28,1,1,0,0,3,3,0,0,2,2,0,0,0,2,1,1,1,Primary (1–5),STANDARD,0,False,True
4161816,UTTAR PRADESH,BAREILLY,FATEHGANJ,1,Ballia,2,3,1,8,5,243502,2,2,3,20,18,16,13,14,14,18,8,0,0,0,0,121,4,4,0,0,5,5,0,0,2,2,0,0,0,2,2,2,2,Upper Primary (1–8),STANDARD,0,False,False
6854774,UTTAR PRADESH,BAREILLY,BAREILLY TOWN,2,,1,3,1,5,5,243001,2,2,3,15,25,30,29,31,0,0,0,0,0,0,0,130,7,4,2,1,8,8,0,0,4,4,2,0,0,2,1,1,1,Primary (1–5),STANDARD,0,False,True
7189381,UTTAR PRADESH,BAREILLY,BAHERI,1,Amdanda,2,3,1,8,1,243201,2,2,3,17,13,6,28,20,14,23,32,0,0,0,0,153,7,5,2,0,11,3,4,4,2,2,0,2,2,2,1,1,2,Upper Primary (1–8),STANDARD,8,False,True
4774061,UTTAR PRADESH,BAREILLY,NAWABGANJ,1,Parothi,4,3,6,8,1,262406,9,2,3,0,0,0,0,0,56,53,58,0,0,0,0,167,6,4,2,0,3,1,2,0,1,2,0,0,2,1,1,1,1,Upper Primary (6–8),STANDARD,2,True,True
3279663,UTTAR PRADESH,BAREILLY,RAMNAGAR,1,Guleli,4,3,6,8,1,243201,9,2,3,0,0,0,0,0,23,23,42,0,0,0,0,88,1,1,0,0,4,0,0,4,2,2,0,0,0,2,1,1,1,Upper Primary (6–8),STANDARD,4,False,True
9288118,UTTAR PRADESH,BAREILLY,FATEHGANJ,1,Balla Kotha,1,3,1,5,5,243001,2,2,1,1,4,1,0,0,0,0,0,0,0,0,0,6,1,1,0,0,5,5,0,0,2,2,0,0,0,1,1,2,1,Primary (1–5),STANDARD,0,True,False
6035803,UTTAR PRADESH,BAREILLY,FATEHGANJ,1,Shahpura,1,3,1,5,1,243505,2,2,3,0,1,1,1,3,0,0,0,0,0,0,0,6,2,2,0,0,3,3,0,0,1,1,0,1,2,2,1,1,1,Primary (1–5),STANDARD,0,False,True
7430427,UTTAR PRADESH,BAREILLY,BHUTA,1,Inayatpur,1,3,1,5,1,243503,2,2,3,22,23,14,22,22,0,0,0,0,0,0,0,103,6,5,1,0,3,0,3,0,1,1,0,0,2,2,1,1,2,Primary (1–5),STANDARD,3,False,True
9070580,UTTAR PRADESH,BAREILLY,FARIDPUR,1,Rajau Paraspur,1,3,1,5,1,243123,2,2,3,21,8,6,20,13,0,0,0,0,0,0,0,68,5,4,1,0,3,1,1,1,1,2,0,0,2,2,1,1,1,Primary (1–5),STANDARD,2,False,True
5966371,UTTAR PRADESH,BAREILLY,NAWABGANJ,1,Mujhena Santosh,2,3,1,8,5,243407,2,2,3,28,34,38,37,39,95,80,87,0,0,0,0,438,7,3,4,0,10,10,0,0,2,2,1,0,0,1,2,1,1,Upper Primary (1–8),STANDARD,0,True,True
5371883,UTTAR PRADESH,BAREILLY,SHERGARH,2,,1,3,1,5,5,243505,2,2,3,5,16,20,34,24,0,0,0,0,0,0,0,99,5,3,2,0,5,5,0,0,1,2,0,0,0,2,2,2,2,Primary (1–5),STANDARD,0,False,False
4445376,UTTAR PRADESH,BAREILLY,NAWABGANJ,1,Samuha,1,3,1,5,1,262406,2,2,3,4,3,6,9,7,0,0,0,0,0,0,0,29,1,1,0,0,2,2,0,0,2,2,0,0,2,1,1,1,1,Primary (1–5),STANDARD,0,True,True
3581745,UTTAR PRADESH,BAREILLY,BHUTA,1,Nikasuwa,1,3,1,5,1,243503,2,2,3,2,9,6,7,5,0,0,0,0,0,0,0,29,3,2,1,0,5,3,0,2,1,1,0,0,2,2,1,1,1,Primary (1–5),STANDARD,2,False,True
1039080,UTTAR PRADESH,BAREILLY,BHUTA,1,Patna,2,3,1,8,1,243503,2,2,3,9,5,8,15,11,26,34,31,0,0,0,0,139,6,6,0,0,6,0,2,4,1,1,0,0,2,2,1,1,2,Upper Primary (1–8),STANDARD,6,False,True
8712396,UTTAR PRADESH,BAREILLY,KYARA,1,Nabi Nagar,1,3,1,5,1,243001,2,2,3,5,9,12,10,12,0,0,0,0,0,0,0,48,4,2,2,0,4,4,0,0,1,1,0,0,1,2,1,1,1,Primary (1–5),STANDARD,0,False,True
6456723,UTTAR PRADESH,BAREILLY,VITHARI CHAINPUR,1,,1,3,1,5,5,243122,2,2,3,9,0,7,1,0,0,0,0,0,0,0,0,17,6,6,0,0,13,13,0,0,5,5,5,1,1,2,1,1,2,Primary (1–5),STANDARD,0,False,True
6790649,UTTAR PRADESH,BAREILLY,MIRGANJ,1,Kutubpur,1,3,1,5,1,243504,2,2,3,12,6,8,14,11,0,0,0,0,0,0,0,51,3,2,1,0,5,5,0,0,1,1,0,0,2,2,1,1,1,Primary (1–5),STANDARD,0,False,True
6774613,UTTAR PRADESH,BAREILLY,ALAMPUR,1,Kuddha,4,3,6,8,1,243401,9,2,3,0,0,0,0,0,31,43,35,0,0,0,0,109,5,5,0,0,2,2,0,0,1,1,1,0,2,2,1,1,2,Upper Primary (6–8),STANDARD,0,False,True
8105017,UTTAR PRADESH,BAREILLY,SHERGARH,1,Kanakpuri,1,3,1,5,5,243505,2,2,3,7,11,16,22,3,0,0,0,0,0,0,0,59,4,3,1,0,5,5,0,0,1,1,0,1,0,2,2,2,1,Primary (1–5),STANDARD,0,False,False
8014203,UTTAR PRADESH,BAREILLY,FATEHGANJ,1,Agras,1,3,1,5,97,243501,2,2,3,0,0,0,3,6,0,0,0,0,0,0,0,9,3,3,0,0,5,5,0,0,1,1,0,0,0,2,1,2,2,Primary (1–5),STANDARD,0,False,False
1706660,UTTAR PRADESH,BAREILLY,BAREILLY TOWN,2,,1,3,1,5,5,243001,2,2,3,6,6,4,4,2,0,0,0,0,0,0,0,22,4,0,4,0,6,6,0,0,2,2,0,0,0,2,1,2,2,Primary (1–5),STANDARD,0,False,False
3575064,UTTAR PRADESH,BAREILLY,BHADPURA,1,Katiya Baldeo Singh,2,3,1,8,5,262406,2,2,3,10,8,2,8,6,23,13,12,0,0,0,0,82,10,8,2,0,8,8,0,0,1,1,2,2,0,1,1,1,1,Upper Primary (1–8),STANDARD,0,True,True
5645701,UTTAR PRADESH,BAREILLY,BHUTA,1,Mirzapur,4,3,6,8,1,243503,9,2,3,0,0,0,0,0,45,51,33,0,0,0,0,129,3,3,0,0,4,0,3,1,2,2,0,0,2,2,1,1,2,Upper Primary (6–8),STANDARD,4,False,True
7902249,UTTAR PRADESH,BAREILLY,MAJHGAWAN,1,Dhakoura,2,3,1,8,1,243201,2,2,3,18,23,15,35,29,38,56,32,0,0,0,0,246,6,6,0,0,9,2,7,0,1,1,4,0,2,1,1,1,1,Upper Primary (1–8),STANDARD,7,True,True
4843856,UTTAR PRADESH,BAREILLY,BAREILLY TOWN,2,,2,3,1,8,5,243502,2,2,3,5,4,10,10,6,9,4,6,0,0,0,0,54,4,4,0,0,0,0,0,0,3,3,0,0,0,1,2,2,2,Upper Primary (1–8),STANDARD,0,True,False
4865979,UTTAR PRADESH,BAREILLY,RICHHA(DAMKHODA),1,Dopaharia,1,3,1,5,1,243201,2,2,3,9,12,7,13,16,0,0,0,0,0,0,0,57,3,3,0,0,4,3,0,1,1,1,0,0,2,2,1,1,2,Primary (1–5),STANDARD,1,False,True
2023167,UTTAR PRADESH,BAREILLY,BAREILLY TOWN,2,,1,3,1,5,5,243001,2,2,2,49,36,22,20,13,0,0,0,0,0,0,0,140,10,10,0,0,5,5,0,0,1,2,3,1,0,1,1,2,1,Primary (1–5),STANDARD,0,True,False
7565931,UTTAR PRADESH,BAREILLY,RICHHA(DAMKHODA),1,Katharra,4,3,6,8,1,243203,9,2,3,0,0,0,0,0,49,46,56,0,0,0,0,151,4,3,1,0,3,3,0,0,2,2,1,0,2,2,1,1,1,Upper Primary (6–8),STANDARD,0,False,True
3998263,UTTAR PRADESH,BAREILLY,NAWABGANJ,1,Pandri Naumehla,1,3,1,5,1,262406,2,2,3,12,4,5,12,17,0,0,0,0,0,0,0,50,4,3,1,0,5,3,2,0,1,2,0,0,2,2,1,1,1,Primary (1–5),STANDARD,2,False,True
2879826,UTTAR PRADESH,BAREILLY,FATEHGANJ,2,,2,3,1,8,5,243501,1,2,3,42,37,23,30,23,44,77,43,0,0,0,0,319,11,5,3,3,11,11,0,0,2,2,1,1,1,1,1,2,1,Upper Primary (1–8),STANDARD,0,True,False
3111123,UTTAR PRADESH,BAREILLY,BAHERI TOWN,2,,1,3,1,5,5,243201,1,2,3,49,31,41,54,35,0,0,0,0,0,0,0,210,12,12,0,0,16,16,0,0,2,5,14,0,0,1,1,1,1,Primary (1–5),STANDARD,0,True,True
5496801,UTTAR PRADESH,BAREILLY,NAWABGANJ,1,Sanekpur,1,3,1,5,1,243407,2,2,3,42,28,43,75,55,0,0,0,0,0,0,0,243,7,7,0,0,6,4,0,2,1,2,0,1,2,2,1,1,2,Primary (1–5),STANDARD,2,False,True
5421726,UTTAR PRADESH,BAREILLY,MIRGANJ,1,Jam,2,3,1,8,1,243504,2,2,3,21,18,20,25,17,15,15,24,0,0,0,0,155,7,6,1,0,8,5,1,2,2,2,0,0,2,1,1,1,1,Upper Primary (1–8),STANDARD,3,True,True
2503637,UTTAR PRADESH,BAREILLY,BHUTA,1,Bhadurpur Karor,1,3,1,5,5,243123,2,2,3,8,29,23,25,23,0,0,0,0,0,0,0,108,4,4,0,0,4,4,0,0,1,1,1,1,1,1,1,2,1,Primary (1–5),STANDARD,0,True,False
8121780,UTTAR PRADESH,BAREILLY,BAREILLY TOWN,2,,1,3,1,5,5,243001,2,2,3,20,12,17,12,20,0,0,0,0,0,0,0,81,4,4,0,0,5,5,0,0,2,2,1,0,0,2,1,1,1,Primary (1–5),STANDARD,0,False,True
6254182,UTTAR PRADESH,BAREILLY,ALAMPUR,1,Majhaoa,1,3,1,5,1,243401,2,2,3,7,2,2,11,9,0,0,0,0,0,0,0,31,4,1,3,0,4,4,0,0,1,1,0,0,2,2,1,1,1,Primary (1–5),STANDARD,0,False,True
3386720,UTTAR PRADESH,BAREILLY,RAMNAGAR,1,Revati,7,3,6,10,4,243301,9,2,3,0,0,0,0,0,69,71,93,113,103,0,0,449,9,9,0,0,13,9,4,0,1,1,0,0,0,2,3,2,2,Secondary (6–10),STANDARD,4,False,False
7015492,UTTAR PRADESH,BAREILLY,FATEHGANJ,1,Agras,2,3,1,8,1,243503,2,2,3,10,21,12,25,24,57,70,62,0,0,0,0,281,13,8,5,0,5,0,0,5,2,4,0,0,2,2,1,1,2,Upper Primary (1–8),STANDARD,5,False,True
7071800,UTTAR PRADESH,BAREILLY,NAWABGANJ,2,,1,3,1,5,97,243201,2,2,3,0,0,0,6,5,0,0,0,0,0,0,0,11,5,3,2,0,5,5,0,0,1,1,0,0,0,2,1,2,1,Primary (1–5),STANDARD,0,False,False
2262952,UTTAR PRADESH,BAREILLY,MIRGANJ,1,Mandanpur,1,3,1,5,1,243504,2,2,3,32,26,30,29,20,0,0,0,0,0,0,0,137,4,2,2,0,7,5,0,2,1,1,0,0,2,2,1,1,2,Primary (1–5),STANDARD,2,False,True
9482363,UTTAR PRADESH,BAREILLY,MIRGANJ,1,Anandpur,1,3,1,5,1,243504,2,2,3,8,11,6,9,8,0,0,0,0,0,0,0,42,2,1,1,0,4,0,2,2,1,1,0,0,2,2,1,1,1,Primary (1–5),STANDARD,4,False,True
2659523,UTTAR PRADESH,BAREILLY,VITHARI CHAINPUR,1,Nagaria Kalan,4,3,6,8,4,243001,9,2,3,0,0,0,0,0,50,38,35,0,0,0,0,123,3,3,0,0,3,0,3,0,1,1,0,0,0,2,2,2,1,Upper Primary (6–8),STANDARD,3,False,False
6025399,UTTAR PRADESH,BAREILLY,ALAMPUR,1,Sendha,2,3,1,8,5,243202,2,2,3,8,9,6,8,5,37,19,23,0,0,0,0,115,7,7,0,0,10,10,0,0,2,2,1,0,0,2,1,1,1,Upper Primary (1–8),STANDARD,0,False,True
8365890,UTTAR PRADESH,BAREILLY,KYARA,1,Chaneti,2,3,1,8,5,243001,2,2,3,1,5,12,8,10,7,11,11,0,0,0,0,65,6,3,2,1,8,8,0,0,1,1,1,1,1,2,1,2,2,Upper Primary (1–8),STANDARD,0,False,False
9100662,UTTAR PRADESH,BAREILLY,SHERGARH,1,Jaferpur,1,3,1,5,1,243505,2,2,3,14,15,8,12,16,0,0,0,0,0,0,0,65,4,2,2,0,5,3,0,2,1,1,0,1,2,2,1,1,1,Primary (1–5),STANDARD,2,False,True
9680595,UTTAR PRADESH,BAREILLY,BHOJIPURA,1,Dohna Pitam Rai,2,3,1,8,5,243202,1,2,3,42,44,28,33,51,32,25,23,0,0,0,0,278,13,13,0,0,15,15,0,0,4,4,10,1,0,1,1,1,1,Upper Primary (1–8),STANDARD,0,True,True
9632192,UTTAR PRADESH,BAREILLY,RICHHA(DAMKHODA),2,,1,3,1,5,97,243201,2,2,3,0,5,23,10,10,0,0,0,0,0,0,0,48,6,0,6,0,10,10,0,0,2,4,3,0,0,1,1,1,1,Primary (1–5),STANDARD,0,True,True
1076458,UTTAR PRADESH,BAREILLY,FARIDPUR,1,Jhada,4,3,6,8,1,243506,9,2,3,0,0,0,0,0,55,62,42,0,0,0,0,159,2,2,0,0,4,2,2,0,1,1,0,0,2,1,1,1,1,Upper Primary (6–8),STANDARD,2,True,True
9087166,UTTAR PRADESH,BAREILLY,VITHARI CHAINPUR,1,Padarathpur (Ct),1,3,1,5,97,243123,2,2,3,5,0,0,3,2,0,0,0,0,0,0,0,10,4,4,0,0,3,3,0,0,1,1,0,0,0,2,1,2,2,Primary (1–5),STANDARD,0,False,False
4991144,UTTAR PRADESH,BAREILLY,MAJHGAWAN,1,Antpur,2,3,1,8,1,243302,2,2,3,17,16,20,37,29,38,32,33,0,0,0,0,222,7,7,0,0,13,11,0,2,2,4,0,0,2,1,1,1,1,Upper Primary (1–8),STANDARD,2,True,True
2255334,UTTAR PRADESH,BAREILLY,BHADPURA,1,Rukampur,1,3,1,5,1,262406,2,2,3,3,7,4,11,5,0,0,0,0,0,0,0,30,1,1,0,0,5,5,0,0,1,1,0,0,2,1,1,1,1,Primary (1–5),STANDARD,0,True,True
7509027,UTTAR PRADESH,BAREILLY,ALAMPUR,1,Ballia,1,3,1,5,5,243402,2,2,3,18,13,9,8,14,0,0,0,0,0,0,0,62,4,2,0,2,6,6,0,0,1,1,0,0,0,2,2,1,1,Primary (1–5),STANDARD,0,False,True
2612583,UTTAR PRADESH,BAREILLY,KYARA,1,Karonda,1,3,1,5,1,243001,2,2,3,9,7,6,8,7,0,0,0,0,0,0,0,37,2,1,1,0,5,2,1,2,1,1,0,0,2,2,1,1,1,Primary (1–5),STANDARD,3,False,True
9391347,UTTAR PRADESH,BAREILLY,NAWABGANJ,1,Hafiz Ganj,1,3,1,5,97,243201,2,2,3,24,4,13,3,2,0,0,0,0,0,0,0,46,4,4,0,0,7,7,0,0,1,1,0,1,0,2,2,2,2,Primary (1–5),STANDARD,0,False,False
6193098,UTTAR PRADESH,BAREILLY,BAHERI,1,Ambarpur,1,3,1,5,1,243201,2,2,3,1,3,5,3,8,0,0,0,0,0,0,0,20,2,2,0,0,4,4,0,0,2,1,0,1,2,2,1,1,1,Primary (1–5),STANDARD,0,False,True
8287163,UTTAR PRADESH,BAREILLY,BHUTA,1,Mankapur,1,3,1,5,1,243503,2,2,3,23,15,18,34,22,0,0,0,0,0,0,0,112,5,3,2,0,3,3,0,0,1,1,0,0,2,2,1,1,1,Primary (1–5),STANDARD,0,False,True
9484350,UTTAR PRADESH,BAREILLY,AONLA,2,,1,3,1,5,97,243301,2,2,3,6,17,5,11,2,0,0,0,0,0,0,0,41,4,4,0,0,7,7,0,0,1,1,0,0,0,2,1,1,2,Primary (1–5),STANDARD,0,False,True
1447411,UTTAR PRADESH,BAREILLY,BAHERI,1,Wasadandi,1,3,1,5,1,243201,2,2,3,10,7,5,11,12,0,0,0,0,0,0,0,45,3,2,1,0,3,2,1,0,1,1,0,0,2,1,1,1,2,Primary (1–5),STANDARD,1,True,True
5445111,UTTAR PRADESH,BAREILLY,BAREILLY TOWN,2,,2,3,1,8,5,243006,2,2,3,13,16,8,15,6,17,21,22,0,0,0,0,118,5,5,0,0,8,8,0,0,2,2,2,0,0,2,1,1,1,Upper Primary (1–8),STANDARD,0,False,True
4476345,UTTAR PRADESH,BAREILLY,BHUTA,1,Charpur,1,3,1,5,1,243503,2,2,3,20,18,25,19,31,0,0,0,0,0,0,0,113,7,4,3,0,5,0,2,3,2,2,0,0,0,1,1,1,2,Primary (1–5),STANDARD,5,True,True
1684436,UTTAR PRADESH,BAREILLY,BAREILLY TOWN,2,,2,3,1,8,5,243005,2,2,3,31,43,41,50,39,27,26,24,0,0,0,0,281,11,4,6,1,8,8,0,0,2,2,1,1,0,1,1,1,1,Upper Primary (1–8),STANDARD,0,True,True
6103978,UTTAR PRADESH,BAREILLY,SHERGARH,1,Pipra,4,3,6,8,1,243001,9,2,3,0,0,0,0,0,5,12,5,0,0,0,0,22,0,0,0,0,4,2,2,0,1,1,0,0,0,2,1,1,2,Upper Primary (6–8),STANDARD,2,False,True
8333770,UTTAR PRADESH,BAREILLY,RICHHA(DAMKHODA),1,Mangadpur,1,3,1,5,1,243202,2,2,3,3,3,3,9,13,0,0,0,0,0,0,0,31,4,2,2,0,4,3,0,1,1,1,0,1,2,2,1,1,1,Primary (1–5),STANDARD,1,False,True
2853260,UTTAR PRADESH,BAREILLY,RAMNAGAR,1,Gularia Aril,2,3,1,8,5,243303,2,2,3,45,41,42,48,61,63,40,25,0,0,0,0,365,9,9,0,0,8,8,0,0,2,2,0,0,0,1,2,1,2,Upper Primary (1–8),STANDARD,0,True,True
6936840,UTTAR PRADESH,BAREILLY,BHADPURA,1,Sunaur,1,3,1,5,1,262406,2,2,3,32,23,10,54,35,0,0,0,0,0,0,0,154,6,5,1,0,6,1,3,2,1,1,0,0,2,2,1,1,2,Primary (1–5),STANDARD,5,False,True
9348915,UTTAR PRADESH,BAREILLY,BAREILLY TOWN,2,,2,3,1,8,5,243005,2,2,3,32,24,18,19,11,9,14,4,0,0,0,0,131,8,8,0,0,5,5,0,0,2,2,2,1,0,2,1,1,1,Upper Primary (1–8),STANDARD,0,False,True
4141355,UTTAR PRADESH,BAREILLY,NAWABGANJ,1,Mujhena Jagir,1,3,1,5,5,262406,2,2,3,16,15,37,35,29,0,0,0,0,0,0,0,132,3,3,0,0,5,5,0,0,2,2,1,0,0,1,1,2,1,Primary (1–5),STANDARD,0,True,False
1593691,UTTAR PRADESH,BAREILLY,BAHERI,1,Chak Narkunda,2,3,1,8,1,243201,2,2,3,29,34,24,25,29,18,32,17,0,0,0,0,208,8,6,2,0,10,0,2,8,2,3,0,2,2,2,1,1,2,Upper Primary (1–8),STANDARD,10,False,True
6448936,UTTAR PRADESH,BAREILLY,BAREILLY TOWN,2,,2,3,1,8,5,243003,2,2,3,0,0,10,7,5,5,4,6,0,0,0,0,37,5,5,0,0,8,8,0,0,2,2,0,0,0,1,1,2,1,Upper Primary (1–8),STANDARD,0,True,False
2696755,UTTAR PRADESH,BAREILLY,ALAMPUR,1,Sirohi,1,3,1,5,5,243301,2,2,3,14,12,24,17,16,0,0,0,0,0,0,0,83,4,0,4,0,5,5,0,0,2,2,0,0,0,2,2,1,1,Primary (1–5),STANDARD,0,False,True
4162600,UTTAR PRADESH,BAREILLY,LUCKNOW REGION,2,,3,3,1,12,92,243201,1,2,3,121,128,122,124,123,132,129,141,146,109,118,74,1467,48,48,0,0,37,37,0,0,14,21,113,40,13,1,1,1,1,Higher Secondary (1–12),STANDARD,0,True,True
2752766,UTTAR PRADESH,BAREILLY,SHERGARH,1,Ghatgaon,1,3,1,5,1,243505,2,2,3,5,9,5,10,11,0,0,0,0,0,0,0,40,4,2,2,0,7,4,3,0,1,1,0,0,2,1,1,1,1,Primary (1–5),STANDARD,3,True,True
4049279,UTTAR PRADESH,BAREILLY,MIRGANJ,1,Raiya Nagla,4,3,6,8,1,243504,9,2,3,0,0,0,0,0,38,27,43,0,0,0,0,108,3,3,0,0,4,2,2,0,1,1,0,0,0,2,1,1,1,Upper Primary (6–8),STANDARD,2,False,True
5712789,UTTAR PRADESH,BAREILLY,BHOJIPURA,1,Kodhampur,2,3,1,8,1,243502,2,2,3,6,11,13,19,15,43,37,31,0,0,0,0,175,10,8,2,0,8,8,0,0,2,1,0,1,2,1,1,1,1,Upper Primary (1–8),STANDARD,0,True,True
5434382,UTTAR PRADESH,BAREILLY,KYARA,1,Palpur Kamalpur,8,3,9,10,1,243001,9,2,3,0,0,0,0,0,0,0,0,64,50,0,0,114,4,4,0,0,8,8,0,0,4,4,3,0,0,1,1,1,1,Secondary (9–10),STANDARD,0,True,True
9380519,UTTAR PRADESH,BAREILLY,VITHARI CHAINPUR,1,Udaipur Jasrathpur,4,3,6,8,1,243123,9,2,3,0,0,0,0,0,28,14,28,0,0,0,0,70,3,3,0,0,3,0,3,0,1,1,0,0,2,2,1,1,1,Upper Primary (6–8),STANDARD,3,False,True
4622976,UTTAR PRADESH,BAREILLY,SHERGARH,1,Dhaneli,2,3,1,8,1,243505,2,2,3,32,20,20,39,36,47,52,34,0,0,0,0,280,8,6,2,0,9,8,0,1,1,3,0,1,0,2,1,1,2,Upper Primary (1–8),STANDARD,1,False,True
8383402,UTTAR PRADESH,BAREILLY,KYARA,1,Gokulpur,8,3,9,10,1,243001,9,2,3,0,0,0,0,0,0,0,0,43,35,0,0,78,4,4,0,0,8,8,0,0,1,1,12,0,0,1,1,1,2,Secondary (9–10),STANDARD,0,True,True
1455141,UTTAR PRADESH,BAREILLY,BAREILLY TOWN,2,,2,3,1,8,5,243006,1,2,3,5,9,28,2,13,19,13,7,0,0,0,0,96,11,10,0,1,8,7,1,0,2,2,0,1,0,1,1,2,2,Upper Primary (1–8),STANDARD,1,True,False
9138678,UTTAR PRADESH,BAREILLY,BHOJIPURA,1,Isapur,2,3,1,8,1,243202,2,2,3,14,16,27,55,53,51,49,28,0,0,0,0,293,8,7,1,0,9,4,4,1,2,2,0,2,2,1,1,1,1,Upper Primary (1–8),STANDARD,5,True,True
6250061,UTTAR PRADESH,BAREILLY,KYARA,1,Jallapur Ram Dayal,1,3,1,5,1,243001,2,2,3,37,35,27,42,41,0,0,0,0,0,0,0,182,7,5,2,0,6,4,2,0,2,3,0,0,2,2,1,1,2,Primary (1–5),STANDARD,2,False,True
2238606,UTTAR PRADESH,BAREILLY,MIRGANJ,1,Paiga Nagri Urf Nagaria Bhagat,4,3,6,8,1,243504,9,2,3,0,0,0,0,0,25,33,41,0,0,0,0,99,5,5,0,0,5,4,1,0,1,1,0,0,2,1,1,1,2,Upper Primary (6–8),STANDARD,1,True,True
5552141,UTTAR PRADESH,BAREILLY,RICHHA(DAMKHODA),1,Karanpur,2,3,1,8,5,243203,2,2,3,26,29,24,20,28,37,33,34,0,0,0,0,231,9,1,7,1,8,8,0,0,4,4,5,1,1,1,1,1,1,Upper Primary (1–8),STANDARD,0,True,True
4555188,UTTAR PRADESH,BAREILLY,RICHHA(DAMKHODA),1,Manunagar,4,3,6,8,1,243201,9,2,3,0,0,0,0,0,19,14,21,0,0,0,0,54,2,2,0,0,3,3,0,0,1,1,0,0,0,2,1,1,1,Upper Primary (6–8),STANDARD,0,False,True
4905486,UTTAR PRADESH,BAREILLY,SHERGARH,1,Manpur,10,3,9,12,5,243201,9,2,3,0,0,0,0,0,0,0,0,143,132,270,248,793,13,1,5,7,24,24,0,0,8,8,1,3,1,1,2,1,1,Higher Secondary (9–12),STANDARD,0,True,True
4500393,UTTAR PRADESH,BAREILLY,ALAMPUR,1,Singha,2,3,1,8,5,243402,2,1,2,2,0,0,1,0,1,0,0,0,0,0,0,4,4,1,3,0,4,4,0,0,1,1,0,0,0,2,1,2,1,Upper Primary (1–8),STANDARD,0,False,False
4968508,UTTAR PRADESH,BAREILLY,ALAMPUR,1,Bhamora,4,3,6,8,5,243001,9,2,3,0,0,0,0,0,6,5,6,0,0,0,0,17,3,2,1,0,4,4,0,0,1,1,0,0,0,2,1,2,1,Upper Primary (6–8),STANDARD,0,False,False
1985904,UTTAR PRADESH,BAREILLY,VITHARI CHAINPUR,1,Mohanpur Urf Ram Nager,2,3,1,8,5,243001,2,2,1,20,25,21,31,22,22,11,9,0,0,0,0,161,5,5,0,0,8,8,0,0,1,1,2,1,0,1,1,1,1,Upper Primary (1–8),STANDARD,0,True,True
4679731,UTTAR PRADESH,BAREILLY,BHOJIPURA,1,Pachdeora Kalan,1,3,1,5,97,243202,2,2,3,13,0,0,0,0,0,0,0,0,0,0,0,13,1,0,1,0,5,5,0,0,1,1,2,1,0,1,1,1,1,Primary (1–5),STANDARD,0,True,True
6180590,UTTAR PRADESH,BAREILLY,BAREILLY TOWN,2,,1,3,1,5,5,243003,2,2,3,2,1,5,2,0,0,0,0,0,0,0,0,10,3,2,0,1,2,2,0,0,0,1,0,1,1,1,1,2,2,Primary (1–5),STANDARD,0,True,False
8899256,UTTAR PRADESH,BAREILLY,BAREILLY TOWN,2,,1,3,1,5,5,243005,2,2,3,8,9,4,11,6,0,0,0,0,0,0,0,38,3,3,0,0,5,5,0,0,1,1,1,0,0,2,1,1,1,Primary (1–5),STANDARD,0,False,True
7734948,UTTAR PRADESH,BAREILLY,BHADPURA,1,Barkhan,1,3,1,5,5,262406,2,2,3,29,14,12,12,13,0,0,0,0,0,0,0,80,5,5,0,0,5,5,0,0,1,1,0,1,0,2,1,1,1,Primary (1–5),STANDARD,0,False,True
6877519,UTTAR PRADESH,BAREILLY,BAREILLY TOWN,2,,2,3,1,8,5,243006,1,2,3,42,27,16,28,21,15,12,17,0,0,0,0,178,9,9,0,0,13,13,0,0,4,4,1,0,0,2,1,1,1,Upper Primary (1–8),STANDARD,0,False,True
6356249,UTTAR PRADESH,BAREILLY,BAREILLY TOWN,2,,1,3,1,5,5,243001,2,2,3,4,8,0,1,2,0,0,0,0,0,0,0,15,2,2,0,0,5,5,0,0,2,2,1,0,0,2,1,1,1,Primary (1–5),STANDARD,0,False,True
3873515,UTTAR PRADESH,BAREILLY,AONLA,2,,1,3,1,5,97,243301,2,2,3,7,7,13,8,5,0,0,0,0,0,0,0,40,5,5,0,0,5,5,0,0,2,2,0,1,0,1,1,2,1,Primary (1–5),STANDARD,0,True,False
1941891,UTTAR PRADESH,BAREILLY,BAREILLY TOWN,2,,2,3,1,8,5,243001,1,2,3,0,2,8,10,8,3,6,4,0,0,0,0,41,6,6,0,0,5,5,0,0,3,3,0,0,0,2,1,1,1,Upper Primary (1–8),STANDARD,0,False,True
7812427,UTTAR PRADESH,BAREILLY,BAREILLY TOWN,2,,1,3,1,5,5,243003,2,2,3,8,17,12,12,12,0,0,0,0,0,0,0,61,5,0,5,0,5,5,0,0,3,3,0,0,0,1,1,1,1,Primary (1–5),STANDARD,0,True,True
8226374,UTTAR PRADESH,BAREILLY,BAREILLY TOWN,2,,2,3,1,8,5,243002,1,2,3,16,10,9,6,8,4,2,1,0,0,0,0,56,3,1,1,1,12,12,0,0,2,2,2,0,0,1,1,1,1,Upper Primary (1–8),STANDARD,0,True,True
2947770,UTTAR PRADESH,BAREILLY,SHERGARH,1,Kamalpur Shumali,2,3,1,8,5,243501,2,2,3,30,27,18,31,27,24,26,32,0,0,0,0,215,8,8,0,0,8,8,0,0,1,2,0,1,0,1,1,2,1,Upper Primary (1–8),STANDARD,0,True,False
9204081,UTTAR PRADESH,BAREILLY,RAMNAGAR,1,Dastampur,1,3,1,5,97,243303,2,2,3,0,5,0,5,2,0,0,0,0,0,0,0,12,5,5,0,0,5,5,0,0,1,1,0,0,0,2,2,1,1,Primary (1–5),STANDARD,0,False,True
5845688,UTTAR PRADESH,BAREILLY,RAMNAGAR,1,Lelaur Buzurg,2,3,1,8,5,243303,2,2,3,0,0,8,20,11,5,17,19,0,0,0,0,80,6,4,2,0,9,9,0,0,1,1,0,0,0,2,2,1,2,Upper Primary (1–8),STANDARD,0,False,True
2718798,UTTAR PRADESH,BAREILLY,KYARA,1,Kargaina,2,3,1,8,5,243001,1,2,3,25,31,20,21,19,20,22,18,0,0,0,0,176,13,12,1,0,11,11,0,0,3,3,27,0,0,1,1,1,1,Upper Primary (1–8),STANDARD,0,True,True
3039398,UTTAR PRADESH,BAREILLY,BAREILLY TOWN,2,,6,3,1,10,97,243001,2,2,1,0,0,0,6,3,5,9,6,10,8,0,0,47,8,3,5,0,10,10,0,0,4,1,0,0,0,1,1,1,2,Secondary (1–10),STANDARD,0,True,True
3337309,UTTAR PRADESH,BAREILLY,NAWABGANJ,2,,3,3,1,12,5,262406,2,2,3,48,62,58,72,67,78,70,49,94,117,79,53,847,32,31,1,0,26,26,0,0,8,7,40,3,1,1,1,1,1,Higher Secondary (1–12),STANDARD,0,True,True
4496971,UTTAR PRADESH,BAREILLY,BAREILLY TOWN,2,,1,3,1,5,5,243502,2,2,3,30,24,19,12,29,0,0,0,0,0,0,0,114,5,5,0,0,5,5,0,0,1,1,3,0,0,2,1,2,1,Primary (1–5),STANDARD,0,False,False
8233398,UTTAR PRADESH,BAREILLY,BAREILLY TOWN,2,,2,3,1,8,5,243502,2,2,3,4,13,11,7,21,15,21,24,0,0,0,0,116,6,6,0,0,10,10,0,0,6,6,4,0,0,2,1,1,1,Upper Primary (1–8),STANDARD,0,False,True
8290960,UTTAR PRADESH,BAREILLY,BAREILLY TOWN,2,,1,3,1,5,5,243003,2,2,3,1,1,1,2,5,0,0,0,0,0,0,0,10,2,1,1,0,5,5,0,0,2,2,0,1,0,1,1,2,1,Primary (1–5),STANDARD,0,True,False
4555535,UTTAR PRADESH,BAREILLY,FATEHGANJ,1,Tiliya Pur,2,3,1,8,5,243502,2,2,3,13,0,12,11,12,28,31,12,0,0,0,0,119,5,5,0,0,8,8,0,0,2,2,2,2,0,1,1,1,1,Upper Primary (1–8),STANDARD,0,True,True
8594263,UTTAR PRADESH,BAREILLY,VITHARI CHAINPUR,1,Mohanpur Urf Ram Nager,2,3,1,8,5,243123,1,2,3,53,47,36,48,32,29,25,15,0,0,0,0,285,10,10,0,0,14,14,0,0,3,2,0,5,0,1,1,2,2,Upper Primary (1–8),STANDARD,0,True,False
3044739,UTTAR PRADESH,BAREILLY,KYARA,1,Kargaina,4,3,6,8,1,243005,9,2,3,0,0,0,0,0,66,62,77,0,0,0,0,205,9,6,2,1,4,3,1,0,1,1,0,0,1,2,1,1,2,Upper Primary (6–8),STANDARD,1,False,True
7020611,UTTAR PRADESH,BAREILLY,BAHERI,1,Bhilaiya,2,3,1,8,5,243201,1,2,3,20,34,72,58,51,92,73,61,0,0,0,0,461,7,5,0,2,8,8,0,0,3,3,9,4,1,1,1,1,1,Upper Primary (1–8),STANDARD,0,True,True
8580161,UTTAR PRADESH,BAREILLY,NAWABGANJ,1,Hardua Kifayatullah,1,3,1,5,97,243201,2,2,3,14,13,18,15,19,0,0,0,0,0,0,0,79,5,5,0,0,4,4,0,0,1,1,0,1,0,1,2,2,2,Primary (1–5),STANDARD,0,True,False
7840791,UTTAR PRADESH,BAREILLY,RAMNAGAR,2,,1,3,1,5,5,243303,2,2,3,3,0,1,1,3,0,0,0,0,0,0,0,8,3,3,0,0,1,1,0,0,2,3,1,0,0,1,1,2,1,Primary (1–5),STANDARD,0,True,False
8433545,UTTAR PRADESH,BAREILLY,SHERGARH,1,Bakenia Birpur,7,3,6,10,5,243505,9,2,3,0,0,0,0,0,46,62,67,73,67,0,0,315,4,4,0,0,5,5,0,0,1,1,0,1,1,1,1,2,1,Secondary (6–10),STANDARD,0,True,False
8536031,UTTAR PRADESH,BAREILLY,BAREILLY TOWN,2,,8,3,9,10,5,243001,9,2,3,0,0,0,0,0,0,0,0,33,15,0,0,48,7,4,0,3,4,4,0,0,2,2,10,0,0,1,1,1,1,Secondary (9–10),STANDARD,0,True,True
8756876,UTTAR PRADESH,BAREILLY,MAJHGAWAN,1,Bajhera,1,3,1,5,5,243302,2,2,3,15,10,4,7,11,0,0,0,0,0,0,0,47,3,2,1,0,5,5,0,0,1,1,1,1,0,2,1,1,1,Primary (1–5),STANDARD,0,False,True
1059696,UTTAR PRADESH,BAREILLY,RAMNAGAR,1,Dhanora Gauree,1,3,1,5,5,243303,2,2,3,8,5,17,1,4,0,0,0,0,0,0,0,35,7,7,0,0,5,5,0,0,2,2,0,0,0,2,1,1,2,Primary (1–5),STANDARD,0,False,True
3113087,UTTAR PRADESH,BAREILLY,FARIDPUR TOWN,2,,1,3,1,5,5,243503,2,2,3,17,14,4,8,5,0,0,0,0,0,0,0,48,7,4,3,0,5,5,0,0,2,1,0,0,0,1,1,1,1,Primary (1–5),STANDARD,0,True,True
2713418,UTTAR PRADESH,BAREILLY,FATEHGANJ,1,Kaithola Beniram,1,3,1,5,1,243505,2,2,3,5,5,6,6,5,0,0,0,0,0,0,0,27,2,2,0,0,5,5,0,0,1,1,0,0,2,2,1,1,2,Primary (1–5),STANDARD,0,False,True
5982856,UTTAR PRADESH,BAREILLY,BHUTA,1,Ladpur Mudia,1,3,1,5,1,243503,2,2,3,8,3,4,12,11,0,0,0,0,0,0,0,38,2,2,0,0,3,0,1,2,1,1,0,0,2,2,1,1,1,Primary (1–5),STANDARD,3,False,True
3839806,UTTAR PRADESH,BAREILLY,ALAMPUR,1,Dhanaura,1,3,1,5,1,243402,2,2,3,18,12,10,6,13,0,0,0,0,0,0,0,59,6,3,3,0,3,0,0,3,1,1,0,0,2,2,1,1,1,Primary (1–5),STANDARD,3,False,True
6101262,UTTAR PRADESH,BAREILLY,VITHARI CHAINPUR,1,Purnapur,1,3,1,5,1,243122,2,2,3,11,6,11,11,12,0,0,0,0,0,0,0,51,3,2,1,0,3,2,1,0,2,2,0,0,0,2,1,1,2,Primary (1–5),STANDARD,1,False,True
5565966,UTTAR PRADESH,BAREILLY,KYARA,1,Kargaina,2,3,1,8,5,243001,1,2,3,39,45,43,30,28,25,20,18,0,0,0,0,248,11,1,10,0,11,11,0,0,4,4,20,1,0,1,1,1,2,Upper Primary (1–8),STANDARD,0,True,True
8865645,UTTAR PRADESH,BAREILLY,RICHHA(DAMKHODA),2,,2,3,1,8,5,243202,2,2,2,10,21,24,21,19,85,79,89,0,0,0,0,348,8,7,1,0,9,9,0,0,4,4,4,2,1,1,1,1,1,Upper Primary (1–8),STANDARD,0,True,True
7437835,UTTAR PRADESH,BAREILLY,SHERGARH,2,,1,3,1,5,97,243505,2,2,3,5,14,10,13,5,0,0,0,0,0,0,0,47,4,3,1,0,5,5,0,0,1,1,3,1,0,2,1,2,1,Primary (1–5),STANDARD,0,False,False
2670304,UTTAR PRADESH,BAREILLY,NAWABGANJ,1,Alinagar,1,3,1,5,1,262406,2,2,3,14,7,6,5,6,0,0,0,0,0,0,0,38,4,2,2,0,4,4,0,0,1,1,0,0,2,2,1,1,1,Primary (1–5),STANDARD,0,False,True
9510501,UTTAR PRADESH,BAREILLY,MAJHGAWAN,1,Shahbajpur,1,3,1,5,1,243401,2,2,3,14,19,10,20,8,0,0,0,0,0,0,0,71,4,2,2,0,4,4,0,0,1,1,0,0,3,1,1,1,1,Primary (1–5),STANDARD,0,True,True
7495088,UTTAR PRADESH,BAREILLY,VITHARI CHAINPUR,1,Bhagwanpur Dhimri,1,3,1,5,1,243123,2,2,3,9,6,8,14,15,0,0,0,0,0,0,0,52,2,2,0,0,4,1,0,3,3,1,0,0,2,1,1,1,1,Primary (1–5),STANDARD,3,True,True
8526761,UTTAR PRADESH,BAREILLY,NAWABGANJ,2,,1,3,1,5,1,243407,2,2,3,10,17,18,21,15,0,0,0,0,0,0,0,81,5,4,1,0,3,0,1,2,2,3,0,1,2,1,1,1,1,Primary (1–5),STANDARD,3,True,True
2255162,UTTAR PRADESH,BAREILLY,VITHARI CHAINPUR,1,Dandia,1,3,1,5,1,243123,2,2,3,16,4,6,7,17,0,0,0,0,0,0,0,50,6,5,1,0,4,2,2,0,1,1,0,0,2,2,1,1,2,Primary (1–5),STANDARD,2,False,True
6943486,UTTAR PRADESH,BAREILLY,NAWABGANJ,1,Ladpur Usmanpur,1,3,1,5,97,243407,2,2,3,8,10,17,16,16,0,0,0,0,0,0,0,67,4,4,0,0,5,5,0,0,2,2,1,0,0,1,2,2,2,Primary (1–5),STANDARD,0,True,False
8298319,UTTAR PRADESH,BAREILLY,NAWABGANJ,1,Dabi Khera,1,3,1,5,1,262406,2,2,3,8,5,5,12,5,0,0,0,0,0,0,0,35,3,2,1,0,3,2,1,0,1,1,0,0,2,2,1,1,1,Primary (1–5),STANDARD,1,False,True
7476906,UTTAR PRADESH,BAREILLY,VITHARI CHAINPUR,1,Itawa Beni Ram,3,3,1,12,5,243123,1,2,3,42,30,25,33,45,38,19,29,29,33,37,48,408,39,38,1,0,27,27,0,0,11,12,45,1,2,1,1,1,1,Higher Secondary (1–12),STANDARD,0,True,True
5315400,UTTAR PRADESH,BAREILLY,RICHHA(DAMKHODA),1,Niyamatpur,1,3,1,5,1,243001,2,2,3,5,0,1,6,6,0,0,0,0,0,0,0,18,3,1,2,0,3,3,0,0,1,1,0,0,2,2,1,1,1,Primary (1–5),STANDARD,0,False,True
6967642,UTTAR PRADESH,BAREILLY,BAREILLY TOWN,2,,1,3,1,5,1,243003,2,2,3,9,9,6,18,17,0,0,0,0,0,0,0,59,2,1,1,0,1,1,0,0,1,1,0,0,0,2,1,1,2,Primary (1–5),STANDARD,0,False,True
2512777,UTTAR PRADESH,BAREILLY,BAHERI,1,Miti Dandi,1,3,1,5,1,243201,2,2,3,13,13,6,16,12,0,0,0,0,0,0,0,60,5,3,2,0,5,3,1,1,1,1,0,0,2,2,1,1,1,Primary (1–5),STANDARD,2,False,True
5713318,UTTAR PRADESH,BAREILLY,BHUTA,1,Mehtarpur Tej Singh,1,3,1,5,97,243503,2,2,3,6,4,13,4,5,0,0,0,0,0,0,0,32,5,0,5,0,5,5,0,0,1,1,0,0,0,1,2,2,1,Primary (1–5),STANDARD,0,True,False
5490539,UTTAR PRADESH,BAREILLY,VITHARI CHAINPUR,1,Benipur Sadat,1,3,1,5,1,243123,2,2,3,2,6,2,4,5,0,0,0,0,0,0,0,19,2,1,1,0,3,1,0,2,1,1,0,0,2,2,1,1,1,Primary (1–5),STANDARD,2,False,True
5400428,UTTAR PRADESH,BAREILLY,FARIDPUR,1,Shivpuri,1,3,1,5,1,243506,2,2,3,15,10,14,20,12,0,0,0,0,0,0,0,71,6,3,3,0,5,3,2,0,1,1,0,0,2,1,1,1,2,Primary (1–5),STANDARD,2,True,True
7777950,UTTAR PRADESH,BAREILLY,KYARA,1,Gauntara Mustakil,1,3,1,5,1,243001,2,2,3,11,13,8,23,17,0,0,0,0,0,0,0,72,8,5,3,0,3,3,0,0,1,1,0,0,2,1,1,1,1,Primary (1–5),STANDARD,0,True,True
3558239,UTTAR PRADESH,BAREILLY,FARIDPUR,1,Mohanpur,1,3,1,5,1,243503,2,2,3,21,13,21,17,16,0,0,0,0,0,0,0,88,4,3,1,0,6,2,2,2,2,2,0,0,2,2,1,1,2,Primary (1–5),STANDARD,4,False,True
3801004,UTTAR PRADESH,BAREILLY,BAREILLY TOWN,2,,1,3,1,5,1,243005,2,2,3,0,1,1,2,2,0,0,0,0,0,0,0,6,1,1,0,0,0,0,0,0,1,1,0,0,1,1,1,1,2,Primary (1–5),STANDARD,0,True,True
9438537,UTTAR PRADESH,BAREILLY,ALAMPUR,1,Tikuri,1,3,1,5,1,243301,2,2,3,26,9,17,22,19,0,0,0,0,0,0,0,93,4,2,2,0,3,1,1,1,1,1,0,0,2,2,1,1,1,Primary (1–5),STANDARD,2,False,True
8878869,UTTAR PRADESH,BAREILLY,SHERGARH,1,Bakenia Birpur,1,3,1,5,1,243505,2,2,3,24,18,20,24,26,0,0,0,0,0,0,0,112,6,3,3,0,8,7,0,1,1,1,0,0,0,1,1,1,1,Primary (1–5),STANDARD,1,True,True
7273929,UTTAR PRADESH,BAREILLY,RAMNAGAR,1,Ram Nagar,1,3,1,5,1,243303,2,2,3,21,18,8,29,35,0,0,0,0,0,0,0,111,3,3,0,0,5,0,3,2,2,2,0,0,2,2,1,1,1,Primary (1–5),STANDARD,5,False,True
7292694,UTTAR PRADESH,BAREILLY,NAWABGANJ,1,Thiriya Saidpur,1,3,1,5,1,262406,2,2,3,21,10,18,24,17,0,0,0,0,0,0,0,90,3,2,1,0,6,5,0,1,1,1,0,0,2,2,1,1,2,Primary (1–5),STANDARD,1,False,True
3456906,UTTAR PRADESH,BAREILLY,BAREILLY TOWN,2,,2,3,1,8,1,243001,2,2,3,10,7,7,14,13,23,24,21,0,0,0,0,119,5,5,0,0,5,4,1,0,1,1,0,0,2,1,1,1,1,Upper Primary (1–8),STANDARD,1,True,True
3918679,UTTAR PRADESH,BAREILLY,BHADPURA,1,Surajpur Parauria,1,3,1,5,1,262406,2,2,3,25,21,13,18,30,0,0,0,0,0,0,0,107,5,4,1,0,4,2,0,2,2,2,0,0,2,2,1,1,1,Primary (1–5),STANDARD,2,False,True
6085705,UTTAR PRADESH,BAREILLY,FARIDPUR,1,Tanda Sikandarpur,1,3,1,5,1,243503,2,2,3,20,19,25,27,24,0,0,0,0,0,0,0,115,3,3,0,0,5,3,1,1,1,1,0,0,2,2,1,1,2,Primary (1–5),STANDARD,2,False,True
2454374,UTTAR PRADESH,BAREILLY,NAWABGANJ,1,Richhola Tara Chand,1,3,1,5,1,243407,2,2,3,7,4,2,5,6,0,0,0,0,0,0,0,24,2,1,1,0,5,5,0,0,1,1,0,0,2,2,1,1,1,Primary (1–5),STANDARD,0,False,True
7339768,UTTAR PRADESH,BAREILLY,BAREILLY TOWN,2,,1,3,1,5,1,243002,2,2,3,9,18,14,12,10,0,0,0,0,0,0,0,63,0,0,0,0,5,2,3,0,1,1,1,0,2,2,1,1,1,Primary (1–5),STANDARD,3,False,True
1826516,UTTAR PRADESH,BAREILLY,RICHHA(DAMKHODA),1,Gautia Ramnagar,1,3,1,5,1,243201,2,2,3,0,0,1,5,2,0,0,0,0,0,0,0,8,3,1,2,0,2,2,0,0,1,1,0,0,0,2,1,1,1,Primary (1–5),STANDARD,0,False,True
6449867,UTTAR PRADESH,BAREILLY,FATEHGANJ,1,Khanpur,2,3,1,8,5,243202,2,2,3,0,12,5,3,4,3,2,0,0,0,0,0,29,6,6,0,0,8,8,0,0,1,1,0,1,0,1,1,2,1,Upper Primary (1–8),STANDARD,0,True,False
7851064,UTTAR PRADESH,BAREILLY,BHADPURA,1,Delel Nagar,2,3,1,8,1,262406,2,2,3,16,14,9,28,21,101,75,74,0,0,0,0,338,10,8,2,0,18,11,4,3,2,5,16,0,2,2,1,1,2,Upper Primary (1–8),STANDARD,7,False,True
6605240,UTTAR PRADESH,BAREILLY,VITHARI CHAINPUR,1,Mundia Ahmed Nagar,3,3,1,12,5,243122,1,2,3,58,40,40,57,39,58,47,65,115,90,103,98,810,45,45,0,0,52,52,0,0,23,16,35,4,5,1,1,1,1,Higher Secondary (1–12),STANDARD,0,True,True
2738963,UTTAR PRADESH,BAREILLY,FARIDPUR,1,Nagaria Vikram,4,3,6,8,1,243503,9,2,3,0,0,0,0,0,43,65,44,0,0,0,0,152,6,4,2,0,3,0,3,0,1,1,0,0,0,2,1,1,1,Upper Primary (6–8),STANDARD,3,False,True
2877935,UTTAR PRADESH,BAREILLY,MIRGANJ,1,Narelirasulpur,4,3,6,8,1,243505,9,2,3,0,0,0,0,0,14,19,20,0,0,0,0,53,2,2,0,0,4,0,2,2,1,2,0,0,2,2,1,1,1,Upper Primary (6–8),STANDARD,4,False,True
3734621,UTTAR PRADESH,BAREILLY,ALAMPUR,1,Usaita,1,3,1,5,1,243301,2,2,3,18,10,5,11,10,0,0,0,0,0,0,0,54,2,1,1,0,3,1,2,0,2,2,0,0,2,2,1,1,2,Primary (1–5),STANDARD,2,False,True
6595230,UTTAR PRADESH,BAREILLY,LUCKNOW REGION,2,,3,3,1,12,92,243122,2,2,3,37,39,40,40,40,48,52,43,64,35,38,18,494,24,21,3,0,12,12,0,0,3,3,42,40,5,1,1,1,1,Higher Secondary (1–12),STANDARD,0,True,True
3578273,UTTAR PRADESH,BAREILLY,BAREILLY TOWN,2,,7,3,6,10,4,243001,9,2,3,0,0,0,0,0,11,16,15,28,38,0,0,108,7,7,0,0,7,7,0,0,1,1,0,0,0,2,1,2,1,Secondary (6–10),STANDARD,0,False,False
2470265,UTTAR PRADESH,BAREILLY,BHUTA,1,Umedpur Bhuta,1,3,1,5,1,243126,2,2,3,27,42,47,75,77,0,0,0,0,0,0,0,268,9,6,3,0,8,6,0,2,1,1,0,0,2,2,1,1,2,Primary (1–5),STANDARD,2,False,True
6589320,UTTAR PRADESH,BAREILLY,BAREILLY TOWN,2,,1,3,1,5,5,243001,2,2,3,16,14,22,15,12,0,0,0,0,0,0,0,79,5,5,0,0,5,5,0,0,2,2,0,0,0,1,1,2,1,Primary (1–5),STANDARD,0,True,False
9362863,UTTAR PRADESH,BAREILLY,BAREILLY TOWN,2,,4,3,6,8,5,243006,9,2,3,0,0,0,0,0,19,20,11,0,0,0,0,50,3,0,3,0,3,3,0,0,2,2,1,1,0,1,1,1,1,Upper Primary (6–8),STANDARD,0,True,True
6139090,UTTAR PRADESH,BAREILLY,ALAMPUR,1,Bheempur,4,3,6,8,5,243301,9,2,3,0,0,0,0,0,67,84,30,0,0,0,0,181,4,0,4,0,3,3,0,0,1,1,0,0,0,2,2,2,1,Upper Primary (6–8),STANDARD,0,False,False
2955671,UTTAR PRADESH,BAREILLY,FARIDPUR,1,Haraila,4,3,6,8,1,243506,9,2,3,0,0,0,0,0,41,41,36,0,0,0,0,118,4,3,1,0,4,0,4,0,1,1,0,0,2,2,1,1,2,Upper Primary (6–8),STANDARD,4,False,True
4118737,UTTAR PRADESH,BAREILLY,KYARA,1,Jitaur Mustqil,4,3,6,8,1,243302,9,2,3,0,0,0,0,0,77,43,45,0,0,0,0,165,4,3,1,0,5,1,2,2,2,2,0,0,0,2,1,1,1,Upper Primary (6–8),STANDARD,4,False,True
4045055,UTTAR PRADESH,BAREILLY,BAHERI,1,Uganpur,1,3,1,5,1,243201,2,2,3,11,9,6,16,16,0,0,0,0,0,0,0,58,3,2,1,0,3,0,3,0,1,1,0,0,2,1,1,1,1,Primary (1–5),STANDARD,3,True,True
9601072,UTTAR PRADESH,BAREILLY,MAJHGAWAN,1,Naugawan Bhiramnan,4,3,6,8,1,243302,9,2,3,0,0,0,0,0,19,31,22,0,0,0,0,72,3,3,0,0,4,4,0,0,1,1,0,0,2,2,1,1,1,Upper Primary (6–8),STANDARD,0,False,True
4929514,UTTAR PRADESH,BAREILLY,VITHARI CHAINPUR,1,Ahladpur,4,3,6,8,1,243122,9,2,3,0,0,0,0,0,52,45,50,0,0,0,0,147,8,5,3,0,3,0,0,3,1,1,0,0,2,2,1,1,1,Upper Primary (6–8),STANDARD,3,False,True
8424692,UTTAR PRADESH,BAREILLY,BAHERI,1,Bijauria,2,3,1,8,1,243201,2,2,3,12,7,15,17,9,12,22,17,0,0,0,0,111,7,6,1,0,9,9,0,0,1,3,0,0,2,1,1,1,1,Upper Primary (1–8),STANDARD,0,True,True
7936966,UTTAR PRADESH,BAREILLY,VITHARI CHAINPUR,1,Udaipur Jasrathpur,4,3,6,8,1,243202,9,2,3,0,0,0,0,0,21,36,15,0,0,0,0,72,3,3,0,0,4,4,0,0,1,1,0,1,0,2,1,1,2,Upper Primary (6–8),STANDARD,0,False,True
6137134,UTTAR PRADESH,BAREILLY,MAJHGAWAN,1,Ismailpur,4,3,6,8,1,243302,9,2,3,0,0,0,0,0,20,23,9,0,0,0,0,52,2,2,0,0,4,4,0,0,1,1,0,0,2,1,1,1,1,Upper Primary (6–8),STANDARD,0,True,True
9970363,UTTAR PRADESH,BAREILLY,BAREILLY TOWN,2,,2,3,1,8,1,243003,2,2,1,10,13,16,29,32,23,18,13,0,0,0,0,154,3,3,0,0,9,9,0,0,2,2,2,0,2,1,1,1,2,Upper Primary (1–8),STANDARD,0,True,True
9351677,UTTAR PRADESH,BAREILLY,NAWABGANJ,1,Baraur,5,3,6,12,1,262406,9,2,3,0,0,0,0,0,49,44,41,63,49,42,44,332,6,6,0,0,14,0,14,0,3,6,0,0,0,1,1,1,1,Higher Secondary (6–12),STANDARD,14,True,True
2514319,UTTAR PRADESH,BAREILLY,FARIDPUR,1,Osar,4,3,6,8,1,243001,9,2,3,0,0,0,0,0,12,18,25,0,0,0,0,55,4,3,1,0,4,0,3,1,1,1,0,0,2,1,1,1,2,Upper Primary (6–8),STANDARD,4,True,True
8442317,UTTAR PRADESH,BAREILLY,RICHHA(DAMKHODA),1,Udara,1,3,1,5,97,243203,2,2,3,5,5,25,8,6,0,0,0,0,0,0,0,49,3,3,0,0,5,5,0,0,1,1,0,0,0,1,2,2,1,Primary (1–5),STANDARD,0,True,False
9060861,UTTAR PRADESH,BAREILLY,SHERGARH,1,Shahpur,2,3,1,8,1,243003,2,2,3,6,6,5,7,7,16,23,11,0,0,0,0,81,5,4,1,0,8,7,1,0,2,2,0,0,0,1,1,1,2,Upper Primary (1–8),STANDARD,1,True,True
3941115,UTTAR PRADESH,BAREILLY,FARIDPUR,1,Khallpur,4,3,6,8,1,243503,9,2,3,0,0,0,0,0,83,95,35,0,0,0,0,213,6,3,3,0,4,4,0,0,2,2,0,0,0,1,1,1,1,Upper Primary (6–8),STANDARD,0,True,True
8839798,UTTAR PRADESH,BAREILLY,FARIDPUR,1,Itauria Ilaka Shivpuri,2,3,1,8,1,243506,2,2,3,7,6,8,23,26,20,17,13,0,0,0,0,120,5,5,0,0,10,3,7,0,1,1,0,0,0,2,1,1,1,Upper Primary (1–8),STANDARD,7,False,True
2219918,UTTAR PRADESH,BAREILLY,SHERGARH,1,Ganu Nagala,2,3,1,8,1,243203,2,2,3,6,6,7,9,11,23,19,13,0,0,0,0,94,9,6,3,0,8,4,2,2,2,2,2,2,2,1,1,1,2,Upper Primary (1–8),STANDARD,4,True,True
2160331,UTTAR PRADESH,BAREILLY,BAREILLY TOWN,2,,2,3,1,8,5,243002,1,2,3,35,27,12,12,10,6,9,1,0,0,0,0,112,14,7,7,0,13,13,0,0,2,1,5,1,7,1,1,1,2,Upper Primary (1–8),STANDARD,0,True,True
6305413,UTTAR PRADESH,BAREILLY,SHERGARH,2,,4,3,6,8,5,243505,9,2,3,0,0,0,0,0,50,55,50,0,0,0,0,155,5,4,1,0,3,3,0,0,1,1,0,1,0,2,2,1,1,Upper Primary (6–8),STANDARD,0,False,True
7989341,UTTAR PRADESH,BAREILLY,BAREILLY TOWN,2,,1,3,1,5,97,243502,2,2,3,5,11,14,20,9,0,0,0,0,0,0,0,59,3,0,3,0,3,3,0,0,1,1,0,0,0,2,2,2,2,Primary (1–5),STANDARD,0,False,False
5928028,UTTAR PRADESH,BAREILLY,BHUTA,1,Magrasha,2,3,1,8,5,243503,2,2,3,4,1,2,1,0,24,6,6,0,0,0,0,44,4,4,0,0,5,0,5,0,1,1,0,0,0,2,2,2,1,Upper Primary (1–8),STANDARD,5,False,False
8068907,UTTAR PRADESH,BAREILLY,MAJHGAWAN,1,Jainpur Kadarabad,4,3,6,8,5,243004,9,2,3,0,0,0,0,0,16,39,41,0,0,0,0,96,4,1,3,0,3,3,0,0,1,1,1,1,0,1,1,1,1,Upper Primary (6–8),STANDARD,0,True,True
8515067,UTTAR PRADESH,BAREILLY,BAREILLY TOWN,2,,1,3,1,5,5,243122,2,2,3,4,7,4,2,2,0,0,0,0,0,0,0,19,5,3,2,0,5,5,0,0,1,1,0,1,0,1,1,1,1,Primary (1–5),STANDARD,0,True,True
4695140,UTTAR PRADESH,BAREILLY,BHOJIPURA,1,Mudia Hafiz,1,3,1,5,5,243202,1,2,3,17,24,10,18,14,0,0,0,0,0,0,0,83,6,3,3,0,6,6,0,0,1,1,0,0,0,1,1,1,1,Primary (1–5),STANDARD,0,True,True
9800954,UTTAR PRADESH,BAREILLY,VITHARI CHAINPUR,1,Alampur,1,3,1,5,1,243123,2,2,3,42,42,52,76,87,0,0,0,0,0,0,0,299,10,8,2,0,8,4,2,2,2,2,0,0,2,2,1,1,2,Primary (1–5),STANDARD,4,False,True
2285521,UTTAR PRADESH,BAREILLY,SHERGARH,2,,1,3,1,5,1,243505,2,2,3,13,0,25,17,24,0,0,0,0,0,0,0,79,4,3,1,0,11,9,0,2,2,2,0,0,0,1,1,1,2,Primary (1–5),STANDARD,2,True,True
3797032,UTTAR PRADESH,BAREILLY,BAREILLY TOWN,2,,4,3,6,8,5,243122,9,2,3,0,0,0,0,0,1,12,3,0,0,0,0,16,4,4,0,0,6,6,0,0,2,2,1,0,0,2,1,1,1,Upper Primary (6–8),STANDARD,0,False,True
6553338,UTTAR PRADESH,BAREILLY,BHADPURA,1,Thiriya Bannojan,2,3,1,8,5,262406,1,2,3,54,52,35,38,29,26,27,25,0,0,0,0,286,13,9,4,0,11,11,0,0,2,2,6,4,0,1,1,1,1,Upper Primary (1–8),STANDARD,0,True,True
7053629,UTTAR PRADESH,BAREILLY,LUCKNOW REGION,2,,3,3,1,12,92,243122,2,2,3,111,116,120,117,115,123,129,120,147,98,111,77,1384,56,47,9,0,36,36,0,0,11,11,100,40,12,1,1,1,1,Higher Secondary (1–12),STANDARD,0,True,True
2016375,UTTAR PRADESH,BAREILLY,MAJHGAWAN,1,Dhaka,1,3,1,5,1,243302,2,2,3,51,46,68,124,109,0,0,0,0,0,0,0,398,9,4,5,0,3,3,0,0,2,2,1,0,2,1,1,1,2,Primary (1–5),STANDARD,0,True,True
1911076,UTTAR PRADESH,BAREILLY,BAHERI,1,Seekari,1,3,1,5,1,243201,2,2,3,5,11,12,8,9,0,0,0,0,0,0,0,45,5,3,2,0,3,0,3,0,1,1,0,0,2,1,1,1,1,Primary (1–5),STANDARD,3,True,True
8129726,UTTAR PRADESH,BAREILLY,SHERGARH,2,,1,3,1,5,97,243201,2,2,3,8,10,22,15,16,0,0,0,0,0,0,0,71,5,2,3,0,6,6,0,0,1,1,0,0,0,2,2,2,1,Primary (1–5),STANDARD,0,False,False
2570952,UTTAR PRADESH,BAREILLY,MAJHGAWAN,1,Atarchedi,2,3,1,8,5,243302,2,2,3,21,22,15,10,17,18,15,20,0,0,0,0,138,8,8,0,0,8,8,0,0,1,1,1,1,0,1,1,1,1,Upper Primary (1–8),STANDARD,0,True,True
9353664,UTTAR PRADESH,BAREILLY,SHERGARH,1,Lakha,1,3,1,5,5,243203,2,2,3,28,27,23,19,21,0,0,0,0,0,0,0,118,5,2,3,0,5,5,0,0,2,2,0,0,0,1,1,1,2,Primary (1–5),STANDARD,0,True,True
1995795,UTTAR PRADESH,BAREILLY,NAWABGANJ,1,Shahpur Inayatullah,1,3,1,5,5,262406,2,2,3,0,0,1,5,5,0,0,0,0,0,0,0,11,6,6,0,0,4,4,0,0,1,1,0,0,0,2,1,1,1,Primary (1–5),STANDARD,0,False,True
2483026,UTTAR PRADESH,BAREILLY,BAREILLY TOWN,2,,1,3,1,5,5,243003,2,2,3,0,0,0,16,1,0,0,0,0,0,0,0,17,2,2,0,0,4,4,0,0,2,2,0,0,0,1,1,2,1,Primary (1–5),STANDARD,0,True,False
4990955,UTTAR PRADESH,BAREILLY,BAREILLY TOWN,2,,2,3,1,8,5,243005,1,2,3,63,39,42,37,39,37,30,17,0,0,0,0,304,4,4,0,0,10,10,0,0,4,4,2,1,0,1,1,1,1,Upper Primary (1–8),STANDARD,0,True,True
4513527,UTTAR PRADESH,BAREILLY,BAREILLY TOWN,2,,6,3,1,10,97,243003,2,2,1,0,0,10,2,6,5,6,9,11,16,0,0,65,12,2,10,0,12,12,0,0,5,5,1,0,0,2,1,1,2,Secondary (1–10),STANDARD,0,False,True
3047982,UTTAR PRADESH,BAREILLY,BAREILLY TOWN,2,,8,3,9,10,5,243001,9,2,3,0,0,0,0,0,0,0,0,64,37,0,0,101,4,0,3,1,6,6,0,0,2,2,0,0,0,1,1,1,1,Secondary (9–10),STANDARD,0,True,True
7899756,UTTAR PRADESH,BAREILLY,BAREILLY TOWN,2,,3,3,1,12,5,243001,1,2,3,179,182,166,169,171,171,175,166,138,138,94,102,1851,61,61,0,0,46,46,0,0,0,37,75,2,0,1,1,1,1,Higher Secondary (1–12),STANDARD,0,True,True
9301955,UTTAR PRADESH,BAREILLY,ALAMPUR,1,Sirohi,5,3,6,12,5,243401,9,2,3,0,0,0,0,0,7,0,1,381,106,15,22,532,11,7,4,0,10,10,0,0,2,2,1,0,0,1,1,1,1,Higher Secondary (6–12),STANDARD,0,True,True
6581953,UTTAR PRADESH,BAREILLY,MAJHGAWAN,1,Balaibhagvantpur,1,3,1,5,1,243302,2,2,3,29,24,24,58,54,0,0,0,0,0,0,0,189,6,5,1,0,8,6,0,2,1,1,0,0,2,2,1,1,1,Primary (1–5),STANDARD,2,False,True
6530888,UTTAR PRADESH,BAREILLY,NAWABGANJ,1,Bakainia,1,3,1,5,5,243407,1,2,3,78,71,53,57,85,0,0,0,0,0,0,0,344,8,1,7,0,6,6,0,0,1,2,2,0,0,2,1,2,1,Primary (1–5),STANDARD,0,False,False
2127645,UTTAR PRADESH,BAREILLY,BHOJIPURA,1,Bhoji Pura,1,3,1,5,5,243202,2,1,3,19,6,7,11,5,0,0,0,0,0,0,0,48,3,3,0,0,5,5,0,0,1,1,1,0,0,2,1,1,1,Primary (1–5),STANDARD,0,False,True
9258051,UTTAR PRADESH,BAREILLY,FATEHGANJ,1,Agras,6,3,1,10,97,243501,2,2,3,13,47,66,15,25,37,46,24,11,11,0,0,295,10,3,0,7,12,12,0,0,2,2,0,1,0,1,1,2,1,Secondary (1–10),STANDARD,0,True,False
3998764,UTTAR PRADESH,BAREILLY,BHADPURA,1,Dandia Misra,1,3,1,5,1,262406,2,2,3,6,7,4,9,9,0,0,0,0,0,0,0,35,3,2,1,0,3,0,1,2,1,1,0,0,1,2,1,1,1,Primary (1–5),STANDARD,3,False,True
8189699,UTTAR PRADESH,BAREILLY,MIRGANJ,1,Nagaria Kalyanpur,1,3,1,5,1,243504,2,2,3,10,11,10,24,23,0,0,0,0,0,0,0,78,7,4,3,0,5,3,0,2,1,1,0,0,2,2,1,1,2,Primary (1–5),STANDARD,2,False,True
4478193,UTTAR PRADESH,BAREILLY,MIRGANJ,1,Mankara,3,3,1,12,5,243504,1,2,3,67,55,49,60,54,60,55,54,89,60,55,51,709,47,47,0,0,25,25,0,0,2,4,32,3,2,1,1,1,1,Higher Secondary (1–12),STANDARD,0,True,True
4542180,UTTAR PRADESH,BAREILLY,FATEHGANJ,2,,2,3,1,8,5,243501,2,2,3,8,5,6,2,5,18,9,8,0,0,0,0,61,7,4,3,0,17,17,0,0,2,2,2,0,0,2,1,2,1,Upper Primary (1–8),STANDARD,0,False,False
8466054,UTTAR PRADESH,BAREILLY,FARIDPUR,1,Bhagwanpur Kundan,2,3,1,8,5,243506,2,2,3,2,5,7,10,9,38,29,59,0,0,0,0,159,5,2,1,2,8,8,0,0,3,3,1,1,0,1,1,1,1,Upper Primary (1–8),STANDARD,0,True,True
8663997,UTTAR PRADESH,BAREILLY,MAJHGAWAN,1,Kundaria Faijullapur,1,3,1,5,1,243302,2,2,3,22,15,23,40,27,0,0,0,0,0,0,0,127,4,3,1,0,5,5,0,0,1,2,0,0,2,2,1,1,1,Primary (1–5),STANDARD,0,False,True
2016986,UTTAR PRADESH,BAREILLY,VITHARI CHAINPUR,1,Mohanpur Urf Ram Nager,2,3,1,8,5,243123,1,2,3,29,22,25,24,21,19,30,22,0,0,0,0,192,8,8,0,0,11,11,0,0,3,2,0,4,0,1,1,2,2,Upper Primary (1–8),STANDARD,0,True,False
5835607,UTTAR PRADESH,BAREILLY,BAHERI,1,Banjaria,2,3,1,8,5,243201,2,2,3,29,37,42,43,35,110,89,79,0,0,0,0,464,12,12,0,0,13,13,0,0,2,5,0,1,0,1,1,1,1,Upper Primary (1–8),STANDARD,0,True,True
9395938,UTTAR PRADESH,BAREILLY,BAREILLY TOWN,2,,1,3,1,5,5,243001,1,2,3,42,38,40,43,30,0,0,0,0,0,0,0,193,10,4,0,6,9,9,0,0,1,1,6,1,0,1,1,1,2,Primary (1–5),STANDARD,0,True,True
9732448,UTTAR PRADESH,BAREILLY,FARIDPUR,1,Shivpuri,1,3,1,5,1,243506,2,2,3,18,18,25,38,17,0,0,0,0,0,0,0,116,4,3,1,0,5,4,0,1,1,1,0,0,0,2,1,1,2,Primary (1–5),STANDARD,1,False,True
1135095,UTTAR PRADESH,BAREILLY,BAREILLY TOWN,2,,7,3,6,10,5,243001,9,2,3,0,0,0,0,0,15,14,9,11,5,0,0,54,8,2,6,0,6,6,0,0,2,2,6,2,0,1,1,1,1,Secondary (6–10),STANDARD,0,True,True
2236409,UTTAR PRADESH,BAREILLY,BAREILLY TOWN,2,,3,3,1,12,5,243005,2,2,3,5,29,24,31,43,29,42,43,39,27,20,27,359,16,16,0,0,24,24,0,0,3,3,45,2,0,1,1,1,1,Higher Secondary (1–12),STANDARD,0,True,True
3655005,UTTAR PRADESH,BAREILLY,BAHERI,1,Bhilaiya,1,3,1,5,5,243201,2,2,3,2,2,2,11,10,0,0,0,0,0,0,0,27,7,7,0,0,7,7,0,0,2,2,1,1,0,1,1,2,1,Primary (1–5),STANDARD,0,True,False
2591029,UTTAR PRADESH,BAREILLY,FARIDPUR,1,Kesharpur,1,3,1,5,1,243123,2,2,3,12,3,12,17,20,0,0,0,0,0,0,0,64,4,2,0,2,4,3,1,0,1,1,0,0,2,1,1,1,2,Primary (1–5),STANDARD,1,True,True
5468469,UTTAR PRADESH,BAREILLY,RAMNAGAR,2,,2,3,1,8,5,243303,2,2,3,43,61,43,78,55,44,39,41,0,0,0,0,404,8,8,0,0,8,8,0,0,5,5,15,1,0,1,1,1,1,Upper Primary (1–8),STANDARD,0,True,True
4615606,UTTAR PRADESH,BAREILLY,NAWABGANJ,1,Indh Jagir,5,3,6,12,5,262406,9,2,3,0,0,0,0,0,19,14,13,70,44,164,154,478,12,12,0,0,24,24,0,0,1,4,1,1,0,1,1,1,1,Higher Secondary (6–12),STANDARD,0,True,True
5540678,UTTAR PRADESH,BAREILLY,MAJHGAWAN,1,Bheemlaur Rasulpur,1,3,1,5,1,243002,2,2,3,7,3,3,8,13,0,0,0,0,0,0,0,34,2,1,1,0,4,2,0,2,1,1,0,0,2,2,1,1,2,Primary (1–5),STANDARD,2,False,True
4463365,UTTAR PRADESH,BAREILLY,BAHERI,1,Mirzapur Ranjeet,1,3,1,5,1,243201,2,2,3,12,10,16,17,21,0,0,0,0,0,0,0,76,5,3,2,0,5,4,0,1,1,1,0,1,2,2,1,1,1,Primary (1–5),STANDARD,1,False,True
7183593,UTTAR PRADESH,BAREILLY,FARIDPUR,1,Raipur Hans,1,3,1,5,1,243003,2,2,3,24,20,25,33,18,0,0,0,0,0,0,0,120,5,5,0,0,5,0,5,0,3,2,0,0,2,2,1,1,2,Primary (1–5),STANDARD,5,False,True
5275879,UTTAR PRADESH,BAREILLY,MAJHGAWAN,1,Gurganwa Ahatmali,1,3,1,5,1,243302,2,2,3,4,15,10,13,25,0,0,0,0,0,0,0,67,3,2,1,0,3,0,0,3,1,1,0,0,2,1,1,1,1,Primary (1–5),STANDARD,3,True,True
9344970,UTTAR PRADESH,BAREILLY,KYARA,1,Bari Nagla,1,3,1,5,1,243001,2,2,3,13,15,14,23,21,0,0,0,0,0,0,0,86,6,3,3,0,5,2,2,1,1,1,0,0,2,2,1,1,1,Primary (1–5),STANDARD,3,False,True
2008161,UTTAR PRADESH,BAREILLY,BAHERI,1,Mundia Mukarrampur,4,3,6,8,1,243201,9,2,3,0,0,0,0,0,23,20,22,0,0,0,0,65,4,4,0,0,4,0,2,2,1,1,0,1,0,2,1,1,1,Upper Primary (6–8),STANDARD,4,False,True
5729021,UTTAR PRADESH,BAREILLY,NAWABGANJ,2,,1,3,1,5,1,262406,2,2,3,48,22,25,24,25,0,0,0,0,0,0,0,144,5,4,1,0,4,4,0,0,1,1,0,0,2,2,1,1,2,Primary (1–5),STANDARD,0,False,True
6469207,UTTAR PRADESH,BAREILLY,BAREILLY TOWN,2,,1,3,1,5,5,243001,2,2,3,8,4,7,5,12,0,0,0,0,0,0,0,36,5,5,0,0,6,6,0,0,1,1,0,1,0,1,1,1,1,Primary (1–5),STANDARD,0,True,True
6819950,UTTAR PRADESH,BAREILLY,NAWABGANJ,1,Satuiya Kalan,1,3,1,5,1,262406,2,2,3,17,10,8,13,11,0,0,0,0,0,0,0,59,5,3,2,0,6,0,0,6,1,1,0,0,2,1,1,1,1,Primary (1–5),STANDARD,6,True,True
9502614,UTTAR PRADESH,BAREILLY,BHUTA,1,Mehtarpur Tej Singh,1,3,1,5,1,243503,2,2,3,32,37,50,61,80,0,0,0,0,0,0,0,260,11,9,2,0,6,0,0,6,2,2,0,0,0,1,1,1,2,Primary (1–5),STANDARD,6,True,True
9916344,UTTAR PRADESH,BAREILLY,BAREILLY TOWN,2,,2,3,1,8,5,243005,2,2,3,7,13,7,17,13,10,2,0,0,0,0,0,69,4,4,0,0,8,8,0,0,2,2,1,0,0,2,1,1,1,Upper Primary (1–8),STANDARD,0,False,True
8488476,UTTAR PRADESH,BAREILLY,BAREILLY TOWN,2,,4,3,6,8,5,243001,9,2,3,0,0,0,0,0,32,17,24,0,0,0,0,73,3,3,0,0,3,3,0,0,1,1,1,0,0,1,1,1,1,Upper Primary (6–8),STANDARD,0,True,True
7467439,UTTAR PRADESH,BAREILLY,BAREILLY TOWN,2,,2,3,1,8,5,243001,2,2,2,28,8,5,14,9,4,3,6,0,0,0,0,77,8,8,0,0,8,8,0,0,4,4,12,0,0,1,1,1,1,Upper Primary (1–8),STANDARD,0,True,True
7386602,UTTAR PRADESH,BAREILLY,BHOJIPURA,1,Ghanghora Piparia,2,3,1,8,5,243202,2,2,3,11,15,13,6,4,10,17,14,0,0,0,0,90,6,6,0,0,9,9,0,0,2,2,0,1,1,1,2,1,1,Upper Primary (1–8),STANDARD,0,True,True
2326428,UTTAR PRADESH,BAREILLY,BAHERI TOWN,2,,2,3,1,8,5,243201,2,2,3,36,33,27,18,34,18,20,9,0,0,0,0,195,4,2,1,1,8,8,0,0,1,2,0,0,0,2,2,2,2,Upper Primary (1–8),STANDARD,0,False,False
7751206,UTTAR PRADESH,BAREILLY,BAREILLY TOWN,2,,3,3,1,12,5,243123,1,2,3,95,88,77,105,114,118,126,115,116,121,109,79,1263,52,52,0,0,45,45,0,0,36,25,74,2,0,1,1,1,1,Higher Secondary (1–12),STANDARD,0,True,True
7356210,UTTAR PRADESH,BAREILLY,BAREILLY TOWN,2,,5,3,6,12,4,243001,9,2,3,0,0,0,0,0,54,87,110,198,132,82,75,738,25,25,0,0,17,17,0,0,5,5,1,0,0,1,1,1,1,Higher Secondary (6–12),STANDARD,0,True,True
7707655,UTTAR PRADESH,BAREILLY,FATEHGANJ,1,Balla Kotha,2,3,1,8,1,243502,2,2,3,30,39,26,36,37,106,83,80,0,0,0,0,437,12,10,2,0,8,4,1,3,4,5,4,0,2,2,3,1,1,Upper Primary (1–8),STANDARD,4,False,True
3782350,UTTAR PRADESH,BAREILLY,NAWABGANJ,1,Duawawat,1,3,1,5,1,243407,2,2,3,16,9,20,17,17,0,0,0,0,0,0,0,79,5,3,2,0,7,7,0,0,1,1,0,1,2,1,1,1,2,Primary (1–5),STANDARD,0,True,True
8879884,UTTAR PRADESH,BAREILLY,BHUTA,1,Khajuria Shampat,2,3,1,8,1,243123,2,2,3,32,29,26,37,38,105,120,129,0,0,0,0,516,16,12,3,1,11,0,9,2,3,3,3,0,2,2,1,1,2,Upper Primary (1–8),STANDARD,11,False,True
3491954,UTTAR PRADESH,BAREILLY,BAREILLY TOWN,2,,2,3,1,8,1,243003,2,2,3,12,14,47,70,73,165,110,120,0,0,0,0,611,8,5,2,1,16,16,0,0,2,2,0,0,2,2,1,1,1,Upper Primary (1–8),STANDARD,0,False,True
4405887,UTTAR PRADESH,BAREILLY,MIRGANJ,1,Raiya Nagla,2,3,1,8,5,243504,2,2,3,26,22,27,41,27,37,26,24,0,0,0,0,230,8,0,8,0,8,8,0,0,2,2,0,2,2,2,1,2,1,Upper Primary (1–8),STANDARD,0,False,False
3721353,UTTAR PRADESH,BAREILLY,VITHARI CHAINPUR,1,Alampur,4,3,6,8,1,243202,9,2,3,0,0,0,0,0,65,95,111,0,0,0,0,271,8,6,0,2,4,4,0,0,1,1,5,1,0,1,1,1,1,Upper Primary (6–8),STANDARD,0,True,True
2028274,UTTAR PRADESH,BAREILLY,RAMNAGAR,1,Kesarpur,2,3,1,8,1,243303,2,2,3,26,33,25,50,43,38,56,59,0,0,0,0,330,5,4,1,0,8,0,4,4,1,2,4,0,2,1,1,1,2,Upper Primary (1–8),STANDARD,8,True,True
7161280,UTTAR PRADESH,BAREILLY,NAWABGANJ,1,Pandri Samip Baraur,2,3,1,8,1,262406,2,2,3,16,10,19,21,20,23,44,34,0,0,0,0,187,8,5,3,0,9,6,3,0,1,1,0,0,0,2,1,1,1,Upper Primary (1–8),STANDARD,3,False,True
3476246,UTTAR PRADESH,BAREILLY,ALAMPUR,1,Ballia,4,3,6,8,1,243402,9,2,3,0,0,0,0,0,40,42,24,0,0,0,0,106,4,3,1,0,3,3,0,0,1,1,0,0,2,1,1,1,1,Upper Primary (6–8),STANDARD,0,True,True
9558759,UTTAR PRADESH,BAREILLY,BHUTA,1,Umedpur Bhuta,1,3,1,5,5,243126,1,2,3,42,32,46,19,15,0,0,0,0,0,0,0,154,6,6,0,0,6,6,0,0,2,2,0,0,0,1,1,1,1,Primary (1–5),STANDARD,0,True,True
1476219,UTTAR PRADESH,BAREILLY,MAJHGAWAN,2,,1,3,1,5,5,243302,2,2,3,17,12,13,8,11,0,0,0,0,0,0,0,61,4,4,0,0,5,5,0,0,1,1,0,1,0,2,1,1,1,Primary (1–5),STANDARD,0,False,True
1165523,UTTAR PRADESH,BAREILLY,FATEHGANJ,1,Lalpur,2,3,1,8,1,243505,2,2,3,28,14,19,12,22,62,58,58,0,0,0,0,273,9,6,3,0,13,8,2,3,1,3,0,0,0,1,1,1,2,Upper Primary (1–8),STANDARD,5,True,True
1624061,UTTAR PRADESH,BAREILLY,BHOJIPURA,1,Bohit,2,3,1,8,1,243502,2,2,3,9,10,13,31,21,22,44,29,0,0,0,0,179,11,7,4,0,10,4,6,0,2,3,0,2,2,2,1,1,2,Upper Primary (1–8),STANDARD,6,False,True
3165129,UTTAR PRADESH,BAREILLY,KYARA,1,Kandharpur (Ct),1,3,1,5,97,243001,2,2,3,1,8,4,5,4,0,0,0,0,0,0,0,22,4,4,0,0,11,11,0,0,1,1,1,0,0,2,1,2,2,Primary (1–5),STANDARD,0,False,False
6739207,UTTAR PRADESH,BAREILLY,BHOJIPURA,1,Kalara,1,3,1,5,97,243202,2,2,3,38,38,6,14,14,0,0,0,0,0,0,0,110,4,0,4,0,4,4,0,0,1,1,0,0,0,1,2,2,1,Primary (1–5),STANDARD,0,True,False
7042227,UTTAR PRADESH,BAREILLY,KYARA,1,Kargaina,2,3,1,8,5,243005,2,2,3,26,18,10,17,20,4,8,6,0,0,0,0,109,4,1,3,0,8,8,0,0,1,1,0,1,0,2,2,2,1,Upper Primary (1–8),STANDARD,0,False,False
7331319,UTTAR PRADESH,BAREILLY,BAREILLY TOWN,2,,1,3,1,5,5,243122,2,2,3,6,2,1,5,0,0,0,0,0,0,0,0,14,3,0,3,0,5,5,0,0,1,1,1,0,0,2,1,1,2,Primary (1–5),STANDARD,0,False,True
3553867,UTTAR PRADESH,BAREILLY,BHUTA,1,Mahmoodpur,1,3,1,5,5,243503,2,2,3,13,10,17,3,2,0,0,0,0,0,0,0,45,3,3,0,0,5,5,0,0,1,1,0,0,0,2,1,2,2,Primary (1–5),STANDARD,0,False,False
5974230,UTTAR PRADESH,BAREILLY,FATEHGANJ,2,,6,1,1,10,97,243505,2,2,3,4,3,5,7,1,1,2,7,1,1,0,0,32,5,5,0,0,8,8,0,0,2,0,0,0,0,2,2,1,1,Secondary (1–10),STANDARD,0,False,True
5944697,UTTAR PRADESH,BAREILLY,VITHARI CHAINPUR,1,Chandpur Bichpuri,2,3,1,8,5,243006,2,2,3,20,21,10,7,9,7,10,7,0,0,0,0,91,14,14,0,0,8,8,0,0,1,1,2,2,1,1,1,1,2,Upper Primary (1–8),STANDARD,0,True,True
5845618,UTTAR PRADESH,BAREILLY,FATEHGANJ,1,,1,3,1,5,97,243501,2,2,3,2,2,43,21,15,0,0,0,0,0,0,0,83,6,6,0,0,6,6,0,0,1,1,1,2,0,1,1,2,2,Primary (1–5),STANDARD,0,True,False
9287653,UTTAR PRADESH,BAREILLY,BAREILLY TOWN,2,,1,3,1,5,5,243502,2,2,3,9,9,12,14,2,0,0,0,0,0,0,0,46,3,3,0,0,5,5,0,0,2,2,0,0,0,2,2,2,2,Primary (1–5),STANDARD,0,False,False
7154121,UTTAR PRADESH,BAREILLY,VITHARI CHAINPUR,2,,2,3,1,8,5,243123,2,2,3,59,48,64,65,61,54,52,53,0,0,0,0,456,12,0,12,0,16,16,0,0,2,5,8,1,0,1,1,1,1,Upper Primary (1–8),STANDARD,0,True,True
4760978,UTTAR PRADESH,BAREILLY,BAREILLY TOWN,2,,2,3,1,8,5,243005,2,2,3,0,0,0,0,1,0,0,0,0,0,0,0,1,7,7,0,0,8,8,0,0,1,1,0,0,0,1,1,1,1,Upper Primary (1–8),STANDARD,0,True,True
3502810,UTTAR PRADESH,BAREILLY,BAREILLY TOWN,2,,2,3,1,8,5,243001,2,2,3,5,4,15,19,18,17,24,14,0,0,0,0,116,5,0,0,5,11,11,0,0,2,2,10,0,0,1,1,2,2,Upper Primary (1–8),STANDARD,0,True,False
4123562,UTTAR PRADESH,BAREILLY,FATEHGANJ,2,,2,3,1,8,5,243505,1,2,3,6,2,6,3,4,4,3,0,0,0,0,0,28,11,11,0,0,10,10,0,0,8,8,35,1,1,1,1,1,1,Upper Primary (1–8),STANDARD,0,True,True
8510762,UTTAR PRADESH,BAREILLY,RICHHA(DAMKHODA),1,Mohanpur,1,3,1,5,5,243203,2,2,3,22,1,36,10,33,0,0,0,0,0,0,0,102,5,1,4,0,6,6,0,0,1,2,0,0,0,2,1,2,2,Primary (1–5),STANDARD,0,False,False
7110763,UTTAR PRADESH,BAREILLY,BAREILLY TOWN,2,,1,3,1,5,5,243122,2,2,3,24,25,14,15,5,0,0,0,0,0,0,0,83,2,2,0,0,0,0,0,0,1,1,0,0,0,2,2,2,2,Primary (1–5),STANDARD,0,False,False
3772185,UTTAR PRADESH,BAREILLY,BAREILLY TOWN,2,,1,3,1,5,5,243502,2,2,3,23,30,13,25,16,0,0,0,0,0,0,0,107,5,5,0,0,5,5,0,0,2,1,6,0,0,2,2,2,1,Primary (1–5),STANDARD,0,False,False
1688933,UTTAR PRADESH,BAREILLY,NAWABGANJ,1,Ladpur Usmanpur,1,3,1,5,97,243407,2,2,3,9,7,19,7,4,0,0,0,0,0,0,0,46,6,5,0,1,5,5,0,0,1,1,0,0,0,2,2,1,1,Primary (1–5),STANDARD,0,False,True
3730009,UTTAR PRADESH,BAREILLY,BAREILLY TOWN,2,,6,3,1,10,97,243006,2,2,2,30,34,30,40,33,58,36,42,5,7,0,0,315,21,5,8,8,16,16,0,0,2,2,1,1,0,1,1,1,2,Secondary (1–10),STANDARD,0,True,True
5747941,UTTAR PRADESH,BAREILLY,MIRGANJ,2,,5,3,6,12,5,243505,9,2,3,0,0,0,0,0,62,78,68,197,183,169,219,976,10,5,5,0,20,20,0,0,2,2,0,10,0,1,1,1,1,Higher Secondary (6–12),STANDARD,0,True,True
9963642,UTTAR PRADESH,BAREILLY,MAJHGAWAN,1,Rukhara,1,3,1,5,1,243302,2,2,3,8,27,5,35,13,0,0,0,0,0,0,0,88,3,3,0,0,9,2,7,0,1,1,0,0,2,1,1,1,2,Primary (1–5),STANDARD,7,True,True
6908213,UTTAR PRADESH,BAREILLY,FARIDPUR TOWN,2,,1,3,1,5,5,243503,2,2,3,1,0,0,0,0,0,0,0,0,0,0,0,1,1,1,0,0,5,5,0,0,1,1,0,0,0,1,1,1,1,Primary (1–5),STANDARD,0,True,True
3268615,UTTAR PRADESH,BAREILLY,VITHARI CHAINPUR,1,Ahladpur,2,3,1,8,5,243122,1,2,3,7,9,15,15,13,20,16,24,0,0,0,0,119,8,8,0,0,12,12,0,0,5,5,1,0,0,1,2,1,1,Upper Primary (1–8),STANDARD,0,True,True
8880661,UTTAR PRADESH,BAREILLY,BAREILLY TOWN,2,,2,3,1,8,5,243005,2,2,3,79,96,102,87,71,67,87,66,0,0,0,0,655,14,14,0,0,17,17,0,0,10,8,19,0,0,1,1,1,1,Upper Primary (1–8),STANDARD,0,True,True
4349472,UTTAR PRADESH,BAREILLY,BAREILLY TOWN,2,,2,3,1,8,5,243001,2,2,3,24,5,8,11,7,11,11,7,0,0,0,0,84,7,7,0,0,10,10,0,0,4,4,2,4,0,2,1,1,1,Upper Primary (1–8),STANDARD,0,False,True
4028552,UTTAR PRADESH,BAREILLY,MAJHGAWAN,1,Kishan Singhpur,1,3,1,5,1,243302,2,2,3,13,20,24,34,31,0,0,0,0,0,0,0,122,5,3,2,0,6,0,6,0,2,1,0,0,2,2,1,1,1,Primary (1–5),STANDARD,6,False,True
3051828,UTTAR PRADESH,BAREILLY,ALAMPUR,1,Chigari Wal Kishanpur,1,3,1,5,1,243301,2,2,3,8,10,11,5,15,0,0,0,0,0,0,0,49,1,1,0,0,3,1,2,0,1,1,0,0,2,2,1,1,1,Primary (1–5),STANDARD,2,False,True
6593605,UTTAR PRADESH,BAREILLY,NAWABGANJ,1,Dibna Pur,1,3,1,5,1,262406,2,2,3,7,5,2,6,4,0,0,0,0,0,0,0,24,2,2,0,0,4,2,0,2,2,2,0,0,2,1,1,1,2,Primary (1–5),STANDARD,2,True,True
6719224,UTTAR PRADESH,BAREILLY,BHOJIPURA,1,Pachdeora Deoria,1,3,1,5,97,243202,2,2,3,2,10,0,1,1,0,0,0,0,0,0,0,14,4,2,2,0,4,4,0,0,1,1,0,0,0,1,1,2,1,Primary (1–5),STANDARD,0,True,False
9055766,UTTAR PRADESH,BAREILLY,MIRGANJ,1,Bitham Naugawan,1,3,1,5,1,243505,2,2,3,7,14,11,22,19,0,0,0,0,0,0,0,73,4,3,1,0,3,2,1,0,2,2,0,0,2,2,1,1,2,Primary (1–5),STANDARD,1,False,True
6864814,UTTAR PRADESH,BAREILLY,MAJHGAWAN,1,Naugawan Bhiramnan,1,3,1,5,1,243302,2,2,3,7,6,6,9,14,0,0,0,0,0,0,0,42,4,2,2,0,4,1,3,0,1,1,0,0,2,1,1,1,1,Primary (1–5),STANDARD,3,True,True
2864339,UTTAR PRADESH,BAREILLY,MAJHGAWAN,2,,10,3,9,12,5,243302,9,2,3,0,0,0,0,0,0,0,0,121,147,171,206,645,13,0,13,0,22,22,0,0,6,6,10,5,0,1,1,1,1,Higher Secondary (9–12),STANDARD,0,True,True
7181232,UTTAR PRADESH,BAREILLY,BAHERI,1,Amkhera,1,3,1,5,1,243201,2,2,3,0,1,0,0,2,0,0,0,0,0,0,0,3,2,1,1,0,3,3,0,0,1,1,0,0,0,1,1,1,2,Primary (1–5),STANDARD,0,True,True
2135383,UTTAR PRADESH,BAREILLY,VITHARI CHAINPUR,1,Rajpura Mafi,1,3,1,5,1,243122,2,2,3,24,16,20,29,28,0,0,0,0,0,0,0,117,8,5,3,0,5,1,2,2,1,1,0,1,2,1,1,1,1,Primary (1–5),STANDARD,4,True,True
3004183,UTTAR PRADESH,BAREILLY,RAMNAGAR,1,Chandoarur Shiv Nagar,1,3,1,5,1,243303,2,2,3,23,10,19,32,26,0,0,0,0,0,0,0,110,7,3,4,0,4,2,2,0,2,2,0,0,0,2,1,1,1,Primary (1–5),STANDARD,2,False,True
4915791,UTTAR PRADESH,BAREILLY,NAWABGANJ,1,Jareli,1,3,1,5,1,262406,2,2,3,15,13,25,28,23,0,0,0,0,0,0,0,104,5,3,2,0,5,4,0,1,1,1,0,1,2,1,1,1,1,Primary (1–5),STANDARD,1,True,True
5476819,UTTAR PRADESH,BAREILLY,NAWABGANJ,1,Richhola Kifayatullah,2,3,1,8,5,262406,1,2,3,70,47,36,37,28,27,18,13,0,0,0,0,276,22,22,0,0,20,20,0,0,6,6,12,2,2,1,2,1,1,Upper Primary (1–8),STANDARD,0,True,True
9029060,UTTAR PRADESH,BAREILLY,ALAMPUR,1,Sendha,2,3,1,8,5,243301,2,2,3,16,11,15,28,22,28,31,23,0,0,0,0,174,6,5,1,0,9,5,3,1,1,1,2,2,0,1,1,2,1,Upper Primary (1–8),STANDARD,4,True,False
2992893,UTTAR PRADESH,BAREILLY,BAHERI,1,Bhainsia,1,3,1,5,5,243203,2,2,3,19,13,9,18,19,0,0,0,0,0,0,0,78,7,6,1,0,5,5,0,0,2,4,1,0,0,2,1,1,1,Primary (1–5),STANDARD,0,False,True
8684927,UTTAR PRADESH,BAREILLY,SHERGARH,1,Manpur,5,3,6,12,5,243201,9,2,3,0,0,0,0,0,14,49,40,90,87,72,132,484,9,7,2,0,18,18,0,0,5,10,12,2,0,1,1,1,1,Higher Secondary (6–12),STANDARD,0,True,True
9357416,UTTAR PRADESH,BAREILLY,ALAMPUR,1,Rampur Buzurg,1,3,1,5,1,243401,2,2,3,14,8,5,10,14,0,0,0,0,0,0,0,51,3,2,1,0,3,0,0,3,1,1,0,0,2,2,1,1,2,Primary (1–5),STANDARD,3,False,True
5961372,UTTAR PRADESH,BAREILLY,BAREILLY TOWN,2,,4,3,6,8,5,243001,9,1,3,0,0,0,0,0,5,5,7,0,0,0,0,17,4,2,1,1,10,5,5,0,3,3,1,1,0,2,1,2,1,Upper Primary (6–8),STANDARD,5,False,False
8084298,UTTAR PRADESH,BAREILLY,RICHHA(DAMKHODA),1,Igrah,2,3,1,8,5,243201,2,2,3,33,18,13,10,17,42,26,22,0,0,0,0,181,8,8,0,0,5,5,0,0,2,2,0,0,0,2,2,1,1,Upper Primary (1–8),STANDARD,0,False,True
3669572,UTTAR PRADESH,BAREILLY,RICHHA(DAMKHODA),1,Milak Pichhaura,1,3,1,5,1,243201,2,2,3,39,36,33,52,35,0,0,0,0,0,0,0,195,5,3,2,0,6,6,0,0,1,3,0,1,0,2,1,1,1,Primary (1–5),STANDARD,0,False,True
8728135,UTTAR PRADESH,BAREILLY,BAHERI,1,Unai Makrooka,1,3,1,5,1,243201,2,2,3,32,21,26,23,26,0,0,0,0,0,0,0,128,7,3,4,0,9,5,3,1,1,2,0,1,2,1,1,1,1,Primary (1–5),STANDARD,4,True,True
5498024,UTTAR PRADESH,BAREILLY,MAJHGAWAN,1,Rampura Khurd,2,3,1,8,5,243302,2,2,3,11,17,14,20,13,9,5,6,0,0,0,0,95,5,5,0,0,8,8,0,0,1,1,0,0,0,2,1,1,2,Upper Primary (1–8),STANDARD,0,False,True
8826818,UTTAR PRADESH,BAREILLY,BAHERI,1,Banjaria,7,3,6,10,5,243201,9,2,3,0,0,0,0,0,23,17,23,44,29,0,0,136,7,7,0,0,6,6,0,0,2,2,1,0,0,2,2,1,1,Secondary (6–10),STANDARD,0,False,True
6793775,UTTAR PRADESH,BAREILLY,BHUTA,1,Tisuwa,1,3,1,5,1,243506,2,2,3,15,15,25,29,29,0,0,0,0,0,0,0,113,6,3,3,0,8,3,2,3,1,1,0,0,2,1,1,1,1,Primary (1–5),STANDARD,5,True,True
2265067,UTTAR PRADESH,BAREILLY,BAREILLY TOWN,2,,2,3,1,8,5,243005,2,2,3,85,88,93,96,86,49,52,39,0,0,0,0,588,16,15,1,0,21,21,0,0,5,2,5,5,0,1,1,1,1,Upper Primary (1–8),STANDARD,0,True,True
8777582,UTTAR PRADESH,BAREILLY,BAREILLY TOWN,2,,2,3,1,8,5,243122,1,2,3,13,11,13,1,11,4,1,1,0,0,0,0,55,6,6,0,0,11,11,0,0,2,2,4,0,0,2,1,1,2,Upper Primary (1–8),STANDARD,0,False,True
3889900,UTTAR PRADESH,BAREILLY,BAREILLY TOWN,2,,1,3,1,5,5,243003,1,2,3,15,13,14,19,13,0,0,0,0,0,0,0,74,5,5,0,0,7,7,0,0,2,2,0,0,0,1,1,2,1,Primary (1–5),STANDARD,0,True,False
2780257,UTTAR PRADESH,BAREILLY,RICHHA(DAMKHODA),1,Arsiabojh,2,3,1,8,5,243201,2,1,3,52,65,174,104,59,160,176,117,0,0,0,0,907,9,9,0,0,8,8,0,0,2,3,4,1,1,1,1,1,1,Upper Primary (1–8),STANDARD,0,True,True
5081941,UTTAR PRADESH,BAREILLY,BAREILLY TOWN,2,,1,3,1,5,5,243502,2,2,3,0,0,3,0,0,0,0,0,0,0,0,0,3,1,0,1,0,5,5,0,0,2,1,0,0,0,1,3,2,1,Primary (1–5),STANDARD,0,True,False
7946257,UTTAR PRADESH,BAREILLY,BAREILLY TOWN,2,,1,3,1,5,1,243001,2,2,3,7,10,12,22,20,0,0,0,0,0,0,0,71,2,2,0,0,6,0,0,6,1,1,0,0,2,1,1,1,2,Primary (1–5),STANDARD,6,True,True
5680368,UTTAR PRADESH,BAREILLY,BHADPURA,1,Pehna,1,3,1,5,1,262406,2,2,3,20,17,12,21,23,0,0,0,0,0,0,0,93,3,2,1,0,4,3,0,1,1,1,0,0,2,2,1,1,1,Primary (1–5),STANDARD,1,False,True
9030098,UTTAR PRADESH,BAREILLY,BAREILLY TOWN,2,,1,3,1,5,5,243001,1,2,3,35,36,32,24,27,0,0,0,0,0,0,0,154,8,6,2,0,7,7,0,0,1,2,2,0,0,1,1,2,2,Primary (1–5),STANDARD,0,True,False
3178192,UTTAR PRADESH,BAREILLY,MIRGANJ,1,Saijana,1,3,1,5,1,243504,2,2,3,14,9,11,16,13,0,0,0,0,0,0,0,63,4,2,2,0,3,3,0,0,1,1,0,0,2,2,1,1,1,Primary (1–5),STANDARD,0,False,True
8494105,UTTAR PRADESH,BAREILLY,MAJHGAWAN,2,,2,3,1,8,5,243302,2,2,3,31,31,27,35,27,51,49,42,0,0,0,0,293,8,8,0,0,9,9,0,0,2,2,0,1,0,1,1,2,1,Upper Primary (1–8),STANDARD,0,True,False
7169382,UTTAR PRADESH,BAREILLY,SHERGARH,1,Shahpur,1,3,1,5,1,243005,2,2,3,3,1,2,5,4,0,0,0,0,0,0,0,15,2,1,1,0,2,0,0,2,1,1,0,0,2,1,1,1,2,Primary (1–5),STANDARD,2,True,True
1853071,UTTAR PRADESH,BAREILLY,BHADPURA,1,Chena,1,3,1,5,1,262406,2,2,3,28,26,19,36,37,0,0,0,0,0,0,0,146,4,4,0,0,5,0,5,0,1,1,0,0,2,2,1,1,2,Primary (1–5),STANDARD,5,False,True
5875214,UTTAR PRADESH,BAREILLY,RAMNAGAR,1,Beudhan Buzurg,1,3,1,5,1,243303,2,2,3,9,12,21,41,42,0,0,0,0,0,0,0,125,4,3,1,0,4,2,0,2,1,1,0,0,2,2,1,1,2,Primary (1–5),STANDARD,2,False,True
6062384,UTTAR PRADESH,BAREILLY,BHUTA,1,Khardaha Gajnera,1,3,1,5,1,243503,2,2,3,8,4,5,5,5,0,0,0,0,0,0,0,27,2,2,0,0,3,3,0,0,2,2,0,0,2,1,1,1,2,Primary (1–5),STANDARD,0,True,True
6958919,UTTAR PRADESH,BAREILLY,BHUTA,1,Dheerpur,1,3,1,5,1,243503,2,2,3,4,8,9,3,11,0,0,0,0,0,0,0,35,3,2,1,0,5,4,0,1,1,1,0,0,2,2,1,1,1,Primary (1–5),STANDARD,1,False,True
9580533,UTTAR PRADESH,BAREILLY,VITHARI CHAINPUR,1,Mundia Ahmed Nagar,3,3,1,12,5,243001,2,2,3,32,23,38,32,47,35,33,22,59,42,31,11,405,22,0,21,1,18,18,0,0,3,3,8,2,1,1,1,2,1,Higher Secondary (1–12),STANDARD,0,True,False
9858650,UTTAR PRADESH,BAREILLY,NAWABGANJ,1,Raghunathpur,1,3,1,5,1,262406,2,2,3,3,4,1,6,5,0,0,0,0,0,0,0,19,3,1,2,0,4,4,0,0,1,1,0,0,2,1,1,1,1,Primary (1–5),STANDARD,0,True,True
8820705,UTTAR PRADESH,BAREILLY,NAWABGANJ,1,Himkarpur Chamraua,1,3,1,5,1,243407,2,2,3,2,3,2,5,6,0,0,0,0,0,0,0,18,2,1,1,0,5,1,2,2,1,1,0,0,2,1,1,1,2,Primary (1–5),STANDARD,4,True,True
7498846,UTTAR PRADESH,BAREILLY,AONLA,2,,1,3,1,5,1,243301,2,2,3,2,7,7,11,17,0,0,0,0,0,0,0,44,2,0,2,0,0,0,0,0,1,1,0,0,0,2,2,1,2,Primary (1–5),STANDARD,0,False,True
4996861,UTTAR PRADESH,BAREILLY,BAREILLY TOWN,2,,1,3,1,5,1,243001,2,2,3,7,10,20,27,38,0,0,0,0,0,0,0,102,1,1,0,0,2,2,0,0,2,2,0,0,0,1,1,1,1,Primary (1–5),STANDARD,0,True,True
3780464,UTTAR PRADESH,BAREILLY,NAWABGANJ,1,Parothi,1,3,1,5,1,262406,2,2,3,1,5,6,4,1,0,0,0,0,0,0,0,17,2,2,0,0,2,2,0,0,1,1,0,0,2,1,1,1,1,Primary (1–5),STANDARD,0,True,True
2607900,UTTAR PRADESH,BAREILLY,VITHARI CHAINPUR,1,Rajpuri Nawada,5,3,6,12,4,243001,9,2,3,0,0,0,0,0,61,97,68,326,303,121,141,1117,25,25,0,0,23,15,8,0,12,4,1,0,0,1,1,1,1,Higher Secondary (6–12),STANDARD,8,True,True
9674134,UTTAR PRADESH,BAREILLY,BAHERI,1,Sili Jagir,4,3,6,8,1,243201,9,2,3,0,0,0,0,0,5,6,2,0,0,0,0,13,0,0,0,0,1,0,1,0,1,1,0,0,0,2,1,1,2,Upper Primary (6–8),STANDARD,1,False,True
5347360,UTTAR PRADESH,BAREILLY,BAREILLY TOWN,2,,3,2,1,12,4,243001,2,2,3,10,9,16,28,27,13,32,25,22,20,10,27,239,14,14,0,0,17,17,0,0,0,4,11,1,0,2,1,1,2,Higher Secondary (1–12),STANDARD,0,False,True
1184892,UTTAR PRADESH,BAREILLY,ALAMPUR,1,Panwaria,1,3,1,5,1,243301,2,2,3,8,6,7,13,6,0,0,0,0,0,0,0,40,2,1,1,0,5,4,1,0,1,1,0,0,2,2,1,1,1,Primary (1–5),STANDARD,1,False,True
6960321,UTTAR PRADESH,BAREILLY,BAREILLY TOWN,2,,2,3,1,8,5,243005,1,2,3,47,25,20,25,15,26,7,12,0,0,0,0,177,7,7,0,0,10,10,0,0,2,2,2,0,0,1,1,1,1,Upper Primary (1–8),STANDARD,0,True,True
8228990,UTTAR PRADESH,BAREILLY,BAREILLY TOWN,2,,1,3,1,5,5,243001,2,2,3,12,15,10,8,14,0,0,0,0,0,0,0,59,6,0,6,0,5,5,0,0,2,2,1,0,0,1,1,2,2,Primary (1–5),STANDARD,0,True,False
6251632,UTTAR PRADESH,BAREILLY,BHADPURA,1,Keyolariya,2,3,1,8,5,243001,2,2,3,7,11,19,12,18,32,21,14,0,0,0,0,134,9,9,0,0,8,8,0,0,2,2,1,0,0,1,1,1,1,Upper Primary (1–8),STANDARD,0,True,True
9090411,UTTAR PRADESH,BAREILLY,BHOJIPURA,1,Tulsi Pur,2,3,1,8,1,243202,2,2,3,15,14,18,30,44,43,37,21,0,0,0,0,222,8,8,0,0,10,8,2,0,2,2,0,2,2,1,1,1,1,Upper Primary (1–8),STANDARD,2,True,True
6338608,UTTAR PRADESH,BAREILLY,RICHHA(DAMKHODA),1,Mundia Nabibaksha,4,3,6,8,5,243201,9,2,3,0,0,0,0,0,45,32,9,0,0,0,0,86,3,0,3,0,4,4,0,0,1,1,0,0,0,2,1,2,2,Upper Primary (6–8),STANDARD,0,False,False
8465507,UTTAR PRADESH,BAREILLY,VITHARI CHAINPUR,1,Keeratpur,2,3,1,8,1,243122,2,2,3,3,4,3,5,7,9,12,7,0,0,0,0,50,8,6,2,0,8,0,8,0,2,2,0,0,2,2,1,1,1,Upper Primary (1–8),STANDARD,8,False,True
3652876,UTTAR PRADESH,BAREILLY,BHADPURA,1,Jyoti Jagir,8,3,9,10,1,243001,9,2,3,0,0,0,0,0,0,0,0,78,57,0,0,135,4,4,0,0,4,0,4,0,2,2,0,0,1,1,1,1,1,Secondary (9–10),STANDARD,4,True,True
6699947,UTTAR PRADESH,BAREILLY,ALAMPUR,1,Rampur Buzurg,4,3,6,8,1,243402,9,2,3,0,0,0,0,0,35,44,34,0,0,0,0,113,3,3,0,0,3,3,0,0,1,1,0,0,2,1,1,1,1,Upper Primary (6–8),STANDARD,0,True,True
8141713,UTTAR PRADESH,BAREILLY,NAWABGANJ,1,Sethel,5,2,6,12,1,243407,9,2,3,0,0,0,0,0,12,9,19,43,14,41,61,199,5,5,0,0,14,10,4,0,0,6,0,0,1,1,1,1,1,Higher Secondary (6–12),STANDARD,4,True,True
6075028,UTTAR PRADESH,BAREILLY,BAREILLY TOWN,2,,5,3,6,12,3,243001,9,2,3,0,0,0,0,0,41,39,47,143,134,181,150,735,8,8,0,0,18,18,0,0,6,6,33,0,0,1,1,1,1,Higher Secondary (6–12),STANDARD,0,True,True
9787185,UTTAR PRADESH,BAREILLY,BHADPURA,1,Amsaha,4,3,6,8,1,262406,9,2,3,0,0,0,0,0,34,32,27,0,0,0,0,93,3,3,0,0,3,0,0,3,1,1,1,0,2,1,1,1,1,Upper Primary (6–8),STANDARD,3,True,True
9820646,UTTAR PRADESH,BAREILLY,BAREILLY TOWN,2,,2,3,1,8,5,243001,1,2,3,33,18,24,18,9,6,4,4,0,0,0,0,116,4,4,0,0,8,8,0,0,2,2,1,0,0,2,1,1,1,Upper Primary (1–8),STANDARD,0,False,True
5234281,UTTAR PRADESH,BAREILLY,FARIDPUR,1,Behra,4,3,6,8,1,243201,9,2,3,0,0,0,0,0,36,56,41,0,0,0,0,133,4,3,0,1,3,3,0,0,1,2,0,0,0,2,1,1,2,Upper Primary (6–8),STANDARD,0,False,True
3589449,UTTAR PRADESH,BAREILLY,SHERGARH,1,Gahluiya,4,3,6,8,1,243505,9,2,3,0,0,0,0,0,41,33,31,0,0,0,0,105,2,2,0,0,4,3,1,0,2,2,0,1,2,1,1,1,1,Upper Primary (6–8),STANDARD,1,True,True
4382870,UTTAR PRADESH,BAREILLY,BHOJIPURA,1,Milak Imamnager,2,3,1,8,1,243202,2,2,3,5,5,4,7,7,110,130,36,0,0,0,0,304,6,6,0,0,7,6,1,0,2,2,0,0,2,2,1,1,1,Upper Primary (1–8),STANDARD,1,False,True
2296247,UTTAR PRADESH,BAREILLY,VITHARI CHAINPUR,1,Amlaunipur,2,3,1,8,1,243122,2,2,3,5,4,4,6,21,6,13,11,0,0,0,0,70,5,5,0,0,11,4,0,7,2,2,0,0,2,2,1,1,2,Upper Primary (1–8),STANDARD,7,False,True
7805772,UTTAR PRADESH,BAREILLY,BAREILLY TOWN,2,,1,3,1,5,5,243122,2,2,3,18,28,35,37,25,0,0,0,0,0,0,0,143,5,0,5,0,6,6,0,0,2,2,5,2,2,1,1,1,1,Primary (1–5),STANDARD,0,True,True
9400927,UTTAR PRADESH,BAREILLY,VITHARI CHAINPUR,1,Bhandsar,2,3,1,8,5,243122,1,2,3,61,32,45,26,32,75,67,57,0,0,0,0,395,15,5,10,0,12,12,0,0,3,3,0,5,0,1,1,1,2,Upper Primary (1–8),STANDARD,0,True,True
4195972,UTTAR PRADESH,BAREILLY,BAREILLY TOWN,2,,2,3,1,8,5,243001,2,1,3,17,11,19,18,8,15,14,11,0,0,0,0,113,7,7,0,0,8,8,0,0,2,2,1,0,0,2,1,1,2,Upper Primary (1–8),STANDARD,0,False,True
5218152,UTTAR PRADESH,BAREILLY,BAHERI,1,Mavai Kaziyan,1,3,1,5,97,243505,2,2,3,24,35,27,32,16,0,0,0,0,0,0,0,134,4,2,2,0,6,6,0,0,1,2,0,0,0,2,2,1,2,Primary (1–5),STANDARD,0,False,True
1964363,UTTAR PRADESH,BAREILLY,SHERGARH,1,Guna Hattu,6,3,1,10,97,243203,2,2,2,6,10,7,17,20,32,20,18,0,4,0,0,134,6,5,1,0,7,7,0,0,1,1,0,0,0,2,2,2,2,Secondary (1–10),STANDARD,0,False,False
5915795,UTTAR PRADESH,BAREILLY,AONLA,2,,2,3,1,8,5,243301,2,2,3,65,71,92,89,77,70,81,54,0,0,0,0,599,17,17,0,0,8,8,0,0,2,2,0,0,0,2,1,1,1,Upper Primary (1–8),STANDARD,0,False,True
5694610,UTTAR PRADESH,BAREILLY,SHERGARH,1,Rampura,1,3,1,5,97,243505,2,2,3,2,17,4,6,3,0,0,0,0,0,0,0,32,4,3,1,0,5,5,0,0,1,1,0,0,0,2,1,2,2,Primary (1–5),STANDARD,0,False,False
4680658,UTTAR PRADESH,BAREILLY,BAHERI,1,Siyatheri,2,3,1,8,5,243201,2,2,3,18,28,14,16,23,43,25,17,0,0,0,0,184,8,8,0,0,9,9,0,0,1,2,1,1,1,1,1,1,1,Upper Primary (1–8),STANDARD,0,True,True
4526849,UTTAR PRADESH,BAREILLY,BAREILLY TOWN,2,,2,3,1,8,5,243001,2,2,3,0,0,1,6,2,35,23,11,0,0,0,0,78,1,1,0,0,8,8,0,0,4,4,2,0,0,2,1,1,1,Upper Primary (1–8),STANDARD,0,False,True
8093746,UTTAR PRADESH,BAREILLY,BAREILLY TOWN,2,,2,3,1,8,5,243122,1,2,3,19,30,29,22,38,35,38,29,0,0,0,0,240,9,9,0,0,10,10,0,0,2,3,5,1,0,1,1,2,1,Upper Primary (1–8),STANDARD,0,True,False
1775440,UTTAR PRADESH,BAREILLY,BAREILLY TOWN,2,,1,3,1,5,5,243001,2,2,3,9,7,6,5,8,0,0,0,0,0,0,0,35,3,3,0,0,6,6,0,0,2,2,0,1,0,1,1,1,1,Primary (1–5),STANDARD,0,True,True
1309924,UTTAR PRADESH,BAREILLY,BHUTA,1,Faiz Nagaar,1,3,1,5,5,243126,2,2,3,14,30,31,25,19,0,0,0,0,0,0,0,119,3,3,0,0,5,5,0,0,2,2,1,0,0,2,2,1,1,Primary (1–5),STANDARD,0,False,True
1168926,UTTAR PRADESH,BAREILLY,RICHHA(DAMKHODA),1,Sukatia,1,3,1,5,5,243201,2,2,3,18,12,20,16,32,0,0,0,0,0,0,0,98,6,0,6,0,5,5,0,0,2,2,1,0,0,1,1,2,1,Primary (1–5),STANDARD,0,True,False
9495699,UTTAR PRADESH,BAREILLY,SHERGARH,2,,1,3,1,5,5,243202,2,2,3,20,34,32,31,27,0,0,0,0,0,0,0,144,7,1,6,0,5,5,0,0,1,1,0,1,0,1,1,1,1,Primary (1–5),STANDARD,0,True,True
8058043,UTTAR PRADESH,BAREILLY,BAREILLY TOWN,2,,10,3,9,12,5,243122,9,2,3,0,0,0,0,0,0,0,0,51,64,73,67,255,13,13,0,0,10,10,0,0,5,8,6,0,0,1,1,1,1,Higher Secondary (9–12),STANDARD,0,True,True
7589396,UTTAR PRADESH,BAREILLY,FATEHGANJ,2,,2,3,1,8,5,243501,2,2,3,44,41,38,27,24,30,26,19,0,0,0,0,249,6,6,0,0,8,8,0,0,2,2,0,0,0,1,2,2,2,Upper Primary (1–8),STANDARD,0,True,False
2170420,UTTAR PRADESH,BAREILLY,SHERGARH,1,Jaferpur,1,3,1,5,97,243505,2,2,3,14,4,3,4,6,0,0,0,0,0,0,0,31,7,7,0,0,7,7,0,0,1,1,0,0,0,1,1,1,1,Primary (1–5),STANDARD,0,True,True
3524459,UTTAR PRADESH,BAREILLY,VITHARI CHAINPUR,1,Mohanpur,5,3,6,12,5,243123,9,2,3,0,0,0,0,0,2,0,1,10,9,53,18,93,1,0,1,0,11,11,0,0,2,2,10,1,0,1,1,1,1,Higher Secondary (6–12),STANDARD,0,True,True
5872897,UTTAR PRADESH,BAREILLY,VITHARI CHAINPUR,2,,2,3,1,8,5,243122,2,2,3,25,8,6,14,6,26,17,9,0,0,0,0,111,5,5,0,0,6,6,0,0,2,2,1,1,0,1,1,2,2,Upper Primary (1–8),STANDARD,0,True,False
8275570,UTTAR PRADESH,BAREILLY,FATEHGANJ,1,Sorha,1,3,1,5,97,243501,2,2,3,0,0,8,8,20,0,0,0,0,0,0,0,36,5,5,0,0,5,5,0,0,1,1,2,0,0,2,2,1,1,Primary (1–5),STANDARD,0,False,True
5795278,UTTAR PRADESH,BAREILLY,BAREILLY TOWN,2,,2,3,1,8,5,243002,2,2,3,9,5,6,3,2,0,1,0,0,0,0,0,26,3,3,0,0,5,5,0,0,2,2,1,0,0,2,1,1,1,Upper Primary (1–8),STANDARD,0,False,True
1103329,UTTAR PRADESH,BAREILLY,BAREILLY TOWN,2,,6,3,1,10,97,243003,1,1,3,16,15,17,21,13,10,3,7,1,0,0,0,103,6,5,0,1,10,10,0,0,1,3,1,0,0,2,1,1,2,Secondary (1–10),STANDARD,0,False,True
5116633,UTTAR PRADESH,BAREILLY,BAREILLY TOWN,2,,2,3,1,8,5,243502,1,2,3,30,25,26,20,27,34,29,40,0,0,0,0,231,18,18,0,0,12,12,0,0,2,2,16,3,0,1,1,1,2,Upper Primary (1–8),STANDARD,0,True,True
5321508,UTTAR PRADESH,BAREILLY,FATEHGANJ,2,,10,3,9,12,5,243501,9,2,3,0,0,0,0,0,0,0,0,143,166,16,15,340,9,9,0,0,8,8,0,0,1,1,0,1,1,2,1,2,1,Higher Secondary (9–12),STANDARD,0,False,False
3660316,UTTAR PRADESH,BAREILLY,FARIDPUR,1,Rajau Paraspur,2,3,1,8,5,243503,1,2,3,19,16,20,21,19,48,19,13,0,0,0,0,175,10,10,0,0,14,14,0,0,8,8,10,2,0,1,3,1,1,Upper Primary (1–8),STANDARD,0,True,True
6943551,UTTAR PRADESH,BAREILLY,BAREILLY TOWN,2,,2,3,1,8,5,243001,1,2,3,53,58,50,46,50,32,28,20,0,0,0,0,337,15,0,15,0,11,11,0,0,3,3,10,1,0,1,1,2,1,Upper Primary (1–8),STANDARD,0,True,False
6311410,UTTAR PRADESH,BAREILLY,BAHERI,1,Mandanpur Shumali,2,3,1,8,5,243201,1,2,3,13,18,10,4,10,3,4,8,0,0,0,0,70,9,9,0,0,4,4,0,0,2,2,4,1,0,2,1,1,1,Upper Primary (1–8),STANDARD,0,False,True
2751922,UTTAR PRADESH,BAREILLY,BAREILLY TOWN,2,,1,3,1,5,5,243122,2,2,3,52,40,28,27,29,0,0,0,0,0,0,0,176,13,9,4,0,13,13,0,0,2,2,4,2,0,1,1,2,1,Primary (1–5),STANDARD,0,True,False
3117641,UTTAR PRADESH,BAREILLY,BAHERI TOWN,2,,4,3,6,8,5,243201,9,2,3,0,0,0,0,0,31,38,31,0,0,0,0,100,7,4,0,3,3,3,0,0,1,1,5,0,0,1,1,1,1,Upper Primary (6–8),STANDARD,0,True,True
6818615,UTTAR PRADESH,BAREILLY,SHERGARH,2,,1,3,1,5,97,243505,2,2,3,4,7,5,15,22,0,0,0,0,0,0,0,53,4,4,0,0,8,8,0,0,1,1,0,0,0,1,1,1,2,Primary (1–5),STANDARD,0,True,True
4072896,UTTAR PRADESH,BAREILLY,NAWABGANJ,1,Harhar Matkali,2,3,1,8,5,262406,1,2,3,14,13,11,16,14,14,14,15,0,0,0,0,111,9,5,4,0,8,8,0,0,2,2,0,1,0,2,1,2,2,Upper Primary (1–8),STANDARD,0,False,False
1132479,UTTAR PRADESH,BAREILLY,MIRGANJ,2,,3,3,1,12,5,243001,2,2,3,0,0,0,0,0,132,149,172,250,267,217,188,1375,27,19,0,8,35,35,0,0,10,10,10,1,0,1,1,1,1,Higher Secondary (1–12),STANDARD,0,True,True
5692875,UTTAR PRADESH,BAREILLY,VITHARI CHAINPUR,1,Dhaurera Mafi,1,3,1,5,1,243122,2,2,3,33,28,38,50,62,0,0,0,0,0,0,0,211,10,8,2,0,5,0,0,5,2,2,0,0,2,2,1,1,1,Primary (1–5),STANDARD,5,False,True
7325858,UTTAR PRADESH,BAREILLY,VITHARI CHAINPUR,1,Purnapur,1,3,1,5,1,243123,2,2,3,19,8,20,33,27,0,0,0,0,0,0,0,107,6,6,0,0,6,3,2,1,2,2,0,0,2,2,1,1,1,Primary (1–5),STANDARD,3,False,True
5249419,UTTAR PRADESH,BAREILLY,BHOJIPURA,1,Kuan Danda Dhimni,1,3,1,5,1,243202,2,2,3,2,5,5,6,8,0,0,0,0,0,0,0,26,3,1,2,0,4,4,0,0,1,1,0,0,2,1,1,1,1,Primary (1–5),STANDARD,0,True,True
6344218,UTTAR PRADESH,BAREILLY,RICHHA(DAMKHODA),1,Gopalpur,1,3,1,5,1,243203,2,2,3,12,9,12,13,17,0,0,0,0,0,0,0,63,4,2,2,0,5,3,2,0,1,1,0,0,2,2,1,1,1,Primary (1–5),STANDARD,2,False,True
4829614,UTTAR PRADESH,BAREILLY,FARIDPUR,1,Dandolli,1,3,1,5,1,243503,2,2,3,16,10,11,34,19,0,0,0,0,0,0,0,90,5,3,2,0,6,4,1,1,2,1,0,0,2,2,1,1,1,Primary (1–5),STANDARD,2,False,True
6365928,UTTAR PRADESH,BAREILLY,RAMNAGAR,1,Gularia Aril,1,3,1,5,1,243303,2,2,3,11,13,12,11,14,0,0,0,0,0,0,0,61,4,2,2,0,3,3,0,0,1,1,0,0,2,2,1,1,1,Primary (1–5),STANDARD,0,False,True
5506841,UTTAR PRADESH,BAREILLY,BAREILLY TOWN,2,,1,3,1,5,5,243003,2,2,3,30,23,19,33,20,0,0,0,0,0,0,0,125,4,1,3,0,5,5,0,0,2,2,5,1,0,1,1,2,1,Primary (1–5),STANDARD,0,True,False
3509012,UTTAR PRADESH,BAREILLY,NAWABGANJ,2,,1,3,1,5,97,243407,2,2,3,0,4,7,11,4,0,0,0,0,0,0,0,26,4,2,2,0,10,10,0,0,2,3,1,0,0,2,1,2,1,Primary (1–5),STANDARD,0,False,False
4728830,UTTAR PRADESH,BAREILLY,BAREILLY TOWN,2,,1,3,1,5,1,243003,2,2,3,11,16,11,19,25,0,0,0,0,0,0,0,82,0,0,0,0,4,4,0,0,1,1,0,0,2,2,1,1,2,Primary (1–5),STANDARD,0,False,True
7082903,UTTAR PRADESH,BAREILLY,FATEHGANJ,1,Aundh,1,3,1,5,97,243201,2,2,3,4,8,7,6,11,0,0,0,0,0,0,0,36,4,4,0,0,6,6,0,0,1,1,0,0,0,2,2,2,1,Primary (1–5),STANDARD,0,False,False
8575506,UTTAR PRADESH,BAREILLY,BAREILLY TOWN,2,,1,3,1,5,97,243122,2,2,3,3,9,0,0,0,0,0,0,0,0,0,0,12,2,2,0,0,3,3,0,0,1,1,0,0,0,2,2,2,1,Primary (1–5),STANDARD,0,False,False
3647908,UTTAR PRADESH,BAREILLY,ALAMPUR,1,Dapta Shyampur,1,3,1,5,1,243301,2,2,3,7,5,5,11,6,0,0,0,0,0,0,0,34,3,2,1,0,4,4,0,0,1,1,0,0,2,2,1,1,1,Primary (1–5),STANDARD,0,False,True
1124550,UTTAR PRADESH,BAREILLY,BAREILLY TOWN,2,,1,3,1,5,1,243005,2,2,3,0,5,6,9,4,0,0,0,0,0,0,0,24,2,2,0,0,1,0,1,0,1,1,0,0,2,2,1,1,2,Primary (1–5),STANDARD,1,False,True
4163044,UTTAR PRADESH,BAREILLY,NAWABGANJ,2,,2,3,1,8,5,262406,1,2,3,5,9,10,6,10,19,10,7,0,0,0,0,76,6,6,0,0,10,10,0,0,2,2,2,0,0,1,1,2,1,Upper Primary (1–8),STANDARD,0,True,False
3632912,UTTAR PRADESH,BAREILLY,VITHARI CHAINPUR,1,Padarathpur (Ct),6,3,1,10,5,243001,2,2,3,22,16,32,50,44,41,31,26,24,27,0,0,313,15,15,0,0,10,10,0,0,5,7,12,2,0,1,1,1,1,Secondary (1–10),STANDARD,0,True,True
5242480,UTTAR PRADESH,BAREILLY,MAJHGAWAN,1,Gainee,1,3,1,5,1,243302,2,2,3,44,63,91,100,103,0,0,0,0,0,0,0,401,5,5,0,0,5,5,0,0,3,3,0,0,2,1,1,1,1,Primary (1–5),STANDARD,0,True,True
3020069,UTTAR PRADESH,BAREILLY,BHADPURA,1,Katiya Baldeo Singh,1,3,1,5,1,262406,2,2,3,17,19,19,20,25,0,0,0,0,0,0,0,100,4,4,0,0,6,4,2,0,1,1,0,0,2,1,1,1,2,Primary (1–5),STANDARD,2,True,True
5636286,UTTAR PRADESH,BAREILLY,BAREILLY TOWN,2,,5,1,6,12,5,243001,9,2,3,0,0,0,0,0,96,119,138,271,326,317,271,1538,29,27,2,0,28,28,0,0,22,0,36,2,0,1,1,1,1,Higher Secondary (6–12),STANDARD,0,True,True
5624701,UTTAR PRADESH,BAREILLY,SHERGARH,1,Saida,1,3,1,5,5,243203,2,2,3,23,17,30,30,42,0,0,0,0,0,0,0,142,5,5,0,0,5,5,0,0,2,4,0,0,0,1,1,1,2,Primary (1–5),STANDARD,0,True,True
5528880,UTTAR PRADESH,BAREILLY,BAHERI TOWN,2,,1,3,1,5,97,243201,2,2,3,21,21,8,10,9,0,0,0,0,0,0,0,69,5,5,0,0,5,5,0,0,1,1,0,0,0,2,1,2,2,Primary (1–5),STANDARD,0,False,False
1245691,UTTAR PRADESH,BAREILLY,BAHERI,1,Nadeli,1,3,1,5,1,243201,2,2,3,15,13,23,21,22,0,0,0,0,0,0,0,94,5,2,3,0,6,2,4,0,1,2,0,1,2,2,1,1,1,Primary (1–5),STANDARD,4,False,True
2687207,UTTAR PRADESH,BAREILLY,BAHERI,1,Punai,2,3,1,8,5,243201,2,2,3,11,9,11,16,14,19,27,15,0,0,0,0,122,9,9,0,0,8,8,0,0,1,1,1,0,0,1,1,2,1,Upper Primary (1–8),STANDARD,0,True,False
6782255,UTTAR PRADESH,BAREILLY,VITHARI CHAINPUR,1,Lahiya,1,3,1,5,1,262406,2,2,3,30,22,25,26,24,0,0,0,0,0,0,0,127,6,4,2,0,6,2,1,3,1,1,0,0,2,2,1,1,1,Primary (1–5),STANDARD,4,False,True
9243928,UTTAR PRADESH,BAREILLY,FATEHGANJ,1,Agras,1,3,1,5,1,243501,2,2,3,28,34,28,38,29,0,0,0,0,0,0,0,157,6,5,1,0,6,4,0,2,2,3,1,0,2,2,1,1,1,Primary (1–5),STANDARD,2,False,True
9064548,UTTAR PRADESH,BAREILLY,BAREILLY TOWN,2,,1,3,1,5,1,243502,2,2,3,13,20,11,18,1,0,0,0,0,0,0,0,63,0,0,0,0,4,2,0,2,1,1,0,0,0,2,1,1,2,Primary (1–5),STANDARD,2,False,True
9727633,UTTAR PRADESH,BAREILLY,FATEHGANJ,1,Mankari Ehatmali,1,3,1,5,1,243501,2,2,3,22,19,27,28,24,0,0,0,0,0,0,0,120,8,5,3,0,5,3,2,0,2,2,0,1,0,2,1,1,2,Primary (1–5),STANDARD,2,False,True
2305304,UTTAR PRADESH,BAREILLY,BHUTA,1,Mekpur Kala,1,3,1,5,1,243503,2,2,3,20,10,8,25,22,0,0,0,0,0,0,0,85,6,4,2,0,3,0,3,0,1,1,0,0,2,2,1,1,2,Primary (1–5),STANDARD,3,False,True
3885734,UTTAR PRADESH,BAREILLY,RAMNAGAR,1,Lelaur Charam,1,3,1,5,1,243303,2,2,3,4,4,5,2,10,0,0,0,0,0,0,0,25,2,1,1,0,3,2,0,1,1,1,0,0,2,1,1,1,2,Primary (1–5),STANDARD,1,True,True
1263244,UTTAR PRADESH,BAREILLY,RAMNAGAR,1,Kitona,1,3,1,5,1,243301,2,2,3,18,5,20,19,22,0,0,0,0,0,0,0,84,5,3,2,0,4,2,2,0,1,1,0,0,2,1,1,1,2,Primary (1–5),STANDARD,2,True,True
5043576,UTTAR PRADESH,BAREILLY,NAWABGANJ,1,Ratnanandpur,1,3,1,5,5,262406,2,2,3,8,16,6,8,5,0,0,0,0,0,0,0,43,5,0,5,0,5,5,0,0,1,1,0,0,0,2,1,1,1,Primary (1–5),STANDARD,0,False,True
4630363,UTTAR PRADESH,BAREILLY,VITHARI CHAINPUR,2,,1,3,1,5,1,243123,2,2,3,29,39,56,93,87,0,0,0,0,0,0,0,304,13,10,3,0,10,8,0,2,2,1,0,1,0,2,1,1,2,Primary (1–5),STANDARD,2,False,True
6390021,UTTAR PRADESH,BAREILLY,BHADPURA,1,Barkhan,4,3,6,8,1,262406,9,2,3,0,0,0,0,0,79,82,101,0,0,0,0,262,7,7,0,0,8,3,3,2,1,4,7,0,2,2,1,1,1,Upper Primary (6–8),STANDARD,5,False,True
8004661,UTTAR PRADESH,BAREILLY,KYARA,1,Chaneti,2,3,1,8,5,243001,1,2,3,47,41,73,59,26,45,32,26,0,0,0,0,349,4,3,0,1,9,9,0,0,2,2,0,0,0,2,1,2,1,Upper Primary (1–8),STANDARD,0,False,False
5698992,UTTAR PRADESH,BAREILLY,NAWABGANJ,2,,1,3,1,5,5,262406,2,2,3,16,11,20,10,5,0,0,0,0,0,0,0,62,5,5,0,0,5,5,0,0,2,2,0,0,0,2,1,1,1,Primary (1–5),STANDARD,0,False,True
8854913,UTTAR PRADESH,BAREILLY,ALAMPUR,1,Ballia,2,3,1,8,5,243402,2,2,3,36,49,49,34,43,34,27,31,0,0,0,0,303,12,5,4,3,4,4,0,0,5,2,1,0,0,2,1,1,1,Upper Primary (1–8),STANDARD,0,False,True
5274594,UTTAR PRADESH,BAREILLY,SHERGARH,1,Rahpura Ghanshyam,2,3,1,8,1,243203,2,2,3,17,13,9,18,17,22,25,16,0,0,0,0,137,7,6,1,0,5,3,1,1,1,2,0,0,0,1,1,1,1,Upper Primary (1–8),STANDARD,2,True,True
2133193,UTTAR PRADESH,BAREILLY,ALAMPUR,1,Dapta Shyampur,2,3,1,8,5,243001,2,2,3,0,2,4,4,12,34,14,8,0,0,0,0,78,6,6,0,0,10,10,0,0,1,1,0,0,0,2,2,2,1,Upper Primary (1–8),STANDARD,0,False,False
7860463,UTTAR PRADESH,BAREILLY,SHERGARH,1,Madnapur,2,3,1,8,1,243505,2,2,3,39,34,25,21,17,39,19,30,0,0,0,0,224,2,2,0,0,13,6,2,5,1,1,0,2,2,1,1,1,1,Upper Primary (1–8),STANDARD,7,True,True
9660816,UTTAR PRADESH,BAREILLY,MAJHGAWAN,1,Rampura Khurd,2,3,1,8,5,243302,1,2,3,86,73,52,63,61,35,41,34,0,0,0,0,445,14,14,0,0,15,15,0,0,2,2,13,0,0,1,1,1,1,Upper Primary (1–8),STANDARD,0,True,True
2793184,UTTAR PRADESH,BAREILLY,NAWABGANJ,1,Shahpur Inayatullah,4,3,6,8,1,243202,9,2,3,0,0,0,0,0,73,63,74,0,0,0,0,210,7,6,1,0,4,0,0,4,1,2,0,0,2,1,1,1,1,Upper Primary (6–8),STANDARD,4,True,True
7949968,UTTAR PRADESH,BAREILLY,AONLA,2,,5,3,6,12,1,243301,9,2,3,0,0,0,0,0,50,42,57,133,122,86,131,621,9,7,0,2,18,18,0,0,0,1,61,0,0,2,1,1,1,Higher Secondary (6–12),STANDARD,0,False,True
8081950,UTTAR PRADESH,BAREILLY,BAREILLY TOWN,2,,4,3,6,8,1,243006,9,2,3,0,0,0,0,0,39,42,41,0,0,0,0,122,5,2,1,2,4,4,0,0,1,1,0,0,0,2,1,1,1,Upper Primary (6–8),STANDARD,0,False,True
1350930,UTTAR PRADESH,BAREILLY,ALAMPUR,1,Veer Pura,4,3,6,8,1,243301,9,2,3,0,0,0,0,0,41,37,32,0,0,0,0,110,2,2,0,0,4,0,3,1,1,1,0,0,2,2,1,1,2,Upper Primary (6–8),STANDARD,4,False,True
4238671,UTTAR PRADESH,BAREILLY,BHADPURA,1,Barsia,4,3,6,8,1,262406,9,2,3,0,0,0,0,0,45,56,28,0,0,0,0,129,3,2,0,1,6,6,0,0,2,2,0,0,0,1,1,1,1,Upper Primary (6–8),STANDARD,0,True,True
3513670,UTTAR PRADESH,BAREILLY,BAHERI,1,Madhaupur,2,3,1,8,1,243201,2,2,3,1,7,4,4,9,21,13,23,0,0,0,0,82,5,4,1,0,7,4,0,3,1,1,1,0,2,1,1,1,1,Upper Primary (1–8),STANDARD,3,True,True
8787163,UTTAR PRADESH,BAREILLY,MAJHGAWAN,1,Anurudhpur,4,3,6,8,1,243302,9,2,3,0,0,0,0,0,25,20,30,0,0,0,0,75,1,1,0,0,4,4,0,0,1,2,2,0,0,1,1,1,1,Upper Primary (6–8),STANDARD,0,True,True
9937741,UTTAR PRADESH,BAREILLY,FARIDPUR,1,Ruriya,4,3,6,8,1,243503,9,2,3,0,0,0,0,0,57,57,36,0,0,0,0,150,5,3,2,0,4,3,1,0,2,1,0,0,2,1,1,1,2,Upper Primary (6–8),STANDARD,1,True,True
6163151,UTTAR PRADESH,BAREILLY,MIRGANJ,2,,10,3,9,12,5,243504,9,2,3,0,0,0,0,0,0,0,0,132,99,186,171,588,11,7,1,3,10,10,0,0,4,4,0,1,0,1,1,2,1,Higher Secondary (9–12),STANDARD,0,True,False
9734155,UTTAR PRADESH,BAREILLY,FARIDPUR TOWN,2,,5,3,6,12,4,243503,9,2,3,0,0,0,0,0,116,127,141,313,239,79,122,1137,10,8,2,0,20,20,0,0,2,2,5,0,0,1,1,1,1,Higher Secondary (6–12),STANDARD,0,True,True
3779532,UTTAR PRADESH,BAREILLY,BHADPURA,1,Bakuchia Kishanpur,1,3,1,5,1,262406,2,2,3,3,1,3,8,4,0,0,0,0,0,0,0,19,2,1,1,0,3,0,3,0,1,1,0,0,2,2,1,1,2,Primary (1–5),STANDARD,3,False,True
4320646,UTTAR PRADESH,BAREILLY,BAREILLY TOWN,2,,2,3,1,8,5,243001,2,2,3,56,51,40,38,41,40,37,19,0,0,0,0,322,16,16,0,0,12,12,0,0,2,2,2,1,0,2,1,1,1,Upper Primary (1–8),STANDARD,0,False,True
2437499,UTTAR PRADESH,BAREILLY,FARIDPUR,1,Pandhera,1,3,1,5,1,243503,2,2,3,14,7,22,8,16,0,0,0,0,0,0,0,67,2,1,1,0,5,0,5,0,1,2,0,0,2,2,1,1,1,Primary (1–5),STANDARD,5,False,True
2292108,UTTAR PRADESH,BAREILLY,SHERGARH,1,Tigri,1,3,1,5,1,243505,2,2,3,26,9,6,13,8,0,0,0,0,0,0,0,62,3,2,1,0,6,5,0,1,1,1,0,1,0,2,1,1,1,Primary (1–5),STANDARD,1,False,True
1781778,UTTAR PRADESH,BAREILLY,NAWABGANJ,2,,1,3,1,5,1,262406,2,2,3,22,13,31,28,29,0,0,0,0,0,0,0,123,6,4,2,0,4,0,2,2,1,1,0,0,2,1,1,1,2,Primary (1–5),STANDARD,4,True,True
3968169,UTTAR PRADESH,BAREILLY,BAREILLY TOWN,2,,3,3,1,12,97,243502,2,2,1,0,0,0,0,0,0,0,0,0,0,0,2,2,18,18,0,0,25,25,0,0,27,1,85,0,0,1,1,1,1,Higher Secondary (1–12),STANDARD,0,True,True
6761866,UTTAR PRADESH,BAREILLY,BHUTA,1,Faiz Nagaar,1,3,1,5,1,243503,2,2,3,36,44,29,51,48,0,0,0,0,0,0,0,208,8,7,1,0,10,8,2,0,2,2,0,0,2,1,1,1,2,Primary (1–5),STANDARD,2,True,True
8829445,UTTAR PRADESH,BAREILLY,MAJHGAWAN,1,Haidarganj Urf Aliganj,1,3,1,5,5,243302,2,2,3,25,13,9,8,5,0,0,0,0,0,0,0,60,4,4,0,0,5,5,0,0,2,2,0,0,0,2,1,1,2,Primary (1–5),STANDARD,0,False,True
1622248,UTTAR PRADESH,BAREILLY,SHERGARH,1,Nagaria Kalan,2,3,1,8,5,243505,1,2,1,20,30,13,12,18,26,10,9,0,0,0,0,138,12,12,0,0,11,11,0,0,2,2,3,1,0,1,1,2,1,Upper Primary (1–8),STANDARD,0,True,False
8156549,UTTAR PRADESH,BAREILLY,ALAMPUR,1,Banari,1,3,1,5,1,243401,2,2,3,25,16,14,18,21,0,0,0,0,0,0,0,94,5,2,3,0,2,1,0,1,1,1,0,0,2,2,1,2,2,Primary (1–5),STANDARD,1,False,False
3547441,UTTAR PRADESH,BAREILLY,NAWABGANJ,1,Nawadia Raghu Nath,1,3,1,5,1,243407,2,2,3,14,8,5,9,10,0,0,0,0,0,0,0,46,4,2,2,0,3,3,0,0,2,2,0,0,2,1,1,1,1,Primary (1–5),STANDARD,0,True,True
2776307,UTTAR PRADESH,BAREILLY,MAJHGAWAN,1,Beebni,1,3,1,5,5,243302,2,2,3,11,11,18,28,31,0,0,0,0,0,0,0,99,5,1,4,0,5,5,0,0,1,1,0,1,0,2,1,1,2,Primary (1–5),STANDARD,0,False,True
2974522,UTTAR PRADESH,BAREILLY,FARIDPUR,1,Tara Khas,5,3,6,12,5,243506,9,2,3,0,0,0,0,0,38,17,16,64,69,114,155,473,11,0,0,11,25,25,0,0,3,3,5,0,0,1,1,1,1,Higher Secondary (6–12),STANDARD,0,True,True
2365360,UTTAR PRADESH,BAREILLY,SHERGARH,1,Mirpur,1,3,1,5,1,243505,2,2,3,12,7,8,13,8,0,0,0,0,0,0,0,48,3,2,1,0,4,2,0,2,1,1,0,1,0,2,1,1,2,Primary (1–5),STANDARD,2,False,True
2320361,UTTAR PRADESH,BAREILLY,MIRGANJ,1,Thiria Brahmanan,1,3,1,5,5,243504,2,2,3,11,0,0,4,1,0,0,0,0,0,0,0,16,3,0,3,0,5,5,0,0,1,1,0,0,0,2,1,1,2,Primary (1–5),STANDARD,0,False,True
8766768,UTTAR PRADESH,BAREILLY,FATEHGANJ,2,,2,3,1,8,5,243501,2,2,3,10,5,5,5,3,13,6,4,0,0,0,0,51,3,3,0,0,10,10,0,0,2,2,0,1,0,1,1,2,1,Upper Primary (1–8),STANDARD,0,True,False
2030540,UTTAR PRADESH,BAREILLY,FARIDPUR,1,Nagaria Vikram,2,3,1,8,5,243503,2,2,3,32,17,20,20,11,23,25,27,0,0,0,0,175,6,6,0,0,3,3,0,0,2,2,0,0,0,1,1,1,1,Upper Primary (1–8),STANDARD,0,True,True
5922320,UTTAR PRADESH,BAREILLY,SHERGARH,1,Sharif Nagar,2,3,1,8,5,243201,2,2,3,2,2,6,2,8,13,9,12,0,0,0,0,54,8,8,0,0,12,12,0,0,5,5,10,0,0,2,1,1,2,Upper Primary (1–8),STANDARD,0,False,True
4889874,UTTAR PRADESH,BAREILLY,NAWABGANJ,1,Harhar Matkali,1,3,1,5,97,243001,2,2,3,20,13,13,9,8,0,0,0,0,0,0,0,63,6,6,0,0,5,5,0,0,1,1,0,0,0,2,1,2,2,Primary (1–5),STANDARD,0,False,False
4885361,UTTAR PRADESH,BAREILLY,MIRGANJ,2,,1,3,1,5,5,243001,2,2,3,2,5,10,5,4,0,0,0,0,0,0,0,26,2,1,1,0,3,3,0,0,1,1,0,0,0,2,2,2,2,Primary (1–5),STANDARD,0,False,False
6460162,UTTAR PRADESH,BAREILLY,MAJHGAWAN,1,Shivnagar Champatpur,2,3,1,8,5,243201,2,2,3,20,28,37,38,25,30,44,18,0,0,0,0,240,7,6,1,0,10,10,0,0,1,1,0,1,0,2,2,1,1,Upper Primary (1–8),STANDARD,0,False,True
7819032,UTTAR PRADESH,BAREILLY,BAREILLY TOWN,2,,1,3,1,5,5,243001,1,2,3,35,33,47,53,36,0,0,0,0,0,0,0,204,3,3,0,0,16,16,0,0,5,5,1,1,0,1,1,1,1,Primary (1–5),STANDARD,0,True,True
3836301,UTTAR PRADESH,BAREILLY,BAREILLY TOWN,2,,2,3,1,8,5,243001,2,2,3,7,9,11,5,9,9,5,9,0,0,0,0,64,5,5,0,0,8,8,0,0,1,1,0,0,0,1,1,2,1,Upper Primary (1–8),STANDARD,0,True,False
7819243,UTTAR PRADESH,BAREILLY,ALAMPUR,1,Rajpur Khurd,1,3,1,5,1,243301,2,2,3,21,18,11,31,32,0,0,0,0,0,0,0,113,4,3,1,0,5,1,3,1,1,1,0,0,2,1,1,1,1,Primary (1–5),STANDARD,4,True,True
8069484,UTTAR PRADESH,BAREILLY,KYARA,1,Chaneta,1,3,1,5,1,243001,2,2,3,15,16,25,27,27,0,0,0,0,0,0,0,110,6,4,2,0,5,5,0,0,1,2,1,0,2,1,1,1,2,Primary (1–5),STANDARD,0,True,True
9922447,UTTAR PRADESH,BAREILLY,RICHHA(DAMKHODA),1,Charai Dandi,2,3,1,8,5,243201,2,2,3,2,27,6,9,15,28,51,10,0,0,0,0,148,5,2,3,0,5,5,0,0,1,2,0,0,0,2,1,2,1,Upper Primary (1–8),STANDARD,0,False,False
3663306,UTTAR PRADESH,BAREILLY,ALAMPUR,1,Makrandpur Dharajit,1,3,1,5,1,243003,2,2,3,27,20,28,28,31,0,0,0,0,0,0,0,134,8,4,4,0,9,5,0,4,3,2,0,0,2,1,1,1,2,Primary (1–5),STANDARD,4,True,True
1800551,UTTAR PRADESH,BAREILLY,FATEHGANJ,1,,1,3,1,5,5,243505,2,2,3,11,2,8,8,13,0,0,0,0,0,0,0,42,3,1,2,0,6,6,0,0,2,2,0,1,0,1,2,1,1,Primary (1–5),STANDARD,0,True,True
5721164,UTTAR PRADESH,BAREILLY,VITHARI CHAINPUR,1,Chandpur Bichpuri,1,3,1,5,1,243201,2,2,3,30,28,36,50,54,0,0,0,0,0,0,0,198,10,8,2,0,6,2,1,3,2,2,0,1,2,2,1,1,2,Primary (1–5),STANDARD,4,False,True
4624012,UTTAR PRADESH,BAREILLY,RAMNAGAR,2,,4,3,6,8,5,243303,9,2,3,0,0,0,0,0,24,7,12,0,0,0,0,43,3,3,0,0,3,3,0,0,1,1,1,1,1,1,1,1,1,Upper Primary (6–8),STANDARD,0,True,True
2264906,UTTAR PRADESH,BAREILLY,RAMNAGAR,1,Lelaur Buzurg,4,3,6,8,5,243303,9,2,3,0,0,0,0,0,27,30,18,0,0,0,0,75,5,4,1,0,4,4,0,0,1,1,0,0,0,2,2,1,1,Upper Primary (6–8),STANDARD,0,False,True
6335024,UTTAR PRADESH,BAREILLY,BAHERI,1,Banjaria,2,3,1,8,5,243201,1,2,3,34,18,13,14,17,26,39,28,0,0,0,0,189,12,1,11,0,12,12,0,0,2,2,7,3,1,1,1,1,1,Upper Primary (1–8),STANDARD,0,True,True
3371404,UTTAR PRADESH,BAREILLY,RICHHA(DAMKHODA),1,Kundara,2,3,1,8,5,243202,2,2,3,2,6,3,8,0,2,13,23,0,0,0,0,57,5,5,0,0,8,8,0,0,2,1,0,1,0,2,2,2,1,Upper Primary (1–8),STANDARD,0,False,False
6198267,UTTAR PRADESH,BAREILLY,BAREILLY TOWN,2,,1,3,1,5,5,243122,2,2,3,1,1,1,2,3,0,0,0,0,0,0,0,8,1,1,0,0,5,5,0,0,2,2,2,0,0,2,1,1,1,Primary (1–5),STANDARD,0,False,True
1984523,UTTAR PRADESH,BAREILLY,BAREILLY TOWN,2,,2,3,1,8,5,243502,1,2,3,3,4,0,0,0,17,28,11,0,0,0,0,63,4,4,0,0,8,8,0,0,2,2,5,2,0,1,1,1,2,Upper Primary (1–8),STANDARD,0,True,True
9003429,UTTAR PRADESH,BAREILLY,MAJHGAWAN,1,Hafizganj,1,3,1,5,5,243301,2,2,3,24,40,32,23,5,0,0,0,0,0,0,0,124,5,3,2,0,6,5,1,0,5,5,1,1,0,1,1,1,1,Primary (1–5),STANDARD,1,True,True
6307815,UTTAR PRADESH,BAREILLY,BAHERI,1,Harsoo Nagla,1,3,1,5,1,243201,2,2,3,0,2,0,0,0,0,0,0,0,0,0,0,2,5,2,3,0,2,1,0,1,1,1,0,0,2,2,1,1,1,Primary (1–5),STANDARD,1,False,True
1722080,UTTAR PRADESH,BAREILLY,SHERGARH,1,Amrita,2,3,1,8,5,243203,2,2,3,20,30,15,24,16,36,38,39,0,0,0,0,218,7,7,0,0,8,8,0,0,1,1,0,0,0,1,1,1,1,Upper Primary (1–8),STANDARD,0,True,True
7160823,UTTAR PRADESH,BAREILLY,BAHERI,1,Utarasia Mohliya,7,3,6,10,5,243201,9,2,3,0,0,0,0,0,11,13,5,37,85,0,0,151,6,6,0,0,10,10,0,0,1,3,1,1,1,1,1,1,1,Secondary (6–10),STANDARD,0,True,True
8831839,UTTAR PRADESH,BAREILLY,MAJHGAWAN,1,Gainee,1,3,1,5,5,243302,2,2,3,10,15,35,25,26,0,0,0,0,0,0,0,111,4,4,0,0,5,5,0,0,2,2,2,1,0,1,1,1,2,Primary (1–5),STANDARD,0,True,True
9107747,UTTAR PRADESH,BAREILLY,BAREILLY TOWN,2,,1,3,1,5,5,243005,2,2,3,6,5,2,5,2,0,0,0,0,0,0,0,20,4,2,2,0,6,6,0,0,2,2,3,0,0,1,1,1,1,Primary (1–5),STANDARD,0,True,True
1859488,UTTAR PRADESH,BAREILLY,AONLA,2,,1,3,1,5,97,243301,2,2,3,4,9,16,13,9,0,0,0,0,0,0,0,51,3,3,0,0,6,6,0,0,1,1,0,0,0,2,1,1,1,Primary (1–5),STANDARD,0,False,True
3994723,UTTAR PRADESH,BAREILLY,ALAMPUR,1,Veer Pura,1,3,1,5,1,243301,2,2,3,25,20,27,24,24,0,0,0,0,0,0,0,120,4,3,1,0,6,0,2,4,2,2,0,0,2,2,1,1,2,Primary (1–5),STANDARD,6,False,True
9768871,UTTAR PRADESH,BAREILLY,BHUTA,1,Gulab Nagar,1,3,1,5,1,243503,2,2,3,16,12,4,15,12,0,0,0,0,0,0,0,59,4,3,1,0,3,2,1,0,1,1,0,0,0,2,1,1,1,Primary (1–5),STANDARD,1,False,True
5460552,UTTAR PRADESH,BAREILLY,ALAMPUR,1,Singha,1,3,1,5,1,243401,2,2,3,18,5,9,6,10,0,0,0,0,0,0,0,48,2,2,0,0,4,4,0,0,1,1,0,0,2,1,1,1,1,Primary (1–5),STANDARD,0,True,True
6511671,UTTAR PRADESH,BAREILLY,ALAMPUR,1,Katka Bharat,1,3,1,5,1,243402,2,2,3,49,27,36,42,39,0,0,0,0,0,0,0,193,6,3,3,0,6,0,2,4,1,1,0,0,2,1,1,1,2,Primary (1–5),STANDARD,6,True,True
3337968,UTTAR PRADESH,BAREILLY,FATEHGANJ,1,Agras,2,3,1,8,5,243501,2,2,3,36,27,22,26,28,44,34,28,0,0,0,0,245,8,5,3,0,8,8,0,0,2,2,0,0,0,1,1,1,1,Upper Primary (1–8),STANDARD,0,True,True
8531910,UTTAR PRADESH,BAREILLY,BHUTA,1,Nagirampur,1,3,1,5,1,243503,2,2,3,30,21,23,52,34,0,0,0,0,0,0,0,160,7,5,2,0,6,5,1,0,2,2,0,0,2,1,1,1,2,Primary (1–5),STANDARD,1,True,True
4746428,UTTAR PRADESH,BAREILLY,KYARA,1,Kareli (Ct),1,3,1,5,1,243005,2,2,3,48,62,60,92,99,0,0,0,0,0,0,0,361,16,15,1,0,9,6,0,3,3,3,0,0,2,2,1,1,1,Primary (1–5),STANDARD,3,False,True
9608889,UTTAR PRADESH,BAREILLY,BAHERI TOWN,2,,3,3,1,12,5,243201,1,2,3,108,102,109,93,112,105,111,105,78,79,69,49,1120,42,42,0,0,32,32,0,0,12,14,56,2,0,1,1,1,1,Higher Secondary (1–12),STANDARD,0,True,True
1136507,UTTAR PRADESH,BAREILLY,KYARA,1,Kandharpur (Ct),1,3,1,5,5,243001,2,2,3,6,8,9,6,8,0,0,0,0,0,0,0,37,4,4,0,0,5,5,0,0,1,1,0,1,0,1,1,2,1,Primary (1–5),STANDARD,0,True,False
1838881,UTTAR PRADESH,BAREILLY,SHERGARH,1,Basai,1,3,1,5,5,243501,2,2,3,48,24,31,25,40,0,0,0,0,0,0,0,168,5,4,1,0,5,5,0,0,2,2,0,2,0,1,1,1,1,Primary (1–5),STANDARD,0,True,True
7954158,UTTAR PRADESH,BAREILLY,BAREILLY TOWN,2,,2,3,1,8,5,243005,1,2,3,86,114,97,89,52,39,41,22,0,0,0,0,540,15,15,0,0,14,14,0,0,2,2,2,1,0,1,1,1,2,Upper Primary (1–8),STANDARD,0,True,True
2950761,UTTAR PRADESH,BAREILLY,NAWABGANJ,1,Badhaipura Nikat Koh,1,3,1,5,5,262406,2,2,3,8,8,5,6,3,0,0,0,0,0,0,0,30,6,6,0,0,5,5,0,0,2,2,1,1,1,1,1,1,1,Primary (1–5),STANDARD,0,True,True
5597799,UTTAR PRADESH,BAREILLY,RAMNAGAR,1,Ram Nagar,4,3,6,8,1,243303,9,2,3,0,0,0,0,0,47,77,40,0,0,0,0,164,1,1,0,0,4,4,0,0,3,3,0,0,2,1,1,1,1,Upper Primary (6–8),STANDARD,0,True,True
8900670,UTTAR PRADESH,BAREILLY,BAHERI,1,Mavai Kaziyan,2,3,1,8,5,243201,2,2,3,33,39,44,39,50,30,29,41,0,0,0,0,305,12,12,0,0,9,9,0,0,2,4,2,1,1,2,1,2,1,Upper Primary (1–8),STANDARD,0,False,False
2535388,UTTAR PRADESH,BAREILLY,BAREILLY TOWN,2,,4,2,6,8,1,243001,9,2,1,0,0,0,0,0,28,27,25,0,0,0,0,80,7,0,7,0,6,6,0,0,0,10,3,0,0,1,1,1,1,Upper Primary (6–8),STANDARD,0,True,True
7549018,UTTAR PRADESH,BAREILLY,BHADPURA,1,Jarpa Mohanpur,2,3,1,8,1,262406,2,2,3,28,21,16,33,35,34,30,32,0,0,0,0,229,6,5,1,0,10,4,4,2,2,2,0,0,2,2,1,1,1,Upper Primary (1–8),STANDARD,6,False,True
2382972,UTTAR PRADESH,BAREILLY,BAHERI,1,Bhilaiya,4,3,6,8,1,243003,9,2,3,0,0,0,0,0,37,23,24,0,0,0,0,84,3,3,0,0,4,2,2,0,1,1,0,0,2,1,1,1,1,Upper Primary (6–8),STANDARD,2,True,True
9486766,UTTAR PRADESH,BAREILLY,MIRGANJ,1,Sidhauli,4,3,6,8,1,243504,9,2,3,0,0,0,0,0,23,31,18,0,0,0,0,72,3,3,0,0,4,0,4,0,1,1,0,0,2,1,1,1,1,Upper Primary (6–8),STANDARD,4,True,True
8302924,UTTAR PRADESH,BAREILLY,BHADPURA,1,Baragaon,4,3,6,8,1,262406,9,2,3,0,0,0,0,0,17,18,17,0,0,0,0,52,2,2,0,0,4,4,0,0,1,1,0,0,2,2,1,1,1,Upper Primary (6–8),STANDARD,0,False,True
7208687,UTTAR PRADESH,BAREILLY,ALAMPUR,1,Urla,4,3,6,8,1,243301,9,2,3,0,0,0,0,0,13,25,29,0,0,0,0,67,2,2,0,0,3,3,0,0,1,1,0,0,2,2,1,1,1,Upper Primary (6–8),STANDARD,0,False,True
8051897,UTTAR PRADESH,BAREILLY,BHUTA,1,Budhauli,4,3,6,8,1,243503,9,2,3,0,0,0,0,0,40,44,32,0,0,0,0,116,5,4,0,1,4,4,0,0,2,2,0,0,2,1,1,1,1,Upper Primary (6–8),STANDARD,0,True,True
5472878,UTTAR PRADESH,BAREILLY,BHOJIPURA,1,Rampura Mafi,1,3,1,5,97,243202,2,2,3,0,0,0,12,3,0,0,0,0,0,0,0,15,3,1,2,0,5,5,0,0,2,1,0,0,0,1,2,2,1,Primary (1–5),STANDARD,0,True,False
7651094,UTTAR PRADESH,BAREILLY,FARIDPUR TOWN,2,,4,2,6,8,1,243501,9,2,1,0,0,0,0,0,16,30,23,0,0,0,0,69,7,0,7,0,3,3,0,0,0,4,3,2,2,1,1,1,1,Upper Primary (6–8),STANDARD,0,True,True
3745707,UTTAR PRADESH,BAREILLY,MIRGANJ,1,Gularia,1,3,1,5,5,243504,2,2,3,50,9,8,6,5,0,0,0,0,0,0,0,78,10,5,0,5,5,5,0,0,2,2,5,2,5,1,2,1,1,Primary (1–5),STANDARD,0,True,True
3962390,UTTAR PRADESH,BAREILLY,ALAMPUR,1,Devchara,1,3,1,5,1,243401,2,2,3,59,45,56,67,76,0,0,0,0,0,0,0,303,10,5,5,0,7,7,0,0,1,1,0,0,2,2,1,1,2,Primary (1–5),STANDARD,0,False,True
9165507,UTTAR PRADESH,BAREILLY,ALAMPUR,1,Harirampur,1,3,1,5,1,243402,2,2,3,19,11,15,19,21,0,0,0,0,0,0,0,85,5,3,2,0,3,0,2,1,1,1,0,0,2,1,1,1,1,Primary (1–5),STANDARD,3,True,True
9828125,UTTAR PRADESH,BAREILLY,BAREILLY TOWN,2,,2,3,1,8,5,243502,2,2,3,10,11,19,6,5,2,3,7,0,0,0,0,63,5,5,0,0,8,8,0,0,2,2,0,0,0,1,1,2,1,Upper Primary (1–8),STANDARD,0,True,False
2362469,UTTAR PRADESH,BAREILLY,MIRGANJ,1,Churai Dalpatpur,7,3,6,10,5,243504,9,2,3,0,0,0,0,0,28,25,21,127,143,0,0,344,6,0,6,0,5,5,0,0,2,2,0,1,0,1,1,2,1,Secondary (6–10),STANDARD,0,True,False
7865081,UTTAR PRADESH,BAREILLY,BAREILLY TOWN,2,,2,3,1,8,5,243005,2,2,3,15,16,11,10,8,3,1,0,0,0,0,0,64,6,1,5,0,8,8,0,0,2,2,5,0,0,1,1,1,2,Upper Primary (1–8),STANDARD,0,True,True
7925539,UTTAR PRADESH,BAREILLY,BAREILLY TOWN,2,,2,3,1,8,5,243005,2,2,3,27,40,51,50,39,38,19,22,0,0,0,0,286,9,9,0,0,8,8,0,0,2,2,1,1,0,1,1,1,1,Upper Primary (1–8),STANDARD,0,True,True
8021869,UTTAR PRADESH,BAREILLY,FARIDPUR,1,Haraila,1,3,1,5,1,243506,2,2,3,22,18,19,31,43,0,0,0,0,0,0,0,133,3,3,0,0,8,3,2,3,1,1,0,0,2,2,1,1,1,Primary (1–5),STANDARD,5,False,True
5278320,UTTAR PRADESH,BAREILLY,RAMNAGAR,1,Ram Nagar,2,3,1,8,5,243303,2,2,3,25,22,18,26,26,25,41,23,0,0,0,0,206,8,4,0,4,8,8,0,0,4,4,1,1,1,1,1,1,1,Upper Primary (1–8),STANDARD,0,True,True
5042262,UTTAR PRADESH,BAREILLY,RICHHA(DAMKHODA),1,Damkhoda,1,3,1,5,5,243201,2,2,3,9,13,19,21,22,0,0,0,0,0,0,0,84,5,5,0,0,5,5,0,0,2,2,0,0,0,2,1,1,1,Primary (1–5),STANDARD,0,False,True
7405730,UTTAR PRADESH,BAREILLY,BAREILLY TOWN,2,,1,3,1,5,97,243006,2,2,3,6,18,10,25,26,0,0,0,0,0,0,0,85,5,3,2,0,10,10,0,0,2,2,8,5,1,1,1,1,2,Primary (1–5),STANDARD,0,True,True
2750150,UTTAR PRADESH,BAREILLY,FATEHGANJ,1,,2,3,1,8,5,243505,2,2,3,48,51,54,45,46,34,41,40,0,0,0,0,359,7,4,3,0,12,12,0,0,4,8,0,0,0,1,1,1,2,Upper Primary (1–8),STANDARD,0,True,True
9578037,UTTAR PRADESH,BAREILLY,SHERGARH,1,Bhadrak,1,3,1,5,5,243505,2,2,3,14,12,26,25,17,0,0,0,0,0,0,0,94,5,3,2,0,8,8,0,0,1,1,0,0,0,1,2,1,1,Primary (1–5),STANDARD,0,True,True
7613141,UTTAR PRADESH,BAREILLY,MIRGANJ,1,Kashinathpur Mustakil,1,3,1,5,5,243504,2,2,3,4,0,2,7,1,0,0,0,0,0,0,0,14,5,0,5,0,6,6,0,0,2,2,0,0,0,2,1,2,1,Primary (1–5),STANDARD,0,False,False
7187238,UTTAR PRADESH,BAREILLY,BHUTA,1,Mehtarpur Tej Singh,4,3,6,8,5,243503,9,2,3,0,0,0,0,0,53,44,16,0,0,0,0,113,6,6,0,0,3,3,0,0,2,2,0,0,0,1,2,1,2,Upper Primary (6–8),STANDARD,0,True,True
5388220,UTTAR PRADESH,BAREILLY,ALAMPUR,1,Bhartana,2,3,1,8,5,243401,2,2,3,11,15,10,18,24,34,44,43,0,0,0,0,199,5,4,1,0,5,5,0,0,1,1,0,0,0,2,2,1,1,Upper Primary (1–8),STANDARD,0,False,True
5800606,UTTAR PRADESH,BAREILLY,BAREILLY TOWN,2,,1,3,1,5,1,243003,2,2,3,4,4,1,6,9,0,0,0,0,0,0,0,24,0,0,0,0,4,4,0,0,1,1,0,0,2,2,1,1,2,Primary (1–5),STANDARD,0,False,True
7117146,UTTAR PRADESH,BAREILLY,ALAMPUR,1,Rampur Buzurg,1,3,1,5,5,243001,2,2,3,17,28,23,41,39,0,0,0,0,0,0,0,148,6,6,0,0,5,5,0,0,2,1,5,0,0,1,1,1,1,Primary (1–5),STANDARD,0,True,True
6718007,UTTAR PRADESH,BAREILLY,BAREILLY TOWN,2,,4,3,6,8,5,243001,9,2,3,0,0,0,0,0,1,1,2,0,0,0,0,4,2,0,2,0,3,3,0,0,1,1,0,0,0,1,1,1,2,Upper Primary (6–8),STANDARD,0,True,True
6491744,UTTAR PRADESH,BAREILLY,BHUTA,1,Charpur,1,3,1,5,1,243503,2,2,3,9,6,6,10,4,0,0,0,0,0,0,0,35,3,2,1,0,2,1,1,0,1,1,0,0,2,1,1,1,1,Primary (1–5),STANDARD,1,True,True
8844462,UTTAR PRADESH,BAREILLY,ALAMPUR,1,Pakhurni,1,3,1,5,1,243401,2,2,3,9,18,12,18,7,0,0,0,0,0,0,0,64,3,3,0,0,4,0,2,2,2,2,0,0,2,2,1,1,1,Primary (1–5),STANDARD,4,False,True
9963851,UTTAR PRADESH,BAREILLY,RAMNAGAR,1,Alampur Kot,1,3,1,5,5,243303,2,2,3,0,28,14,39,21,0,0,0,0,0,0,0,102,5,5,0,0,6,6,0,0,1,1,0,0,0,2,2,1,2,Primary (1–5),STANDARD,0,False,True
1155980,UTTAR PRADESH,BAREILLY,ALAMPUR,1,Aspur,3,3,1,12,5,243301,2,2,3,0,0,0,0,1,0,4,2,112,47,34,32,232,6,5,1,0,12,12,0,0,2,2,1,0,0,1,3,1,1,Higher Secondary (1–12),STANDARD,0,True,True
3195833,UTTAR PRADESH,BAREILLY,BAHERI,1,Madhukarpur,1,3,1,5,1,243201,2,2,3,4,6,5,10,8,0,0,0,0,0,0,0,33,3,2,1,0,6,1,0,5,2,1,0,0,2,2,1,1,1,Primary (1–5),STANDARD,5,False,True
2679736,UTTAR PRADESH,BAREILLY,MAJHGAWAN,2,,7,3,6,10,5,243302,9,2,3,0,0,0,0,0,0,0,0,67,76,0,0,143,8,4,4,0,13,13,0,0,3,3,0,2,0,1,1,1,1,Secondary (6–10),STANDARD,0,True,True
4230956,UTTAR PRADESH,BAREILLY,AONLA,2,,2,3,1,8,5,243301,2,2,3,14,17,34,31,26,18,11,17,0,0,0,0,168,13,13,0,0,16,16,0,0,4,4,4,1,0,2,1,1,1,Upper Primary (1–8),STANDARD,0,False,True
9261621,UTTAR PRADESH,BAREILLY,BAHERI,1,Simra,1,3,1,5,1,243201,2,2,3,12,3,3,11,13,0,0,0,0,0,0,0,42,2,1,1,0,2,2,0,0,1,1,0,0,2,1,1,1,2,Primary (1–5),STANDARD,0,True,True
9743502,UTTAR PRADESH,BAREILLY,RICHHA(DAMKHODA),2,,2,3,1,8,5,243202,2,2,3,69,108,79,103,89,125,137,85,0,0,0,0,795,9,3,6,0,15,15,0,0,5,8,3,1,0,1,2,1,1,Upper Primary (1–8),STANDARD,0,True,True
2526843,UTTAR PRADESH,BAREILLY,NAWABGANJ,1,Indh Jagir,1,3,1,5,97,262406,2,2,3,18,2,1,16,13,0,0,0,0,0,0,0,50,6,3,3,0,5,5,0,0,1,1,0,0,0,2,2,2,2,Primary (1–5),STANDARD,0,False,False
3461773,UTTAR PRADESH,BAREILLY,BHUTA,1,Bihari Pur,1,3,1,5,1,243123,2,2,3,11,16,8,16,13,0,0,0,0,0,0,0,64,4,3,1,0,4,0,3,1,1,1,0,0,2,1,1,1,1,Primary (1–5),STANDARD,4,True,True
3190380,UTTAR PRADESH,BAREILLY,NAWABGANJ,1,Tiar Jagir,1,3,1,5,5,243001,2,2,3,11,5,11,6,11,0,0,0,0,0,0,0,44,3,3,0,0,3,3,0,0,1,1,0,0,0,2,2,1,1,Primary (1–5),STANDARD,0,False,True
1276606,UTTAR PRADESH,BAREILLY,BAREILLY TOWN,2,,2,3,1,8,5,243005,2,2,3,18,27,17,33,34,33,28,28,0,0,0,0,218,4,4,0,0,8,8,0,0,2,2,2,1,0,1,1,1,1,Upper Primary (1–8),STANDARD,0,True,True
3665192,UTTAR PRADESH,BAREILLY,FATEHGANJ,1,Amaur,2,3,1,8,5,243505,1,2,3,69,44,35,34,43,32,29,29,0,0,0,0,315,18,16,2,0,19,19,0,0,6,6,5,2,0,2,1,1,1,Upper Primary (1–8),STANDARD,0,False,True
6287105,UTTAR PRADESH,BAREILLY,BHOJIPURA,1,Milak Imamnager,6,3,1,10,97,243202,2,2,3,0,0,1,18,21,22,4,9,7,0,0,0,82,5,0,5,0,10,8,2,0,2,2,0,0,0,2,2,2,1,Secondary (1–10),STANDARD,2,False,False
5681589,UTTAR PRADESH,BAREILLY,BAREILLY TOWN,2,,2,3,1,8,5,243001,2,2,3,17,14,8,14,9,7,7,12,0,0,0,0,88,7,7,0,0,8,8,0,0,1,2,1,1,0,1,1,2,2,Upper Primary (1–8),STANDARD,0,True,False
1403884,UTTAR PRADESH,BAREILLY,VITHARI CHAINPUR,1,Tirkunia,1,3,1,5,1,243122,2,2,3,8,10,12,15,16,0,0,0,0,0,0,0,61,5,3,2,0,3,1,0,2,1,1,0,1,2,2,1,1,2,Primary (1–5),STANDARD,2,False,True
7515699,UTTAR PRADESH,BAREILLY,FARIDPUR,1,Haraila,1,3,1,5,1,243001,2,2,3,8,5,6,22,10,0,0,0,0,0,0,0,51,4,3,1,0,4,4,0,0,1,1,0,0,0,1,1,1,1,Primary (1–5),STANDARD,0,True,True
1856338,UTTAR PRADESH,BAREILLY,SHERGARH,1,Sharif Nagar,1,3,1,5,1,243201,2,2,3,16,7,8,6,3,0,0,0,0,0,0,0,40,3,1,2,0,4,4,0,0,1,1,0,0,2,1,1,1,1,Primary (1–5),STANDARD,0,True,True
5054617,UTTAR PRADESH,BAREILLY,RAMNAGAR,1,Islamnagar Urf Dalippur,1,3,1,5,1,243303,2,2,3,9,6,7,12,16,0,0,0,0,0,0,0,50,3,2,1,0,6,5,0,1,1,1,0,0,0,2,1,1,1,Primary (1–5),STANDARD,1,False,True
7565619,UTTAR PRADESH,BAREILLY,BHUTA,1,Rashulpur Bahanpur,1,3,1,5,1,243503,2,2,3,0,1,0,3,4,0,0,0,0,0,0,0,8,2,1,1,0,2,0,2,0,1,1,0,0,2,1,1,1,1,Primary (1–5),STANDARD,2,True,True
4599232,UTTAR PRADESH,BAREILLY,VITHARI CHAINPUR,1,Kunwerpur Banjaria,2,3,1,8,5,243123,2,2,3,11,5,6,11,6,8,8,3,0,0,0,0,58,4,4,0,0,15,15,0,0,2,2,0,2,0,2,2,1,1,Upper Primary (1–8),STANDARD,0,False,True
4307537,UTTAR PRADESH,BAREILLY,MAJHGAWAN,1,Gularia Uprala,1,3,1,5,5,243302,2,2,3,9,25,16,11,19,0,0,0,0,0,0,0,80,5,5,0,0,6,6,0,0,1,1,0,0,0,2,1,1,1,Primary (1–5),STANDARD,0,False,True
4864124,UTTAR PRADESH,BAREILLY,KYARA,1,Khajuhai Mustqil,1,3,1,5,1,243001,2,2,3,20,18,18,31,31,0,0,0,0,0,0,0,118,6,4,2,0,6,5,0,1,1,1,0,0,2,2,1,1,2,Primary (1–5),STANDARD,1,False,True
8608007,UTTAR PRADESH,BAREILLY,KYARA,1,Hardua,1,3,1,5,1,243001,2,2,3,6,12,9,20,16,0,0,0,0,0,0,0,63,4,4,0,0,5,3,2,0,1,1,0,0,2,2,1,1,2,Primary (1–5),STANDARD,2,False,True
3533303,UTTAR PRADESH,BAREILLY,VITHARI CHAINPUR,1,Mohanpur,2,3,1,8,5,243001,2,2,3,12,3,4,5,4,7,16,7,0,0,0,0,58,3,3,0,0,8,8,0,0,2,2,0,0,0,2,1,2,2,Upper Primary (1–8),STANDARD,0,False,False
2474821,UTTAR PRADESH,BAREILLY,NAWABGANJ,1,Aurangabad,1,3,1,5,1,262406,2,2,3,19,22,19,25,23,0,0,0,0,0,0,0,108,6,5,1,0,5,3,0,2,1,1,0,0,2,2,1,1,1,Primary (1–5),STANDARD,2,False,True
1859089,UTTAR PRADESH,BAREILLY,MIRGANJ,1,Simaria,1,3,1,5,1,243504,2,2,3,8,8,8,7,13,0,0,0,0,0,0,0,44,3,3,0,0,5,0,2,3,1,1,0,0,2,1,1,1,1,Primary (1–5),STANDARD,5,True,True
8308335,UTTAR PRADESH,BAREILLY,FATEHGANJ,1,Bafari Abdul Nabipur,1,3,1,5,1,243505,2,2,3,12,9,9,16,18,0,0,0,0,0,0,0,64,3,3,0,0,4,2,2,0,2,1,0,0,2,1,1,1,1,Primary (1–5),STANDARD,2,True,True
7110744,UTTAR PRADESH,BAREILLY,SHERGARH,1,Takia,1,3,1,5,5,243202,2,2,3,13,8,22,22,28,0,0,0,0,0,0,0,93,6,6,0,0,5,5,0,0,2,2,0,0,0,2,1,1,2,Primary (1–5),STANDARD,0,False,True
7681878,UTTAR PRADESH,BAREILLY,SHERGARH,1,Salehpur Mujahidpur,1,3,1,5,1,243505,2,2,3,22,27,17,33,16,0,0,0,0,0,0,0,115,4,3,1,0,6,4,1,1,1,2,0,0,2,1,1,1,1,Primary (1–5),STANDARD,2,True,True
7671818,UTTAR PRADESH,BAREILLY,BAREILLY TOWN,2,,10,3,9,12,5,243001,9,2,3,0,0,0,0,0,0,0,0,16,38,30,38,122,3,1,2,0,8,8,0,0,1,1,3,0,0,1,1,2,2,Higher Secondary (9–12),STANDARD,0,True,False
6109685,UTTAR PRADESH,BAREILLY,FATEHGANJ,2,,1,3,1,5,5,243501,2,2,3,7,5,14,11,6,0,0,0,0,0,0,0,43,6,6,0,0,5,5,0,0,5,6,0,0,0,1,1,1,1,Primary (1–5),STANDARD,0,True,True
6498622,UTTAR PRADESH,BAREILLY,KYARA,1,Nabi Nagar,1,3,1,5,1,243001,2,2,3,39,33,51,77,50,0,0,0,0,0,0,0,250,8,7,1,0,13,6,4,3,2,2,0,0,2,1,3,1,1,Primary (1–5),STANDARD,7,True,True
4214067,UTTAR PRADESH,BAREILLY,MAJHGAWAN,1,Fulasi,1,3,1,5,1,243301,2,2,3,9,23,27,30,30,0,0,0,0,0,0,0,119,5,3,2,0,6,6,0,0,1,1,0,0,2,2,1,1,2,Primary (1–5),STANDARD,0,False,True
2471713,UTTAR PRADESH,BAREILLY,BHOJIPURA,1,Atapatti Shumali,1,3,1,5,1,243202,2,2,3,9,14,9,11,22,0,0,0,0,0,0,0,65,3,2,1,0,5,2,1,2,1,1,0,0,2,2,1,1,1,Primary (1–5),STANDARD,3,False,True
1730485,UTTAR PRADESH,BAREILLY,FATEHGANJ,2,,8,3,9,10,5,243501,9,2,3,0,0,0,0,0,0,0,0,141,69,0,0,210,6,6,0,0,8,8,0,0,1,1,0,1,0,2,2,1,1,Secondary (9–10),STANDARD,0,False,True
3080866,UTTAR PRADESH,BAREILLY,VITHARI CHAINPUR,1,Kumrah,1,3,1,5,1,243126,2,2,3,20,16,18,27,34,0,0,0,0,0,0,0,115,8,6,2,0,6,5,0,1,2,3,0,0,2,2,1,1,1,Primary (1–5),STANDARD,1,False,True
5603252,UTTAR PRADESH,BAREILLY,BHOJIPURA,1,Parsu Nagla,1,3,1,5,1,243202,2,2,3,12,4,2,13,20,0,0,0,0,0,0,0,51,4,3,1,0,6,4,1,1,4,2,0,0,0,1,1,1,1,Primary (1–5),STANDARD,2,True,True
9469731,UTTAR PRADESH,BAREILLY,FATEHGANJ,1,Dungarpur,1,3,1,5,1,243505,2,2,3,26,1,5,9,12,0,0,0,0,0,0,0,53,3,2,1,0,5,3,0,2,2,2,0,0,2,2,1,1,1,Primary (1–5),STANDARD,2,False,True
3672019,UTTAR PRADESH,BAREILLY,SHERGARH,1,Basudharan Jagir,1,3,1,5,1,243203,2,2,3,30,32,19,32,34,0,0,0,0,0,0,0,147,5,3,2,0,2,0,2,0,1,1,0,1,2,1,1,1,2,Primary (1–5),STANDARD,2,True,True
4011663,UTTAR PRADESH,BAREILLY,FATEHGANJ,1,Dungarpur,4,3,6,8,1,243505,9,2,3,0,0,0,0,0,34,31,15,0,0,0,0,80,4,3,1,0,5,3,2,0,2,2,0,0,2,2,1,1,1,Upper Primary (6–8),STANDARD,2,False,True
6900762,UTTAR PRADESH,BAREILLY,FATEHGANJ,1,Dhantiya,10,3,9,12,5,243502,9,2,3,0,0,0,0,0,0,0,0,418,413,380,431,1642,17,1,16,0,20,20,0,0,6,14,0,2,0,1,1,1,1,Higher Secondary (9–12),STANDARD,0,True,True
7411757,UTTAR PRADESH,BAREILLY,RICHHA(DAMKHODA),1,Khara Ramnagar,2,3,1,8,5,243201,2,2,1,10,22,8,18,13,35,24,34,0,0,0,0,164,8,0,0,8,8,8,0,0,2,2,0,1,0,2,2,2,2,Upper Primary (1–8),STANDARD,0,False,False
4785783,UTTAR PRADESH,BAREILLY,BAREILLY TOWN,2,,2,3,1,8,5,243003,2,2,3,21,31,25,34,42,46,40,59,0,0,0,0,298,9,9,0,0,14,14,0,0,2,2,2,0,0,1,1,1,1,Upper Primary (1–8),STANDARD,0,True,True
4134187,UTTAR PRADESH,BAREILLY,BAHERI,1,Nazargunj,1,3,1,5,5,243201,2,2,3,3,4,0,5,4,0,0,0,0,0,0,0,16,5,5,0,0,5,5,0,0,1,1,0,0,0,2,1,2,1,Primary (1–5),STANDARD,0,False,False
9471064,UTTAR PRADESH,BAREILLY,AONLA,2,,1,3,1,5,5,243301,2,2,3,14,24,11,16,20,0,0,0,0,0,0,0,85,6,3,2,1,5,5,0,0,1,1,0,0,0,2,1,2,2,Primary (1–5),STANDARD,0,False,False
4662638,UTTAR PRADESH,BAREILLY,KYARA,1,Simraboripur,2,3,1,8,5,243001,2,2,3,7,7,4,5,11,61,59,36,0,0,0,0,190,6,5,1,0,8,8,0,0,2,1,0,0,0,1,1,2,2,Upper Primary (1–8),STANDARD,0,True,False
6411575,UTTAR PRADESH,BAREILLY,RICHHA(DAMKHODA),2,,2,3,1,8,1,243203,2,2,3,78,48,39,109,62,90,86,43,0,0,0,0,555,19,12,7,0,15,15,0,0,5,7,8,3,2,2,1,1,1,Upper Primary (1–8),STANDARD,0,False,True
4347091,UTTAR PRADESH,BAREILLY,SHERGARH,1,Rohali,1,3,1,5,1,243203,2,2,3,13,11,13,19,24,0,0,0,0,0,0,0,80,2,2,0,0,2,2,0,0,1,1,0,0,2,2,1,1,2,Primary (1–5),STANDARD,0,False,True
4811012,UTTAR PRADESH,BAREILLY,BAREILLY TOWN,2,,3,3,1,12,5,243002,2,2,3,29,33,59,45,26,34,69,56,182,177,149,231,1090,29,29,0,0,15,15,0,0,8,15,40,3,2,1,1,1,1,Higher Secondary (1–12),STANDARD,0,True,True
8324171,UTTAR PRADESH,BAREILLY,VITHARI CHAINPUR,1,Bhandsar,2,3,1,8,1,262406,2,2,3,31,14,21,51,53,110,71,67,0,0,0,0,418,13,11,2,0,10,0,10,0,2,2,0,2,0,1,1,1,1,Upper Primary (1–8),STANDARD,10,True,True
5703320,UTTAR PRADESH,BAREILLY,VITHARI CHAINPUR,1,Parsona (Ct),1,3,1,5,97,243123,2,2,3,9,15,12,5,4,0,0,0,0,0,0,0,45,6,6,0,0,5,5,0,0,1,1,5,3,0,1,1,2,1,Primary (1–5),STANDARD,0,True,False
8094688,UTTAR PRADESH,BAREILLY,ALAMPUR,1,Ghilaora,2,3,1,8,1,243402,2,2,3,8,9,19,32,26,36,44,51,0,0,0,0,225,13,10,3,0,8,8,0,0,1,1,0,0,2,1,1,1,1,Upper Primary (1–8),STANDARD,0,True,True
3498867,UTTAR PRADESH,BAREILLY,NAWABGANJ,1,Pachpera,4,3,6,8,1,262406,9,2,3,0,0,0,0,0,10,12,5,0,0,0,0,27,1,1,0,0,4,4,0,0,1,1,0,0,0,2,1,1,1,Upper Primary (6–8),STANDARD,0,False,True
2581207,UTTAR PRADESH,BAREILLY,RICHHA(DAMKHODA),1,Gularia Ata Hussian,2,3,1,8,1,243001,2,2,3,19,10,8,20,16,29,25,28,0,0,0,0,155,6,4,2,0,9,9,0,0,3,2,0,0,2,1,1,1,1,Upper Primary (1–8),STANDARD,0,True,True
7322785,UTTAR PRADESH,BAREILLY,VITHARI CHAINPUR,1,Sisaiya,4,3,6,8,1,243123,9,2,3,0,0,0,0,0,11,13,20,0,0,0,0,44,3,3,0,0,4,0,0,4,2,2,0,0,2,1,1,1,2,Upper Primary (6–8),STANDARD,4,True,True
1681526,UTTAR PRADESH,BAREILLY,RICHHA(DAMKHODA),1,Bhairpura,2,3,1,8,1,243202,2,2,3,10,12,8,38,20,25,27,21,0,0,0,0,161,7,7,0,0,7,7,0,0,1,2,0,0,2,1,1,1,1,Upper Primary (1–8),STANDARD,0,True,True
8149803,UTTAR PRADESH,BAREILLY,MIRGANJ,1,Mandanpur,4,3,6,8,1,243504,9,2,3,0,0,0,0,0,18,22,17,0,0,0,0,57,2,2,0,0,3,3,0,0,1,1,0,0,0,2,1,1,2,Upper Primary (6–8),STANDARD,0,False,True
8161386,UTTAR PRADESH,BAREILLY,BAHERI,1,Sabaraha,8,3,9,10,1,243201,9,2,3,0,0,0,0,0,0,0,0,24,17,0,0,41,4,4,0,0,4,0,0,4,3,3,0,0,0,1,1,1,1,Secondary (9–10),STANDARD,4,True,True
1657645,UTTAR PRADESH,BAREILLY,SHERGARH,1,Prahaladpur,2,3,1,8,1,243505,2,2,3,6,1,5,3,4,18,27,20,0,0,0,0,84,6,5,1,0,8,7,0,1,1,1,0,0,2,1,1,1,1,Upper Primary (1–8),STANDARD,1,True,True
1991840,UTTAR PRADESH,BAREILLY,FARIDPUR,1,Pandhera,4,3,6,8,1,243503,9,2,3,0,0,0,0,0,37,19,17,0,0,0,0,73,4,3,0,1,3,3,0,0,1,1,0,0,0,2,1,1,1,Upper Primary (6–8),STANDARD,0,False,True
5356710,UTTAR PRADESH,BAREILLY,BHUTA,1,Ahrola,4,3,6,8,1,243503,9,2,3,0,0,0,0,0,49,27,36,0,0,0,0,112,5,3,2,0,4,4,0,0,1,1,0,0,0,2,1,1,2,Upper Primary (6–8),STANDARD,0,False,True
4145843,UTTAR PRADESH,BAREILLY,BAREILLY TOWN,2,,4,3,6,8,1,243005,9,2,3,0,0,0,0,0,30,36,36,0,0,0,0,102,6,3,3,0,5,5,0,0,2,2,4,0,2,1,1,1,1,Upper Primary (6–8),STANDARD,0,True,True
9414356,UTTAR PRADESH,BAREILLY,SHERGARH,2,,1,3,1,5,97,243505,2,2,3,21,16,13,22,16,0,0,0,0,0,0,0,88,5,5,0,0,11,11,0,0,1,1,0,0,0,1,1,1,2,Primary (1–5),STANDARD,0,True,True
8847314,UTTAR PRADESH,BAREILLY,VITHARI CHAINPUR,2,,6,3,1,10,5,243123,1,2,3,69,65,76,84,58,68,72,73,57,67,0,0,689,26,26,0,0,26,26,0,0,10,10,30,8,30,1,1,1,1,Secondary (1–10),STANDARD,0,True,True
3734456,UTTAR PRADESH,BAREILLY,VITHARI CHAINPUR,1,Mundia Ahmed Nagar,1,3,1,5,1,243122,2,2,3,37,34,27,47,50,0,0,0,0,0,0,0,195,9,8,1,0,3,2,0,1,2,2,0,1,2,2,1,1,2,Primary (1–5),STANDARD,1,False,True
5491654,UTTAR PRADESH,BAREILLY,BAREILLY TOWN,2,,2,3,1,8,1,243001,2,2,3,11,19,16,28,27,16,20,21,0,0,0,0,158,2,1,1,0,8,0,0,8,1,1,0,0,1,2,1,1,1,Upper Primary (1–8),STANDARD,8,False,True
1469804,UTTAR PRADESH,BAREILLY,RAMNAGAR,1,Manauna,1,3,1,5,5,243301,2,2,3,45,26,22,19,22,0,0,0,0,0,0,0,134,5,5,0,0,6,6,0,0,1,1,1,0,0,2,1,1,2,Primary (1–5),STANDARD,0,False,True
9862586,UTTAR PRADESH,BAREILLY,SHERGARH,1,Ghatgaon,1,3,1,5,1,243505,2,2,3,23,9,7,18,20,0,0,0,0,0,0,0,77,5,3,2,0,4,0,4,0,1,1,0,0,2,1,1,1,2,Primary (1–5),STANDARD,4,True,True
5776298,UTTAR PRADESH,BAREILLY,RAMNAGAR,1,Tigra Khanpur,4,3,6,8,5,243301,9,2,3,0,0,0,0,0,65,26,36,0,0,0,0,127,5,5,0,0,5,5,0,0,1,1,0,0,0,2,1,1,2,Upper Primary (6–8),STANDARD,0,False,True
3874447,UTTAR PRADESH,BAREILLY,BAHERI,1,Sukatia,1,3,1,5,1,243201,2,2,3,3,6,2,8,5,0,0,0,0,0,0,0,24,2,2,0,0,5,3,2,0,1,1,0,0,2,2,1,1,1,Primary (1–5),STANDARD,2,False,True
5289860,UTTAR PRADESH,BAREILLY,ALAMPUR,1,Sahasa,1,3,1,5,1,243302,2,2,3,22,33,23,46,30,0,0,0,0,0,0,0,154,6,5,1,0,6,2,3,1,2,1,0,0,2,2,1,1,2,Primary (1–5),STANDARD,4,False,True
9668439,UTTAR PRADESH,BAREILLY,RICHHA(DAMKHODA),1,Unhaini Jagir,1,3,1,5,1,243201,2,2,3,12,7,8,15,23,0,0,0,0,0,0,0,65,3,2,1,0,6,5,0,1,1,1,0,1,1,2,1,1,1,Primary (1–5),STANDARD,1,False,True
1729241,UTTAR PRADESH,BAREILLY,BAREILLY TOWN,2,,2,3,1,8,5,243004,2,2,3,2,3,3,10,4,2,0,0,0,0,0,0,24,3,2,1,0,8,8,0,0,2,2,2,0,0,1,1,1,1,Upper Primary (1–8),STANDARD,0,True,True
8457985,UTTAR PRADESH,BAREILLY,RICHHA(DAMKHODA),2,,4,3,6,8,5,243201,9,2,3,0,0,0,0,0,75,57,47,0,0,0,0,179,7,7,0,0,4,4,0,0,2,2,0,1,0,2,2,2,2,Upper Primary (6–8),STANDARD,0,False,False
2971150,UTTAR PRADESH,BAREILLY,BHADPURA,1,Madhu Nagla,1,3,1,5,1,262406,2,2,3,17,17,14,32,20,0,0,0,0,0,0,0,100,2,2,0,0,3,2,0,1,1,3,0,0,2,1,1,1,2,Primary (1–5),STANDARD,1,True,True
2153788,UTTAR PRADESH,BAREILLY,VITHARI CHAINPUR,1,Bithri Chainpur,1,3,1,5,5,243123,2,2,3,7,5,6,6,10,0,0,0,0,0,0,0,34,5,1,4,0,5,5,0,0,1,1,0,0,0,2,2,2,2,Primary (1–5),STANDARD,0,False,False
7315294,UTTAR PRADESH,BAREILLY,VITHARI CHAINPUR,1,Nagaria Kalan,1,3,1,5,1,243122,2,2,3,13,15,10,17,14,0,0,0,0,0,0,0,69,6,4,2,0,5,3,2,0,1,1,0,0,2,2,1,1,2,Primary (1–5),STANDARD,2,False,True
1592249,UTTAR PRADESH,BAREILLY,FARIDPUR,1,Rajau Paraspur,1,3,1,5,1,243503,2,2,3,13,10,22,20,32,0,0,0,0,0,0,0,97,3,2,1,0,6,0,6,0,1,1,0,0,2,1,1,1,1,Primary (1–5),STANDARD,6,True,True
4407032,UTTAR PRADESH,BAREILLY,SHERGARH,1,Ganu Nagala,1,3,1,5,97,243201,2,2,3,12,25,49,66,39,0,0,0,0,0,0,0,191,10,6,4,0,7,7,0,0,1,1,0,0,0,1,2,1,2,Primary (1–5),STANDARD,0,True,True
6528198,UTTAR PRADESH,BAREILLY,BAHERI,1,Saidpur Khurd,1,3,1,5,1,243201,2,2,3,1,2,3,3,4,0,0,0,0,0,0,0,13,2,1,1,0,3,3,0,0,2,2,0,0,2,1,1,1,1,Primary (1–5),STANDARD,0,True,True
8634984,UTTAR PRADESH,BAREILLY,BAHERI TOWN,2,,1,3,1,5,97,243201,2,2,3,62,44,43,29,31,0,0,0,0,0,0,0,209,5,5,0,0,5,5,0,0,1,1,0,0,0,2,1,2,2,Primary (1–5),STANDARD,0,False,False
1908323,UTTAR PRADESH,BAREILLY,BHOJIPURA,2,,3,3,1,12,97,243202,2,2,1,4,9,13,7,11,18,7,8,2,2,3,3,87,14,14,0,0,15,15,0,0,8,8,1,0,0,1,1,2,1,Higher Secondary (1–12),STANDARD,0,True,False
9641539,UTTAR PRADESH,BAREILLY,MIRGANJ,1,Narelirasulpur,1,3,1,5,5,243504,2,2,3,7,5,6,11,7,0,0,0,0,0,0,0,36,3,0,3,0,5,5,0,0,2,2,0,0,0,2,1,2,1,Primary (1–5),STANDARD,0,False,False
8147578,UTTAR PRADESH,BAREILLY,BHADPURA,1,Sabhapur,1,3,1,5,1,262406,2,2,3,5,7,2,23,17,0,0,0,0,0,0,0,54,5,3,2,0,3,1,1,1,1,1,0,0,2,1,1,1,2,Primary (1–5),STANDARD,2,True,True
9620781,UTTAR PRADESH,BAREILLY,BHOJIPURA,2,,2,3,1,8,5,243202,1,2,3,21,23,19,21,15,7,18,10,0,0,0,0,134,7,3,4,0,9,9,0,0,1,2,5,1,0,1,1,1,1,Upper Primary (1–8),STANDARD,0,True,True
2763337,UTTAR PRADESH,BAREILLY,RAMNAGAR,1,Anjani Mustkil,10,3,9,12,5,243303,9,2,3,0,0,0,0,0,0,0,0,70,80,133,116,399,13,13,0,0,18,18,0,0,4,3,12,2,1,1,1,1,1,Higher Secondary (9–12),STANDARD,0,True,True
9367088,UTTAR PRADESH,BAREILLY,RICHHA(DAMKHODA),1,Churaili,1,3,1,5,5,243201,2,2,3,4,4,6,9,8,0,0,0,0,0,0,0,31,5,1,4,0,5,5,0,0,1,1,0,0,0,2,1,2,1,Primary (1–5),STANDARD,0,False,False
6800655,UTTAR PRADESH,BAREILLY,MAJHGAWAN,1,Jogither,1,3,1,5,1,243302,2,2,3,26,28,18,33,23,0,0,0,0,0,0,0,128,4,3,1,0,6,5,0,1,1,1,0,0,2,1,1,1,1,Primary (1–5),STANDARD,1,True,True
4153015,UTTAR PRADESH,BAREILLY,BHOJIPURA,1,Mudia Hafiz,1,3,1,5,97,243202,2,2,3,4,5,9,13,11,0,0,0,0,0,0,0,42,5,1,4,0,5,5,0,0,2,2,0,0,0,2,1,2,1,Primary (1–5),STANDARD,0,False,False
8035440,UTTAR PRADESH,BAREILLY,BAREILLY TOWN,2,,1,3,1,5,5,243003,2,2,3,16,14,15,21,14,0,0,0,0,0,0,0,80,3,3,0,0,9,9,0,0,2,3,2,0,0,2,1,1,1,Primary (1–5),STANDARD,0,False,True
5682488,UTTAR PRADESH,BAREILLY,BHOJIPURA,1,Atakayasthan,2,3,1,8,5,243202,2,2,3,0,0,8,12,6,3,2,6,0,0,0,0,37,5,5,0,0,8,8,0,0,2,2,2,2,0,1,1,1,1,Upper Primary (1–8),STANDARD,0,True,True
4241493,UTTAR PRADESH,BAREILLY,NAWABGANJ,1,Kashipur,1,3,1,5,5,243407,1,2,3,41,31,32,21,22,0,0,0,0,0,0,0,147,6,6,0,0,10,10,0,0,2,2,1,0,0,1,1,1,1,Primary (1–5),STANDARD,0,True,True
6725181,UTTAR PRADESH,BAREILLY,VITHARI CHAINPUR,1,Manpuria Delel,1,3,1,5,5,243123,2,2,3,16,17,23,17,11,0,0,0,0,0,0,0,84,3,3,0,0,5,5,0,0,1,2,0,1,0,1,1,1,1,Primary (1–5),STANDARD,0,True,True
1652466,UTTAR PRADESH,BAREILLY,FATEHGANJ,2,,4,3,6,8,5,243501,9,2,3,0,0,0,0,0,75,64,56,0,0,0,0,195,5,5,0,0,8,8,0,0,2,2,0,2,0,2,1,2,1,Upper Primary (6–8),STANDARD,0,False,False
9814055,UTTAR PRADESH,BAREILLY,RAMNAGAR,1,Manauna,5,3,6,12,5,243301,9,2,3,0,0,0,0,0,71,41,42,145,106,35,25,465,5,0,5,0,11,11,0,0,2,2,0,0,0,2,1,1,2,Higher Secondary (6–12),STANDARD,0,False,True
9927604,UTTAR PRADESH,BAREILLY,BAREILLY TOWN,2,,1,3,1,5,5,243502,2,2,3,73,138,89,89,93,0,0,0,0,0,0,0,482,20,7,13,0,10,10,0,0,3,3,1,1,0,2,2,1,2,Primary (1–5),STANDARD,0,False,True
6087674,UTTAR PRADESH,BAREILLY,MAJHGAWAN,1,Beebni,2,3,1,8,5,243302,2,2,3,13,24,14,45,36,37,22,18,0,0,0,0,209,9,9,0,0,8,8,0,0,1,1,0,0,0,2,2,2,1,Upper Primary (1–8),STANDARD,0,False,False
1342202,UTTAR PRADESH,BAREILLY,MIRGANJ,1,Saijana,4,3,6,8,5,243504,9,2,3,0,0,0,0,0,0,5,2,0,0,0,0,7,1,1,0,0,5,5,0,0,1,1,0,0,0,2,1,2,1,Upper Primary (6–8),STANDARD,0,False,False
8492948,UTTAR PRADESH,BAREILLY,RICHHA(DAMKHODA),1,Jokhanpur,1,3,1,5,97,243201,2,2,3,4,5,6,13,13,0,0,0,0,0,0,0,41,5,3,2,0,8,8,0,0,1,2,0,0,0,1,2,2,2,Primary (1–5),STANDARD,0,True,False
2364225,UTTAR PRADESH,BAREILLY,BAREILLY TOWN,2,,1,3,1,5,5,243001,1,2,3,23,20,9,10,2,0,0,0,0,0,0,0,64,6,6,0,0,9,9,0,0,1,1,3,1,0,1,1,1,1,Primary (1–5),STANDARD,0,True,True
9533886,UTTAR PRADESH,BAREILLY,MIRGANJ,2,,2,3,1,8,5,243504,2,2,3,0,3,2,3,2,16,6,5,0,0,0,0,37,7,0,7,0,12,12,0,0,2,2,0,1,0,1,1,1,1,Upper Primary (1–8),STANDARD,0,True,True
6749476,UTTAR PRADESH,BAREILLY,RAMNAGAR,2,,1,3,1,5,5,243303,2,2,3,9,23,51,9,10,0,0,0,0,0,0,0,102,4,4,0,0,5,5,0,0,1,1,0,0,0,2,2,1,2,Primary (1–5),STANDARD,0,False,True
9692773,UTTAR PRADESH,BAREILLY,BAREILLY TOWN,2,,2,3,1,8,5,243001,2,2,3,11,8,8,0,0,2,0,0,0,0,0,0,29,4,0,0,4,7,7,0,0,1,1,0,0,0,2,1,2,2,Upper Primary (1–8),STANDARD,0,False,False
1376177,UTTAR PRADESH,BAREILLY,SHERGARH,1,Sahora,1,3,1,5,5,243505,2,2,3,1,2,8,12,16,0,0,0,0,0,0,0,39,2,2,0,0,6,6,0,0,1,1,0,0,0,1,1,1,1,Primary (1–5),STANDARD,0,True,True
3306429,UTTAR PRADESH,BAREILLY,BAHERI,1,Utarsia Samukhiya,2,3,1,8,5,263148,2,2,3,5,5,10,13,12,21,12,6,0,0,0,0,84,9,9,0,0,12,12,0,0,4,4,5,2,0,1,1,1,1,Upper Primary (1–8),STANDARD,0,True,True
8232115,UTTAR PRADESH,BAREILLY,BAHERI,1,Dhamipur,2,3,1,8,5,243201,2,2,3,6,0,3,9,7,9,12,13,0,0,0,0,59,5,4,1,0,8,8,0,0,2,2,1,1,0,1,2,1,1,Upper Primary (1–8),STANDARD,0,True,True
9037426,UTTAR PRADESH,BAREILLY,FARIDPUR,1,Gausganj Sarai,1,3,1,5,1,243503,2,2,3,20,35,34,48,43,0,0,0,0,0,0,0,180,8,6,2,0,6,0,6,0,1,1,0,0,2,2,1,1,1,Primary (1–5),STANDARD,6,False,True
3116722,UTTAR PRADESH,BAREILLY,BHADPURA,1,Kotha Makkhan,1,3,1,5,1,262406,2,2,3,29,34,23,46,32,0,0,0,0,0,0,0,164,5,4,1,0,4,3,0,1,1,1,0,0,2,1,1,1,1,Primary (1–5),STANDARD,1,True,True
8444078,UTTAR PRADESH,BAREILLY,FATEHGANJ,1,Barhaipur,1,3,1,5,1,243505,2,2,3,10,8,15,17,12,0,0,0,0,0,0,0,62,4,3,1,0,7,0,4,3,1,1,0,0,0,1,1,1,2,Primary (1–5),STANDARD,7,True,True
2914089,UTTAR PRADESH,BAREILLY,NAWABGANJ,1,Guladia Dhimar,1,3,1,5,1,262406,2,2,3,7,9,11,21,14,0,0,0,0,0,0,0,62,3,2,1,0,3,3,0,0,1,1,0,0,2,2,1,1,1,Primary (1–5),STANDARD,0,False,True
4035649,UTTAR PRADESH,BAREILLY,BAHERI,1,Gursauli,1,3,1,5,1,243201,2,2,3,2,2,8,6,15,0,0,0,0,0,0,0,33,2,1,1,0,4,4,0,0,2,2,0,1,2,2,1,1,2,Primary (1–5),STANDARD,0,False,True
3053284,UTTAR PRADESH,BAREILLY,NAWABGANJ,1,Matkula,1,3,1,5,1,243407,2,2,3,10,2,4,4,7,0,0,0,0,0,0,0,27,1,1,0,0,4,3,0,1,1,1,0,0,2,2,1,1,2,Primary (1–5),STANDARD,1,False,True
2845112,UTTAR PRADESH,BAREILLY,KYARA,1,Angori,2,3,1,8,5,243001,2,2,3,12,17,15,17,15,20,22,11,0,0,0,0,129,7,4,3,0,5,5,0,0,1,1,1,0,0,1,1,2,1,Upper Primary (1–8),STANDARD,0,True,False
1699182,UTTAR PRADESH,BAREILLY,BAHERI,1,Ishwarpur,1,3,1,5,1,243201,2,2,3,3,2,5,2,5,0,0,0,0,0,0,0,17,2,1,1,0,2,0,1,1,1,1,0,1,2,2,1,1,1,Primary (1–5),STANDARD,2,False,True
1518778,UTTAR PRADESH,BAREILLY,NAWABGANJ,2,,1,3,1,5,1,262406,2,2,3,21,17,20,36,34,0,0,0,0,0,0,0,128,7,3,4,0,4,3,0,1,1,1,0,1,2,2,1,1,2,Primary (1–5),STANDARD,1,False,True
6422574,UTTAR PRADESH,BAREILLY,FARIDPUR,1,Gausganj Sarai,1,3,1,5,1,243503,2,2,3,13,6,7,8,12,0,0,0,0,0,0,0,46,3,3,0,0,3,1,1,1,2,2,0,0,2,2,1,1,2,Primary (1–5),STANDARD,2,False,True
9126030,UTTAR PRADESH,BAREILLY,MAJHGAWAN,1,Kaini Shivnagar,1,3,1,5,1,243302,2,2,3,11,7,15,22,14,0,0,0,0,0,0,0,69,4,3,1,0,4,2,0,2,1,1,0,0,2,1,1,1,2,Primary (1–5),STANDARD,2,True,True
6100432,UTTAR PRADESH,BAREILLY,SHERGARH,1,Parchai,4,3,6,8,5,243505,9,2,3,0,0,0,0,0,31,21,22,0,0,0,0,74,5,0,5,0,3,3,0,0,1,1,1,1,1,1,1,1,1,Upper Primary (6–8),STANDARD,0,True,True
2995908,UTTAR PRADESH,BAREILLY,MIRGANJ,2,,2,3,1,8,5,243504,2,2,3,25,19,25,28,26,25,24,11,0,0,0,0,183,10,9,1,0,7,7,0,0,1,1,0,1,0,2,1,1,1,Upper Primary (1–8),STANDARD,0,False,True
3938457,UTTAR PRADESH,BAREILLY,BHADPURA,1,Kamlapur Mehrab Khan,1,3,1,5,1,262406,2,2,3,3,8,5,7,4,0,0,0,0,0,0,0,27,3,1,2,0,4,4,0,0,2,1,0,0,2,2,1,1,1,Primary (1–5),STANDARD,0,False,True
7855921,UTTAR PRADESH,BAREILLY,NAWABGANJ,1,Tanda Sadat,2,3,1,8,5,262406,1,2,3,1,0,0,0,0,0,0,0,0,0,0,0,1,2,2,0,0,6,6,0,0,2,2,1,1,0,1,1,1,1,Upper Primary (1–8),STANDARD,0,True,True
1108447,UTTAR PRADESH,BAREILLY,RICHHA(DAMKHODA),1,Bahadurpur Urf Bhura,1,3,1,5,5,243201,2,2,3,16,25,14,25,25,0,0,0,0,0,0,0,105,5,5,0,0,5,5,0,0,1,2,0,0,0,2,3,2,2,Primary (1–5),STANDARD,0,False,False
2646822,UTTAR PRADESH,BAREILLY,SHERGARH,1,Muhammadpur,1,3,1,5,97,243505,2,2,3,24,24,24,21,20,0,0,0,0,0,0,0,113,4,4,0,0,4,4,0,0,1,1,0,0,0,2,1,2,1,Primary (1–5),STANDARD,0,False,False
6075096,UTTAR PRADESH,BAREILLY,RAMNAGAR,1,Mauchand Pur,2,3,1,8,1,243002,2,2,3,22,25,34,55,44,55,48,38,0,0,0,0,321,9,6,3,0,16,9,0,7,2,2,0,0,0,2,1,1,1,Upper Primary (1–8),STANDARD,7,False,True
7254928,UTTAR PRADESH,BAREILLY,MIRGANJ,1,Balpura,1,3,1,5,97,243504,2,2,3,9,5,4,3,2,0,0,0,0,0,0,0,23,3,3,0,0,1,1,0,0,1,1,0,1,0,1,1,2,2,Primary (1–5),STANDARD,0,True,False
3109614,UTTAR PRADESH,BAREILLY,BHADPURA,1,Keyolariya,5,3,6,12,5,262406,9,2,3,0,0,0,0,0,92,123,109,237,265,208,274,1308,15,2,2,11,15,15,0,0,5,5,2,1,0,1,2,1,1,Higher Secondary (6–12),STANDARD,0,True,True
8077458,UTTAR PRADESH,BAREILLY,MIRGANJ,1,Balehi,2,3,1,8,1,243505,2,2,3,16,5,10,11,8,18,18,19,0,0,0,0,105,6,5,1,0,6,5,0,1,2,2,0,0,2,2,1,1,1,Upper Primary (1–8),STANDARD,1,False,True
7695270,UTTAR PRADESH,BAREILLY,RICHHA(DAMKHODA),1,Khamaria Gopa Dandi,4,3,6,8,1,243203,9,2,3,0,0,0,0,0,16,16,11,0,0,0,0,43,2,2,0,0,3,0,3,0,1,1,0,1,2,2,1,1,2,Upper Primary (6–8),STANDARD,3,False,True
7120315,UTTAR PRADESH,BAREILLY,BAHERI,1,Rohaniya,4,3,6,8,1,243201,9,2,3,0,0,0,0,0,41,20,22,0,0,0,0,83,3,1,2,0,3,3,0,0,1,1,0,1,0,2,1,1,1,Upper Primary (6–8),STANDARD,0,False,True
1238904,UTTAR PRADESH,BAREILLY,RAMNAGAR,1,Patti Kurki,2,3,1,8,1,243301,2,2,3,14,15,14,23,24,16,11,18,0,0,0,0,135,5,4,1,0,11,8,0,3,3,3,0,0,2,1,1,1,1,Upper Primary (1–8),STANDARD,3,True,True
3406130,UTTAR PRADESH,BAREILLY,VITHARI CHAINPUR,1,Saidpur Chunni Lal,2,3,1,8,1,243122,2,2,3,37,54,62,61,52,94,97,65,0,0,0,0,522,16,13,3,0,16,15,0,1,4,3,0,2,2,2,1,1,1,Upper Primary (1–8),STANDARD,1,False,True
2568990,UTTAR PRADESH,BAREILLY,ALAMPUR,1,Malgawan,2,3,1,8,1,243403,2,2,3,7,7,10,18,17,34,46,30,0,0,0,0,169,9,6,3,0,8,4,2,2,2,2,0,0,2,1,1,1,1,Upper Primary (1–8),STANDARD,4,True,True
7276750,UTTAR PRADESH,BAREILLY,BHUTA,1,Nand Anagni,2,3,1,8,1,243502,2,2,3,16,15,18,34,34,16,17,21,0,0,0,0,171,6,4,2,0,11,2,2,7,2,2,0,0,2,2,1,1,1,Upper Primary (1–8),STANDARD,9,False,True
1943234,UTTAR PRADESH,BAREILLY,BHUTA,1,Dheerpur,4,3,6,8,1,243503,9,2,3,0,0,0,0,0,22,30,27,0,0,0,0,79,2,2,0,0,3,0,3,0,1,1,0,0,2,1,1,1,1,Upper Primary (6–8),STANDARD,3,True,True
4039060,UTTAR PRADESH,BAREILLY,SHERGARH,1,Banaiya,2,3,1,8,1,243201,2,2,3,8,3,8,4,5,9,22,19,0,0,0,0,78,3,3,0,0,4,4,0,0,1,1,0,0,2,1,1,1,1,Upper Primary (1–8),STANDARD,0,True,True
9894327,UTTAR PRADESH,BAREILLY,VITHARI CHAINPUR,1,Singhai Kayesthan,2,3,1,8,1,243123,2,2,3,7,6,12,16,14,14,26,39,0,0,0,0,134,10,9,1,0,9,4,3,2,3,3,0,0,2,2,1,1,2,Upper Primary (1–8),STANDARD,5,False,True
2583490,UTTAR PRADESH,BAREILLY,VITHARI CHAINPUR,1,Chena Murarpur,2,3,1,8,1,243123,2,2,3,39,31,23,43,45,51,56,62,0,0,0,0,350,13,8,2,3,9,3,0,6,2,2,0,0,2,2,1,1,1,Upper Primary (1–8),STANDARD,6,False,True
3506022,UTTAR PRADESH,BAREILLY,ALAMPUR,1,Panwaria,1,3,1,5,1,243301,2,2,3,8,5,14,16,22,0,0,0,0,0,0,0,65,5,3,2,0,5,3,0,2,1,1,0,0,2,2,1,1,2,Primary (1–5),STANDARD,2,False,True
5572928,UTTAR PRADESH,BAREILLY,BHOJIPURA,2,,5,3,6,12,4,243202,9,2,3,0,0,0,0,0,104,111,103,160,152,129,132,891,20,11,9,0,14,14,0,0,3,5,20,0,0,1,1,1,1,Higher Secondary (6–12),STANDARD,0,True,True
4673356,UTTAR PRADESH,BAREILLY,BHOJIPURA,1,Ghur Shamashpur,1,3,1,5,97,243202,1,2,3,13,1,2,13,9,0,0,0,0,0,0,0,38,5,4,1,0,4,4,0,0,1,2,0,1,1,1,1,2,1,Primary (1–5),STANDARD,0,True,False
5191983,UTTAR PRADESH,BAREILLY,BAHERI,1,Sili Jagir,1,3,1,5,1,243201,2,2,3,7,3,4,4,9,0,0,0,0,0,0,0,27,3,1,2,0,4,2,2,0,1,1,0,1,2,2,1,1,2,Primary (1–5),STANDARD,2,False,True
8610679,UTTAR PRADESH,BAREILLY,BAHERI,1,Punai,1,3,1,5,1,243201,2,2,3,1,2,1,2,6,0,0,0,0,0,0,0,12,2,2,0,0,4,2,0,2,2,1,0,0,2,1,1,1,1,Primary (1–5),STANDARD,2,True,True
2014563,UTTAR PRADESH,BAREILLY,FATEHGANJ,1,Adhkata_Brahmnan,1,3,1,5,1,243202,2,2,3,15,12,23,24,19,0,0,0,0,0,0,0,93,3,2,1,0,6,4,2,0,2,2,0,0,2,1,1,1,1,Primary (1–5),STANDARD,2,True,True
8068438,UTTAR PRADESH,BAREILLY,NAWABGANJ,1,Kachnara,1,3,1,5,1,243407,2,2,3,1,2,0,1,1,0,0,0,0,0,0,0,5,2,1,1,0,4,4,0,0,1,1,0,0,2,1,1,1,1,Primary (1–5),STANDARD,0,True,True
8015406,UTTAR PRADESH,BAREILLY,BHADPURA,1,Asua,1,3,1,5,1,243001,2,2,3,19,5,5,13,9,0,0,0,0,0,0,0,51,3,2,1,0,3,1,0,2,1,1,0,0,2,2,1,1,1,Primary (1–5),STANDARD,2,False,True
1662551,UTTAR PRADESH,BAREILLY,ALAMPUR,1,Nogawan Thakuran,1,3,1,5,1,243402,2,2,3,28,46,34,46,44,0,0,0,0,0,0,0,198,6,3,3,0,6,5,1,0,2,2,0,0,2,1,1,1,2,Primary (1–5),STANDARD,1,True,True
2488476,UTTAR PRADESH,BAREILLY,ALAMPUR,1,Rasoola,1,3,1,5,1,243301,2,2,3,11,15,24,16,16,0,0,0,0,0,0,0,82,4,2,2,0,5,3,2,0,1,1,0,0,2,2,1,1,2,Primary (1–5),STANDARD,2,False,True
2081378,UTTAR PRADESH,BAREILLY,VITHARI CHAINPUR,1,Dohara,1,3,1,5,1,243201,2,2,3,34,33,40,55,62,0,0,0,0,0,0,0,224,8,8,0,0,5,5,0,0,1,1,0,0,2,2,1,1,1,Primary (1–5),STANDARD,0,False,True
9599653,UTTAR PRADESH,BAREILLY,BHOJIPURA,1,Pachdeora Deoria,1,3,1,5,1,243202,2,2,3,25,19,25,53,40,0,0,0,0,0,0,0,162,7,5,2,0,6,3,3,0,1,3,0,0,2,2,1,1,2,Primary (1–5),STANDARD,3,False,True
7746529,UTTAR PRADESH,BAREILLY,MIRGANJ,1,Gahabara,1,3,1,5,1,243504,2,1,3,7,9,18,22,12,0,0,0,0,0,0,0,68,4,2,2,0,3,1,0,2,1,1,0,0,2,2,1,1,2,Primary (1–5),STANDARD,2,False,True
5034862,UTTAR PRADESH,BAREILLY,ALAMPUR,1,Malgawan,1,3,1,5,5,243403,2,2,3,15,14,11,8,6,0,0,0,0,0,0,0,54,5,5,0,0,2,2,0,0,1,1,0,0,0,2,1,1,1,Primary (1–5),STANDARD,0,False,True
1069609,UTTAR PRADESH,BAREILLY,BHADPURA,1,Methi Nawadia,1,3,1,5,1,262406,2,2,3,21,9,5,22,21,0,0,0,0,0,0,0,78,4,4,0,0,6,4,2,0,1,1,0,0,2,1,1,1,1,Primary (1–5),STANDARD,2,True,True
7824195,UTTAR PRADESH,BAREILLY,ALAMPUR,1,Sardar Nagar,1,3,1,5,1,243402,2,2,3,41,27,53,73,58,0,0,0,0,0,0,0,252,5,3,2,0,8,5,1,2,2,2,0,0,2,2,1,1,2,Primary (1–5),STANDARD,3,False,True
4515832,UTTAR PRADESH,BAREILLY,RICHHA(DAMKHODA),1,Khara Ramnagar,1,3,1,5,5,243201,2,2,3,30,17,17,17,36,0,0,0,0,0,0,0,117,5,5,0,0,7,7,0,0,2,3,1,1,1,1,1,1,1,Primary (1–5),STANDARD,0,True,True
7179982,UTTAR PRADESH,BAREILLY,MAJHGAWAN,1,Bachera,1,3,1,5,1,243302,2,2,3,15,4,19,30,28,0,0,0,0,0,0,0,96,2,2,0,0,4,3,1,0,1,1,0,0,2,1,1,1,1,Primary (1–5),STANDARD,1,True,True
7331676,UTTAR PRADESH,BAREILLY,NAWABGANJ,1,Bija Mau,4,3,6,8,5,243407,9,2,3,0,0,0,0,0,32,33,24,0,0,0,0,89,3,3,0,0,6,6,0,0,1,1,0,1,0,1,1,2,1,Upper Primary (6–8),STANDARD,0,True,False
1513369,UTTAR PRADESH,BAREILLY,BAREILLY TOWN,2,,8,3,9,10,5,243002,9,2,3,0,0,0,0,0,0,0,0,0,1,0,0,1,7,7,0,0,8,8,0,0,3,3,1,0,0,2,1,2,2,Secondary (9–10),STANDARD,0,False,False
3225419,UTTAR PRADESH,BAREILLY,MIRGANJ,1,Churai Dalpatpur,5,3,6,12,5,243504,9,2,3,0,0,0,0,0,44,61,50,85,67,60,106,473,8,8,0,0,11,11,0,0,5,5,1,1,0,1,1,2,1,Higher Secondary (6–12),STANDARD,0,True,False
8988672,UTTAR PRADESH,BAREILLY,BHADPURA,1,Sundari,4,3,6,8,5,262406,9,2,3,0,0,0,0,0,15,31,15,0,0,0,0,61,3,0,1,2,4,4,0,0,2,2,0,0,0,2,1,2,2,Upper Primary (6–8),STANDARD,0,False,False
9689336,UTTAR PRADESH,BAREILLY,BAREILLY TOWN,2,,1,3,1,5,5,243001,2,2,3,17,8,3,4,5,0,0,0,0,0,0,0,37,5,5,0,0,5,5,0,0,1,1,0,0,0,2,1,1,2,Primary (1–5),STANDARD,0,False,True
7064714,UTTAR PRADESH,BAREILLY,RICHHA(DAMKHODA),1,Mohanpur,1,3,1,5,1,243203,2,2,3,37,27,25,47,36,0,0,0,0,0,0,0,172,7,5,2,0,7,4,0,3,1,3,0,1,2,2,1,1,2,Primary (1–5),STANDARD,3,False,True
8352466,UTTAR PRADESH,BAREILLY,BAREILLY TOWN,2,,3,3,1,12,5,243005,2,2,3,1,31,33,29,27,27,34,32,6,32,0,16,268,7,5,2,0,14,14,0,0,3,2,3,0,0,1,1,1,1,Higher Secondary (1–12),STANDARD,0,True,True
1922712,UTTAR PRADESH,BAREILLY,BHUTA,1,Mehtarpur Tej Singh,1,3,1,5,5,243503,2,2,3,6,2,12,8,2,0,0,0,0,0,0,0,30,2,0,2,0,5,5,0,0,1,1,0,0,0,1,2,2,1,Primary (1–5),STANDARD,0,True,False
1912688,UTTAR PRADESH,BAREILLY,FATEHGANJ,2,,7,3,6,10,5,243001,9,2,3,0,0,0,0,0,0,8,12,0,5,0,0,25,6,1,0,5,7,7,0,0,3,3,0,0,0,2,1,2,1,Secondary (6–10),STANDARD,0,False,False
3375054,UTTAR PRADESH,BAREILLY,AONLA,2,,10,3,9,12,5,243301,9,2,3,0,0,0,0,0,0,0,0,64,83,86,81,314,10,4,0,6,15,15,0,0,4,4,2,0,0,2,1,1,1,Higher Secondary (9–12),STANDARD,0,False,True
3907989,UTTAR PRADESH,BAREILLY,BHOJIPURA,1,Khitausa,1,3,1,5,1,243202,2,2,3,8,14,4,5,10,0,0,0,0,0,0,0,41,4,3,1,0,3,1,2,0,1,1,0,0,2,1,1,1,1,Primary (1–5),STANDARD,2,True,True
2969175,UTTAR PRADESH,BAREILLY,RAMNAGAR,1,Aurangabad,1,3,1,5,1,243303,2,2,3,9,16,10,18,14,0,0,0,0,0,0,0,67,2,2,0,0,5,5,0,0,1,1,0,0,0,2,1,1,1,Primary (1–5),STANDARD,0,False,True
9993762,UTTAR PRADESH,BAREILLY,BAREILLY TOWN,2,,10,3,9,12,5,243122,9,2,3,0,0,0,0,0,0,0,0,91,73,49,61,274,5,5,0,0,20,20,0,0,0,6,4,2,0,1,1,1,1,Higher Secondary (9–12),STANDARD,0,True,True
7846948,UTTAR PRADESH,BAREILLY,BAHERI,1,Ratanpur Urf Naudandi,1,3,1,5,1,263148,2,2,3,7,4,3,4,7,0,0,0,0,0,0,0,25,3,2,1,0,2,1,1,0,1,1,0,0,0,2,1,1,2,Primary (1–5),STANDARD,1,False,True
9613335,UTTAR PRADESH,BAREILLY,RICHHA(DAMKHODA),1,Mintarpur,1,3,1,5,1,243201,2,2,3,5,6,8,26,20,0,0,0,0,0,0,0,65,4,2,2,0,5,5,0,0,1,2,0,0,2,1,1,1,1,Primary (1–5),STANDARD,0,True,True
9486045,UTTAR PRADESH,BAREILLY,VITHARI CHAINPUR,1,Urla Jagir,1,3,1,5,1,243123,2,2,3,16,18,14,27,30,0,0,0,0,0,0,0,105,4,3,1,0,4,2,2,0,1,1,0,0,2,1,1,1,2,Primary (1–5),STANDARD,2,True,True
9833299,UTTAR PRADESH,BAREILLY,MAJHGAWAN,1,Maholia,2,3,1,8,5,243302,2,2,3,9,17,32,29,21,26,20,10,0,0,0,0,164,8,6,2,0,8,8,0,0,2,2,2,3,0,1,1,1,1,Upper Primary (1–8),STANDARD,0,True,True
2405896,UTTAR PRADESH,BAREILLY,SHERGARH,1,Sahora,6,3,1,10,5,243505,2,2,3,0,0,0,0,0,0,0,0,86,83,0,0,169,4,4,0,0,14,14,0,0,3,3,0,1,0,1,1,1,1,Secondary (1–10),STANDARD,0,True,True
4403461,UTTAR PRADESH,BAREILLY,BAREILLY TOWN,2,,10,3,9,12,5,243502,9,2,3,0,0,0,0,0,0,0,0,217,194,50,76,537,12,12,0,0,24,24,0,0,2,2,2,2,10,1,1,1,1,Higher Secondary (9–12),STANDARD,0,True,True
6682533,UTTAR PRADESH,BAREILLY,FARIDPUR,1,Jerh,1,3,1,5,5,243502,2,2,3,20,16,4,7,8,0,0,0,0,0,0,0,55,3,3,0,0,5,5,0,0,2,2,0,0,0,1,1,1,1,Primary (1–5),STANDARD,0,True,True
8886464,UTTAR PRADESH,BAREILLY,BAREILLY TOWN,2,,2,3,1,8,5,243001,2,2,3,92,88,65,85,74,81,79,78,0,0,0,0,642,8,0,8,0,9,9,0,0,4,4,1,0,0,2,1,1,1,Upper Primary (1–8),STANDARD,0,False,True
4901576,UTTAR PRADESH,BAREILLY,BAHERI,1,Rajpura,6,3,1,10,97,243201,2,2,3,15,13,12,4,4,15,19,9,0,0,0,0,91,4,4,0,0,9,9,0,0,2,2,0,0,0,1,1,1,1,Secondary (1–10),STANDARD,0,True,True
6213245,UTTAR PRADESH,BAREILLY,RICHHA(DAMKHODA),1,Mundia Nabibaksha,2,3,1,8,5,243201,2,2,3,3,31,4,28,9,23,9,7,0,0,0,0,114,8,2,6,0,7,7,0,0,1,2,1,0,0,2,2,2,1,Upper Primary (1–8),STANDARD,0,False,False
6036867,UTTAR PRADESH,BAREILLY,RAMNAGAR,1,Kalyanpur Haibatour,1,3,1,5,97,243303,2,2,3,23,28,14,13,13,0,0,0,0,0,0,0,91,4,1,3,0,5,5,0,0,1,1,0,0,0,2,2,1,2,Primary (1–5),STANDARD,0,False,True
3005689,UTTAR PRADESH,BAREILLY,BAREILLY TOWN,2,,2,3,1,8,5,243122,2,2,3,0,0,10,8,5,14,4,5,0,0,0,0,46,5,5,0,0,8,8,0,0,2,2,2,0,0,1,1,1,2,Upper Primary (1–8),STANDARD,0,True,True
5318163,UTTAR PRADESH,BAREILLY,BHUTA,1,Dalpura,1,3,1,5,5,243503,2,2,3,0,5,0,2,1,0,0,0,0,0,0,0,8,2,2,0,0,4,4,0,0,1,1,0,0,0,2,2,2,2,Primary (1–5),STANDARD,0,False,False
2855687,UTTAR PRADESH,BAREILLY,MIRGANJ,2,,6,3,1,10,5,243504,2,2,3,17,13,13,9,16,76,37,56,133,121,0,0,491,12,0,12,0,10,10,0,0,4,4,0,1,0,1,1,1,1,Secondary (1–10),STANDARD,0,True,True
1157484,UTTAR PRADESH,BAREILLY,RICHHA(DAMKHODA),1,Mundia Nabibaksha,2,3,1,8,5,243201,2,2,3,28,33,27,24,24,44,38,36,0,0,0,0,254,4,3,1,0,9,9,0,0,1,3,0,0,0,2,2,2,2,Upper Primary (1–8),STANDARD,0,False,False
7981584,UTTAR PRADESH,BAREILLY,NAWABGANJ,1,Pandri Samip Baraur,1,3,1,5,5,262406,2,2,3,24,31,36,36,37,0,0,0,0,0,0,0,164,5,0,5,0,7,7,0,0,2,2,0,1,0,1,2,1,1,Primary (1–5),STANDARD,0,True,True
9604386,UTTAR PRADESH,BAREILLY,SHERGARH,1,Sahora,1,3,1,5,1,243505,2,2,3,16,10,7,16,17,0,0,0,0,0,0,0,66,4,3,1,0,5,5,0,0,1,1,0,1,2,2,1,1,2,Primary (1–5),STANDARD,0,False,True
6502026,UTTAR PRADESH,BAREILLY,FARIDPUR TOWN,2,,2,3,1,8,5,243503,1,2,3,45,48,73,60,62,53,51,37,0,0,0,0,429,4,2,2,0,8,8,0,0,2,2,0,1,0,1,1,1,1,Upper Primary (1–8),STANDARD,0,True,True
7632811,UTTAR PRADESH,BAREILLY,SHERGARH,1,Sangrampur,1,3,1,5,1,243505,2,2,3,13,8,14,21,15,0,0,0,0,0,0,0,71,3,3,0,0,4,3,0,1,1,1,0,0,2,2,1,1,1,Primary (1–5),STANDARD,1,False,True
9000441,UTTAR PRADESH,BAREILLY,NAWABGANJ,2,,5,3,6,12,5,243407,9,2,3,0,0,0,0,0,43,45,43,31,33,35,62,292,5,5,0,0,22,22,0,0,5,5,15,0,0,1,1,2,2,Higher Secondary (6–12),STANDARD,0,True,False
8720968,UTTAR PRADESH,BAREILLY,FATEHGANJ,1,Ballia,8,3,9,10,5,243502,9,2,3,0,0,0,0,0,0,0,0,0,26,0,0,26,3,1,0,2,9,9,0,0,3,3,0,0,0,2,1,2,1,Secondary (9–10),STANDARD,0,False,False
8012120,UTTAR PRADESH,BAREILLY,MAJHGAWAN,1,Bajhera,1,3,1,5,5,243001,2,2,3,45,45,41,31,43,0,0,0,0,0,0,0,205,5,5,0,0,5,5,0,0,4,2,0,0,0,2,1,1,2,Primary (1–5),STANDARD,0,False,True
7642130,UTTAR PRADESH,BAREILLY,BAREILLY TOWN,2,,1,3,1,5,5,243003,2,2,3,7,11,8,7,9,0,0,0,0,0,0,0,42,4,4,0,0,7,7,0,0,1,1,1,1,0,1,1,2,2,Primary (1–5),STANDARD,0,True,False
4337191,UTTAR PRADESH,BAREILLY,NAWABGANJ,2,,2,3,1,8,5,262406,1,2,3,15,9,10,13,9,3,5,4,0,0,0,0,68,10,0,10,0,11,11,0,0,5,4,2,1,0,1,1,2,1,Upper Primary (1–8),STANDARD,0,True,False
6697948,UTTAR PRADESH,BAREILLY,RICHHA(DAMKHODA),1,Ainthpura,2,3,1,8,5,243201,1,2,3,21,32,33,27,23,51,18,18,0,0,0,0,223,13,11,2,0,12,10,2,0,2,2,2,2,0,1,1,1,2,Upper Primary (1–8),STANDARD,2,True,True
1284600,UTTAR PRADESH,BAREILLY,VITHARI CHAINPUR,1,Bhagwatipur,1,3,1,5,5,243123,2,2,3,12,7,3,5,7,0,0,0,0,0,0,0,34,3,3,0,0,5,5,0,0,1,1,0,0,0,2,1,2,1,Primary (1–5),STANDARD,0,False,False
8679951,UTTAR PRADESH,BAREILLY,SHERGARH,1,Chathia,4,3,6,8,1,243203,9,2,3,0,0,0,0,0,62,79,53,0,0,0,0,194,6,5,0,1,8,4,0,4,1,1,0,0,2,1,1,1,1,Upper Primary (6–8),STANDARD,4,True,True
7048340,UTTAR PRADESH,BAREILLY,KYARA,1,Manpur Chikitia,2,3,1,8,1,243004,2,2,3,13,14,20,26,29,85,65,89,0,0,0,0,341,12,9,3,0,10,7,3,0,2,2,16,0,1,1,1,1,1,Upper Primary (1–8),STANDARD,3,True,True
8222731,UTTAR PRADESH,BAREILLY,NAWABGANJ,1,Udhranpur,2,3,1,8,1,243407,2,2,3,22,20,17,23,22,22,28,28,0,0,0,0,182,10,8,2,0,9,3,6,0,2,2,0,2,2,1,1,1,1,Upper Primary (1–8),STANDARD,6,True,True
1403561,UTTAR PRADESH,BAREILLY,BHOJIPURA,1,Ghunsa,4,3,6,8,1,243201,9,2,3,0,0,0,0,0,70,91,64,0,0,0,0,225,6,3,0,3,4,4,0,0,2,2,4,1,4,2,1,1,2,Upper Primary (6–8),STANDARD,0,False,True
6338390,UTTAR PRADESH,BAREILLY,MIRGANJ,1,Tatarpur,2,3,1,8,1,243504,2,2,3,21,24,28,32,23,39,23,26,0,0,0,0,216,7,6,1,0,14,10,0,4,2,2,0,0,2,2,1,1,1,Upper Primary (1–8),STANDARD,4,False,True
2892394,UTTAR PRADESH,BAREILLY,MIRGANJ,1,Thiria Kalyanpur,2,3,1,8,1,243505,2,2,3,17,16,21,28,22,23,24,22,0,0,0,0,173,8,5,3,0,7,4,3,0,1,1,0,0,2,2,1,1,2,Upper Primary (1–8),STANDARD,3,False,True
9134419,UTTAR PRADESH,BAREILLY,NAWABGANJ,1,Badhaipura Nikat Koh,2,3,1,8,1,243407,2,2,3,34,37,26,44,48,69,91,93,0,0,0,0,442,14,11,0,3,17,17,0,0,3,3,0,2,2,1,1,1,2,Upper Primary (1–8),STANDARD,0,True,True
7105510,UTTAR PRADESH,BAREILLY,BHOJIPURA,1,Sabzipur Khata,2,3,1,8,1,243001,2,2,3,15,25,7,38,23,38,50,54,0,0,0,0,250,10,7,3,0,9,6,3,0,1,1,0,2,2,2,1,1,1,Upper Primary (1–8),STANDARD,3,False,True
1462247,UTTAR PRADESH,BAREILLY,BHOJIPURA,1,Pipalsana Chaudhari (Ct),2,3,1,8,1,243202,2,2,3,34,19,30,42,55,76,98,111,0,0,0,0,465,16,13,3,0,7,5,2,0,1,1,0,2,2,1,1,1,2,Upper Primary (1–8),STANDARD,2,True,True
8906729,UTTAR PRADESH,BAREILLY,SHERGARH,1,Sahora,4,3,6,8,1,243505,9,2,3,0,0,0,0,0,38,34,39,0,0,0,0,111,5,2,3,0,6,5,0,1,2,4,0,1,2,1,1,1,2,Upper Primary (6–8),STANDARD,1,True,True
5242762,UTTAR PRADESH,BAREILLY,FARIDPUR,1,Kajrota,2,3,1,8,1,243503,2,2,3,11,18,14,29,21,50,44,42,0,0,0,0,229,6,6,0,0,9,6,1,2,3,3,0,0,2,1,1,1,2,Upper Primary (1–8),STANDARD,3,True,True
2320785,UTTAR PRADESH,BAREILLY,RAMNAGAR,2,,5,3,6,12,4,243303,9,2,3,0,0,0,0,0,136,142,176,251,266,219,256,1446,17,17,0,0,23,23,0,0,10,10,10,1,0,1,1,1,1,Higher Secondary (6–12),STANDARD,0,True,True
8078339,UTTAR PRADESH,BAREILLY,VITHARI CHAINPUR,1,Parewa Kuiyan,4,3,6,8,1,243123,9,2,3,0,0,0,0,0,29,53,38,0,0,0,0,120,2,1,1,0,3,3,0,0,1,2,0,1,2,2,1,1,1,Upper Primary (6–8),STANDARD,0,False,True
7495467,UTTAR PRADESH,BAREILLY,BHOJIPURA,1,Banjaria Jagir,1,3,1,5,97,243203,2,2,3,0,20,16,18,15,0,0,0,0,0,0,0,69,4,2,2,0,6,6,0,0,1,1,0,0,0,1,1,2,1,Primary (1–5),STANDARD,0,True,False
5739425,UTTAR PRADESH,BAREILLY,RICHHA(DAMKHODA),1,Sukatia,4,3,6,8,1,243201,9,2,3,0,0,0,0,0,8,15,11,0,0,0,0,34,1,1,0,0,4,4,0,0,1,1,0,0,0,2,1,1,1,Upper Primary (6–8),STANDARD,0,False,True
1405958,UTTAR PRADESH,BAREILLY,BAHERI,1,Sili Jagir,1,3,1,5,5,243201,2,2,3,33,37,10,16,7,0,0,0,0,0,0,0,103,5,5,0,0,8,8,0,0,2,2,1,1,1,1,2,1,1,Primary (1–5),STANDARD,0,True,True
7608425,UTTAR PRADESH,BAREILLY,KYARA,1,Kiara Mustqil,1,3,1,5,5,243001,2,2,1,0,4,0,0,0,0,0,0,0,0,0,0,4,3,3,0,0,4,4,0,0,1,1,0,0,0,2,1,2,1,Primary (1–5),STANDARD,0,False,False
9412417,UTTAR PRADESH,BAREILLY,VITHARI CHAINPUR,1,Bhartaul,1,3,1,5,1,243122,2,2,3,35,24,26,50,54,0,0,0,0,0,0,0,189,8,6,2,0,8,8,0,0,1,1,0,0,2,2,1,1,1,Primary (1–5),STANDARD,0,False,True
7264273,UTTAR PRADESH,BAREILLY,BAHERI,1,Rohaniya,1,3,1,5,1,243201,2,2,3,12,15,16,13,17,0,0,0,0,0,0,0,73,5,4,1,0,4,0,2,2,1,1,0,1,0,2,1,1,1,Primary (1–5),STANDARD,4,False,True
8204703,UTTAR PRADESH,BAREILLY,BAHERI,1,Siyatheri,1,3,1,5,1,243201,2,2,3,16,12,24,34,26,0,0,0,0,0,0,0,112,4,4,0,0,4,0,4,0,1,2,0,1,2,2,1,1,1,Primary (1–5),STANDARD,4,False,True
6071770,UTTAR PRADESH,BAREILLY,MIRGANJ,1,Gularia,1,3,1,5,1,243504,2,2,3,24,27,29,55,47,0,0,0,0,0,0,0,182,6,2,4,0,9,4,0,5,1,1,0,0,2,1,1,1,2,Primary (1–5),STANDARD,5,True,True
4586620,UTTAR PRADESH,BAREILLY,NAWABGANJ,1,Kachnara,5,3,6,12,5,243001,9,2,3,0,0,0,0,0,31,41,41,190,149,167,203,822,15,15,0,0,20,20,0,0,3,11,8,2,0,1,1,1,1,Higher Secondary (6–12),STANDARD,0,True,True
5219471,UTTAR PRADESH,BAREILLY,NAWABGANJ,1,Hardua Kifayatullah,1,3,1,5,1,262406,2,2,3,0,2,0,1,8,0,0,0,0,0,0,0,11,2,1,1,0,4,4,0,0,1,1,0,0,2,2,1,1,1,Primary (1–5),STANDARD,0,False,True
8657257,UTTAR PRADESH,BAREILLY,BHUTA,1,Ganesh Khera,1,3,1,5,1,243126,2,2,3,9,4,13,12,12,0,0,0,0,0,0,0,50,3,3,0,0,2,2,0,0,1,1,0,0,2,2,1,1,2,Primary (1–5),STANDARD,0,False,True
8318603,UTTAR PRADESH,BAREILLY,VITHARI CHAINPUR,1,Mohanpur,2,3,1,8,5,243001,2,2,3,2,9,1,2,1,5,2,2,0,0,0,0,24,5,5,0,0,8,8,0,0,1,1,0,1,0,2,1,1,1,Upper Primary (1–8),STANDARD,0,False,True
7454843,UTTAR PRADESH,BAREILLY,ALAMPUR,1,Ballia,2,3,1,8,5,243001,2,2,3,6,19,21,33,48,59,61,56,0,0,0,0,303,6,1,5,0,8,8,0,0,3,2,3,0,0,2,1,1,1,Upper Primary (1–8),STANDARD,0,False,True
3809032,UTTAR PRADESH,BAREILLY,NAWABGANJ,1,Hafiz Ganj,6,3,1,10,97,243407,2,2,3,1,1,1,0,1,14,7,1,2,0,0,0,28,3,3,0,0,10,10,0,0,1,1,0,1,0,1,1,2,2,Secondary (1–10),STANDARD,0,True,False
3002429,UTTAR PRADESH,BAREILLY,RICHHA(DAMKHODA),1,Mundia Nabibaksha,8,3,9,10,5,243201,9,2,3,0,0,0,0,0,0,0,0,40,35,0,0,75,7,6,1,0,6,6,0,0,1,1,0,0,0,2,2,2,2,Secondary (9–10),STANDARD,0,False,False
2480098,UTTAR PRADESH,BAREILLY,RICHHA(DAMKHODA),1,Karanpur,1,3,1,5,1,243203,2,2,3,13,9,15,20,17,0,0,0,0,0,0,0,74,5,5,0,0,4,2,0,2,1,1,0,0,2,2,1,1,2,Primary (1–5),STANDARD,2,False,True
5120948,UTTAR PRADESH,BAREILLY,NAWABGANJ,1,Tah,1,3,1,5,5,262406,2,2,3,17,28,34,12,13,0,0,0,0,0,0,0,104,6,4,2,0,7,7,0,0,1,1,0,0,0,2,1,1,1,Primary (1–5),STANDARD,0,False,True
6459104,UTTAR PRADESH,BAREILLY,BAHERI,1,Bhakawa,1,3,1,5,1,243201,2,2,3,1,0,0,2,4,0,0,0,0,0,0,0,7,2,1,1,0,5,3,2,0,1,1,0,0,2,1,1,1,1,Primary (1–5),STANDARD,2,True,True
8731270,UTTAR PRADESH,BAREILLY,MIRGANJ,1,Junhai Ehatmali,1,3,1,5,1,243505,2,2,3,3,4,9,7,8,0,0,0,0,0,0,0,31,2,1,1,0,5,0,5,0,1,1,0,0,2,2,1,1,1,Primary (1–5),STANDARD,5,False,True
2671511,UTTAR PRADESH,BAREILLY,BHADPURA,1,Keyolariya,1,3,1,5,5,262406,2,2,3,1,3,4,5,8,0,0,0,0,0,0,0,21,3,3,0,0,5,5,0,0,1,1,0,0,0,1,1,1,1,Primary (1–5),STANDARD,0,True,True
7849809,UTTAR PRADESH,BAREILLY,RICHHA(DAMKHODA),1,Katharra,2,3,1,8,5,243203,1,2,3,35,35,33,40,32,30,26,37,0,0,0,0,268,9,1,8,0,10,10,0,0,2,3,0,0,0,1,2,1,1,Upper Primary (1–8),STANDARD,0,True,True
3736315,UTTAR PRADESH,BAREILLY,BAHERI,1,Girdharpur,3,1,1,12,97,243001,2,2,3,2,3,1,2,4,7,3,6,13,65,44,17,167,13,13,0,0,17,17,0,0,10,0,0,0,0,1,1,2,1,Higher Secondary (1–12),STANDARD,0,True,False
5338690,UTTAR PRADESH,BAREILLY,MIRGANJ,1,Mankara,1,3,1,5,1,243504,2,2,3,21,11,26,30,37,0,0,0,0,0,0,0,125,7,4,3,0,6,5,1,0,1,1,0,0,2,1,1,1,1,Primary (1–5),STANDARD,1,True,True
8722733,UTTAR PRADESH,BAREILLY,VITHARI CHAINPUR,1,Abdullapur Mafi,1,3,1,5,1,243123,2,2,3,23,21,24,27,16,0,0,0,0,0,0,0,111,5,3,2,0,3,1,0,2,1,1,0,0,0,2,1,1,2,Primary (1–5),STANDARD,2,False,True
3937113,UTTAR PRADESH,BAREILLY,MAJHGAWAN,1,Baragaon,1,3,1,5,1,243303,2,2,3,14,7,26,30,23,0,0,0,0,0,0,0,100,5,2,3,0,4,4,0,0,1,1,0,0,2,2,1,1,2,Primary (1–5),STANDARD,0,False,True
4527427,UTTAR PRADESH,BAREILLY,MAJHGAWAN,1,Akha Atmali,1,3,1,5,5,243001,1,2,3,5,4,4,2,1,0,0,0,0,0,0,0,16,3,3,0,0,5,5,0,0,1,1,0,0,0,2,1,2,2,Primary (1–5),STANDARD,0,False,False
1735267,UTTAR PRADESH,BAREILLY,BAHERI,1,Mandanpur Janubi,1,3,1,5,1,243201,2,2,3,9,7,11,11,13,0,0,0,0,0,0,0,51,5,3,2,0,4,0,2,2,1,1,0,1,2,2,1,1,2,Primary (1–5),STANDARD,4,False,True
8152543,UTTAR PRADESH,BAREILLY,VITHARI CHAINPUR,1,Lalpur,1,3,1,5,1,243122,2,2,3,16,12,8,16,24,0,0,0,0,0,0,0,76,5,3,2,0,6,6,0,0,2,2,0,0,2,1,1,1,1,Primary (1–5),STANDARD,0,True,True
4188425,UTTAR PRADESH,BAREILLY,BHOJIPURA,1,Khajua Jagir,1,3,1,5,1,243202,2,2,3,17,18,23,17,26,0,0,0,0,0,0,0,101,3,3,0,0,4,4,0,0,2,2,0,1,2,1,1,1,2,Primary (1–5),STANDARD,0,True,True
2127293,UTTAR PRADESH,BAREILLY,BAREILLY TOWN,2,,1,3,1,5,5,243001,2,2,3,0,2,2,3,3,0,0,0,0,0,0,0,10,5,5,0,0,5,5,0,0,1,1,0,1,0,1,1,1,1,Primary (1–5),STANDARD,0,True,True
1576311,UTTAR PRADESH,BAREILLY,BHADPURA,1,Nakti Narianpur,1,3,1,5,5,262406,2,2,3,14,17,14,10,17,0,0,0,0,0,0,0,72,6,5,1,0,5,5,0,0,2,2,4,0,0,1,1,1,1,Primary (1–5),STANDARD,0,True,True
9646790,UTTAR PRADESH,BAREILLY,VITHARI CHAINPUR,1,Kalari,1,3,1,5,1,243122,2,2,3,53,52,30,56,60,0,0,0,0,0,0,0,251,12,12,0,0,7,5,2,0,1,1,0,1,2,2,1,1,2,Primary (1–5),STANDARD,2,False,True
3780454,UTTAR PRADESH,BAREILLY,VITHARI CHAINPUR,1,Mohanpur,1,3,1,5,1,243123,2,2,3,35,54,31,63,64,0,0,0,0,0,0,0,247,12,10,2,0,5,5,0,0,5,4,0,1,2,2,1,1,1,Primary (1–5),STANDARD,0,False,True
2184840,UTTAR PRADESH,BAREILLY,AONLA,2,,1,3,1,5,1,243301,2,1,3,8,6,5,9,14,0,0,0,0,0,0,0,42,1,0,1,0,0,0,0,0,1,1,0,0,0,2,1,1,2,Primary (1–5),STANDARD,0,False,True
6800354,UTTAR PRADESH,BAREILLY,KYARA,1,Kandharpur (Ct),1,3,1,5,1,243001,2,2,3,49,35,41,74,110,0,0,0,0,0,0,0,309,12,12,0,0,9,5,1,3,2,2,0,0,2,2,1,1,1,Primary (1–5),STANDARD,4,False,True
6477576,UTTAR PRADESH,BAREILLY,FARIDPUR,1,Megi Nagla,2,3,1,8,5,243122,1,2,3,21,23,36,17,20,35,16,15,0,0,0,0,183,15,13,1,1,21,21,0,0,6,8,12,0,1,1,1,1,1,Upper Primary (1–8),STANDARD,0,True,True
8646786,UTTAR PRADESH,BAREILLY,NAWABGANJ,1,Khoh,1,3,1,5,1,243407,2,2,3,17,8,8,22,15,0,0,0,0,0,0,0,70,6,4,2,0,6,4,0,2,2,3,0,0,2,1,1,1,1,Primary (1–5),STANDARD,2,True,True
8800654,UTTAR PRADESH,BAREILLY,NAWABGANJ,1,Hafiz Ganj,5,3,6,12,5,243407,9,2,3,0,0,0,0,0,54,71,56,241,250,305,416,1393,10,1,9,0,18,18,0,0,4,14,4,12,3,1,1,1,1,Higher Secondary (6–12),STANDARD,0,True,True
8350668,UTTAR PRADESH,BAREILLY,AONLA,2,,1,3,1,5,5,243301,2,2,3,11,8,25,12,25,0,0,0,0,0,0,0,81,7,7,0,0,9,9,0,0,2,2,1,0,0,1,1,1,1,Primary (1–5),STANDARD,0,True,True
4413978,UTTAR PRADESH,BAREILLY,NAWABGANJ,2,,2,3,1,8,5,262406,1,2,3,40,32,26,28,23,15,12,10,0,0,0,0,186,12,12,0,0,11,11,0,0,2,2,1,3,0,1,1,1,1,Upper Primary (1–8),STANDARD,0,True,True
9490655,UTTAR PRADESH,BAREILLY,FATEHGANJ,1,Kharseni,5,3,6,12,5,243505,9,2,3,0,0,0,0,0,14,10,9,29,63,39,60,224,10,9,1,0,12,12,0,0,3,6,0,1,0,1,2,1,1,Higher Secondary (6–12),STANDARD,0,True,True
8082375,UTTAR PRADESH,BAREILLY,BAREILLY TOWN,2,,1,3,1,5,1,243001,2,2,3,1,0,0,2,0,0,0,0,0,0,0,0,3,1,0,1,0,1,0,0,1,1,1,0,0,1,2,1,1,2,Primary (1–5),STANDARD,1,False,True
2203385,UTTAR PRADESH,BAREILLY,BHOJIPURA,1,Pardholi,2,3,1,8,5,243502,1,2,3,53,39,30,34,18,17,13,12,0,0,0,0,216,14,12,0,2,11,11,0,0,1,1,15,4,0,1,1,1,1,Upper Primary (1–8),STANDARD,0,True,True
1164397,UTTAR PRADESH,BAREILLY,BAHERI,1,Chhitaunia,2,3,1,8,5,243201,2,2,3,50,30,31,34,28,53,64,32,0,0,0,0,322,13,13,0,0,12,12,0,0,3,4,2,1,0,1,1,1,1,Upper Primary (1–8),STANDARD,0,True,True
8500896,UTTAR PRADESH,BAREILLY,RAMNAGAR,1,Daraw Nagar,1,3,1,5,1,243301,2,2,3,24,28,27,28,51,0,0,0,0,0,0,0,158,4,4,0,0,8,5,2,1,2,2,0,0,0,1,1,1,1,Primary (1–5),STANDARD,3,True,True
9925615,UTTAR PRADESH,BAREILLY,RAMNAGAR,1,Beudhan Khurd,1,3,1,5,5,243303,2,2,3,8,15,6,12,8,0,0,0,0,0,0,0,49,6,5,0,1,9,9,0,0,2,2,0,0,0,2,1,1,1,Primary (1–5),STANDARD,0,False,True
8122843,UTTAR PRADESH,BAREILLY,SHERGARH,1,Kanwar Khas,6,3,1,10,97,243505,2,2,3,2,5,4,13,4,3,5,2,4,2,0,0,44,8,4,4,0,10,10,0,0,1,2,0,0,0,2,2,1,1,Secondary (1–10),STANDARD,0,False,True
6877222,UTTAR PRADESH,BAREILLY,BAREILLY TOWN,2,,2,3,1,8,5,243502,2,2,3,0,0,11,8,5,4,2,7,0,0,0,0,37,5,5,0,0,8,8,0,0,2,2,0,0,0,1,1,2,1,Upper Primary (1–8),STANDARD,0,True,False
4570874,UTTAR PRADESH,BAREILLY,BAHERI,1,Tiyula,1,3,1,5,5,243201,2,2,3,14,12,11,12,8,0,0,0,0,0,0,0,57,3,3,0,0,5,5,0,0,1,1,0,0,0,2,2,1,2,Primary (1–5),STANDARD,0,False,True
4203187,UTTAR PRADESH,BAREILLY,BAREILLY TOWN,2,,1,3,1,5,5,243502,2,2,3,19,14,29,22,30,0,0,0,0,0,0,0,114,5,0,5,0,5,5,0,0,1,1,0,0,0,2,1,1,1,Primary (1–5),STANDARD,0,False,True
9726664,UTTAR PRADESH,BAREILLY,BHOJIPURA,1,Pachdeora Deoria,2,3,1,8,5,243202,1,2,3,132,112,96,68,95,72,56,44,0,0,0,0,675,26,2,24,0,25,25,0,0,6,5,6,6,0,1,1,1,1,Upper Primary (1–8),STANDARD,0,True,True
3244256,UTTAR PRADESH,BAREILLY,BAREILLY TOWN,2,,2,3,1,8,1,243005,2,2,3,4,9,8,27,11,21,13,10,0,0,0,0,103,3,1,0,2,7,5,2,0,1,1,0,0,0,2,1,1,2,Upper Primary (1–8),STANDARD,2,False,True
8294228,UTTAR PRADESH,BAREILLY,BHUTA,1,Faiz Nagaar,5,2,6,12,1,243503,9,2,1,0,0,0,0,0,30,33,37,23,32,13,0,168,7,0,7,0,6,6,0,0,0,10,7,0,0,1,1,1,1,Higher Secondary (6–12),STANDARD,0,True,True
4233928,UTTAR PRADESH,BAREILLY,ALAMPUR,1,Rajupur,4,3,6,8,1,243402,9,2,3,0,0,0,0,0,83,72,62,0,0,0,0,217,7,6,1,0,6,6,0,0,1,1,0,0,2,2,1,1,2,Upper Primary (6–8),STANDARD,0,False,True
1774906,UTTAR PRADESH,BAREILLY,SHERGARH,1,Basai,7,3,6,10,5,243505,9,2,3,0,0,0,0,0,21,32,31,103,124,0,0,311,6,0,1,5,14,14,0,0,2,2,0,0,0,2,1,1,1,Secondary (6–10),STANDARD,0,False,True
5943038,UTTAR PRADESH,BAREILLY,VITHARI CHAINPUR,1,Chawer,4,3,6,8,1,243122,9,2,3,0,0,0,0,0,27,20,29,0,0,0,0,76,4,4,0,0,3,0,0,3,1,1,0,0,2,1,1,1,1,Upper Primary (6–8),STANDARD,3,True,True
5485434,UTTAR PRADESH,BAREILLY,BAREILLY TOWN,2,,5,3,6,12,4,243003,9,2,3,0,0,0,0,0,32,62,55,80,95,42,33,399,21,21,0,0,16,16,0,0,2,2,0,0,0,1,1,1,1,Higher Secondary (6–12),STANDARD,0,True,True
7906935,UTTAR PRADESH,BAREILLY,BHOJIPURA,1,Dohna Pitam Rai,2,3,1,8,1,243001,2,2,3,23,28,34,42,41,85,120,42,0,0,0,0,415,15,10,5,0,8,5,0,3,2,2,0,2,2,2,1,1,1,Upper Primary (1–8),STANDARD,3,False,True
1399396,UTTAR PRADESH,BAREILLY,FATEHGANJ,2,,4,3,6,8,5,243502,9,2,3,0,0,0,0,0,11,19,15,0,0,0,0,45,3,3,0,0,3,3,0,0,3,3,1,0,0,2,1,1,2,Upper Primary (6–8),STANDARD,0,False,True
8060001,UTTAR PRADESH,BAREILLY,BAREILLY TOWN,2,,1,3,1,5,5,243002,2,2,3,29,25,27,27,30,0,0,0,0,0,0,0,138,6,6,0,0,5,5,0,0,1,1,0,1,0,1,1,1,1,Primary (1–5),STANDARD,0,True,True
5105176,UTTAR PRADESH,BAREILLY,BAREILLY TOWN,2,,2,3,1,8,5,243001,1,2,3,23,11,11,12,10,5,1,0,0,0,0,0,73,13,13,0,0,16,16,0,0,8,8,0,2,0,2,1,1,1,Upper Primary (1–8),STANDARD,0,False,True
1362056,UTTAR PRADESH,BAREILLY,MAJHGAWAN,1,Gurganwa Ahatmali,4,3,6,8,1,243303,9,2,3,0,0,0,0,0,66,55,46,0,0,0,0,167,6,3,3,0,4,4,0,0,1,1,0,0,2,1,1,1,2,Upper Primary (6–8),STANDARD,0,True,True
5550639,UTTAR PRADESH,BAREILLY,ALAMPUR,1,Dhanaura,4,3,6,8,1,243402,9,2,3,0,0,0,0,0,43,56,29,0,0,0,0,128,4,4,0,0,4,0,0,4,1,1,4,0,2,2,1,1,1,Upper Primary (6–8),STANDARD,4,False,True
5125495,UTTAR PRADESH,BAREILLY,FATEHGANJ,2,,2,3,1,8,5,243501,2,2,3,5,1,2,5,3,13,29,15,0,0,0,0,73,3,3,0,0,8,8,0,0,2,2,0,1,0,2,2,2,1,Upper Primary (1–8),STANDARD,0,False,False
4280436,UTTAR PRADESH,BAREILLY,MIRGANJ,1,Gahabara,2,3,1,8,1,243504,2,2,3,6,10,5,12,17,17,20,24,0,0,0,0,111,6,5,1,0,11,3,3,5,1,2,0,0,2,2,1,1,2,Upper Primary (1–8),STANDARD,8,False,True
7084859,UTTAR PRADESH,BAREILLY,MIRGANJ,2,,2,3,1,8,1,243504,2,2,3,20,16,18,35,27,42,35,46,0,0,0,0,239,9,7,2,0,11,5,2,4,1,1,0,0,1,1,1,1,1,Upper Primary (1–8),STANDARD,6,True,True
9576280,UTTAR PRADESH,BAREILLY,BHOJIPURA,1,Dalpatpur,8,3,9,10,1,243203,9,2,3,0,0,0,0,0,0,0,0,91,87,0,0,178,5,5,0,0,10,6,4,0,3,3,7,0,0,1,1,1,1,Secondary (9–10),STANDARD,4,True,True
8551288,UTTAR PRADESH,BAREILLY,NAWABGANJ,1,Ratnanandpur,2,3,1,8,1,262406,2,2,3,32,29,20,34,37,37,31,22,0,0,0,0,242,8,7,1,0,8,8,0,0,2,2,0,0,2,2,1,1,1,Upper Primary (1–8),STANDARD,0,False,True
9889614,UTTAR PRADESH,BAREILLY,RICHHA(DAMKHODA),2,,2,3,1,8,3,243201,2,2,3,21,24,20,15,23,22,33,24,0,0,0,0,182,8,5,3,0,8,8,0,0,1,3,2,0,0,1,1,1,1,Upper Primary (1–8),STANDARD,0,True,True
6249179,UTTAR PRADESH,BAREILLY,ALAMPUR,1,Devchara,1,3,1,5,5,243001,2,2,3,13,18,13,35,18,0,0,0,0,0,0,0,97,5,5,0,0,5,4,0,1,1,1,0,0,0,2,1,2,1,Primary (1–5),STANDARD,1,False,False
1615232,UTTAR PRADESH,BAREILLY,FARIDPUR,1,Jhada,2,3,1,8,1,243502,2,2,3,3,5,2,15,6,7,6,7,0,0,0,0,51,6,4,2,0,8,6,0,2,1,1,0,0,2,1,1,1,2,Upper Primary (1–8),STANDARD,2,True,True
4125570,UTTAR PRADESH,BAREILLY,VITHARI CHAINPUR,1,Saidpur Khajuria (Ct),4,3,6,8,1,243122,9,2,3,0,0,0,0,0,102,122,88,0,0,0,0,312,8,6,2,0,4,3,1,0,2,2,0,0,2,1,1,1,1,Upper Primary (6–8),STANDARD,1,True,True
8166960,UTTAR PRADESH,BAREILLY,BAREILLY TOWN,2,,1,3,1,5,1,243001,2,2,3,13,17,12,17,27,0,0,0,0,0,0,0,86,1,0,1,0,5,5,0,0,1,1,0,0,1,1,1,1,2,Primary (1–5),STANDARD,0,True,True
4582233,UTTAR PRADESH,BAREILLY,BAHERI,1,Dhamipur,1,3,1,5,1,243201,2,2,3,7,5,3,8,8,0,0,0,0,0,0,0,31,4,2,2,0,5,3,1,1,1,1,0,0,2,2,1,1,1,Primary (1–5),STANDARD,2,False,True
5689822,UTTAR PRADESH,BAREILLY,BHOJIPURA,1,Ghur Shamashpur,1,3,1,5,1,243202,2,2,3,26,25,31,62,58,0,0,0,0,0,0,0,202,8,7,1,0,7,5,2,0,1,1,0,1,2,1,1,1,1,Primary (1–5),STANDARD,2,True,True
1078670,UTTAR PRADESH,BAREILLY,BAHERI,1,Bhainsia,1,3,1,5,1,243201,2,2,3,1,4,2,3,6,0,0,0,0,0,0,0,16,3,2,1,0,3,2,1,0,1,1,0,0,2,2,1,1,2,Primary (1–5),STANDARD,1,False,True
7128263,UTTAR PRADESH,BAREILLY,BHOJIPURA,1,Abheypur Keshonpur,1,3,1,5,1,243202,2,2,3,32,22,15,52,74,0,0,0,0,0,0,0,195,10,8,2,0,6,1,2,3,1,1,0,0,2,1,1,1,2,Primary (1–5),STANDARD,5,True,True
3211886,UTTAR PRADESH,BAREILLY,BAREILLY TOWN,2,,1,3,1,5,5,243005,2,2,1,19,25,22,14,10,0,0,0,0,0,0,0,90,3,3,0,0,3,3,0,0,1,1,1,1,0,1,1,2,1,Primary (1–5),STANDARD,0,True,False
1311945,UTTAR PRADESH,BAREILLY,KYARA,1,Kandharpur (Ct),10,3,9,12,5,243001,9,2,3,0,0,0,0,0,0,0,0,71,56,58,75,260,8,0,8,0,15,15,0,0,1,1,5,1,0,1,1,1,1,Higher Secondary (9–12),STANDARD,0,True,True
1103887,UTTAR PRADESH,BAREILLY,BHUTA,1,Barkhera,1,3,1,5,1,243503,2,2,3,13,13,18,38,26,0,0,0,0,0,0,0,108,4,2,2,0,5,3,2,0,1,1,0,0,1,2,1,1,1,Primary (1–5),STANDARD,2,False,True
3165996,UTTAR PRADESH,BAREILLY,BAREILLY TOWN,2,,2,3,1,8,5,243005,1,1,3,22,31,15,23,20,14,14,7,0,0,0,0,146,5,1,4,0,8,8,0,0,2,1,1,1,1,1,1,1,1,Upper Primary (1–8),STANDARD,0,True,True
1171810,UTTAR PRADESH,BAREILLY,FATEHGANJ,1,Mansoor Ganj,1,3,1,5,1,243505,2,2,3,13,19,25,36,24,0,0,0,0,0,0,0,117,5,3,2,0,6,2,4,0,2,2,0,0,2,2,1,1,2,Primary (1–5),STANDARD,4,False,True
3674784,UTTAR PRADESH,BAREILLY,FATEHGANJ,1,Kanunagla,1,3,1,5,1,243505,2,2,3,6,9,4,6,5,0,0,0,0,0,0,0,30,3,1,2,0,3,1,0,2,1,1,0,0,2,2,1,1,1,Primary (1–5),STANDARD,2,False,True
1166468,UTTAR PRADESH,BAREILLY,BAHERI TOWN,2,,10,3,9,12,5,243201,9,2,3,0,0,0,0,0,0,0,0,28,33,43,43,147,8,8,0,0,12,12,0,0,6,6,1,2,0,1,1,1,1,Higher Secondary (9–12),STANDARD,0,True,True
4619320,UTTAR PRADESH,BAREILLY,MIRGANJ,1,Goola,1,3,1,5,5,243504,2,2,3,15,10,8,6,9,0,0,0,0,0,0,0,48,4,0,4,0,6,6,0,0,1,1,0,0,0,2,1,1,1,Primary (1–5),STANDARD,0,False,True
8557021,UTTAR PRADESH,BAREILLY,NAWABGANJ,1,Masit Wali Nagar,1,3,1,5,1,243407,2,2,3,12,13,9,15,15,0,0,0,0,0,0,0,64,2,2,0,0,4,0,2,2,1,1,0,1,2,1,1,1,2,Primary (1–5),STANDARD,4,True,True
8678523,UTTAR PRADESH,BAREILLY,BAREILLY TOWN,2,,1,3,1,5,5,243003,2,2,3,14,24,20,25,5,0,0,0,0,0,0,0,88,5,1,4,0,5,5,0,0,1,1,1,1,0,2,1,2,2,Primary (1–5),STANDARD,0,False,False
3209907,UTTAR PRADESH,BAREILLY,SHERGARH,1,Nurabad,1,3,1,5,1,243505,2,2,3,5,7,3,10,8,0,0,0,0,0,0,0,33,2,2,0,0,4,1,2,1,1,1,0,0,1,1,1,1,2,Primary (1–5),STANDARD,3,True,True
4304380,UTTAR PRADESH,BAREILLY,BHOJIPURA,1,Bhoji Pura,1,3,1,5,1,243202,2,2,3,32,34,33,22,30,0,0,0,0,0,0,0,151,6,4,2,0,3,3,0,0,2,2,0,1,2,1,1,1,1,Primary (1–5),STANDARD,0,True,True
3931045,UTTAR PRADESH,BAREILLY,FARIDPUR,1,Bargawan,1,3,1,5,1,243506,2,2,3,22,22,23,34,18,0,0,0,0,0,0,0,119,4,3,1,0,5,5,0,0,2,2,0,0,2,2,1,1,1,Primary (1–5),STANDARD,0,False,True
4749026,UTTAR PRADESH,BAREILLY,BAHERI,1,Utarsia Samukhiya,2,3,1,8,5,243201,2,2,3,65,46,53,47,38,29,44,34,0,0,0,0,356,8,8,0,0,17,17,0,0,4,4,0,2,0,2,1,1,1,Upper Primary (1–8),STANDARD,0,False,True
1172554,UTTAR PRADESH,BAREILLY,VITHARI CHAINPUR,1,Bhartaul,2,3,1,8,5,243123,2,2,3,1,2,0,1,2,4,0,0,0,0,0,0,10,5,5,0,0,8,4,4,0,1,2,0,1,0,2,1,1,2,Upper Primary (1–8),STANDARD,4,False,True
4736138,UTTAR PRADESH,BAREILLY,ALAMPUR,1,Shekhpur Urf Biharipur,2,3,1,8,5,243402,2,2,3,12,8,5,7,9,24,34,29,0,0,0,0,128,7,7,0,0,5,5,0,0,2,2,0,0,0,1,2,1,1,Upper Primary (1–8),STANDARD,0,True,True
6898178,UTTAR PRADESH,BAREILLY,ALAMPUR,1,Alampur Japhrabad,5,3,6,12,5,243401,9,2,3,0,0,0,0,0,31,44,51,63,63,80,85,417,9,0,9,0,13,13,0,0,1,1,1,0,0,1,1,1,1,Higher Secondary (6–12),STANDARD,0,True,True
6724298,UTTAR PRADESH,BAREILLY,RICHHA(DAMKHODA),1,Sukatia,1,3,1,5,1,243201,2,2,3,7,2,6,3,8,0,0,0,0,0,0,0,26,2,1,1,0,2,2,0,0,1,1,0,0,0,2,1,1,1,Primary (1–5),STANDARD,0,False,True
2775061,UTTAR PRADESH,BAREILLY,FATEHGANJ,1,Panthara,1,3,1,5,1,243505,2,2,3,6,5,4,17,18,0,0,0,0,0,0,0,50,4,3,1,0,5,5,0,0,1,1,0,0,0,2,1,1,1,Primary (1–5),STANDARD,0,False,True
1112802,UTTAR PRADESH,BAREILLY,RICHHA(DAMKHODA),1,Balpur,1,3,1,5,1,243202,2,2,3,20,21,12,23,22,0,0,0,0,0,0,0,98,5,3,2,0,6,5,1,0,1,1,0,0,2,2,1,1,2,Primary (1–5),STANDARD,1,False,True
9486187,UTTAR PRADESH,BAREILLY,BHOJIPURA,1,Jatawa,1,3,1,5,97,243202,2,2,3,7,0,0,0,0,0,0,0,0,0,0,0,7,5,0,5,0,5,5,0,0,1,2,0,0,0,2,2,2,1,Primary (1–5),STANDARD,0,False,False
3777511,UTTAR PRADESH,BAREILLY,VITHARI CHAINPUR,1,Balipur Ahmedpur,1,3,1,5,1,243123,2,2,3,12,12,7,12,14,0,0,0,0,0,0,0,57,3,3,0,0,2,2,0,0,1,1,0,0,2,2,1,1,2,Primary (1–5),STANDARD,0,False,True
2197274,UTTAR PRADESH,BAREILLY,SHERGARH,1,Nagla,1,3,1,5,97,243203,2,2,3,3,5,6,12,12,0,0,0,0,0,0,0,38,6,6,0,0,4,4,0,0,1,1,0,0,0,1,2,1,1,Primary (1–5),STANDARD,0,True,True
3280866,UTTAR PRADESH,BAREILLY,ALAMPUR,1,Chigari Wal Kishanpur,1,3,1,5,1,243401,2,2,3,5,4,8,11,11,0,0,0,0,0,0,0,39,4,3,1,0,5,3,2,0,1,1,0,0,2,2,1,1,2,Primary (1–5),STANDARD,2,False,True
8233516,UTTAR PRADESH,BAREILLY,BHUTA,1,Faiz Nagaar,1,3,1,5,5,243503,2,2,3,21,10,17,10,9,0,0,0,0,0,0,0,67,2,2,0,0,5,5,0,0,1,1,0,0,0,2,2,2,2,Primary (1–5),STANDARD,0,False,False
6990867,UTTAR PRADESH,BAREILLY,MAJHGAWAN,1,Rampura Khurd,4,3,6,8,5,243002,9,2,3,0,0,0,0,0,57,48,67,0,0,0,0,172,4,4,0,0,4,4,0,0,3,2,2,0,0,1,1,1,1,Upper Primary (6–8),STANDARD,0,True,True
3200743,UTTAR PRADESH,BAREILLY,MAJHGAWAN,1,Atarchedi,1,3,1,5,1,243302,2,1,3,7,10,5,22,18,0,0,0,0,0,0,0,62,6,3,3,0,0,0,0,0,1,1,0,0,2,2,2,1,2,Primary (1–5),STANDARD,0,False,True
9689711,UTTAR PRADESH,BAREILLY,FARIDPUR,1,Behra,1,3,1,5,1,243503,2,2,3,14,15,12,20,20,0,0,0,0,0,0,0,81,3,3,0,0,7,6,1,0,1,1,0,0,2,2,1,1,1,Primary (1–5),STANDARD,1,False,True
3521841,UTTAR PRADESH,BAREILLY,BAREILLY TOWN,2,,2,3,1,8,5,243502,2,2,3,0,0,10,19,3,3,2,2,0,0,0,0,39,5,5,0,0,8,8,0,0,1,1,0,0,0,1,1,2,2,Upper Primary (1–8),STANDARD,0,True,False
3691828,UTTAR PRADESH,BAREILLY,SHERGARH,1,Ghatgaon,1,3,1,5,1,243505,2,2,3,7,9,18,16,13,0,0,0,0,0,0,0,63,4,3,1,0,6,2,3,1,1,1,0,0,0,2,3,1,2,Primary (1–5),STANDARD,4,False,True
7555033,UTTAR PRADESH,BAREILLY,MIRGANJ,2,,1,3,1,5,5,243504,2,2,3,35,15,29,17,18,0,0,0,0,0,0,0,114,6,0,6,0,13,13,0,0,1,1,1,0,0,2,3,2,1,Primary (1–5),STANDARD,0,False,False
2408708,UTTAR PRADESH,BAREILLY,NAWABGANJ,1,Baraur,1,3,1,5,1,262406,2,2,3,32,32,27,47,36,0,0,0,0,0,0,0,174,4,3,1,0,1,0,0,1,1,2,0,0,2,1,1,1,2,Primary (1–5),STANDARD,1,True,True
2807888,UTTAR PRADESH,BAREILLY,BHADPURA,1,Kuinya Ram Sahai,1,3,1,5,1,262406,2,2,3,6,1,4,7,3,0,0,0,0,0,0,0,21,2,1,1,0,3,0,1,2,1,1,0,0,2,2,1,1,1,Primary (1–5),STANDARD,3,False,True
1640509,UTTAR PRADESH,BAREILLY,RICHHA(DAMKHODA),1,Bhupatpur,2,3,1,8,5,243001,2,2,3,0,9,6,12,9,8,10,25,0,0,0,0,79,5,0,3,2,10,10,0,0,1,1,0,0,0,2,2,1,2,Upper Primary (1–8),STANDARD,0,False,True
4726926,UTTAR PRADESH,BAREILLY,KYARA,1,Chaneta,3,3,1,12,5,243001,1,2,3,8,5,13,3,8,11,10,13,90,92,43,67,363,10,8,2,0,12,12,0,0,2,2,10,0,0,1,1,2,1,Higher Secondary (1–12),STANDARD,0,True,False
6228096,UTTAR PRADESH,BAREILLY,KYARA,1,Kargaina,1,3,1,5,1,243001,2,2,3,26,34,36,49,46,0,0,0,0,0,0,0,191,8,6,2,0,5,5,0,0,2,3,0,0,2,2,1,1,2,Primary (1–5),STANDARD,0,False,True
8188852,UTTAR PRADESH,BAREILLY,SHERGARH,1,Jaferpur,1,3,1,5,97,243505,2,2,3,2,8,17,10,4,0,0,0,0,0,0,0,41,4,0,4,0,9,9,0,0,3,3,0,0,0,2,1,2,2,Primary (1–5),STANDARD,0,False,False
7848536,UTTAR PRADESH,BAREILLY,BHOJIPURA,1,Dohna Pitam Rai,3,3,1,12,5,243202,1,2,3,37,37,27,25,24,20,21,28,83,135,229,285,951,28,0,28,0,24,24,0,0,4,4,22,0,0,1,1,1,1,Higher Secondary (1–12),STANDARD,0,True,True
7699750,UTTAR PRADESH,BAREILLY,RICHHA(DAMKHODA),2,,4,3,6,8,5,243201,9,2,3,0,0,0,0,0,16,5,3,0,0,0,0,24,7,0,7,0,10,10,0,0,2,1,0,0,0,2,1,2,1,Upper Primary (6–8),STANDARD,0,False,False
3289772,UTTAR PRADESH,BAREILLY,SHERGARH,1,Shahpur,3,3,1,12,5,243505,1,2,3,60,37,50,41,38,43,42,33,122,205,70,105,846,24,21,0,3,24,24,0,0,4,5,27,2,2,1,1,1,1,Higher Secondary (1–12),STANDARD,0,True,True
5250038,UTTAR PRADESH,BAREILLY,BAHERI,1,Murarpur Urf Murchaura,1,3,1,5,1,243001,2,2,3,10,8,6,11,7,0,0,0,0,0,0,0,42,2,2,0,0,4,4,0,0,1,1,0,0,2,1,1,1,1,Primary (1–5),STANDARD,0,True,True
6146677,UTTAR PRADESH,BAREILLY,MIRGANJ,1,Anandpur,4,3,6,8,1,243505,9,2,3,0,0,0,0,0,32,40,38,0,0,0,0,110,3,3,0,0,3,0,0,3,1,2,0,0,2,2,1,1,1,Upper Primary (6–8),STANDARD,3,False,True
9957892,UTTAR PRADESH,BAREILLY,BHUTA,1,Khateli,4,3,6,8,1,243503,9,2,3,0,0,0,0,0,127,96,69,0,0,0,0,292,3,2,0,1,4,4,0,0,1,2,0,0,2,2,1,1,1,Upper Primary (6–8),STANDARD,0,False,True
7887539,UTTAR PRADESH,BAREILLY,VITHARI CHAINPUR,1,Khajuria Zulfiqar,2,3,1,8,1,243122,2,2,3,20,16,18,35,30,51,39,37,0,0,0,0,246,11,6,3,2,10,10,0,0,2,2,0,0,2,2,1,1,1,Upper Primary (1–8),STANDARD,0,False,True
9097753,UTTAR PRADESH,BAREILLY,RICHHA(DAMKHODA),1,Khara Ramnagar,1,3,1,5,5,243203,2,2,3,16,18,19,12,13,0,0,0,0,0,0,0,78,6,6,0,0,8,8,0,0,4,4,1,6,1,1,1,2,1,Primary (1–5),STANDARD,0,True,False
4512763,UTTAR PRADESH,BAREILLY,MAJHGAWAN,1,Peparia Uprala,2,3,1,8,1,243201,2,2,3,14,11,10,18,18,18,18,16,0,0,0,0,123,5,4,1,0,9,5,0,4,1,2,0,0,2,1,1,1,1,Upper Primary (1–8),STANDARD,4,True,True
4573348,UTTAR PRADESH,BAREILLY,BHUTA,1,Rampur Pravin,4,3,6,8,1,243503,9,2,3,0,0,0,0,0,24,20,23,0,0,0,0,67,3,3,0,0,4,0,2,2,1,1,0,0,2,2,1,1,1,Upper Primary (6–8),STANDARD,4,False,True
7014835,UTTAR PRADESH,BAREILLY,MAJHGAWAN,1,Nauhara Hasanpur,4,3,6,8,1,243302,9,2,3,0,0,0,0,0,32,42,33,0,0,0,0,107,3,3,0,0,4,0,4,0,2,2,0,0,2,2,1,1,2,Upper Primary (6–8),STANDARD,4,False,True
3985022,UTTAR PRADESH,BAREILLY,MIRGANJ,1,Masihabad,4,3,6,8,1,243504,9,2,3,0,0,0,0,0,11,15,19,0,0,0,0,45,2,2,0,0,4,0,0,4,1,1,0,0,2,2,1,1,1,Upper Primary (6–8),STANDARD,4,False,True
7311997,UTTAR PRADESH,BAREILLY,SHERGARH,1,Basudharan Jagir,4,3,6,8,1,243203,9,2,3,0,0,0,0,0,14,27,16,0,0,0,0,57,3,3,0,0,4,0,3,1,1,1,0,1,2,2,1,1,1,Upper Primary (6–8),STANDARD,4,False,True
6351945,UTTAR PRADESH,BAREILLY,BHADPURA,1,Panwaria Illaka Jalalpur,2,3,1,8,1,262406,2,2,3,10,6,8,16,8,36,56,35,0,0,0,0,175,7,5,2,0,7,0,4,3,2,2,0,0,2,2,1,1,1,Upper Primary (1–8),STANDARD,7,False,True
7649282,UTTAR PRADESH,BAREILLY,BHOJIPURA,1,Akhtiarpur,2,3,1,8,1,243202,2,2,3,4,4,6,12,3,18,24,17,0,0,0,0,88,5,5,0,0,7,2,5,0,1,1,0,2,2,1,1,1,1,Upper Primary (1–8),STANDARD,5,True,True
5935854,UTTAR PRADESH,BAREILLY,SHERGARH,1,Bunchi,2,3,1,8,1,243505,2,2,3,11,11,17,18,20,39,28,19,0,0,0,0,163,7,6,1,0,10,10,0,0,2,2,0,2,2,1,1,1,2,Upper Primary (1–8),STANDARD,0,True,True
3098723,UTTAR PRADESH,BAREILLY,BHOJIPURA,1,Pachdeora Kalan,2,3,1,8,1,243202,2,2,3,18,8,10,16,16,27,38,24,0,0,0,0,157,7,7,0,0,7,6,1,0,2,2,0,2,2,1,1,1,1,Upper Primary (1–8),STANDARD,1,True,True
1142040,UTTAR PRADESH,BAREILLY,ALAMPUR,1,Ballia,5,3,6,12,4,243402,9,2,3,0,0,0,0,0,126,113,104,260,273,148,143,1167,21,21,0,0,10,10,0,0,3,3,2,0,0,1,1,2,1,Higher Secondary (6–12),STANDARD,0,True,False
3604435,UTTAR PRADESH,BAREILLY,BHADPURA,1,Bilas Nagar,4,3,6,8,1,262406,9,2,3,0,0,0,0,0,51,71,57,0,0,0,0,179,5,4,1,0,3,0,0,3,1,1,0,0,0,2,1,1,1,Upper Primary (6–8),STANDARD,3,False,True
2929344,UTTAR PRADESH,BAREILLY,RICHHA(DAMKHODA),1,Kanman,1,3,1,5,5,243203,2,2,3,18,17,17,16,3,0,0,0,0,0,0,0,71,5,2,3,0,8,7,1,0,3,3,0,0,0,2,1,1,1,Primary (1–5),STANDARD,1,False,True
6335811,UTTAR PRADESH,BAREILLY,BHOJIPURA,1,Faridapur Ramcharan,2,3,1,8,1,243202,2,2,3,21,12,18,27,26,44,40,51,0,0,0,0,239,13,9,4,0,7,3,0,4,2,2,1,0,2,1,1,1,2,Upper Primary (1–8),STANDARD,4,True,True
4529923,UTTAR PRADESH,BAREILLY,ALAMPUR,1,Aspur,2,3,1,8,5,243001,2,2,3,27,62,44,48,52,34,47,42,0,0,0,0,356,9,0,9,0,8,8,0,0,2,2,1,1,0,1,1,1,1,Upper Primary (1–8),STANDARD,0,True,True
3905867,UTTAR PRADESH,BAREILLY,BAREILLY TOWN,2,,1,3,1,5,5,243005,2,2,3,1,0,3,5,0,0,0,0,0,0,0,0,9,3,3,0,0,5,5,0,0,1,1,1,0,0,2,2,2,1,Primary (1–5),STANDARD,0,False,False
4419539,UTTAR PRADESH,BAREILLY,BHUTA,1,Mehtarpur Tej Singh,2,3,1,8,97,243503,2,2,3,4,3,14,6,10,30,25,15,0,0,0,0,107,6,2,4,0,9,9,0,0,1,1,1,2,2,1,1,1,1,Upper Primary (1–8),STANDARD,0,True,True
8182464,UTTAR PRADESH,BAREILLY,BHOJIPURA,1,Pipalsana Chaudhari (Ct),2,3,1,8,5,243001,2,2,3,0,0,6,8,1,29,78,23,0,0,0,0,145,3,1,2,0,8,8,0,0,2,1,3,0,0,1,1,2,1,Upper Primary (1–8),STANDARD,0,True,False
1347911,UTTAR PRADESH,BAREILLY,VITHARI CHAINPUR,2,,5,3,6,12,4,243122,9,2,3,0,0,0,0,0,190,250,281,502,559,544,536,2862,26,23,3,0,20,20,0,0,10,9,2,0,0,1,1,1,1,Higher Secondary (6–12),STANDARD,0,True,True
3499619,UTTAR PRADESH,BAREILLY,RICHHA(DAMKHODA),1,Gaurikhera,4,3,6,8,1,243201,9,2,3,0,0,0,0,0,9,5,7,0,0,0,0,21,0,0,0,0,3,1,1,1,1,1,0,0,0,2,1,1,1,Upper Primary (6–8),STANDARD,2,False,True
4315090,UTTAR PRADESH,BAREILLY,ALAMPUR,1,Kusari,2,3,1,8,1,243401,2,2,3,9,9,8,21,17,45,60,43,0,0,0,0,212,7,6,1,0,8,8,0,0,2,2,0,0,2,2,1,1,1,Upper Primary (1–8),STANDARD,0,False,True
3887858,UTTAR PRADESH,BAREILLY,BAREILLY TOWN,2,,1,3,1,5,1,243001,2,2,3,4,3,5,7,7,0,0,0,0,0,0,0,26,1,1,0,0,3,2,0,1,2,1,0,0,1,1,1,1,2,Primary (1–5),STANDARD,1,True,True
4019415,UTTAR PRADESH,BAREILLY,RICHHA(DAMKHODA),1,Musapur Urf Ghatgawn,1,3,1,5,1,243201,2,2,3,9,6,2,13,10,0,0,0,0,0,0,0,40,4,2,2,0,5,5,0,0,1,1,0,0,2,2,1,1,1,Primary (1–5),STANDARD,0,False,True
1849851,UTTAR PRADESH,BAREILLY,KYARA,1,Bichra Balkishanpur,1,3,1,5,1,243302,2,2,3,3,6,4,15,11,0,0,0,0,0,0,0,39,3,2,1,0,3,0,0,3,1,1,0,0,2,1,1,1,2,Primary (1–5),STANDARD,3,True,True
1119272,UTTAR PRADESH,BAREILLY,BAREILLY TOWN,2,,2,3,1,8,5,243003,1,2,3,0,0,1,3,3,0,1,0,0,0,0,0,8,8,8,0,0,12,12,0,0,1,1,2,3,0,1,1,1,1,Upper Primary (1–8),STANDARD,0,True,True
2052288,UTTAR PRADESH,BAREILLY,BAHERI TOWN,2,,10,3,9,12,5,243201,9,2,3,0,0,0,0,0,0,0,0,63,45,49,63,220,15,14,1,0,16,16,0,0,7,5,10,2,0,1,1,1,1,Higher Secondary (9–12),STANDARD,0,True,True
3802284,UTTAR PRADESH,BAREILLY,NAWABGANJ,1,Shahpur Jisukharai,1,3,1,5,1,262406,2,2,3,12,12,11,20,19,0,0,0,0,0,0,0,74,6,3,3,0,4,3,1,0,1,1,0,0,2,2,1,1,1,Primary (1–5),STANDARD,1,False,True
8341083,UTTAR PRADESH,BAREILLY,BHUTA,1,Barkhera,1,3,1,5,1,243503,2,2,3,15,6,10,19,23,0,0,0,0,0,0,0,73,3,3,0,0,5,3,0,2,1,1,0,0,1,2,1,1,1,Primary (1–5),STANDARD,2,False,True
9140456,UTTAR PRADESH,BAREILLY,MIRGANJ,1,Narkhera,1,3,1,5,1,243505,2,2,3,7,2,8,3,10,0,0,0,0,0,0,0,30,2,2,0,0,3,0,3,0,1,2,0,0,2,2,1,1,2,Primary (1–5),STANDARD,3,False,True
2549040,UTTAR PRADESH,BAREILLY,BAREILLY TOWN,2,,1,3,1,5,1,243001,2,2,3,2,2,2,1,1,0,0,0,0,0,0,0,8,1,0,1,0,1,0,0,1,2,2,0,0,0,2,1,2,2,Primary (1–5),STANDARD,1,False,False
6103321,UTTAR PRADESH,BAREILLY,BHUTA,1,Sunha,1,3,1,5,1,243503,2,2,3,18,17,29,51,48,0,0,0,0,0,0,0,163,6,4,2,0,4,4,0,0,1,1,0,0,0,1,1,1,1,Primary (1–5),STANDARD,0,True,True
9023034,UTTAR PRADESH,BAREILLY,MAJHGAWAN,1,Bajhera,1,3,1,5,1,243302,2,2,3,12,10,19,17,29,0,0,0,0,0,0,0,87,5,3,2,0,3,3,0,0,1,1,0,0,2,1,1,1,1,Primary (1–5),STANDARD,0,True,True
9103905,UTTAR PRADESH,BAREILLY,MAJHGAWAN,1,Bhoora,1,3,1,5,1,243302,2,2,3,14,8,7,17,8,0,0,0,0,0,0,0,54,3,2,1,0,4,3,1,0,1,1,0,0,2,2,1,1,1,Primary (1–5),STANDARD,1,False,True
2265826,UTTAR PRADESH,BAREILLY,VITHARI CHAINPUR,1,Gopalpur Nagaria Anoop,1,3,1,5,1,243123,2,2,3,11,7,10,11,8,0,0,0,0,0,0,0,47,4,2,2,0,6,2,0,4,1,1,0,0,0,2,1,1,1,Primary (1–5),STANDARD,4,False,True
9323289,UTTAR PRADESH,BAREILLY,NAWABGANJ,1,Mujhena Santosh,10,3,9,12,5,262406,9,2,3,0,0,0,0,0,0,0,0,95,130,108,141,474,6,5,1,0,10,10,0,0,2,4,2,0,0,2,2,1,1,Higher Secondary (9–12),STANDARD,0,False,True
7182315,UTTAR PRADESH,BAREILLY,BAREILLY TOWN,2,,3,3,1,12,5,243122,1,2,3,57,59,51,49,35,25,32,29,16,10,6,0,369,27,1,24,2,27,27,0,0,4,5,10,0,0,1,1,1,1,Higher Secondary (1–12),STANDARD,0,True,True
1026055,UTTAR PRADESH,BAREILLY,RICHHA(DAMKHODA),2,,1,3,1,5,1,243203,2,2,3,33,20,21,42,44,0,0,0,0,0,0,0,160,8,5,3,0,2,2,0,0,1,2,0,1,2,1,1,1,2,Primary (1–5),STANDARD,0,True,True
1012417,UTTAR PRADESH,BAREILLY,ALAMPUR,1,Malgawan,1,3,1,5,1,243301,2,2,3,11,9,18,7,16,0,0,0,0,0,0,0,61,4,3,1,0,2,2,0,0,1,1,0,0,2,2,1,1,1,Primary (1–5),STANDARD,0,False,True
9877463,UTTAR PRADESH,BAREILLY,VITHARI CHAINPUR,1,Nagaria Kalan,1,3,1,5,1,243002,2,2,3,26,27,34,51,43,0,0,0,0,0,0,0,181,9,7,2,0,2,2,0,0,1,1,0,1,2,2,1,1,2,Primary (1–5),STANDARD,0,False,True
7203958,UTTAR PRADESH,BAREILLY,BAHERI TOWN,2,,1,3,1,5,5,243201,2,2,3,13,7,1,4,6,0,0,0,0,0,0,0,31,4,4,0,0,5,5,0,0,1,1,0,0,0,2,1,1,1,Primary (1–5),STANDARD,0,False,True
6298619,UTTAR PRADESH,BAREILLY,SHERGARH,1,Sarai,8,3,9,10,5,243505,9,2,3,0,0,0,0,0,0,0,0,235,256,0,0,491,9,9,0,0,10,10,0,0,2,3,0,1,0,1,2,1,1,Secondary (9–10),STANDARD,0,True,True
1956395,UTTAR PRADESH,BAREILLY,MIRGANJ,1,Shamashpur,2,3,1,8,5,243504,2,2,3,27,10,18,23,26,28,29,14,0,0,0,0,175,8,1,7,0,9,6,2,1,1,1,0,1,0,1,1,1,1,Upper Primary (1–8),STANDARD,3,True,True
3635771,UTTAR PRADESH,BAREILLY,NAWABGANJ,1,Chaman Nagaria,1,3,1,5,1,262406,2,2,3,47,36,33,17,12,0,0,0,0,0,0,0,145,5,3,2,0,5,4,1,0,1,1,0,1,2,2,1,1,2,Primary (1–5),STANDARD,1,False,True
5129739,UTTAR PRADESH,BAREILLY,BAHERI,1,Patparagunj,1,3,1,5,1,243201,2,2,3,8,4,6,4,7,0,0,0,0,0,0,0,29,2,2,0,0,2,2,0,0,2,2,0,0,2,2,1,1,1,Primary (1–5),STANDARD,0,False,True
1229070,UTTAR PRADESH,BAREILLY,RICHHA(DAMKHODA),1,Ataria,1,3,1,5,1,243202,2,2,3,15,9,15,17,17,0,0,0,0,0,0,0,73,2,2,0,0,5,5,0,0,1,1,0,0,2,2,1,1,2,Primary (1–5),STANDARD,0,False,True
1272672,UTTAR PRADESH,BAREILLY,FARIDPUR TOWN,2,,6,3,1,10,97,243503,2,2,3,0,6,6,2,0,1,0,0,0,0,0,0,15,2,2,0,0,6,6,0,0,2,2,0,2,0,2,1,2,1,Secondary (1–10),STANDARD,0,False,False
8072684,UTTAR PRADESH,BAREILLY,FARIDPUR TOWN,2,,1,3,1,5,5,243503,2,2,3,6,9,10,10,13,0,0,0,0,0,0,0,48,2,2,0,0,5,5,0,0,1,1,0,0,0,1,3,1,2,Primary (1–5),STANDARD,0,True,True
6108789,UTTAR PRADESH,BAREILLY,BAREILLY TOWN,2,,10,3,9,12,5,243006,9,2,3,0,0,0,0,0,0,0,0,103,95,32,41,271,12,12,0,0,11,11,0,0,3,3,2,1,0,1,1,1,1,Higher Secondary (9–12),STANDARD,0,True,True
2440595,UTTAR PRADESH,BAREILLY,MIRGANJ,1,Pahuncha Khurd,2,3,1,8,5,243504,2,2,3,36,33,29,34,52,40,48,42,0,0,0,0,314,12,9,3,0,12,12,0,0,4,4,1,0,0,1,1,2,1,Upper Primary (1–8),STANDARD,0,True,False
2476720,UTTAR PRADESH,BAREILLY,BHADPURA,1,Barsia,1,3,1,5,5,262406,2,2,3,4,11,10,12,14,0,0,0,0,0,0,0,51,3,3,0,0,3,3,0,0,1,1,0,0,0,2,1,2,1,Primary (1–5),STANDARD,0,False,False
4460882,UTTAR PRADESH,BAREILLY,KYARA,1,Chaneta,2,3,1,8,5,243001,2,2,3,0,0,0,0,0,41,51,36,0,0,0,0,128,4,2,0,2,9,9,0,0,1,1,0,1,0,2,1,2,1,Upper Primary (1–8),STANDARD,0,False,False
8430610,UTTAR PRADESH,BAREILLY,BAHERI,1,Bhairpura,2,3,1,8,5,243201,1,2,3,25,38,21,30,20,15,10,14,0,0,0,0,173,16,16,0,0,8,8,0,0,7,4,7,1,0,1,1,1,1,Upper Primary (1–8),STANDARD,0,True,True
2846551,UTTAR PRADESH,BAREILLY,NAWABGANJ,1,Shahpur Inayatullah,1,3,1,5,5,262406,1,2,3,3,4,11,22,15,0,0,0,0,0,0,0,55,5,0,5,0,5,5,0,0,1,1,0,0,0,2,1,1,1,Primary (1–5),STANDARD,0,False,True
1395178,UTTAR PRADESH,BAREILLY,ALAMPUR,1,,1,3,1,5,5,243402,2,2,3,14,11,27,13,12,0,0,0,0,0,0,0,77,5,5,0,0,1,1,0,0,1,1,1,0,0,1,2,1,2,Primary (1–5),STANDARD,0,True,True
6812930,UTTAR PRADESH,BAREILLY,FATEHGANJ,1,Badshah Nagar,1,3,1,5,1,243502,2,2,3,48,35,53,55,61,0,0,0,0,0,0,0,252,9,7,2,0,5,5,0,0,2,3,0,1,2,2,1,1,1,Primary (1–5),STANDARD,0,False,True
9787018,UTTAR PRADESH,BAREILLY,MIRGANJ,2,,1,3,1,5,1,243504,2,2,3,25,15,29,24,31,0,0,0,0,0,0,0,124,4,3,1,0,6,0,1,5,1,1,0,0,2,2,1,1,2,Primary (1–5),STANDARD,6,False,True
1689381,UTTAR PRADESH,BAREILLY,SHERGARH,1,Kabra Kishanpur,1,3,1,5,5,243505,2,2,3,0,0,0,4,4,0,0,0,0,0,0,0,8,4,3,1,0,5,5,0,0,1,1,0,0,0,2,2,1,2,Primary (1–5),STANDARD,0,False,True
5276181,UTTAR PRADESH,BAREILLY,SHERGARH,2,,7,3,6,10,5,243505,9,2,3,0,0,0,0,0,21,21,22,48,43,0,0,155,6,5,1,0,5,5,0,0,2,2,1,1,0,2,1,1,1,Secondary (6–10),STANDARD,0,False,True
6900814,UTTAR PRADESH,BAREILLY,VITHARI CHAINPUR,1,Saidpur Khajuria (Ct),1,3,1,5,1,243123,2,2,3,43,91,63,108,97,0,0,0,0,0,0,0,402,14,12,2,0,7,6,0,1,2,5,0,0,2,2,1,1,2,Primary (1–5),STANDARD,1,False,True
9364385,UTTAR PRADESH,BAREILLY,MIRGANJ,1,Balpura,1,3,1,5,1,243504,2,2,3,16,9,15,17,27,0,0,0,0,0,0,0,84,3,2,1,0,5,5,0,0,1,1,0,0,0,1,1,1,1,Primary (1–5),STANDARD,0,True,True
4980365,UTTAR PRADESH,BAREILLY,BHOJIPURA,1,Chaupara Janubi,1,3,1,5,5,243202,2,2,3,11,4,9,7,8,0,0,0,0,0,0,0,39,3,3,0,0,5,5,0,0,1,1,0,0,0,2,1,1,2,Primary (1–5),STANDARD,0,False,True
8896515,UTTAR PRADESH,BAREILLY,KYARA,1,Dhaneti Kharagpur,1,3,1,5,5,243001,2,2,3,19,19,17,16,12,0,0,0,0,0,0,0,83,7,7,0,0,5,5,0,0,1,1,0,0,0,2,1,1,2,Primary (1–5),STANDARD,0,False,True
4433944,UTTAR PRADESH,BAREILLY,NAWABGANJ,1,Richhola Chowdhry,2,3,1,8,5,262406,2,2,3,39,9,15,23,10,15,8,10,0,0,0,0,129,11,11,0,0,14,14,0,0,4,4,5,2,1,1,1,1,1,Upper Primary (1–8),STANDARD,0,True,True
5820925,UTTAR PRADESH,BAREILLY,BAREILLY TOWN,2,,2,3,1,8,5,243001,2,2,3,45,40,19,36,28,27,28,13,0,0,0,0,236,13,13,0,0,8,8,0,0,4,4,4,1,0,2,1,1,1,Upper Primary (1–8),STANDARD,0,False,True
7634361,UTTAR PRADESH,BAREILLY,BAREILLY TOWN,2,,2,3,1,8,5,243001,2,2,3,17,9,8,1,2,8,3,1,0,0,0,0,49,7,7,0,0,9,9,0,0,1,1,1,1,0,2,1,2,2,Upper Primary (1–8),STANDARD,0,False,False
3054089,UTTAR PRADESH,BAREILLY,ALAMPUR,1,Ghilaora,1,3,1,5,5,243402,2,2,3,8,13,6,11,8,0,0,0,0,0,0,0,46,5,5,0,0,7,7,0,0,2,1,0,0,0,2,2,2,1,Primary (1–5),STANDARD,0,False,False
8479519,UTTAR PRADESH,BAREILLY,BAREILLY TOWN,2,,2,3,1,8,5,243122,1,2,2,31,26,24,20,10,7,10,5,0,0,0,0,133,11,11,0,0,12,12,0,0,2,3,8,2,0,1,1,1,2,Upper Primary (1–8),STANDARD,0,True,True
6788260,UTTAR PRADESH,BAREILLY,VITHARI CHAINPUR,1,Balipur Ahmedpur,3,3,1,12,5,243123,1,2,3,48,33,23,35,32,31,24,9,24,0,0,0,259,25,24,1,0,12,12,0,0,4,6,44,1,0,1,1,1,1,Higher Secondary (1–12),STANDARD,0,True,True
5961606,UTTAR PRADESH,BAREILLY,NAWABGANJ,1,Hardua Kifayatullah,2,3,1,8,5,243407,1,2,3,45,40,38,25,26,29,19,20,0,0,0,0,242,23,23,0,0,15,15,0,0,7,7,40,0,0,1,1,1,1,Upper Primary (1–8),STANDARD,0,True,True
2141107,UTTAR PRADESH,BAREILLY,FARIDPUR,1,Rajau Paraspur,1,3,1,5,1,243503,2,2,3,12,11,11,20,11,0,0,0,0,0,0,0,65,5,3,2,0,5,4,1,0,3,3,0,0,2,2,1,1,1,Primary (1–5),STANDARD,1,False,True
2070155,UTTAR PRADESH,BAREILLY,SHERGARH,1,Rahpura Ghanshyam,1,3,1,5,5,243203,2,2,3,4,2,1,1,0,0,0,0,0,0,0,0,8,3,0,3,0,6,6,0,0,1,1,0,0,0,2,1,1,2,Primary (1–5),STANDARD,0,False,True
5948186,UTTAR PRADESH,BAREILLY,AONLA,2,,2,3,1,8,5,243301,2,2,3,50,48,53,44,66,49,60,56,0,0,0,0,426,6,0,0,6,8,8,0,0,2,3,0,0,0,1,1,1,1,Upper Primary (1–8),STANDARD,0,True,True
5342779,UTTAR PRADESH,BAREILLY,SHERGARH,1,Bisalpur,2,3,1,8,5,243505,2,2,3,11,33,12,14,18,17,24,20,0,0,0,0,149,7,5,0,2,10,10,0,0,1,1,1,1,0,1,2,2,1,Upper Primary (1–8),STANDARD,0,True,False
3600742,UTTAR PRADESH,BAREILLY,BAREILLY TOWN,2,,4,3,6,8,1,243001,9,2,3,0,0,0,0,0,16,30,36,0,0,0,0,82,2,2,0,0,4,4,0,0,1,1,0,0,0,2,1,1,2,Upper Primary (6–8),STANDARD,0,False,True
8136681,UTTAR PRADESH,BAREILLY,MIRGANJ,1,Diosas,5,3,6,12,5,243504,9,2,3,0,0,0,0,0,51,49,51,159,149,103,128,690,9,8,0,1,9,9,0,0,6,4,11,1,0,2,1,1,1,Higher Secondary (6–12),STANDARD,0,False,True
6579148,UTTAR PRADESH,BAREILLY,BHOJIPURA,1,Chakdaha Bhagautipur,2,3,1,8,1,243202,2,2,3,47,48,25,48,34,74,63,73,0,0,0,0,412,11,8,2,1,14,10,0,4,2,2,0,1,2,2,1,1,1,Upper Primary (1–8),STANDARD,4,False,True
9355160,UTTAR PRADESH,BAREILLY,SHERGARH,1,Islampur,2,3,1,8,1,243505,2,2,3,20,20,11,19,21,82,54,28,0,0,0,0,255,7,7,0,0,12,4,4,4,2,3,0,2,2,2,1,1,1,Upper Primary (1–8),STANDARD,8,False,True
6427205,UTTAR PRADESH,BAREILLY,BHUTA,1,Simra Keshopur,8,3,9,10,1,243503,9,2,3,0,0,0,0,0,0,0,0,74,57,0,0,131,5,5,0,0,3,3,0,0,2,2,11,0,0,1,1,1,2,Secondary (9–10),STANDARD,0,True,True
8673378,UTTAR PRADESH,BAREILLY,BHADPURA,1,Madhaupur,2,3,1,8,1,262406,2,2,3,15,18,12,24,26,18,30,26,0,0,0,0,169,10,6,4,0,7,4,2,1,1,1,0,0,2,1,1,1,1,Upper Primary (1–8),STANDARD,3,True,True
1918080,UTTAR PRADESH,BAREILLY,BAHERI TOWN,2,,8,3,9,10,5,243201,9,2,3,0,0,0,0,0,0,0,0,16,13,0,0,29,5,5,0,0,2,2,0,0,1,1,0,0,0,2,1,1,1,Secondary (9–10),STANDARD,0,False,True
5438858,UTTAR PRADESH,BAREILLY,BAHERI,1,Khamaria,2,3,1,8,1,243201,2,2,3,7,4,13,26,13,29,15,17,0,0,0,0,124,2,2,0,0,8,6,2,0,3,3,0,0,2,1,1,1,2,Upper Primary (1–8),STANDARD,2,True,True
6764162,UTTAR PRADESH,BAREILLY,RICHHA(DAMKHODA),1,Bahadurganj,4,3,6,8,1,243202,9,2,3,0,0,0,0,0,26,17,21,0,0,0,0,64,3,3,0,0,4,0,0,4,1,1,0,1,2,2,1,1,1,Upper Primary (6–8),STANDARD,4,False,True
3774594,UTTAR PRADESH,BAREILLY,SHERGARH,1,Basai,4,3,6,8,1,243505,9,2,3,0,0,0,0,0,28,15,13,0,0,0,0,56,2,2,0,0,4,3,1,0,1,1,0,1,2,2,1,1,1,Upper Primary (6–8),STANDARD,1,False,True
3440027,UTTAR PRADESH,BAREILLY,SHERGARH,1,Balli,8,3,9,10,1,243505,9,2,3,0,0,0,0,0,0,0,0,39,13,0,0,52,3,3,0,0,5,5,0,0,2,2,0,0,0,2,1,2,1,Secondary (9–10),STANDARD,0,False,False
4888247,UTTAR PRADESH,BAREILLY,BAHERI,1,Sili Jagir,2,3,1,8,1,243201,2,2,3,2,4,3,10,10,8,9,10,0,0,0,0,56,3,2,1,0,5,5,0,0,1,1,0,0,2,2,1,1,1,Upper Primary (1–8),STANDARD,0,False,True
1107860,UTTAR PRADESH,BAREILLY,KYARA,1,Itawa Sukhdevpur,4,3,6,8,1,243001,9,2,3,0,0,0,0,0,70,60,50,0,0,0,0,180,6,3,2,1,5,5,0,0,1,1,0,0,2,1,1,1,1,Upper Primary (6–8),STANDARD,0,True,True
7586510,UTTAR PRADESH,BAREILLY,SHERGARH,1,Sharif Nagar,1,3,1,5,1,243201,2,2,3,21,14,20,34,42,0,0,0,0,0,0,0,131,5,4,1,0,7,5,2,0,1,3,0,0,2,2,1,1,1,Primary (1–5),STANDARD,2,False,True
4322146,UTTAR PRADESH,BAREILLY,MAJHGAWAN,1,Kachoor Dandi,1,3,1,5,1,243301,2,2,3,15,16,13,19,16,0,0,0,0,0,0,0,79,5,3,2,0,4,1,0,3,1,1,0,0,2,1,1,1,2,Primary (1–5),STANDARD,3,True,True
1152578,UTTAR PRADESH,BAREILLY,FARIDPUR,1,Kadarganj,1,3,1,5,1,243503,2,2,3,29,15,20,52,47,0,0,0,0,0,0,0,163,4,3,1,0,6,5,0,1,2,2,0,0,2,1,1,1,1,Primary (1–5),STANDARD,1,True,True
6082865,UTTAR PRADESH,BAREILLY,SHERGARH,1,Basudharan Jagir,4,3,6,8,4,243203,9,2,3,0,0,0,0,0,49,56,49,0,0,0,0,154,4,4,0,0,3,3,0,0,1,1,0,0,0,2,1,2,1,Upper Primary (6–8),STANDARD,0,False,False
5229412,UTTAR PRADESH,BAREILLY,BAREILLY TOWN,2,,1,3,1,5,1,243001,2,2,3,0,0,0,0,1,0,0,0,0,0,0,0,1,1,1,0,0,1,1,0,0,1,1,0,0,1,2,1,1,2,Primary (1–5),STANDARD,0,False,True
4752857,UTTAR PRADESH,BAREILLY,FATEHGANJ,1,Rukam Pur,1,3,1,5,1,243501,2,2,3,48,41,39,50,44,0,0,0,0,0,0,0,222,10,8,2,0,5,1,2,2,2,3,0,1,2,1,1,1,2,Primary (1–5),STANDARD,4,True,True
6448895,UTTAR PRADESH,BAREILLY,KYARA,1,Angori,3,3,1,12,5,243001,2,2,3,108,120,126,159,144,139,173,142,176,192,158,135,1772,79,79,0,0,62,62,0,0,24,21,60,0,0,1,1,1,1,Higher Secondary (1–12),STANDARD,0,True,True
5807737,UTTAR PRADESH,BAREILLY,BHUTA,1,Dandia Nawzis Ali,1,3,1,5,1,243503,2,2,3,8,7,7,12,20,0,0,0,0,0,0,0,54,5,3,2,0,3,0,3,0,1,1,0,0,2,1,1,1,1,Primary (1–5),STANDARD,3,True,True
3814964,UTTAR PRADESH,BAREILLY,BAREILLY TOWN,2,,1,3,1,5,1,243001,2,2,3,5,3,10,9,23,0,0,0,0,0,0,0,50,3,2,1,0,2,0,2,0,1,1,0,0,1,2,1,1,2,Primary (1–5),STANDARD,2,False,True
9142306,UTTAR PRADESH,BAREILLY,MAJHGAWAN,1,Gurganwa Ahatmali,1,3,1,5,1,243303,2,2,3,16,15,27,37,24,0,0,0,0,0,0,0,119,6,3,3,0,5,3,1,1,2,2,0,0,2,2,1,1,2,Primary (1–5),STANDARD,2,False,True
4388745,UTTAR PRADESH,BAREILLY,KYARA,1,Aina,1,3,1,5,1,243001,2,2,3,27,24,13,21,24,0,0,0,0,0,0,0,109,7,6,1,0,5,0,0,5,1,1,0,0,2,2,1,1,2,Primary (1–5),STANDARD,5,False,True
9452114,UTTAR PRADESH,BAREILLY,BAHERI,1,Kulwa Danda,1,3,1,5,1,243201,2,2,3,10,12,7,12,9,0,0,0,0,0,0,0,50,5,3,2,0,2,2,0,0,2,1,0,0,0,2,1,1,2,Primary (1–5),STANDARD,0,False,True
6195948,UTTAR PRADESH,BAREILLY,SHERGARH,1,Aurangabad,1,3,1,5,1,243505,2,2,3,11,14,8,16,18,0,0,0,0,0,0,0,67,5,2,3,0,4,4,0,0,1,1,0,0,2,2,1,1,2,Primary (1–5),STANDARD,0,False,True
6001899,UTTAR PRADESH,BAREILLY,FARIDPUR,1,Itauria Ilaka Shivpuri,1,3,1,5,1,243506,2,2,3,17,11,11,26,22,0,0,0,0,0,0,0,87,5,3,2,0,4,2,1,1,1,1,0,0,0,2,1,1,1,Primary (1–5),STANDARD,2,False,True
9745050,UTTAR PRADESH,BAREILLY,RICHHA(DAMKHODA),1,Labeda,1,3,1,5,1,243201,2,2,3,4,8,4,8,7,0,0,0,0,0,0,0,31,3,1,2,0,5,3,0,2,1,1,0,0,2,2,1,1,1,Primary (1–5),STANDARD,2,False,True
9914720,UTTAR PRADESH,BAREILLY,KYARA,1,Umarsia,1,3,1,5,1,243001,2,2,3,32,24,26,38,40,0,0,0,0,0,0,0,160,6,4,2,0,7,5,0,2,1,1,0,0,2,1,1,1,1,Primary (1–5),STANDARD,2,True,True
1466305,UTTAR PRADESH,BAREILLY,BAHERI,1,Rai Nawada,1,3,1,5,1,243201,2,2,3,7,9,3,19,20,0,0,0,0,0,0,0,58,5,3,2,0,4,0,1,3,1,1,0,1,2,1,1,1,2,Primary (1–5),STANDARD,4,True,True
2567013,UTTAR PRADESH,BAREILLY,RICHHA(DAMKHODA),1,Rath,1,3,1,5,1,243201,2,2,3,15,17,18,24,22,0,0,0,0,0,0,0,96,4,3,1,0,6,3,3,0,1,1,0,1,2,2,1,1,1,Primary (1–5),STANDARD,3,False,True
3294375,UTTAR PRADESH,BAREILLY,BAREILLY TOWN,2,,2,3,1,8,5,243001,2,2,3,3,41,34,38,62,42,47,49,0,0,0,0,316,9,0,9,0,8,8,0,0,2,2,1,0,0,1,1,2,1,Upper Primary (1–8),STANDARD,0,True,False
4503833,UTTAR PRADESH,BAREILLY,RICHHA(DAMKHODA),1,Purainia,1,3,1,5,1,243201,2,2,3,12,12,11,30,19,0,0,0,0,0,0,0,84,3,2,1,0,5,3,0,2,1,1,0,1,2,2,1,1,1,Primary (1–5),STANDARD,2,False,True
1169875,UTTAR PRADESH,BAREILLY,MIRGANJ,1,Kapoorpur,1,3,1,5,1,243504,2,2,3,19,23,29,35,27,0,0,0,0,0,0,0,133,6,3,3,0,5,3,0,2,1,1,0,0,2,2,1,1,2,Primary (1–5),STANDARD,2,False,True
7645202,UTTAR PRADESH,BAREILLY,BAHERI,1,Panwaria,1,3,1,5,1,243201,2,2,3,16,9,7,8,9,0,0,0,0,0,0,0,49,3,2,1,0,5,4,1,0,1,1,0,0,2,2,1,1,2,Primary (1–5),STANDARD,1,False,True
6302605,UTTAR PRADESH,BAREILLY,BHUTA,1,Umedpur Bhuta,4,3,6,8,5,243126,9,2,3,0,0,0,0,0,19,19,13,0,0,0,0,51,3,2,1,0,4,4,0,0,1,1,0,1,0,1,1,1,1,Upper Primary (6–8),STANDARD,0,True,True
9953744,UTTAR PRADESH,BAREILLY,MAJHGAWAN,1,Tigai Dattnagar,1,3,1,5,1,243302,2,2,3,7,8,12,26,19,0,0,0,0,0,0,0,72,3,2,1,0,6,3,1,2,1,1,0,0,2,1,1,1,1,Primary (1–5),STANDARD,3,True,True
2779549,UTTAR PRADESH,BAREILLY,NAWABGANJ,1,Parewa Kurmyan,1,3,1,5,1,262406,2,2,3,12,10,11,19,7,0,0,0,0,0,0,0,59,4,3,1,0,5,0,5,0,1,1,0,0,2,2,1,1,2,Primary (1–5),STANDARD,5,False,True
2037813,UTTAR PRADESH,BAREILLY,ALAMPUR,1,Khera,1,3,1,5,1,243401,2,2,3,16,17,22,34,35,0,0,0,0,0,0,0,124,4,3,1,0,5,5,0,0,1,1,0,0,2,1,1,1,2,Primary (1–5),STANDARD,0,True,True
1213268,UTTAR PRADESH,BAREILLY,NAWABGANJ,1,Santoshpur,1,3,1,5,1,243407,2,2,3,17,13,17,21,25,0,0,0,0,0,0,0,93,5,3,2,0,4,2,2,0,2,2,0,1,2,1,1,1,1,Primary (1–5),STANDARD,2,True,True
2944279,UTTAR PRADESH,BAREILLY,SHERGARH,1,Kabra Kishanpur,1,3,1,5,1,243505,2,2,3,12,12,17,9,14,0,0,0,0,0,0,0,64,2,2,0,0,6,3,1,2,1,1,0,1,2,1,1,1,1,Primary (1–5),STANDARD,3,True,True
5893873,UTTAR PRADESH,BAREILLY,BHUTA,1,Gajnera,1,3,1,5,1,243503,2,2,3,28,24,24,53,26,0,0,0,0,0,0,0,155,10,4,6,0,6,5,0,1,1,1,0,0,2,2,1,1,2,Primary (1–5),STANDARD,1,False,True
3562087,UTTAR PRADESH,BAREILLY,BAREILLY TOWN,2,,1,3,1,5,1,243502,2,2,3,11,11,10,14,10,0,0,0,0,0,0,0,56,0,0,0,0,6,4,0,2,1,1,0,0,0,2,1,1,2,Primary (1–5),STANDARD,2,False,True
4210257,UTTAR PRADESH,BAREILLY,SHERGARH,1,Balli,1,3,1,5,1,243505,2,2,3,2,1,0,2,4,0,0,0,0,0,0,0,9,3,1,2,0,2,2,0,0,1,1,0,0,0,2,1,1,1,Primary (1–5),STANDARD,0,False,True
7632231,UTTAR PRADESH,BAREILLY,BAREILLY TOWN,2,,5,3,6,12,5,243502,9,2,3,0,0,0,0,0,57,73,94,280,282,422,415,1623,15,8,7,0,19,19,0,0,5,5,2,4,0,1,1,1,1,Higher Secondary (6–12),STANDARD,0,True,True
3201581,UTTAR PRADESH,BAREILLY,FARIDPUR,1,Rampura Ratan,1,3,1,5,1,243503,2,2,3,26,17,20,20,24,0,0,0,0,0,0,0,107,2,2,0,0,5,5,0,0,1,1,0,0,0,2,1,1,2,Primary (1–5),STANDARD,0,False,True
9249065,UTTAR PRADESH,BAREILLY,VITHARI CHAINPUR,1,Tiwaria,1,3,1,5,1,243122,2,2,3,5,5,2,5,8,0,0,0,0,0,0,0,25,4,2,2,0,6,0,6,0,1,1,0,0,2,2,1,1,1,Primary (1–5),STANDARD,6,False,True
2541454,UTTAR PRADESH,BAREILLY,BHUTA,1,Bhaupur,1,3,1,5,1,243503,2,2,3,43,33,34,53,55,0,0,0,0,0,0,0,218,3,3,0,0,6,6,0,0,1,1,0,0,2,2,1,1,2,Primary (1–5),STANDARD,0,False,True
6987119,UTTAR PRADESH,BAREILLY,BAHERI,1,Ratanpur Urf Naudandi,1,3,1,5,1,243201,2,2,3,3,2,1,8,4,0,0,0,0,0,0,0,18,2,1,1,0,1,1,0,0,1,1,0,0,2,2,1,1,2,Primary (1–5),STANDARD,0,False,True
6135230,UTTAR PRADESH,BAREILLY,FARIDPUR,1,Gopalpur,1,3,1,5,5,243503,2,2,3,9,42,22,30,35,0,0,0,0,0,0,0,138,6,6,0,0,5,5,0,0,1,1,0,0,0,2,1,1,2,Primary (1–5),STANDARD,0,False,True
2280666,UTTAR PRADESH,BAREILLY,NAWABGANJ,1,Mundia Bhikampur,4,3,6,8,5,262406,9,2,3,0,0,0,0,0,14,29,11,0,0,0,0,54,4,1,3,0,5,5,0,0,1,1,1,2,1,2,1,1,1,Upper Primary (6–8),STANDARD,0,False,True
6092922,UTTAR PRADESH,BAREILLY,BAREILLY TOWN,2,,2,3,1,8,5,243001,2,2,3,32,25,11,20,16,4,6,5,0,0,0,0,119,2,1,0,1,8,8,0,0,2,2,0,0,0,1,1,1,1,Upper Primary (1–8),STANDARD,0,True,True
1098346,UTTAR PRADESH,BAREILLY,MAJHGAWAN,1,Madauna Urf Patparaganj,10,3,9,12,5,243302,9,2,3,0,0,0,0,0,0,0,0,153,156,180,163,652,12,8,4,0,24,24,0,0,4,5,1,1,0,1,1,1,1,Higher Secondary (9–12),STANDARD,0,True,True
7017233,UTTAR PRADESH,BAREILLY,BAREILLY TOWN,2,,2,3,1,8,5,243001,2,2,3,7,6,9,9,13,7,2,4,0,0,0,0,57,8,7,1,0,8,8,0,0,2,2,2,0,0,1,1,1,1,Upper Primary (1–8),STANDARD,0,True,True
5622866,UTTAR PRADESH,BAREILLY,FARIDPUR,1,Nawada Bilshandi,2,3,1,8,5,243506,2,2,3,8,3,4,16,12,6,6,13,0,0,0,0,68,4,4,0,0,5,5,0,0,2,1,0,0,0,1,1,1,1,Upper Primary (1–8),STANDARD,0,True,True
9140739,UTTAR PRADESH,BAREILLY,MAJHGAWAN,1,Kunwarpur,2,3,1,8,5,243201,2,2,3,17,5,22,18,26,0,0,0,0,0,0,0,88,5,5,0,0,0,0,0,0,2,6,1,1,0,1,2,2,1,Upper Primary (1–8),STANDARD,0,True,False
7480613,UTTAR PRADESH,BAREILLY,FARIDPUR,1,Raipur Hans,1,3,1,5,5,243001,2,2,3,2,7,8,7,7,0,0,0,0,0,0,0,31,2,2,0,0,0,0,0,0,1,1,0,0,0,2,2,1,1,Primary (1–5),STANDARD,0,False,True
8219748,UTTAR PRADESH,BAREILLY,ALAMPUR,1,Behta Chauhan,1,3,1,5,1,243301,2,2,3,4,12,16,20,13,0,0,0,0,0,0,0,65,1,1,0,0,5,2,1,2,1,1,0,0,2,1,1,1,1,Primary (1–5),STANDARD,3,True,True
4581269,UTTAR PRADESH,BAREILLY,VITHARI CHAINPUR,1,Mohanpur,6,3,1,10,97,243123,2,2,3,0,0,5,1,6,3,1,1,0,0,0,0,17,5,5,0,0,10,10,0,0,1,1,1,1,0,1,1,2,2,Secondary (1–10),STANDARD,0,True,False
8681788,UTTAR PRADESH,BAREILLY,BAREILLY TOWN,2,,1,3,1,5,97,243003,2,2,3,5,0,0,0,1,0,0,0,0,0,0,0,6,1,0,1,0,1,1,0,0,1,1,0,0,0,2,1,2,2,Primary (1–5),STANDARD,0,False,False
4582457,UTTAR PRADESH,BAREILLY,ALAMPUR,1,Sendha,10,3,9,12,5,243301,9,2,3,0,0,0,0,0,0,0,0,94,234,181,259,768,12,0,12,0,24,24,0,0,4,4,1,1,1,1,2,1,1,Higher Secondary (9–12),STANDARD,0,True,True
5905518,UTTAR PRADESH,BAREILLY,BHADPURA,1,Karua Sahab Ganj,1,3,1,5,5,262406,2,1,3,30,25,20,26,23,0,0,0,0,0,0,0,124,5,5,0,0,6,6,0,0,1,1,0,0,0,1,2,1,1,Primary (1–5),STANDARD,0,True,True
5388195,UTTAR PRADESH,BAREILLY,RAMNAGAR,1,Kesarpur,1,3,1,5,5,243303,2,2,3,31,17,37,46,18,0,0,0,0,0,0,0,149,5,0,5,0,5,3,2,0,1,2,0,1,0,1,1,1,2,Primary (1–5),STANDARD,2,True,True
9804828,UTTAR PRADESH,BAREILLY,NAWABGANJ,1,Dhaunrera,1,3,1,5,5,262406,1,2,3,13,14,11,8,11,0,0,0,0,0,0,0,57,10,0,0,10,9,9,0,0,3,3,1,1,1,2,1,1,1,Primary (1–5),STANDARD,0,False,True
9354288,UTTAR PRADESH,BAREILLY,KYARA,1,Umarsia,2,3,1,8,5,243001,2,2,3,19,18,13,21,18,27,10,10,0,0,0,0,136,6,4,2,0,8,8,0,0,1,1,2,0,0,2,1,2,2,Upper Primary (1–8),STANDARD,0,False,False
9215532,UTTAR PRADESH,BAREILLY,BAHERI,1,Unai Makrooka,1,3,1,5,5,243201,2,2,3,51,18,20,9,10,0,0,0,0,0,0,0,108,5,3,2,0,6,6,0,0,1,1,0,0,0,2,1,1,1,Primary (1–5),STANDARD,0,False,True
6425206,UTTAR PRADESH,BAREILLY,SHERGARH,1,Itaua,1,3,1,5,5,243201,2,2,3,3,18,14,7,21,0,0,0,0,0,0,0,63,4,1,3,0,5,5,0,0,1,1,0,1,0,2,1,2,1,Primary (1–5),STANDARD,0,False,False
9134758,UTTAR PRADESH,BAREILLY,BAREILLY TOWN,2,,1,3,1,5,5,243001,2,2,3,9,8,7,5,4,0,0,0,0,0,0,0,33,3,1,0,2,5,5,0,0,1,1,0,1,0,2,1,1,1,Primary (1–5),STANDARD,0,False,True
4283353,UTTAR PRADESH,BAREILLY,BAHERI,1,Hathmana,1,3,1,5,5,243201,2,2,3,16,4,4,5,6,0,0,0,0,0,0,0,35,3,3,0,0,5,5,0,0,1,2,0,0,0,2,1,1,1,Primary (1–5),STANDARD,0,False,True
6562508,UTTAR PRADESH,BAREILLY,MAJHGAWAN,1,Gainee,2,3,1,8,5,243201,2,2,3,21,36,57,64,77,68,64,65,0,0,0,0,452,8,8,0,0,8,8,0,0,2,4,1,1,0,1,1,1,1,Upper Primary (1–8),STANDARD,0,True,True
1025689,UTTAR PRADESH,BAREILLY,AONLA,2,,2,3,1,8,5,243301,2,2,3,38,54,54,47,50,26,57,37,0,0,0,0,363,9,5,4,0,8,8,0,0,2,2,0,0,0,2,1,1,2,Upper Primary (1–8),STANDARD,0,False,True
6795915,UTTAR PRADESH,BAREILLY,BAREILLY TOWN,2,,1,3,1,5,5,243001,2,2,3,26,27,41,41,32,0,0,0,0,0,0,0,167,5,5,0,0,7,7,0,0,3,3,10,0,0,1,1,1,1,Primary (1–5),STANDARD,0,True,True
6262719,UTTAR PRADESH,BAREILLY,BAREILLY TOWN,2,,4,3,6,8,5,243005,9,2,3,0,0,0,0,0,12,7,12,0,0,0,0,31,4,4,0,0,6,6,0,0,2,2,3,1,0,1,1,1,1,Upper Primary (6–8),STANDARD,0,True,True
7975638,UTTAR PRADESH,BAREILLY,BHUTA,1,Khajuria Shampat,4,3,6,8,5,243123,9,2,3,0,0,0,0,0,17,11,25,0,0,0,0,53,3,3,0,0,3,3,0,0,1,1,0,0,0,2,1,2,1,Upper Primary (6–8),STANDARD,0,False,False
8410077,UTTAR PRADESH,BAREILLY,BHADPURA,1,Delel Nagar,2,3,1,8,5,262406,1,2,3,18,11,10,3,9,5,7,5,0,0,0,0,68,6,6,0,0,8,8,0,0,2,2,0,1,0,1,2,1,1,Upper Primary (1–8),STANDARD,0,True,True
8646972,UTTAR PRADESH,BAREILLY,KYARA,1,Bukhara,5,3,6,12,5,243001,9,2,3,0,0,0,0,0,2,1,1,40,44,25,30,143,7,7,0,0,16,16,0,0,3,3,10,2,2,1,1,1,1,Higher Secondary (6–12),STANDARD,0,True,True
4238975,UTTAR PRADESH,BAREILLY,ALAMPUR,1,Ghilaora,1,3,1,5,5,243402,1,2,3,18,19,15,14,16,0,0,0,0,0,0,0,82,5,5,0,0,5,5,0,0,1,1,0,1,0,1,2,2,1,Primary (1–5),STANDARD,0,True,False
9956630,UTTAR PRADESH,BAREILLY,LUCKNOW REGION,2,,3,3,1,12,92,243403,2,2,3,40,42,40,42,41,41,44,45,49,41,53,44,522,26,21,5,0,14,9,5,0,18,21,90,40,14,1,1,1,1,Higher Secondary (1–12),STANDARD,5,True,True
4332425,UTTAR PRADESH,BAREILLY,BAREILLY TOWN,2,,2,3,1,8,5,243001,1,2,3,71,58,45,55,55,52,39,31,0,0,0,0,406,16,16,0,0,20,20,0,0,3,2,5,0,0,1,1,1,2,Upper Primary (1–8),STANDARD,0,True,True
4194659,UTTAR PRADESH,BAREILLY,AONLA,2,,2,3,1,8,5,243301,2,2,3,89,162,71,80,122,0,0,0,0,0,0,0,524,14,14,0,0,17,17,0,0,5,2,0,1,0,2,1,1,2,Upper Primary (1–8),STANDARD,0,False,True
1650983,UTTAR PRADESH,BAREILLY,NAWABGANJ,1,Hafiz Ganj,5,2,6,12,1,243001,9,2,1,0,0,0,0,0,30,37,24,31,22,11,0,155,7,0,7,0,7,7,0,0,0,5,3,0,2,1,1,1,2,Higher Secondary (6–12),STANDARD,0,True,True
7796740,UTTAR PRADESH,BAREILLY,NAWABGANJ,1,Samuha,2,3,1,8,1,243407,2,2,3,32,33,36,43,48,37,35,25,0,0,0,0,289,6,6,0,0,14,7,0,7,1,2,0,2,2,1,1,1,1,Upper Primary (1–8),STANDARD,7,True,True
9932854,UTTAR PRADESH,BAREILLY,ALAMPUR,1,Champatpur,2,3,1,8,5,243401,2,2,2,35,22,33,46,47,91,69,21,0,0,0,0,364,11,9,0,2,8,8,0,0,1,1,0,1,0,1,2,2,1,Upper Primary (1–8),STANDARD,0,True,False
6434155,UTTAR PRADESH,BAREILLY,SHERGARH,1,Dhanua,4,3,6,8,1,243203,9,2,3,0,0,0,0,0,22,50,28,0,0,0,0,100,2,2,0,0,4,4,0,0,1,1,0,1,2,1,1,1,1,Upper Primary (6–8),STANDARD,0,True,True
3927570,UTTAR PRADESH,BAREILLY,VITHARI CHAINPUR,1,Parsona (Ct),2,3,1,8,1,243122,2,2,3,44,53,48,54,57,67,59,73,0,0,0,0,455,14,11,1,2,9,9,0,0,2,2,6,2,2,1,1,1,1,Upper Primary (1–8),STANDARD,0,True,True
3592787,UTTAR PRADESH,BAREILLY,ALAMPUR,1,,1,3,1,5,5,243001,2,2,3,26,19,17,15,22,0,0,0,0,0,0,0,99,5,5,0,0,2,2,0,0,1,1,0,0,0,1,1,1,2,Primary (1–5),STANDARD,0,True,True
7212396,UTTAR PRADESH,BAREILLY,MIRGANJ,1,Mandwa Banshipur,2,3,1,8,1,243505,2,2,3,15,12,9,15,10,37,56,37,0,0,0,0,191,6,5,1,0,8,8,0,0,2,2,0,0,2,2,1,1,2,Upper Primary (1–8),STANDARD,0,False,True
6152256,UTTAR PRADESH,BAREILLY,BHOJIPURA,1,Tajua,2,3,1,8,1,243202,2,2,3,23,14,9,33,12,25,33,18,0,0,0,0,167,8,6,2,0,11,0,11,0,2,3,0,2,2,2,1,1,1,Upper Primary (1–8),STANDARD,11,False,True
7427740,UTTAR PRADESH,BAREILLY,FATEHGANJ,1,Kurtara,2,3,1,8,1,243501,2,2,3,28,24,44,49,35,44,48,69,0,0,0,0,341,13,9,4,0,11,5,4,2,2,5,0,0,2,2,1,1,2,Upper Primary (1–8),STANDARD,6,False,True
8011335,UTTAR PRADESH,BAREILLY,RICHHA(DAMKHODA),1,Kachnara,4,3,6,8,1,243202,9,2,3,0,0,0,0,0,42,44,28,0,0,0,0,114,5,3,2,0,5,5,0,0,1,2,1,1,0,1,1,1,1,Upper Primary (6–8),STANDARD,0,True,True
8205962,UTTAR PRADESH,BAREILLY,RICHHA(DAMKHODA),1,Pipra Nankar,4,3,6,8,1,243203,9,2,3,0,0,0,0,0,50,30,40,0,0,0,0,120,5,4,1,0,4,0,4,0,1,2,4,1,2,2,1,1,1,Upper Primary (6–8),STANDARD,4,False,True
1778790,UTTAR PRADESH,BAREILLY,BAHERI,1,Rai Nawada,4,3,6,8,1,243201,9,2,3,0,0,0,0,0,19,37,17,0,0,0,0,73,2,2,0,0,3,3,0,0,1,1,0,1,0,2,1,1,1,Upper Primary (6–8),STANDARD,0,False,True
6504251,UTTAR PRADESH,BAREILLY,SHERGARH,1,Dhakia,2,3,1,8,1,243505,2,2,3,9,9,6,10,9,33,17,29,0,0,0,0,122,5,4,1,0,8,5,3,0,2,2,0,0,2,2,1,1,2,Upper Primary (1–8),STANDARD,3,False,True
8235843,UTTAR PRADESH,BAREILLY,BHOJIPURA,1,Memaur,4,3,6,8,1,243202,9,2,3,0,0,0,0,0,89,47,33,0,0,0,0,169,5,4,1,0,7,4,0,3,2,2,0,0,2,2,1,1,1,Upper Primary (6–8),STANDARD,3,False,True
3897394,UTTAR PRADESH,BAREILLY,BAHERI TOWN,2,,2,3,1,8,5,243201,2,2,3,25,16,11,10,7,23,2,5,0,0,0,0,99,4,4,0,0,8,8,0,0,2,2,0,0,0,2,1,1,1,Upper Primary (1–8),STANDARD,0,False,True
8565646,UTTAR PRADESH,BAREILLY,NAWABGANJ,1,Sanekpur,4,3,6,8,1,262406,9,2,3,0,0,0,0,0,40,34,42,0,0,0,0,116,4,4,0,0,3,0,0,3,1,2,0,1,2,1,1,1,1,Upper Primary (6–8),STANDARD,3,True,True
8915295,UTTAR PRADESH,BAREILLY,VITHARI CHAINPUR,1,Itawa Beni Ram,4,3,6,8,1,243006,9,2,3,0,0,0,0,0,55,53,39,0,0,0,0,147,10,7,2,1,3,0,3,0,2,2,0,0,2,2,1,1,1,Upper Primary (6–8),STANDARD,3,False,True
4024493,UTTAR PRADESH,BAREILLY,BHUTA,1,Bhagwantapur,2,3,1,8,1,243503,2,2,3,22,41,40,76,78,115,105,73,0,0,0,0,550,13,9,3,1,9,4,0,5,1,1,1,0,2,1,1,1,2,Upper Primary (1–8),STANDARD,5,True,True
7966077,UTTAR PRADESH,BAREILLY,RICHHA(DAMKHODA),2,,1,3,1,5,5,243203,1,2,3,23,24,24,24,35,0,0,0,0,0,0,0,130,8,8,0,0,8,8,0,0,2,5,0,2,0,1,1,2,1,Primary (1–5),STANDARD,0,True,False
3612316,UTTAR PRADESH,BAREILLY,BAREILLY TOWN,2,,1,3,1,5,5,243006,1,2,3,89,80,56,55,42,0,0,0,0,0,0,0,322,8,7,1,0,12,12,0,0,2,2,2,0,0,1,1,1,1,Primary (1–5),STANDARD,0,True,True
2013603,UTTAR PRADESH,BAREILLY,BAHERI,1,Gudwara,1,3,1,5,5,243201,1,2,3,10,15,11,10,18,0,0,0,0,0,0,0,64,8,8,0,0,5,5,0,0,2,2,5,1,0,1,2,1,1,Primary (1–5),STANDARD,0,True,True
8298941,UTTAR PRADESH,BAREILLY,NAWABGANJ,2,,2,3,1,8,5,262406,1,2,3,49,59,54,54,60,71,47,50,0,0,0,0,444,17,1,16,0,14,14,0,0,3,4,1,1,1,1,1,1,1,Upper Primary (1–8),STANDARD,0,True,True
5533504,UTTAR PRADESH,BAREILLY,RICHHA(DAMKHODA),2,,5,3,6,12,4,243201,9,2,3,0,0,0,0,0,51,41,50,65,66,30,14,317,11,11,0,0,11,7,2,2,2,4,10,0,0,1,1,2,1,Higher Secondary (6–12),STANDARD,4,True,False
1833712,UTTAR PRADESH,BAREILLY,ALAMPUR,1,Rajupur,1,3,1,5,1,243402,2,2,3,16,7,7,10,19,0,0,0,0,0,0,0,59,3,3,0,0,3,3,0,0,1,1,0,0,2,2,1,1,1,Primary (1–5),STANDARD,0,False,True
8879098,UTTAR PRADESH,BAREILLY,BAHERI,1,Bhilaiya,1,3,1,5,1,243201,2,2,3,8,6,7,9,12,0,0,0,0,0,0,0,42,2,2,0,0,3,3,0,0,1,1,0,0,2,1,1,1,1,Primary (1–5),STANDARD,0,True,True
5432065,UTTAR PRADESH,BAREILLY,ALAMPUR,1,Rafiabad,1,3,1,5,1,243402,2,2,3,27,11,18,23,34,0,0,0,0,0,0,0,113,4,3,1,0,4,1,3,0,1,1,0,0,2,2,1,1,2,Primary (1–5),STANDARD,3,False,True
5326530,UTTAR PRADESH,BAREILLY,BHADPURA,1,Mundia Jagroop,1,3,1,5,1,262406,2,2,3,11,19,14,35,39,0,0,0,0,0,0,0,118,5,4,1,0,5,0,3,2,1,1,0,0,2,1,1,1,1,Primary (1–5),STANDARD,5,True,True
3479132,UTTAR PRADESH,BAREILLY,SHERGARH,1,Sahora,4,3,6,8,5,243505,9,2,3,0,0,0,0,0,55,43,37,0,0,0,0,135,4,4,0,0,4,4,0,0,1,1,0,0,0,1,1,1,1,Upper Primary (6–8),STANDARD,0,True,True
7230486,UTTAR PRADESH,BAREILLY,BHADPURA,1,Narharpur Gaurikhera,1,3,1,5,1,243001,2,2,3,9,8,10,14,21,0,0,0,0,0,0,0,62,4,2,2,0,4,3,1,0,1,1,0,0,0,1,1,1,2,Primary (1–5),STANDARD,1,True,True
9568930,UTTAR PRADESH,BAREILLY,MIRGANJ,1,Deoria Abdullaganj,1,3,1,5,1,243504,2,2,3,20,21,12,47,22,0,0,0,0,0,0,0,122,3,2,0,1,5,1,4,0,1,1,0,0,2,1,1,1,1,Primary (1–5),STANDARD,4,True,True
8000080,UTTAR PRADESH,BAREILLY,FARIDPUR,1,Nagaria Vikram,1,3,1,5,1,243503,2,2,3,43,46,45,76,71,0,0,0,0,0,0,0,281,9,6,3,0,7,0,7,0,1,2,0,0,2,1,1,1,1,Primary (1–5),STANDARD,7,True,True
2860374,UTTAR PRADESH,BAREILLY,ALAMPUR,1,Kohani Pratappur,1,3,1,5,1,243402,2,2,3,17,5,28,37,28,0,0,0,0,0,0,0,115,5,5,0,0,4,4,0,0,2,1,0,0,2,2,1,1,2,Primary (1–5),STANDARD,0,False,True
4039938,UTTAR PRADESH,BAREILLY,BAHERI,1,Bhikhampur,1,3,1,5,1,243201,2,2,3,1,2,1,2,2,0,0,0,0,0,0,0,8,2,1,1,0,2,0,1,1,1,1,0,0,2,1,1,1,1,Primary (1–5),STANDARD,2,True,True
4161179,UTTAR PRADESH,BAREILLY,FARIDPUR,1,Rajau Paraspur,1,3,1,5,1,243503,2,2,3,4,3,3,20,20,0,0,0,0,0,0,0,50,4,4,0,0,6,5,1,0,2,1,0,0,2,2,1,1,1,Primary (1–5),STANDARD,1,False,True
7395625,UTTAR PRADESH,BAREILLY,MIRGANJ,1,Narelirasulpur,1,3,1,5,1,243505,2,2,3,17,8,23,30,19,0,0,0,0,0,0,0,97,5,3,2,0,5,5,0,0,2,2,0,0,2,1,1,1,1,Primary (1–5),STANDARD,0,True,True
9184252,UTTAR PRADESH,BAREILLY,FATEHGANJ,1,Jagatpur Kashiram,1,3,1,5,1,243501,2,2,3,4,3,3,11,9,0,0,0,0,0,0,0,30,4,2,2,0,3,1,2,0,1,1,0,0,2,1,1,1,1,Primary (1–5),STANDARD,2,True,True
6695813,UTTAR PRADESH,BAREILLY,BHUTA,1,Madhia Bhagwantapur,1,3,1,5,1,243506,2,2,3,16,8,6,16,11,0,0,0,0,0,0,0,57,3,2,1,0,5,2,3,0,1,1,0,0,2,2,1,1,1,Primary (1–5),STANDARD,3,False,True
2184601,UTTAR PRADESH,BAREILLY,NAWABGANJ,1,Baraur,1,3,1,5,1,243407,2,2,3,22,6,3,11,10,0,0,0,0,0,0,0,52,3,1,2,0,4,4,0,0,1,1,0,0,2,2,1,1,2,Primary (1–5),STANDARD,0,False,True
6090280,UTTAR PRADESH,BAREILLY,KYARA,1,Bichra Balkishanpur,1,3,1,5,1,243302,2,2,3,9,9,12,16,7,0,0,0,0,0,0,0,53,4,3,1,0,6,2,3,1,1,1,0,0,2,2,1,1,2,Primary (1–5),STANDARD,4,False,True
5754124,UTTAR PRADESH,BAREILLY,RAMNAGAR,1,Kishanpur,1,3,1,5,1,243301,2,2,3,13,9,10,35,32,0,0,0,0,0,0,0,99,5,3,2,0,5,3,1,1,2,2,0,0,2,2,1,1,1,Primary (1–5),STANDARD,2,False,True
7135163,UTTAR PRADESH,BAREILLY,RICHHA(DAMKHODA),1,Devipura,1,3,1,5,1,243201,2,2,3,6,7,7,6,6,0,0,0,0,0,0,0,32,3,1,2,0,5,2,3,0,1,1,0,0,2,1,1,1,1,Primary (1–5),STANDARD,3,True,True
4875513,UTTAR PRADESH,BAREILLY,RICHHA(DAMKHODA),1,Musapur Urf Ghatgawn,1,3,1,5,1,243201,2,2,3,6,3,4,3,11,0,0,0,0,0,0,0,27,1,1,0,0,6,6,0,0,1,1,0,0,1,2,1,1,2,Primary (1–5),STANDARD,0,False,True
2699820,UTTAR PRADESH,BAREILLY,ALAMPUR,1,Champatpur,1,3,1,5,1,243301,2,2,3,40,21,36,36,30,0,0,0,0,0,0,0,163,6,3,3,0,4,3,0,1,1,2,0,0,2,2,1,1,2,Primary (1–5),STANDARD,1,False,True
9114149,UTTAR PRADESH,BAREILLY,AONLA,2,,1,3,1,5,1,243301,2,2,3,7,9,10,16,16,0,0,0,0,0,0,0,58,1,0,1,0,0,0,0,0,1,1,0,0,0,2,1,1,2,Primary (1–5),STANDARD,0,False,True
6436952,UTTAR PRADESH,BAREILLY,FARIDPUR,1,Osar,1,3,1,5,1,243503,2,2,3,9,17,12,21,16,0,0,0,0,0,0,0,75,6,4,2,0,5,2,1,2,1,1,0,0,2,1,1,1,1,Primary (1–5),STANDARD,3,True,True
9065823,UTTAR PRADESH,BAREILLY,BAHERI,1,Jam Antrampur,1,3,1,5,1,243401,2,2,3,4,3,3,4,11,0,0,0,0,0,0,0,25,5,1,4,0,8,8,0,0,1,1,0,0,2,2,1,1,1,Primary (1–5),STANDARD,0,False,True
3426030,UTTAR PRADESH,BAREILLY,BAHERI,1,Karim Gunj,1,3,1,5,1,243201,2,2,3,15,7,9,17,14,0,0,0,0,0,0,0,62,4,3,1,0,3,3,0,0,1,1,0,1,2,2,1,1,2,Primary (1–5),STANDARD,0,False,True
7808028,UTTAR PRADESH,BAREILLY,BAHERI,1,Mavai Kaziyan,1,3,1,5,97,243505,2,2,3,17,43,14,20,6,0,0,0,0,0,0,0,100,5,5,0,0,7,7,0,0,2,2,0,0,0,2,1,1,1,Primary (1–5),STANDARD,0,False,True
6076809,UTTAR PRADESH,BAREILLY,FATEHGANJ,2,,1,3,1,5,1,243501,2,2,3,24,22,24,23,34,0,0,0,0,0,0,0,127,8,5,3,0,7,0,2,5,1,2,0,1,2,2,1,1,1,Primary (1–5),STANDARD,7,False,True
3822698,UTTAR PRADESH,BAREILLY,VITHARI CHAINPUR,2,,1,3,1,5,5,243001,2,2,3,23,18,21,28,25,0,0,0,0,0,0,0,115,4,4,0,0,5,5,0,0,1,1,0,0,0,2,1,2,2,Primary (1–5),STANDARD,0,False,False
8014989,UTTAR PRADESH,BAREILLY,BAREILLY TOWN,2,,1,3,1,5,1,243502,2,2,3,23,18,19,25,20,0,0,0,0,0,0,0,105,1,1,0,0,7,4,2,1,1,1,0,0,1,1,1,1,2,Primary (1–5),STANDARD,3,True,True
9664491,UTTAR PRADESH,BAREILLY,KYARA,1,Chandur Jogian,2,3,1,8,5,243001,2,2,3,4,41,66,78,55,103,63,60,0,0,0,0,470,9,9,0,0,8,8,0,0,3,3,2,2,2,1,1,1,1,Upper Primary (1–8),STANDARD,0,True,True
5696446,UTTAR PRADESH,BAREILLY,BAHERI,1,Panwaria,1,3,1,5,5,243201,2,2,3,24,24,30,45,41,0,0,0,0,0,0,0,164,6,5,0,1,7,7,0,0,1,1,1,1,0,1,1,1,1,Primary (1–5),STANDARD,0,True,True
7180996,UTTAR PRADESH,BAREILLY,BAREILLY TOWN,2,,1,3,1,5,1,243003,2,2,3,10,8,6,14,17,0,0,0,0,0,0,0,55,0,0,0,0,1,1,0,0,1,1,0,0,0,2,1,1,2,Primary (1–5),STANDARD,0,False,True
2995689,UTTAR PRADESH,BAREILLY,BAHERI,1,Shakras,1,3,1,5,5,243201,2,2,3,21,15,0,0,0,0,0,0,0,0,0,0,36,7,7,0,0,5,5,0,0,1,2,0,2,4,2,1,1,1,Primary (1–5),STANDARD,0,False,True
2469461,UTTAR PRADESH,BAREILLY,MIRGANJ,1,Deoria Abdullaganj,1,3,1,5,1,243504,2,2,3,14,8,7,8,7,0,0,0,0,0,0,0,44,2,2,0,0,3,2,0,1,1,1,0,0,1,2,1,1,1,Primary (1–5),STANDARD,1,False,True
2949655,UTTAR PRADESH,BAREILLY,BHUTA,1,Kiratpur Dheera,1,3,1,5,1,243506,2,2,3,22,10,8,20,12,0,0,0,0,0,0,0,72,3,3,0,0,5,2,3,0,1,1,0,0,2,2,1,1,1,Primary (1–5),STANDARD,3,False,True
7316514,UTTAR PRADESH,BAREILLY,NAWABGANJ,1,Bhagwatipur Tirbeni Sahai,1,3,1,5,1,262406,2,2,3,10,10,11,12,8,0,0,0,0,0,0,0,51,3,2,1,0,3,3,0,0,1,1,0,0,2,1,1,1,2,Primary (1–5),STANDARD,0,True,True
6937523,UTTAR PRADESH,BAREILLY,BHADPURA,1,Bebaha,1,3,1,5,1,262406,2,2,3,9,8,11,24,12,0,0,0,0,0,0,0,64,3,3,0,0,3,0,0,3,1,1,0,0,2,1,1,1,1,Primary (1–5),STANDARD,3,True,True
9758412,UTTAR PRADESH,BAREILLY,BAHERI,1,Shakras,6,3,1,10,5,243201,1,2,3,27,37,34,26,27,42,27,31,41,0,0,0,292,25,25,0,0,16,16,0,0,2,5,30,5,0,1,2,1,1,Secondary (1–10),STANDARD,0,True,True
3138031,UTTAR PRADESH,BAREILLY,BHADPURA,1,Methi Nawadia,10,3,9,12,5,262406,9,2,3,0,0,0,0,0,0,0,0,262,323,160,218,963,15,14,0,1,24,24,0,0,3,3,10,1,0,1,1,1,1,Higher Secondary (9–12),STANDARD,0,True,True
3313822,UTTAR PRADESH,BAREILLY,ALAMPUR,1,Sarau,1,3,1,5,1,243402,2,2,3,10,10,9,19,17,0,0,0,0,0,0,0,65,5,3,2,0,5,2,0,3,1,1,0,0,2,2,1,1,2,Primary (1–5),STANDARD,3,False,True
5159302,UTTAR PRADESH,BAREILLY,SHERGARH,1,Nagaria Khurd,4,3,6,8,5,243505,9,2,3,0,0,0,0,0,16,12,10,0,0,0,0,38,2,2,0,0,3,3,0,0,2,2,0,0,0,1,1,2,1,Upper Primary (6–8),STANDARD,0,True,False
4525575,UTTAR PRADESH,BAREILLY,BAHERI,1,Fardia Mankara,1,3,1,5,1,243201,2,2,3,2,4,3,8,2,0,0,0,0,0,0,0,19,2,2,0,0,2,2,0,0,1,1,0,0,2,2,1,1,1,Primary (1–5),STANDARD,0,False,True
5071517,UTTAR PRADESH,BAREILLY,BHUTA,1,Rashulpur Bahanpur,2,3,1,8,5,243201,2,2,3,10,9,6,11,5,21,16,13,0,0,0,0,91,6,3,0,3,8,8,0,0,1,1,0,0,0,1,2,2,2,Upper Primary (1–8),STANDARD,0,True,False
6771423,UTTAR PRADESH,BAREILLY,BAREILLY TOWN,2,,2,3,1,8,5,243001,2,2,3,10,4,6,7,7,10,4,9,0,0,0,0,57,5,5,0,0,6,6,0,0,1,1,0,1,0,2,1,2,1,Upper Primary (1–8),STANDARD,0,False,False
6818113,UTTAR PRADESH,BAREILLY,MIRGANJ,1,Mandwa Banshipur,1,3,1,5,1,243505,2,2,3,17,16,18,24,21,0,0,0,0,0,0,0,96,6,3,3,0,9,9,0,0,1,1,0,0,2,1,1,1,1,Primary (1–5),STANDARD,0,True,True
4652702,UTTAR PRADESH,BAREILLY,MAJHGAWAN,1,Amroli,6,3,1,10,5,243302,2,2,3,15,17,27,41,54,71,78,74,149,102,0,0,628,11,9,2,0,18,18,0,0,3,3,2,2,2,1,1,1,1,Secondary (1–10),STANDARD,0,True,True
7330013,UTTAR PRADESH,BAREILLY,SHERGARH,1,Tanda,6,3,1,10,97,243505,2,2,3,14,12,10,13,8,16,4,3,0,1,0,0,81,6,3,3,0,8,8,0,0,3,3,0,0,0,2,1,1,1,Secondary (1–10),STANDARD,0,False,True
8252942,UTTAR PRADESH,BAREILLY,BHOJIPURA,1,Ghanghoua Ghanghori,4,3,6,8,5,243202,9,2,3,0,0,0,0,0,26,14,26,0,0,0,0,66,5,5,0,0,5,5,0,0,1,1,2,0,0,1,1,2,1,Upper Primary (6–8),STANDARD,0,True,False
2815421,UTTAR PRADESH,BAREILLY,BAREILLY TOWN,2,,4,3,6,8,5,243005,9,2,1,0,0,0,0,0,29,27,29,0,0,0,0,85,5,5,0,0,4,4,0,0,2,2,0,1,0,1,1,2,2,Upper Primary (6–8),STANDARD,0,True,False
1440748,UTTAR PRADESH,BAREILLY,FARIDPUR,1,Bhagwanpur Kundan,8,3,9,10,5,243506,9,2,3,0,0,0,0,0,0,0,0,84,86,0,0,170,6,3,0,3,12,12,0,0,3,3,1,1,0,1,1,1,1,Secondary (9–10),STANDARD,0,True,True
4267454,UTTAR PRADESH,BAREILLY,FARIDPUR,1,Suktiya Singhabari,1,3,1,5,5,243503,2,2,3,0,1,9,11,9,0,0,0,0,0,0,0,30,5,0,4,1,5,5,0,0,1,1,0,1,1,1,1,1,1,Primary (1–5),STANDARD,0,True,True
9396116,UTTAR PRADESH,BAREILLY,BAREILLY TOWN,2,,1,3,1,5,5,243122,1,2,3,13,13,14,15,7,0,0,0,0,0,0,0,62,7,1,5,1,7,7,0,0,2,1,0,1,0,1,1,1,1,Primary (1–5),STANDARD,0,True,True
1772476,UTTAR PRADESH,BAREILLY,RICHHA(DAMKHODA),1,Bahadurpur Urf Bhura,4,3,6,8,5,243201,9,2,3,0,0,0,0,0,32,29,25,0,0,0,0,86,3,3,0,0,5,5,0,0,1,2,0,0,0,2,1,2,1,Upper Primary (6–8),STANDARD,0,False,False
2011521,UTTAR PRADESH,BAREILLY,BAREILLY TOWN,2,,2,3,1,8,5,243002,2,2,3,34,26,23,22,16,23,17,27,0,0,0,0,188,6,0,6,0,12,12,0,0,1,1,1,0,0,2,1,1,1,Upper Primary (1–8),STANDARD,0,False,True
3186450,UTTAR PRADESH,BAREILLY,BAREILLY TOWN,2,,4,3,6,8,5,243005,9,2,3,0,0,0,0,0,61,49,45,0,0,0,0,155,3,3,0,0,3,3,0,0,1,3,16,0,0,1,1,1,2,Upper Primary (6–8),STANDARD,0,True,True
8836607,UTTAR PRADESH,BAREILLY,SHERGARH,2,,1,3,1,5,97,243505,2,2,3,12,8,1,6,2,0,0,0,0,0,0,0,29,4,3,1,0,4,4,0,0,1,1,0,0,0,2,2,2,2,Primary (1–5),STANDARD,0,False,False
3083673,UTTAR PRADESH,BAREILLY,VITHARI CHAINPUR,2,,2,3,1,8,5,243122,2,2,3,19,27,20,22,29,36,45,34,0,0,0,0,232,9,7,2,0,8,8,0,0,1,1,2,1,1,2,1,1,1,Upper Primary (1–8),STANDARD,0,False,True
1428425,UTTAR PRADESH,BAREILLY,FARIDPUR TOWN,2,,5,3,6,12,5,243503,9,2,3,0,0,0,0,0,42,55,40,67,95,79,152,530,6,1,5,0,9,9,0,0,5,3,4,1,0,2,1,1,1,Higher Secondary (6–12),STANDARD,0,False,True
6380660,UTTAR PRADESH,BAREILLY,NAWABGANJ,2,,1,3,1,5,97,243201,2,2,1,2,3,8,3,3,0,0,0,0,0,0,0,19,3,3,0,0,5,5,0,0,1,1,1,1,0,1,1,1,1,Primary (1–5),STANDARD,0,True,True
3474411,UTTAR PRADESH,BAREILLY,BAREILLY TOWN,2,,2,3,1,8,5,243502,2,2,3,16,25,23,27,28,18,28,21,0,0,0,0,186,8,7,0,1,8,8,0,0,1,1,1,1,0,1,1,1,1,Upper Primary (1–8),STANDARD,0,True,True
4605152,UTTAR PRADESH,BAREILLY,FARIDPUR TOWN,2,,6,3,1,10,97,243503,2,2,3,21,26,37,34,19,32,28,15,7,7,0,0,226,8,3,5,0,7,7,0,0,2,1,0,1,0,1,1,2,2,Secondary (1–10),STANDARD,0,True,False
2595867,UTTAR PRADESH,BAREILLY,ALAMPUR,1,Bilauri,10,3,9,12,5,243301,9,2,3,0,0,0,0,0,0,0,0,179,245,135,171,730,17,0,17,0,17,17,0,0,4,4,0,2,0,1,1,1,1,Higher Secondary (9–12),STANDARD,0,True,True
8333937,UTTAR PRADESH,BAREILLY,FATEHGANJ,2,,1,3,1,5,5,243501,2,2,3,73,70,92,47,53,0,0,0,0,0,0,0,335,9,6,2,1,7,7,0,0,3,3,0,0,0,1,1,1,1,Primary (1–5),STANDARD,0,True,True
5674302,UTTAR PRADESH,BAREILLY,KYARA,1,Sahasia Hasainpur Mustqil,2,3,1,8,5,243502,1,2,3,13,23,21,23,34,35,25,33,0,0,0,0,207,8,6,2,0,6,6,0,0,1,1,0,1,0,2,1,1,1,Upper Primary (1–8),STANDARD,0,False,True
6624777,UTTAR PRADESH,BAREILLY,SHERGARH,1,Haldikalan,1,3,1,5,5,243505,2,2,3,15,11,12,7,9,0,0,0,0,0,0,0,54,3,3,0,0,5,5,0,0,2,2,0,0,0,1,1,2,1,Primary (1–5),STANDARD,0,True,False
9971953,UTTAR PRADESH,BAREILLY,NAWABGANJ,2,,5,3,6,12,5,262406,9,2,3,0,0,0,0,0,15,16,12,76,62,20,11,212,3,3,0,0,14,14,0,0,1,1,1,1,1,1,1,1,1,Higher Secondary (6–12),STANDARD,0,True,True
8067864,UTTAR PRADESH,BAREILLY,FARIDPUR,1,Suktiya Singhabari,5,3,6,12,5,243503,9,2,3,0,0,0,0,0,10,13,23,65,95,109,140,455,4,0,4,0,9,9,0,0,2,2,1,1,0,1,1,1,1,Higher Secondary (6–12),STANDARD,0,True,True
2189002,UTTAR PRADESH,BAREILLY,NAWABGANJ,1,Richhola Kifayatullah,6,3,1,10,97,243001,2,2,3,21,26,25,22,13,37,19,14,0,0,0,0,177,7,1,6,0,10,10,0,0,1,1,1,1,0,2,1,1,1,Secondary (1–10),STANDARD,0,False,True
8399544,UTTAR PRADESH,BAREILLY,SHERGARH,1,Manpur,2,3,1,8,5,243201,2,2,3,16,14,20,40,36,66,88,52,0,0,0,0,332,8,8,0,0,10,10,0,0,2,1,0,0,0,1,2,1,2,Upper Primary (1–8),STANDARD,0,True,True
2457570,UTTAR PRADESH,BAREILLY,BAREILLY TOWN,2,,1,3,1,5,97,243006,2,2,3,0,6,5,4,7,0,0,0,0,0,0,0,22,4,4,0,0,4,4,0,0,1,1,0,0,0,2,1,2,2,Primary (1–5),STANDARD,0,False,False
6752892,UTTAR PRADESH,BAREILLY,BHADPURA,1,Sundari,1,3,1,5,5,262406,2,2,3,0,10,4,12,9,0,0,0,0,0,0,0,35,5,0,0,5,5,5,0,0,2,2,0,0,0,2,1,2,2,Primary (1–5),STANDARD,0,False,False
5160925,UTTAR PRADESH,BAREILLY,SHERGARH,1,Bhadrak,4,3,6,8,1,243203,9,2,3,0,0,0,0,0,23,16,14,0,0,0,0,53,3,3,0,0,4,4,0,0,1,1,0,0,2,2,1,1,1,Upper Primary (6–8),STANDARD,0,False,True
4978880,UTTAR PRADESH,BAREILLY,RAMNAGAR,1,Ram Nagar,2,3,1,8,5,243301,2,2,3,42,34,27,13,17,15,9,14,0,0,0,0,171,5,5,0,0,10,10,0,0,1,1,1,1,0,2,2,1,1,Upper Primary (1–8),STANDARD,0,False,True
2633025,UTTAR PRADESH,BAREILLY,RAMNAGAR,1,Devsara Urf Sangrampur,2,3,1,8,1,243301,2,2,3,20,16,24,46,45,47,29,27,0,0,0,0,254,6,4,2,0,10,8,2,0,1,1,0,0,2,2,1,1,1,Upper Primary (1–8),STANDARD,2,False,True
1306384,UTTAR PRADESH,BAREILLY,FATEHGANJ,2,,2,3,1,8,1,243001,2,2,3,20,53,48,70,89,105,63,46,0,0,0,0,494,27,21,6,0,8,8,0,0,1,8,4,1,2,1,1,1,2,Upper Primary (1–8),STANDARD,0,True,True
6463378,UTTAR PRADESH,BAREILLY,BAHERI,1,Garibpura,4,3,6,8,1,243201,9,2,3,0,0,0,0,0,2,2,2,0,0,0,0,6,1,1,0,0,5,5,0,0,1,1,0,0,2,1,1,1,1,Upper Primary (6–8),STANDARD,0,True,True
4673680,UTTAR PRADESH,BAREILLY,ALAMPUR,1,Lahar,4,3,6,8,1,243402,9,2,3,0,0,0,0,0,19,34,33,0,0,0,0,86,3,3,0,0,4,2,0,2,1,1,0,0,2,2,1,1,1,Upper Primary (6–8),STANDARD,2,False,True
8615356,UTTAR PRADESH,BAREILLY,MIRGANJ,1,Bahroli,2,3,1,8,1,243504,2,2,3,17,15,20,31,22,48,69,58,0,0,0,0,280,11,8,3,0,10,10,0,0,2,2,4,0,2,1,1,1,1,Upper Primary (1–8),STANDARD,0,True,True
6041519,UTTAR PRADESH,BAREILLY,BHOJIPURA,2,,2,3,1,8,5,243202,1,2,3,105,90,86,111,72,64,51,65,0,0,0,0,644,17,9,8,0,25,25,0,0,4,4,0,4,0,1,1,1,1,Upper Primary (1–8),STANDARD,0,True,True
7893915,UTTAR PRADESH,BAREILLY,VITHARI CHAINPUR,1,Gopalpur Nagaria Anoop,4,3,6,8,1,243123,9,2,3,0,0,0,0,0,6,15,12,0,0,0,0,33,3,3,0,0,4,0,4,0,1,1,6,0,2,1,1,1,1,Upper Primary (6–8),STANDARD,4,True,True
2237260,UTTAR PRADESH,BAREILLY,SHERGARH,1,Balli,2,3,1,8,1,243505,2,2,3,14,10,14,14,21,30,19,29,0,0,0,0,151,9,5,3,1,10,10,0,0,2,2,0,0,0,1,1,1,1,Upper Primary (1–8),STANDARD,0,True,True
6880872,UTTAR PRADESH,BAREILLY,ALAMPUR,1,Naurangpur,4,3,6,8,1,243402,9,2,3,0,0,0,0,0,39,54,36,0,0,0,0,129,2,2,0,0,4,1,0,3,2,1,0,0,0,2,1,1,1,Upper Primary (6–8),STANDARD,3,False,True
5090069,UTTAR PRADESH,BAREILLY,MIRGANJ,1,Ballia,4,3,6,8,1,243504,9,2,3,0,0,0,0,0,44,48,47,0,0,0,0,139,7,4,0,3,3,0,0,3,1,1,1,0,2,2,1,1,2,Upper Primary (6–8),STANDARD,3,False,True
1200862,UTTAR PRADESH,BAREILLY,NAWABGANJ,1,Khizarpur,2,3,1,8,1,243407,2,2,3,22,9,18,29,25,20,21,16,0,0,0,0,160,8,8,0,0,8,6,2,0,2,2,0,2,2,1,1,1,1,Upper Primary (1–8),STANDARD,2,True,True
5846882,UTTAR PRADESH,BAREILLY,MAJHGAWAN,1,Balaibhagvantpur,4,3,6,8,1,243302,9,2,3,0,0,0,0,0,77,82,89,0,0,0,0,248,8,6,2,0,3,3,0,0,1,1,1,0,2,2,1,1,1,Upper Primary (6–8),STANDARD,0,False,True
1077982,UTTAR PRADESH,BAREILLY,BAREILLY TOWN,2,,1,3,1,5,5,243006,1,2,3,1,1,1,0,1,0,0,0,0,0,0,0,4,4,4,0,0,8,8,0,0,1,1,0,0,0,1,1,1,1,Primary (1–5),STANDARD,0,True,True
8707378,UTTAR PRADESH,BAREILLY,BAREILLY TOWN,2,,2,3,1,8,5,243001,2,2,3,0,16,4,8,5,1,4,6,0,0,0,0,44,6,6,0,0,14,14,0,0,4,4,5,0,0,2,1,1,1,Upper Primary (1–8),STANDARD,0,False,True
6040268,UTTAR PRADESH,BAREILLY,MIRGANJ,1,Sahasa,2,3,1,8,5,243504,2,2,3,42,41,33,34,51,70,53,46,0,0,0,0,370,10,4,6,0,10,10,0,0,2,2,0,1,1,2,1,1,1,Upper Primary (1–8),STANDARD,0,False,True
9918014,UTTAR PRADESH,BAREILLY,FARIDPUR,1,Bhagwanpur Kundan,2,3,1,8,5,243506,2,2,3,39,38,18,21,43,22,14,20,0,0,0,0,215,9,0,9,0,8,8,0,0,2,2,0,0,0,2,1,1,1,Upper Primary (1–8),STANDARD,0,False,True
3445603,UTTAR PRADESH,BAREILLY,FATEHGANJ,1,Chakarpur Urf Lamkan,1,3,1,5,5,243505,2,2,3,7,0,2,8,2,0,0,0,0,0,0,0,19,5,5,0,0,5,5,0,0,2,2,0,0,0,1,1,2,1,Primary (1–5),STANDARD,0,True,False
9642910,UTTAR PRADESH,BAREILLY,BAHERI,1,Itavadhura,4,3,6,8,1,243201,9,2,3,0,0,0,0,0,16,20,17,0,0,0,0,53,2,2,0,0,6,6,0,0,1,1,0,1,0,2,1,1,1,Upper Primary (6–8),STANDARD,0,False,True
5442680,UTTAR PRADESH,BAREILLY,RAMNAGAR,1,Prathvipur,1,3,1,5,1,243301,2,2,3,10,6,5,9,12,0,0,0,0,0,0,0,42,3,2,1,0,7,4,0,3,2,2,0,0,0,2,1,1,1,Primary (1–5),STANDARD,3,False,True
4383270,UTTAR PRADESH,BAREILLY,RICHHA(DAMKHODA),1,Paiga,1,3,1,5,1,243203,2,2,3,28,28,31,33,30,0,0,0,0,0,0,0,150,4,3,1,0,6,6,0,0,1,2,0,1,2,2,1,1,2,Primary (1–5),STANDARD,0,False,True
6920112,UTTAR PRADESH,BAREILLY,FARIDPUR,1,Rajau Paraspur,4,3,6,8,1,243123,9,2,3,0,0,0,0,0,71,92,51,0,0,0,0,214,7,5,2,0,5,5,0,0,1,1,0,0,2,1,1,1,2,Upper Primary (6–8),STANDARD,0,True,True
1038869,UTTAR PRADESH,BAREILLY,BAHERI TOWN,2,,6,3,1,10,97,243201,2,2,2,4,2,5,0,2,6,7,8,7,5,0,0,46,5,5,0,0,11,8,3,0,2,2,0,0,0,2,1,1,1,Secondary (1–10),STANDARD,3,False,True
3895811,UTTAR PRADESH,BAREILLY,RICHHA(DAMKHODA),1,Bhojpur Sarvasukh,1,3,1,5,5,243203,2,2,3,2,8,12,12,8,0,0,0,0,0,0,0,42,5,5,0,0,8,8,0,0,1,2,0,0,0,2,1,2,1,Primary (1–5),STANDARD,0,False,False
9544443,UTTAR PRADESH,BAREILLY,BAREILLY TOWN,2,,1,3,1,5,1,243122,2,2,3,20,25,32,45,42,0,0,0,0,0,0,0,164,1,1,0,0,6,4,1,1,1,1,0,0,2,1,1,1,2,Primary (1–5),STANDARD,2,True,True
5145018,UTTAR PRADESH,BAREILLY,BAREILLY TOWN,2,,2,3,1,8,5,243001,2,2,3,51,44,41,43,29,36,23,23,0,0,0,0,290,9,9,0,0,11,11,0,0,2,2,1,1,0,1,1,1,1,Upper Primary (1–8),STANDARD,0,True,True
4546912,UTTAR PRADESH,BAREILLY,BHADPURA,1,Chena,4,3,6,8,1,262406,9,2,3,0,0,0,0,0,25,46,34,0,0,0,0,105,3,2,1,0,4,0,3,1,3,3,0,0,2,1,1,1,1,Upper Primary (6–8),STANDARD,4,True,True
6437036,UTTAR PRADESH,BAREILLY,SHERGARH,1,Aaklabad,1,3,1,5,1,243001,2,2,3,11,16,2,13,11,0,0,0,0,0,0,0,53,6,3,3,0,5,4,0,1,1,1,0,0,0,2,1,1,2,Primary (1–5),STANDARD,1,False,True
9302301,UTTAR PRADESH,BAREILLY,FATEHGANJ,1,Khurrampur,1,3,1,5,1,243505,2,2,3,6,1,4,8,12,0,0,0,0,0,0,0,31,3,2,1,0,2,0,2,0,1,1,0,0,2,2,1,1,1,Primary (1–5),STANDARD,2,False,True
7159489,UTTAR PRADESH,BAREILLY,RICHHA(DAMKHODA),1,Purainatal,1,3,1,5,1,243203,2,2,3,9,6,13,16,15,0,0,0,0,0,0,0,59,5,3,2,0,5,5,0,0,1,1,0,0,2,2,1,1,1,Primary (1–5),STANDARD,0,False,True
5945875,UTTAR PRADESH,BAREILLY,BHADPURA,1,Abhai Rajpur,1,3,1,5,1,262406,2,2,3,17,6,10,18,23,0,0,0,0,0,0,0,74,4,3,1,0,3,0,3,0,1,1,0,0,2,2,1,1,2,Primary (1–5),STANDARD,3,False,True
6852627,UTTAR PRADESH,BAREILLY,VITHARI CHAINPUR,1,Sisaiya,1,3,1,5,1,243001,2,2,3,16,7,12,10,11,0,0,0,0,0,0,0,56,4,3,1,0,4,0,2,2,1,1,0,0,2,2,1,1,1,Primary (1–5),STANDARD,4,False,True
4743154,UTTAR PRADESH,BAREILLY,RAMNAGAR,1,Islamnagar Urf Dalippur,1,3,1,5,1,243303,2,2,3,10,6,12,16,19,0,0,0,0,0,0,0,63,4,2,2,0,4,3,0,1,1,1,0,0,2,2,1,1,1,Primary (1–5),STANDARD,1,False,True
1575373,UTTAR PRADESH,BAREILLY,BHUTA,1,Shora Khurd,1,3,1,5,1,243503,2,2,3,13,9,14,19,11,0,0,0,0,0,0,0,66,3,2,1,0,1,1,0,0,1,1,0,0,0,2,1,1,2,Primary (1–5),STANDARD,0,False,True
2929923,UTTAR PRADESH,BAREILLY,FARIDPUR,1,Longpur,1,3,1,5,1,243503,2,2,3,15,18,10,26,16,0,0,0,0,0,0,0,85,6,4,2,0,6,4,1,1,1,1,0,0,2,1,1,1,2,Primary (1–5),STANDARD,2,True,True
4758886,UTTAR PRADESH,BAREILLY,BAREILLY TOWN,2,,1,3,1,5,1,243005,2,2,3,17,15,17,26,29,0,0,0,0,0,0,0,104,1,1,0,0,1,1,0,0,1,1,0,0,2,1,1,1,2,Primary (1–5),STANDARD,0,True,True
6718199,UTTAR PRADESH,BAREILLY,ALAMPUR,1,Langura,1,3,1,5,1,243402,2,2,3,31,12,15,25,26,0,0,0,0,0,0,0,109,7,3,4,0,4,3,0,1,1,1,0,0,2,2,1,1,1,Primary (1–5),STANDARD,1,False,True
2834998,UTTAR PRADESH,BAREILLY,AONLA,1,Mirjapur,1,3,1,5,1,243302,2,2,3,14,5,10,7,16,0,0,0,0,0,0,0,52,6,3,3,0,5,2,0,3,1,1,0,0,2,2,1,1,1,Primary (1–5),STANDARD,3,False,True
3411828,UTTAR PRADESH,BAREILLY,MAJHGAWAN,1,Paiga,1,3,1,5,1,243301,2,2,3,24,20,34,47,40,0,0,0,0,0,0,0,165,5,3,2,0,5,4,0,1,3,3,0,0,2,1,1,1,2,Primary (1–5),STANDARD,1,True,True
2846925,UTTAR PRADESH,BAREILLY,BHOJIPURA,1,Baikunthapur,1,3,1,5,1,243202,2,2,3,7,3,2,5,3,0,0,0,0,0,0,0,20,4,2,2,0,4,0,4,0,1,1,0,0,2,1,1,1,1,Primary (1–5),STANDARD,4,True,True
3819885,UTTAR PRADESH,BAREILLY,FARIDPUR,1,Jhada,1,3,1,5,1,243506,2,2,3,8,15,18,24,37,0,0,0,0,0,0,0,102,4,3,1,0,9,7,0,2,1,1,0,0,2,1,1,1,1,Primary (1–5),STANDARD,2,True,True
7779597,UTTAR PRADESH,BAREILLY,AONLA,2,,1,3,1,5,1,243301,2,2,3,13,19,25,38,19,0,0,0,0,0,0,0,114,0,0,0,0,2,2,0,0,1,1,0,0,2,2,3,1,2,Primary (1–5),STANDARD,0,False,True
2174609,UTTAR PRADESH,BAREILLY,MAJHGAWAN,1,Ghunsi,1,3,1,5,1,243301,2,2,3,21,19,20,30,28,0,0,0,0,0,0,0,118,3,3,0,0,3,3,0,0,1,1,0,0,2,1,1,1,1,Primary (1–5),STANDARD,0,True,True
8185167,UTTAR PRADESH,BAREILLY,BHOJIPURA,1,Naugawan Ghatampur,1,3,1,5,1,243502,2,2,3,12,5,1,4,12,0,0,0,0,0,0,0,34,6,2,4,0,3,3,0,0,1,1,0,0,2,1,1,1,1,Primary (1–5),STANDARD,0,True,True
6177572,UTTAR PRADESH,BAREILLY,RAMNAGAR,1,Jangteera,1,3,1,5,1,243301,2,2,3,17,22,18,34,17,0,0,0,0,0,0,0,108,3,2,1,0,5,3,0,2,1,1,0,0,2,2,1,1,1,Primary (1–5),STANDARD,2,False,True
2567000,UTTAR PRADESH,BAREILLY,FARIDPUR,1,Shahpoor,1,3,1,5,1,243503,2,2,3,7,4,4,5,3,0,0,0,0,0,0,0,23,2,1,1,0,4,2,2,0,1,1,0,0,2,1,1,1,1,Primary (1–5),STANDARD,2,True,True
8915187,UTTAR PRADESH,BAREILLY,BHUTA,1,Rupiapur,1,3,1,5,1,243503,2,2,3,8,4,5,7,8,0,0,0,0,0,0,0,32,3,1,2,0,4,4,0,0,1,1,0,0,2,2,1,1,1,Primary (1–5),STANDARD,0,False,True
2330746,UTTAR PRADESH,BAREILLY,BHUTA,1,Jataua,1,3,1,5,1,243503,2,2,3,13,8,7,13,20,0,0,0,0,0,0,0,61,5,4,1,0,3,3,0,0,1,1,0,0,2,2,1,1,1,Primary (1–5),STANDARD,0,False,True
7872051,UTTAR PRADESH,BAREILLY,MIRGANJ,1,Junhai Ehatmali,1,3,1,5,1,243201,2,2,3,6,7,11,12,11,0,0,0,0,0,0,0,47,2,2,0,0,2,0,0,2,1,1,0,0,2,2,1,1,1,Primary (1–5),STANDARD,2,False,True
2066000,UTTAR PRADESH,BAREILLY,RAMNAGAR,1,Ajmer,1,3,1,5,1,243303,2,2,3,12,17,18,26,21,0,0,0,0,0,0,0,94,7,3,4,0,6,3,2,1,1,1,0,0,2,2,1,1,1,Primary (1–5),STANDARD,3,False,True
7706966,UTTAR PRADESH,BAREILLY,NAWABGANJ,1,Khilchipur,1,3,1,5,1,262406,2,2,3,5,5,1,4,4,0,0,0,0,0,0,0,19,3,1,2,0,4,2,0,2,1,1,0,0,2,1,1,1,1,Primary (1–5),STANDARD,2,True,True
6801168,UTTAR PRADESH,BAREILLY,FARIDPUR,1,Tara Khas,1,3,1,5,1,243506,2,2,3,37,10,16,25,34,0,0,0,0,0,0,0,122,4,3,1,0,6,0,3,3,1,1,0,0,0,2,1,1,1,Primary (1–5),STANDARD,6,False,True
9698942,UTTAR PRADESH,BAREILLY,MIRGANJ,1,Sisaun Khera,1,3,1,5,1,243504,2,2,3,11,16,8,15,16,0,0,0,0,0,0,0,66,6,3,1,2,6,3,1,2,1,1,0,0,2,2,1,1,2,Primary (1–5),STANDARD,3,False,True
9755025,UTTAR PRADESH,BAREILLY,AONLA,2,,2,3,1,8,5,243301,2,2,3,18,13,22,16,27,38,25,19,0,0,0,0,178,5,1,4,0,7,7,0,0,2,2,0,0,0,1,1,1,1,Upper Primary (1–8),STANDARD,0,True,True
7091357,UTTAR PRADESH,BAREILLY,FARIDPUR,1,Bhagwanpur Phulwa,1,3,1,5,1,243503,2,2,3,8,11,24,15,15,0,0,0,0,0,0,0,73,3,2,1,0,5,5,0,0,1,1,0,0,2,1,1,1,2,Primary (1–5),STANDARD,0,True,True
1432877,UTTAR PRADESH,BAREILLY,BHUTA,1,Harali Alipur,2,3,1,8,5,243506,1,2,3,25,21,27,33,26,41,26,23,0,0,0,0,222,9,8,1,0,12,12,0,0,3,3,2,1,0,1,2,1,1,Upper Primary (1–8),STANDARD,0,True,True
8029386,UTTAR PRADESH,BAREILLY,KYARA,1,Pargawan,1,3,1,5,5,243001,1,2,3,5,7,4,6,3,0,0,0,0,0,0,0,25,4,4,0,0,5,5,0,0,3,3,0,1,1,2,1,2,1,Primary (1–5),STANDARD,0,False,False
4714281,UTTAR PRADESH,BAREILLY,BHADPURA,1,Jaweda Jawedi,2,3,1,8,5,262406,2,2,3,0,6,0,6,4,18,17,22,0,0,0,0,73,6,5,0,1,10,10,0,0,2,2,5,2,0,1,1,1,1,Upper Primary (1–8),STANDARD,0,True,True
9007045,UTTAR PRADESH,BAREILLY,BHOJIPURA,1,Dohna Pitam Rai,4,3,6,8,5,243001,9,2,3,0,0,0,0,0,32,30,23,0,0,0,0,85,3,3,0,0,3,3,0,0,2,2,1,0,0,1,1,1,1,Upper Primary (6–8),STANDARD,0,True,True
4912291,UTTAR PRADESH,BAREILLY,VITHARI CHAINPUR,1,Bhartaul,2,3,1,8,5,243123,2,2,3,7,12,1,5,4,3,3,0,0,0,0,0,35,12,10,0,2,8,8,0,0,2,2,5,1,0,1,1,1,1,Upper Primary (1–8),STANDARD,0,True,True
4091950,UTTAR PRADESH,BAREILLY,MAJHGAWAN,1,Dasipur,1,3,1,5,5,243303,2,2,3,0,0,1,3,0,0,0,0,0,0,0,0,4,2,2,0,0,5,5,0,0,1,1,0,1,0,2,2,2,1,Primary (1–5),STANDARD,0,False,False
8987877,UTTAR PRADESH,BAREILLY,BHOJIPURA,1,Bhjhia Janoobi,2,3,1,8,5,243202,1,2,3,22,41,34,26,55,39,61,24,0,0,0,0,302,4,0,3,1,7,7,0,0,3,3,0,1,1,2,1,1,1,Upper Primary (1–8),STANDARD,0,False,True
9149018,UTTAR PRADESH,BAREILLY,BAREILLY TOWN,2,,2,3,1,8,5,243001,2,2,3,0,0,0,3,1,1,1,1,0,0,0,0,7,6,6,0,0,8,8,0,0,1,1,0,0,0,1,1,1,2,Upper Primary (1–8),STANDARD,0,True,True
6556070,UTTAR PRADESH,BAREILLY,FARIDPUR,1,Kishanpur Chaudhari,3,3,1,12,5,243503,1,2,3,52,32,29,32,33,19,26,27,31,62,61,85,489,29,28,1,0,21,21,0,0,24,24,30,3,0,1,1,1,1,Higher Secondary (1–12),STANDARD,0,True,True
1720974,UTTAR PRADESH,BAREILLY,NAWABGANJ,1,Lava Khera Talib Husain,2,3,1,8,5,262406,1,2,3,54,30,25,32,30,38,33,27,0,0,0,0,269,12,1,8,3,17,17,0,0,2,3,10,1,0,1,1,1,1,Upper Primary (1–8),STANDARD,0,True,True
9301984,UTTAR PRADESH,BAREILLY,BAHERI,1,Firozpur,1,3,1,5,5,243201,2,2,3,4,1,14,6,3,0,0,0,0,0,0,0,28,5,5,0,0,7,7,0,0,1,1,0,1,0,1,1,1,1,Primary (1–5),STANDARD,0,True,True
8979475,UTTAR PRADESH,BAREILLY,BHOJIPURA,1,Rampura Mafi,1,3,1,5,97,243202,2,2,3,0,0,0,13,4,0,0,0,0,0,0,0,17,4,1,3,0,5,5,0,0,2,1,0,0,0,1,1,2,1,Primary (1–5),STANDARD,0,True,False
6287830,UTTAR PRADESH,BAREILLY,BAREILLY TOWN,2,,2,3,1,8,5,243122,2,2,3,36,11,22,14,18,15,14,14,0,0,0,0,144,4,3,1,0,10,10,0,0,2,2,4,0,0,1,1,1,1,Upper Primary (1–8),STANDARD,0,True,True
7886446,UTTAR PRADESH,BAREILLY,FATEHGANJ,1,Mirzapur,2,3,1,8,5,243505,2,2,3,31,25,38,24,27,45,53,22,0,0,0,0,265,10,10,0,0,8,0,8,0,2,2,0,1,0,1,2,1,1,Upper Primary (1–8),STANDARD,8,True,True
6172807,UTTAR PRADESH,BAREILLY,SHERGARH,1,Parchai,1,3,1,5,5,243505,2,2,3,13,18,21,22,28,0,0,0,0,0,0,0,102,5,0,5,0,5,5,0,0,1,1,1,1,1,1,1,1,1,Primary (1–5),STANDARD,0,True,True
4093040,UTTAR PRADESH,BAREILLY,BAREILLY TOWN,2,,3,3,1,12,5,243003,1,2,3,41,57,48,47,41,21,55,40,60,106,46,107,669,41,41,0,0,30,30,0,0,15,10,30,1,0,1,1,1,1,Higher Secondary (1–12),STANDARD,0,True,True
9020344,UTTAR PRADESH,BAREILLY,BAREILLY TOWN,2,,1,3,1,5,5,243005,2,2,3,0,5,7,4,3,0,0,0,0,0,0,0,19,4,4,0,0,8,8,0,0,2,2,1,0,0,1,1,1,1,Primary (1–5),STANDARD,0,True,True
3727599,UTTAR PRADESH,BAREILLY,SHERGARH,1,Pandari,1,3,1,5,5,243505,2,2,3,33,62,16,25,22,0,0,0,0,0,0,0,158,4,4,0,0,5,5,0,0,2,2,0,2,0,1,1,1,1,Primary (1–5),STANDARD,0,True,True
6265203,UTTAR PRADESH,BAREILLY,RAMNAGAR,1,Ram Nagar,5,3,6,12,5,243303,9,2,3,0,0,0,0,0,56,50,59,193,130,117,94,699,11,11,0,0,18,18,0,0,5,2,2,1,0,1,1,1,1,Higher Secondary (6–12),STANDARD,0,True,True
9046603,UTTAR PRADESH,BAREILLY,ALAMPUR,1,Sirohi,7,3,6,10,5,243401,9,2,3,0,0,0,0,0,71,21,29,15,33,0,0,169,5,4,1,0,8,8,0,0,2,2,1,0,0,1,1,1,1,Secondary (6–10),STANDARD,0,True,True
3560694,UTTAR PRADESH,BAREILLY,BAHERI,1,Saidpur Khurd,1,3,1,5,5,243201,2,2,3,1,2,0,0,1,0,0,0,0,0,0,0,4,1,1,0,0,2,0,2,0,2,2,0,0,0,2,3,2,1,Primary (1–5),STANDARD,2,False,False
7968206,UTTAR PRADESH,BAREILLY,BAHERI,1,Gudwara,2,3,1,8,5,243201,1,2,3,31,27,19,23,27,22,22,16,0,0,0,0,187,9,0,7,2,11,11,0,0,2,2,0,0,0,2,2,1,1,Upper Primary (1–8),STANDARD,0,False,True
5228621,UTTAR PRADESH,BAREILLY,BAHERI,1,Sukatia,1,3,1,5,5,243201,2,2,3,12,13,9,18,24,0,0,0,0,0,0,0,76,5,5,0,0,10,10,0,0,1,1,1,1,0,1,1,1,1,Primary (1–5),STANDARD,0,True,True
2903155,UTTAR PRADESH,BAREILLY,ALAMPUR,1,Bamiana,1,3,1,5,1,243401,2,2,3,49,28,43,52,67,0,0,0,0,0,0,0,239,9,4,5,0,4,2,2,0,1,2,0,0,2,1,1,1,2,Primary (1–5),STANDARD,2,True,True
1911122,UTTAR PRADESH,BAREILLY,KYARA,1,Kiara Mustqil,8,3,9,10,1,243001,9,2,3,0,0,0,0,0,0,0,0,99,100,0,0,199,5,5,0,0,4,4,0,0,3,3,0,0,1,1,1,1,1,Secondary (9–10),STANDARD,0,True,True
4011867,UTTAR PRADESH,BAREILLY,NAWABGANJ,1,Ahamdabad,1,3,1,5,5,243407,2,2,3,0,0,0,2,0,0,0,0,0,0,0,0,2,3,3,0,0,5,5,0,0,1,1,0,1,0,2,1,1,1,Primary (1–5),STANDARD,0,False,True
3692992,UTTAR PRADESH,BAREILLY,VITHARI CHAINPUR,1,Mallahpur,4,3,6,8,1,262406,9,2,3,0,0,0,0,0,15,20,13,0,0,0,0,48,3,3,0,0,4,0,4,0,1,1,0,0,0,2,1,1,2,Upper Primary (6–8),STANDARD,4,False,True
9025596,UTTAR PRADESH,BAREILLY,BAHERI,1,Lahsoi,2,3,1,8,1,243201,2,2,3,4,12,24,19,21,31,18,15,0,0,0,0,144,11,5,5,1,6,6,0,0,1,2,0,1,2,2,1,1,1,Upper Primary (1–8),STANDARD,0,False,True
9995289,UTTAR PRADESH,BAREILLY,BAREILLY TOWN,2,,2,3,1,8,5,243502,2,2,3,1,7,4,8,0,5,4,11,0,0,0,0,40,7,1,6,0,8,8,0,0,2,2,1,1,0,1,1,2,1,Upper Primary (1–8),STANDARD,0,True,False
9558409,UTTAR PRADESH,BAREILLY,VITHARI CHAINPUR,1,Balipur Ahmedpur,5,3,6,12,1,243126,9,2,3,0,0,0,0,0,32,52,43,88,54,104,87,460,9,9,0,0,14,0,14,0,3,6,0,0,0,1,1,1,1,Higher Secondary (6–12),STANDARD,14,True,True
3611924,UTTAR PRADESH,BAREILLY,BAHERI,1,Dunda Shumali,2,3,1,8,1,243201,2,2,3,29,24,32,33,41,33,45,34,0,0,0,0,271,10,8,2,0,10,5,4,1,2,4,0,1,2,1,1,1,1,Upper Primary (1–8),STANDARD,5,True,True
5375312,UTTAR PRADESH,BAREILLY,BAREILLY TOWN,2,,2,3,1,8,5,243006,1,2,3,52,32,41,44,51,28,30,29,0,0,0,0,307,13,0,13,0,11,11,0,0,3,3,4,1,0,1,2,1,1,Upper Primary (1–8),STANDARD,0,True,True
2783048,UTTAR PRADESH,BAREILLY,BHUTA,1,Bhadpura,4,3,6,8,1,243506,9,2,3,0,0,0,0,0,32,40,48,0,0,0,0,120,5,3,0,2,4,0,4,0,1,1,0,0,0,1,1,1,1,Upper Primary (6–8),STANDARD,4,True,True
6272093,UTTAR PRADESH,BAREILLY,ALAMPUR,1,Kangawaurla,1,3,1,5,5,243301,2,2,3,17,10,7,15,17,0,0,0,0,0,0,0,66,6,4,2,0,5,5,0,0,2,2,1,1,1,1,2,1,1,Primary (1–5),STANDARD,0,True,True
3712746,UTTAR PRADESH,BAREILLY,RICHHA(DAMKHODA),1,Khara Ramnagar,2,3,1,8,1,243203,2,2,3,9,13,10,8,10,11,16,15,0,0,0,0,92,5,4,1,0,10,4,1,5,2,1,0,0,2,2,1,1,1,Upper Primary (1–8),STANDARD,6,False,True
5262772,UTTAR PRADESH,BAREILLY,BHOJIPURA,1,Ghanghora Piparia,4,3,6,8,5,243202,9,2,3,0,0,0,0,0,38,22,37,0,0,0,0,97,3,1,2,0,5,5,0,0,2,2,8,4,0,1,2,1,1,Upper Primary (6–8),STANDARD,0,True,True
5290705,UTTAR PRADESH,BAREILLY,BAREILLY TOWN,2,,4,2,6,8,5,243001,9,2,3,0,0,0,0,0,89,92,96,0,0,0,0,277,10,10,0,0,14,14,0,0,0,22,30,2,0,1,1,2,2,Upper Primary (6–8),STANDARD,0,True,False
5587430,UTTAR PRADESH,BAREILLY,BAREILLY TOWN,2,,3,3,1,12,4,243001,2,2,3,27,39,32,82,84,61,121,129,190,172,78,68,1083,21,21,0,0,17,13,4,0,0,10,10,0,0,1,1,1,1,Higher Secondary (1–12),STANDARD,4,True,True
9256949,UTTAR PRADESH,BAREILLY,VITHARI CHAINPUR,1,Kamuan Kalan,4,3,6,8,1,243123,9,2,3,0,0,0,0,0,23,29,49,0,0,0,0,101,4,3,0,1,4,0,2,2,1,1,2,0,2,1,1,1,1,Upper Primary (6–8),STANDARD,4,True,True
9057141,UTTAR PRADESH,BAREILLY,NAWABGANJ,1,Ahamdabad,2,3,1,8,1,243407,2,2,3,16,17,9,38,32,35,39,35,0,0,0,0,221,11,8,3,0,12,12,0,0,3,4,4,0,2,1,1,1,1,Upper Primary (1–8),STANDARD,0,True,True
2135487,UTTAR PRADESH,BAREILLY,NAWABGANJ,2,,6,3,1,10,97,243407,2,2,3,4,4,6,1,0,2,3,0,0,0,0,0,20,8,8,0,0,8,8,0,0,1,1,2,2,0,1,2,2,1,Secondary (1–10),STANDARD,0,True,False
2662187,UTTAR PRADESH,BAREILLY,BAREILLY TOWN,2,,3,3,1,12,5,243001,1,2,3,169,195,158,157,150,131,115,119,106,77,69,81,1527,79,77,1,1,49,49,0,0,14,19,117,2,0,1,1,1,1,Higher Secondary (1–12),STANDARD,0,True,True
1379998,UTTAR PRADESH,BAREILLY,MIRGANJ,1,Deoria Abdullaganj,1,3,1,5,1,243504,2,2,3,19,12,14,11,18,0,0,0,0,0,0,0,74,4,3,1,0,5,5,0,0,1,1,0,0,2,2,1,1,1,Primary (1–5),STANDARD,0,False,True
1408623,UTTAR PRADESH,BAREILLY,BAREILLY TOWN,2,,1,3,1,5,97,243005,2,2,3,3,17,1,1,1,0,0,0,0,0,0,0,23,1,1,0,0,5,5,0,0,1,1,0,0,0,2,1,2,2,Primary (1–5),STANDARD,0,False,False
1590079,UTTAR PRADESH,BAREILLY,NAWABGANJ,1,Pandra,1,3,1,5,1,262406,2,2,3,6,6,3,10,10,0,0,0,0,0,0,0,35,4,2,2,0,4,4,0,0,1,1,0,0,2,1,1,1,1,Primary (1–5),STANDARD,0,True,True
6411102,UTTAR PRADESH,BAREILLY,BAREILLY TOWN,2,,1,3,1,5,1,243122,2,2,3,3,7,4,13,17,0,0,0,0,0,0,0,44,0,0,0,0,1,1,0,0,2,1,0,0,2,2,1,1,2,Primary (1–5),STANDARD,0,False,True
8734446,UTTAR PRADESH,BAREILLY,RICHHA(DAMKHODA),1,Manunagar,1,3,1,5,1,243201,2,2,3,6,4,12,8,8,0,0,0,0,0,0,0,38,2,2,0,0,5,2,1,2,1,1,0,0,1,2,1,1,2,Primary (1–5),STANDARD,3,False,True
3104316,UTTAR PRADESH,BAREILLY,BAREILLY TOWN,2,,1,3,1,5,1,243005,2,2,3,3,11,15,13,12,0,0,0,0,0,0,0,54,1,1,0,0,1,1,0,0,1,1,0,0,1,1,1,1,2,Primary (1–5),STANDARD,0,True,True
5746522,UTTAR PRADESH,BAREILLY,NAWABGANJ,1,Milak Ali Nagar,1,3,1,5,1,243001,2,2,3,29,20,14,36,35,0,0,0,0,0,0,0,134,7,6,1,0,1,1,0,0,1,1,0,1,2,2,1,1,1,Primary (1–5),STANDARD,0,False,True
4184889,UTTAR PRADESH,BAREILLY,ALAMPUR,1,Lahar,1,3,1,5,1,243402,2,2,3,15,16,9,34,22,0,0,0,0,0,0,0,96,3,2,1,0,6,5,1,0,1,1,0,0,2,2,1,1,1,Primary (1–5),STANDARD,1,False,True
8795242,UTTAR PRADESH,BAREILLY,BAREILLY TOWN,2,,1,3,1,5,1,243001,2,2,3,30,36,29,33,19,0,0,0,0,0,0,0,147,2,0,2,0,4,0,0,4,1,1,0,0,1,2,1,1,2,Primary (1–5),STANDARD,4,False,True
2833737,UTTAR PRADESH,BAREILLY,VITHARI CHAINPUR,1,Kunwerpur Banjaria,1,3,1,5,1,243126,2,2,3,14,17,14,21,28,0,0,0,0,0,0,0,94,7,5,2,0,7,7,0,0,1,1,0,1,2,1,1,1,1,Primary (1–5),STANDARD,0,True,True
5647924,UTTAR PRADESH,BAREILLY,VITHARI CHAINPUR,1,Sahua,1,3,1,5,1,243123,2,2,3,1,2,5,3,3,0,0,0,0,0,0,0,14,4,2,2,0,4,0,2,2,1,1,0,0,2,1,1,1,1,Primary (1–5),STANDARD,4,True,True
6580288,UTTAR PRADESH,BAREILLY,NAWABGANJ,1,Mujhena Santosh,1,3,1,5,1,243407,2,2,3,7,5,7,10,5,0,0,0,0,0,0,0,34,2,1,1,0,3,1,2,0,1,1,0,0,2,1,1,1,1,Primary (1–5),STANDARD,2,True,True
6297182,UTTAR PRADESH,BAREILLY,BHOJIPURA,1,Jatawa,1,3,1,5,1,243202,2,2,3,17,12,18,12,27,0,0,0,0,0,0,0,86,3,3,0,0,4,3,0,1,1,1,0,1,2,1,1,1,2,Primary (1–5),STANDARD,1,True,True
7598283,UTTAR PRADESH,BAREILLY,BHUTA,1,Mehtarpur Karor,1,3,1,5,1,243123,2,2,3,13,10,20,17,16,0,0,0,0,0,0,0,76,4,4,0,0,6,5,1,0,2,2,0,0,2,2,1,1,1,Primary (1–5),STANDARD,1,False,True
7419938,UTTAR PRADESH,BAREILLY,ALAMPUR,1,Chulhara,1,3,1,5,1,243301,2,2,3,10,8,12,11,7,0,0,0,0,0,0,0,48,4,2,2,0,3,3,0,0,2,2,0,0,2,2,1,1,1,Primary (1–5),STANDARD,0,False,True
4402115,UTTAR PRADESH,BAREILLY,RICHHA(DAMKHODA),2,,1,3,1,5,1,243202,2,2,3,19,6,6,17,9,0,0,0,0,0,0,0,57,5,4,1,0,5,3,0,2,1,1,0,0,2,2,1,1,1,Primary (1–5),STANDARD,2,False,True
5602660,UTTAR PRADESH,BAREILLY,BHADPURA,1,Alaiyya,1,3,1,5,1,262406,2,1,3,5,8,6,13,9,0,0,0,0,0,0,0,41,6,2,4,0,5,3,1,1,1,1,0,0,2,1,1,1,1,Primary (1–5),STANDARD,2,True,True
3929813,UTTAR PRADESH,BAREILLY,VITHARI CHAINPUR,1,Adoopura Jagir,1,3,1,5,1,243123,2,2,3,14,5,16,12,20,0,0,0,0,0,0,0,67,6,4,2,0,4,2,2,0,1,1,0,0,2,1,1,1,2,Primary (1–5),STANDARD,2,True,True
2496862,UTTAR PRADESH,BAREILLY,ALAMPUR,1,Sareri,1,3,1,5,1,243401,2,2,3,22,18,13,25,28,0,0,0,0,0,0,0,106,6,3,3,0,3,0,0,3,1,1,0,0,2,2,1,1,2,Primary (1–5),STANDARD,3,False,True
5513488,UTTAR PRADESH,BAREILLY,RICHHA(DAMKHODA),1,Churaili,1,3,1,5,1,243201,2,2,3,21,18,20,27,19,0,0,0,0,0,0,0,105,5,2,3,0,4,4,0,0,1,1,0,0,2,1,1,1,1,Primary (1–5),STANDARD,0,True,True
4504365,UTTAR PRADESH,BAREILLY,BHADPURA,1,Barkhan,1,3,1,5,97,262406,2,2,3,4,5,4,11,10,0,0,0,0,0,0,0,34,2,2,0,0,6,6,0,0,1,1,0,0,0,2,2,1,2,Primary (1–5),STANDARD,0,False,True
2492519,UTTAR PRADESH,BAREILLY,FATEHGANJ,2,,2,3,1,8,5,243501,2,2,3,29,14,23,21,21,1,0,0,0,0,0,0,109,4,4,0,0,5,5,0,0,2,2,0,1,0,1,1,2,1,Upper Primary (1–8),STANDARD,0,True,False
3685170,UTTAR PRADESH,BAREILLY,SHERGARH,1,Lakhimpur,1,3,1,5,1,243001,2,2,3,6,3,2,6,5,0,0,0,0,0,0,0,22,3,1,2,0,5,5,0,0,1,1,0,0,2,1,1,1,1,Primary (1–5),STANDARD,0,True,True
2231564,UTTAR PRADESH,BAREILLY,VITHARI CHAINPUR,1,Mohanpur,1,3,1,5,97,243123,2,2,3,16,4,23,11,16,0,0,0,0,0,0,0,70,3,0,3,0,5,5,0,0,2,2,0,0,0,2,2,2,2,Primary (1–5),STANDARD,0,False,False
3121886,UTTAR PRADESH,BAREILLY,MIRGANJ,1,Anandpur,2,3,1,8,5,243504,2,2,3,30,35,41,43,50,72,48,46,0,0,0,0,365,11,1,10,0,14,14,0,0,5,5,0,2,0,1,2,2,1,Upper Primary (1–8),STANDARD,0,True,False
1560187,UTTAR PRADESH,BAREILLY,BHADPURA,1,Narharpur Gaurikhera,7,3,6,10,5,262406,9,2,3,0,0,0,0,0,21,34,18,35,32,0,0,140,8,8,0,0,18,18,0,0,3,3,1,1,0,1,1,1,1,Secondary (6–10),STANDARD,0,True,True
2406768,UTTAR PRADESH,BAREILLY,SHERGARH,1,Manpur,8,3,9,10,5,243201,9,2,3,0,0,0,0,0,0,0,0,63,57,0,0,120,8,8,0,0,5,5,0,0,2,2,0,0,0,1,2,1,1,Secondary (9–10),STANDARD,0,True,True
4156437,UTTAR PRADESH,BAREILLY,RAMNAGAR,1,Hardaspur,1,3,1,5,5,243303,2,2,3,11,15,20,24,28,0,0,0,0,0,0,0,98,5,5,0,0,6,6,0,0,1,1,0,0,0,2,1,1,2,Primary (1–5),STANDARD,0,False,True
9788194,UTTAR PRADESH,BAREILLY,FATEHGANJ,1,Sevajwalapur,1,3,1,5,5,243505,2,2,3,3,4,1,9,5,0,0,0,0,0,0,0,22,4,4,0,0,6,6,0,0,1,1,0,0,0,2,2,2,1,Primary (1–5),STANDARD,0,False,False
4580453,UTTAR PRADESH,BAREILLY,RICHHA(DAMKHODA),1,Chandpur Chubakia,1,3,1,5,1,243203,2,2,3,3,3,3,3,7,0,0,0,0,0,0,0,19,2,1,1,0,2,0,2,0,1,1,0,0,2,2,1,1,1,Primary (1–5),STANDARD,2,False,True
6326777,UTTAR PRADESH,BAREILLY,ALAMPUR,1,Naurangpur,5,3,6,12,5,243301,9,2,3,0,0,0,0,0,9,24,23,20,44,20,23,163,6,0,1,5,15,15,0,0,2,2,0,0,0,1,1,1,1,Higher Secondary (6–12),STANDARD,0,True,True
6510447,UTTAR PRADESH,BAREILLY,BHOJIPURA,1,Lad Pur,1,3,1,5,97,243202,2,2,3,7,0,1,1,1,0,0,0,0,0,0,0,10,2,2,0,0,5,3,2,0,1,1,1,0,0,1,2,1,2,Primary (1–5),STANDARD,2,True,True
3858217,UTTAR PRADESH,BAREILLY,NAWABGANJ,1,Dandia Biram Nagla,1,3,1,5,5,262406,2,2,3,28,14,7,12,9,0,0,0,0,0,0,0,70,2,0,2,0,5,5,0,0,2,2,1,0,0,1,1,2,1,Primary (1–5),STANDARD,0,True,False
2759736,UTTAR PRADESH,BAREILLY,BHOJIPURA,1,Ghanghora Piparia,2,3,1,8,5,243202,1,2,3,18,20,12,16,28,24,23,10,0,0,0,0,151,8,1,6,1,9,9,0,0,2,2,1,0,0,2,1,2,1,Upper Primary (1–8),STANDARD,0,False,False
2006324,UTTAR PRADESH,BAREILLY,BAREILLY TOWN,2,,2,3,1,8,5,243001,2,2,3,119,96,72,78,68,33,66,36,0,0,0,0,568,12,10,2,0,21,21,0,0,4,4,5,0,0,2,1,1,1,Upper Primary (1–8),STANDARD,0,False,True
8139414,UTTAR PRADESH,BAREILLY,NAWABGANJ,2,,4,3,6,8,5,262406,9,2,3,0,0,0,0,0,8,3,5,0,0,0,0,16,3,3,0,0,5,5,0,0,1,1,1,1,0,1,1,1,1,Upper Primary (6–8),STANDARD,0,True,True
4389594,UTTAR PRADESH,BAREILLY,BAREILLY TOWN,2,,2,3,1,8,5,243005,1,2,3,115,116,112,100,76,72,61,47,0,0,0,0,699,11,2,9,0,10,10,0,0,1,1,3,1,0,2,1,1,2,Upper Primary (1–8),STANDARD,0,False,True
5014788,UTTAR PRADESH,BAREILLY,SHERGARH,1,Bhikampur,2,3,1,8,5,243203,1,2,3,9,6,11,8,8,10,7,4,0,0,0,0,63,6,6,0,0,10,10,0,0,2,2,1,1,2,1,1,1,1,Upper Primary (1–8),STANDARD,0,True,True
2877068,UTTAR PRADESH,BAREILLY,VITHARI CHAINPUR,2,,1,3,1,5,5,243122,2,2,3,21,26,22,24,22,0,0,0,0,0,0,0,115,7,0,7,0,5,5,0,0,2,2,2,1,1,1,1,1,1,Primary (1–5),STANDARD,0,True,True
7139380,UTTAR PRADESH,BAREILLY,VITHARI CHAINPUR,1,Faridapur Inayat Khan,2,3,1,8,5,243123,2,2,3,42,36,30,47,47,50,37,41,0,0,0,0,330,10,0,10,0,11,11,0,0,3,3,3,1,1,1,1,1,1,Upper Primary (1–8),STANDARD,0,True,True
6227124,UTTAR PRADESH,BAREILLY,VITHARI CHAINPUR,1,Bhagwanpur Dhimri,1,3,1,5,5,243123,2,2,3,4,9,4,3,4,0,0,0,0,0,0,0,24,3,1,2,0,4,4,0,0,1,1,0,0,0,2,1,1,1,Primary (1–5),STANDARD,0,False,True
4477011,UTTAR PRADESH,BAREILLY,MAJHGAWAN,1,Gularia Uprala,2,3,1,8,5,243302,1,2,3,120,110,96,84,100,60,35,38,0,0,0,0,643,18,16,2,0,8,8,0,0,6,6,0,0,0,2,1,1,1,Upper Primary (1–8),STANDARD,0,False,True
8578020,UTTAR PRADESH,BAREILLY,RAMNAGAR,1,Sunrasi,1,3,1,5,1,243303,2,2,3,4,9,22,23,27,0,0,0,0,0,0,0,85,3,2,1,0,3,3,0,0,1,1,0,0,0,2,1,1,1,Primary (1–5),STANDARD,0,False,True
9803272,UTTAR PRADESH,BAREILLY,NAWABGANJ,2,,1,3,1,5,97,262406,2,2,3,22,33,24,32,22,0,0,0,0,0,0,0,133,5,1,4,0,5,5,0,0,1,2,0,0,0,2,1,2,1,Primary (1–5),STANDARD,0,False,False
6018768,UTTAR PRADESH,BAREILLY,FARIDPUR,1,Suktiya Singhabari,1,3,1,5,5,243503,1,2,3,13,2,4,6,8,0,0,0,0,0,0,0,33,4,4,0,0,5,5,0,0,1,1,0,0,0,2,3,1,1,Primary (1–5),STANDARD,0,False,True
8668712,UTTAR PRADESH,BAREILLY,FATEHGANJ,1,Rukam Pur,1,3,1,5,5,243501,2,2,3,25,17,20,23,29,0,0,0,0,0,0,0,114,6,6,0,0,6,6,0,0,2,1,0,0,0,2,2,1,1,Primary (1–5),STANDARD,0,False,True
4012646,UTTAR PRADESH,BAREILLY,SHERGARH,1,Pakhurni,4,3,6,8,5,243203,9,2,3,0,0,0,0,0,21,28,10,0,0,0,0,59,4,4,0,0,3,3,0,0,1,1,0,0,0,1,2,2,1,Upper Primary (6–8),STANDARD,0,True,False
8044498,UTTAR PRADESH,BAREILLY,FATEHGANJ,2,,7,3,6,10,5,243501,9,2,3,0,0,0,0,0,18,25,33,44,62,0,0,182,7,7,0,0,9,9,0,0,4,6,0,1,0,1,2,1,1,Secondary (6–10),STANDARD,0,True,True
3440723,UTTAR PRADESH,BAREILLY,RICHHA(DAMKHODA),1,Karanpur,1,3,1,5,5,243202,2,2,3,11,15,9,13,10,0,0,0,0,0,0,0,58,5,0,5,0,8,8,0,0,1,1,5,1,0,1,2,1,1,Primary (1–5),STANDARD,0,True,True
4054062,UTTAR PRADESH,BAREILLY,KYARA,1,Kargaina,2,3,1,8,5,243001,1,2,3,32,33,24,27,23,15,23,14,0,0,0,0,191,9,9,0,0,10,10,0,0,1,1,2,0,0,1,1,2,2,Upper Primary (1–8),STANDARD,0,True,False
5724512,UTTAR PRADESH,BAREILLY,VITHARI CHAINPUR,1,Singhai Murawan,3,3,1,12,5,243123,1,1,3,54,22,21,35,36,42,47,26,54,39,30,34,440,23,23,0,0,15,15,0,0,9,9,38,1,1,1,1,1,1,Higher Secondary (1–12),STANDARD,0,True,True
1760270,UTTAR PRADESH,BAREILLY,NAWABGANJ,1,Baraur,1,3,1,5,5,262406,1,2,3,40,35,33,42,39,0,0,0,0,0,0,0,189,8,0,8,0,8,8,0,0,1,1,0,1,0,1,1,2,1,Primary (1–5),STANDARD,0,True,False
5578956,UTTAR PRADESH,BAREILLY,BAREILLY TOWN,2,,4,3,6,8,5,243001,9,2,3,0,0,0,0,0,0,1,0,0,0,0,0,1,3,3,0,0,5,5,0,0,1,1,1,0,0,1,1,2,1,Upper Primary (6–8),STANDARD,0,True,False
2021321,UTTAR PRADESH,BAREILLY,BAREILLY TOWN,2,,1,3,1,5,5,243005,2,2,3,0,24,0,0,0,0,0,0,0,0,0,0,24,5,5,0,0,5,5,0,0,4,4,4,1,0,2,1,1,1,Primary (1–5),STANDARD,0,False,True
5209412,UTTAR PRADESH,BAREILLY,RAMNAGAR,1,Dhilwari,3,3,1,12,5,243301,1,2,3,20,17,17,24,21,34,32,35,33,39,24,26,322,15,15,0,0,15,15,0,0,5,5,25,2,0,1,1,1,1,Higher Secondary (1–12),STANDARD,0,True,True
3004188,UTTAR PRADESH,BAREILLY,RAMNAGAR,1,Hardaspur,2,3,1,8,5,243303,2,2,3,23,34,45,45,62,64,85,66,0,0,0,0,424,8,8,0,0,12,12,0,0,4,4,1,0,0,2,1,1,2,Upper Primary (1–8),STANDARD,0,False,True
7666118,UTTAR PRADESH,BAREILLY,BAREILLY TOWN,2,,1,3,1,5,5,243001,2,2,3,9,22,17,22,22,0,0,0,0,0,0,0,92,3,3,0,0,5,5,0,0,2,2,0,1,0,1,1,1,1,Primary (1–5),STANDARD,0,True,True
1712409,UTTAR PRADESH,BAREILLY,RAMNAGAR,1,Daraw Nagar,2,3,1,8,5,243303,2,2,3,18,25,20,16,15,47,32,33,0,0,0,0,206,6,6,0,0,8,8,0,0,2,2,0,0,0,2,1,2,1,Upper Primary (1–8),STANDARD,0,False,False
7683332,UTTAR PRADESH,BAREILLY,KYARA,1,Bukhara,1,3,1,5,5,243001,2,2,3,8,0,4,2,5,0,0,0,0,0,0,0,19,4,0,4,0,5,5,0,0,1,1,0,0,0,1,1,2,1,Primary (1–5),STANDARD,0,True,False
3694108,UTTAR PRADESH,BAREILLY,BAHERI,1,Raju Nagala,1,3,1,5,5,243201,1,2,3,32,29,41,39,44,0,0,0,0,0,0,0,185,7,7,0,0,5,5,0,0,1,2,1,1,0,1,2,1,1,Primary (1–5),STANDARD,0,True,True
7120824,UTTAR PRADESH,BAREILLY,BAREILLY TOWN,2,,3,3,1,12,5,243122,1,2,3,88,90,73,69,72,76,48,60,73,70,55,53,827,42,39,3,0,30,30,0,0,6,6,50,7,3,1,1,1,1,Higher Secondary (1–12),STANDARD,0,True,True
6580031,UTTAR PRADESH,BAREILLY,BHOJIPURA,1,Karampur Chaudhary,1,3,1,5,5,243202,2,2,3,22,16,5,16,8,0,0,0,0,0,0,0,67,7,4,3,0,6,6,0,0,1,1,0,1,0,1,1,1,1,Primary (1–5),STANDARD,0,True,True
8059602,UTTAR PRADESH,BAREILLY,RAMNAGAR,1,Champatpur,2,3,1,8,1,243301,2,2,3,8,12,9,14,7,16,17,8,0,0,0,0,91,7,3,4,0,8,8,0,0,2,2,4,0,2,2,1,1,1,Upper Primary (1–8),STANDARD,0,False,True
2666280,UTTAR PRADESH,BAREILLY,BHOJIPURA,1,Lad Pur,1,3,1,5,5,243202,2,2,3,18,22,18,16,13,0,0,0,0,0,0,0,87,4,1,3,0,5,5,0,0,1,1,1,0,0,1,1,2,1,Primary (1–5),STANDARD,0,True,False
5444638,UTTAR PRADESH,BAREILLY,VITHARI CHAINPUR,1,Singhai Murawan,2,3,1,8,1,243123,2,2,3,17,23,17,42,43,48,61,50,0,0,0,0,301,10,7,3,0,8,1,0,7,2,2,0,0,2,2,1,1,1,Upper Primary (1–8),STANDARD,7,False,True
2015482,UTTAR PRADESH,BAREILLY,MIRGANJ,1,Narkhera,4,3,6,8,1,243504,9,2,3,0,0,0,0,0,5,11,14,0,0,0,0,30,1,1,0,0,5,4,0,1,1,1,0,0,0,2,1,1,1,Upper Primary (6–8),STANDARD,1,False,True
4425602,UTTAR PRADESH,BAREILLY,BAHERI,1,Utarsia Samukhiya,5,2,6,12,1,243201,9,2,1,0,0,0,0,0,22,30,34,40,23,0,0,149,9,0,9,0,3,3,0,0,0,10,7,0,0,1,1,1,1,Higher Secondary (6–12),STANDARD,0,True,True
2912446,UTTAR PRADESH,BAREILLY,RAMNAGAR,1,Tigra Khanpur,2,3,1,8,1,243301,2,2,3,25,13,39,58,40,82,58,78,0,0,0,0,393,11,7,4,0,10,10,0,0,3,3,0,0,2,1,1,1,1,Upper Primary (1–8),STANDARD,0,True,True
6858274,UTTAR PRADESH,BAREILLY,BAHERI,1,Tanda Meernagar,2,3,1,8,1,243201,2,2,3,12,11,5,10,5,32,36,19,0,0,0,0,130,8,4,1,3,7,4,1,2,2,2,16,2,2,1,1,1,1,Upper Primary (1–8),STANDARD,3,True,True
8421725,UTTAR PRADESH,BAREILLY,KYARA,1,Palpur Kamalpur,4,3,6,8,1,243001,9,2,3,0,0,0,0,0,72,72,62,0,0,0,0,206,6,5,0,1,5,3,2,0,3,3,0,0,0,2,1,1,1,Upper Primary (6–8),STANDARD,2,False,True
6483060,UTTAR PRADESH,BAREILLY,BHUTA,1,Padoli,2,3,1,8,1,243126,2,2,3,15,21,16,24,24,67,68,34,0,0,0,0,269,9,8,1,0,8,6,2,0,3,3,0,1,2,1,1,1,1,Upper Primary (1–8),STANDARD,2,True,True
2392881,UTTAR PRADESH,BAREILLY,SHERGARH,1,Bhurasi,4,3,6,8,1,243505,9,2,3,0,0,0,0,0,20,16,26,0,0,0,0,62,3,3,0,0,4,4,0,0,1,1,4,0,2,2,1,1,1,Upper Primary (6–8),STANDARD,0,False,True
4004810,UTTAR PRADESH,BAREILLY,BHUTA,1,Padarathpur,4,3,6,8,1,243503,9,2,3,0,0,0,0,0,75,60,53,0,0,0,0,188,3,3,0,0,4,3,1,0,1,1,0,0,0,2,1,1,1,Upper Primary (6–8),STANDARD,1,False,True
1396486,UTTAR PRADESH,BAREILLY,FARIDPUR,1,Saripur,4,3,6,8,1,243503,9,2,3,0,0,0,0,0,38,42,35,0,0,0,0,115,3,3,0,0,4,0,0,4,2,2,0,0,2,2,1,1,1,Upper Primary (6–8),STANDARD,4,False,True
3772864,UTTAR PRADESH,BAREILLY,VITHARI CHAINPUR,1,Dhaurera Mafi,2,3,1,8,5,243001,1,2,3,16,18,13,16,19,17,17,10,0,0,0,0,126,10,2,8,0,11,11,0,0,2,2,2,1,0,1,1,1,1,Upper Primary (1–8),STANDARD,0,True,True
1322169,UTTAR PRADESH,BAREILLY,BHOJIPURA,1,Bhoji Pura,5,3,6,12,4,243202,9,2,3,0,0,0,0,0,177,161,159,486,500,389,390,2262,35,15,1,19,35,24,0,11,10,10,10,4,0,1,1,1,1,Higher Secondary (6–12),STANDARD,11,True,True
4913935,UTTAR PRADESH,BAREILLY,BAREILLY TOWN,2,,2,3,1,8,1,243003,2,2,3,9,13,10,17,9,17,12,9,0,0,0,0,96,5,5,0,0,8,8,0,0,1,1,0,0,2,2,1,1,2,Upper Primary (1–8),STANDARD,0,False,True
9939335,UTTAR PRADESH,BAREILLY,VITHARI CHAINPUR,1,Kesarpur,1,3,1,5,5,243001,2,2,3,2,12,15,8,11,0,0,0,0,0,0,0,48,4,2,2,0,5,5,0,0,1,1,0,0,0,2,1,2,1,Primary (1–5),STANDARD,0,False,False
4615701,UTTAR PRADESH,BAREILLY,BAREILLY TOWN,2,,1,3,1,5,5,243502,2,2,3,28,47,53,162,57,0,0,0,0,0,0,0,347,4,4,0,0,10,10,0,0,3,3,1,0,0,1,1,1,1,Primary (1–5),STANDARD,0,True,True
1084070,UTTAR PRADESH,BAREILLY,SHERGARH,1,Dhakia,2,3,1,8,1,243201,2,2,3,17,8,11,15,16,19,18,15,0,0,0,0,119,4,4,0,0,11,7,4,0,1,1,0,0,2,1,1,1,1,Upper Primary (1–8),STANDARD,4,True,True
8801196,UTTAR PRADESH,BAREILLY,MAJHGAWAN,1,Bheta Buzurg,1,3,1,5,1,243302,2,2,3,19,26,28,82,50,0,0,0,0,0,0,0,205,3,3,0,0,8,4,2,2,1,1,0,0,2,2,1,1,1,Primary (1–5),STANDARD,4,False,True
3988287,UTTAR PRADESH,BAREILLY,FATEHGANJ,1,Tiliya Pur,1,3,1,5,5,243502,2,2,3,8,0,6,2,3,0,0,0,0,0,0,0,19,4,0,4,0,5,5,0,0,1,1,0,0,0,2,1,1,1,Primary (1–5),STANDARD,0,False,True
7495360,UTTAR PRADESH,BAREILLY,BHUTA,1,Bhaupur,1,3,1,5,1,243503,2,2,3,9,18,14,18,23,0,0,0,0,0,0,0,82,3,3,0,0,3,3,0,0,1,1,0,0,2,1,1,1,1,Primary (1–5),STANDARD,0,True,True
5658259,UTTAR PRADESH,BAREILLY,RICHHA(DAMKHODA),1,Bans Bojh,1,3,1,5,1,243201,2,2,3,9,8,6,13,12,0,0,0,0,0,0,0,48,3,2,1,0,3,2,1,0,1,1,0,0,2,1,1,1,1,Primary (1–5),STANDARD,1,True,True
3798322,UTTAR PRADESH,BAREILLY,BAHERI,1,Aliganj,1,3,1,5,1,243201,2,2,3,2,2,4,6,4,0,0,0,0,0,0,0,18,1,1,0,0,4,2,2,0,1,1,0,0,2,1,1,1,1,Primary (1–5),STANDARD,2,True,True
2188149,UTTAR PRADESH,BAREILLY,FARIDPUR,1,Jhada,1,3,1,5,1,243506,2,2,3,12,8,7,8,13,0,0,0,0,0,0,0,48,4,2,2,0,4,4,0,0,1,1,0,0,2,2,1,1,2,Primary (1–5),STANDARD,0,False,True
6388722,UTTAR PRADESH,BAREILLY,MIRGANJ,1,Ballia,1,3,1,5,1,243504,2,2,3,18,14,14,33,23,0,0,0,0,0,0,0,102,5,4,1,0,5,2,3,0,1,1,0,0,2,2,1,1,1,Primary (1–5),STANDARD,3,False,True
3511845,UTTAR PRADESH,BAREILLY,ALAMPUR,1,Bagarpur,1,3,1,5,1,243401,2,2,3,28,4,21,43,28,0,0,0,0,0,0,0,124,5,3,2,0,3,1,1,1,2,2,0,0,2,2,1,1,1,Primary (1–5),STANDARD,2,False,True
2440633,UTTAR PRADESH,BAREILLY,BHADPURA,1,Ainthpur,1,3,1,5,1,262406,2,2,3,5,2,1,7,6,0,0,0,0,0,0,0,21,2,1,1,0,3,0,3,0,1,1,0,0,2,2,1,1,1,Primary (1–5),STANDARD,3,False,True
8158487,UTTAR PRADESH,BAREILLY,BHADPURA,1,Keyolariya,1,3,1,5,1,262406,2,2,3,13,12,17,20,20,0,0,0,0,0,0,0,82,2,2,0,0,5,3,1,1,1,1,0,0,2,2,1,1,1,Primary (1–5),STANDARD,2,False,True
1963986,UTTAR PRADESH,BAREILLY,BHADPURA,1,Dabri,1,3,1,5,1,262406,2,2,3,12,11,12,14,16,0,0,0,0,0,0,0,65,4,3,1,0,6,0,4,2,1,1,0,0,2,1,1,1,1,Primary (1–5),STANDARD,6,True,True
8786036,UTTAR PRADESH,BAREILLY,MIRGANJ,1,Sanjarpur,1,3,1,5,1,243504,2,2,3,6,3,4,4,5,0,0,0,0,0,0,0,22,4,1,3,0,5,5,0,0,1,1,0,0,1,2,1,1,2,Primary (1–5),STANDARD,0,False,True
8719152,UTTAR PRADESH,BAREILLY,BAREILLY TOWN,2,,1,3,1,5,1,243001,2,2,3,9,12,12,15,23,0,0,0,0,0,0,0,71,0,0,0,0,2,2,0,0,1,1,0,0,1,1,1,1,1,Primary (1–5),STANDARD,0,True,True
2924704,UTTAR PRADESH,BAREILLY,BAHERI TOWN,2,,1,3,1,5,1,243201,2,2,3,11,9,16,23,13,0,0,0,0,0,0,0,72,3,0,3,0,2,2,0,0,1,1,0,1,2,2,1,1,2,Primary (1–5),STANDARD,0,False,True
7490233,UTTAR PRADESH,BAREILLY,BHADPURA,1,Kuluha,1,3,1,5,1,262406,2,2,3,1,1,1,3,2,0,0,0,0,0,0,0,8,2,1,1,0,2,1,0,1,1,1,0,0,2,2,1,1,2,Primary (1–5),STANDARD,1,False,True
2736964,UTTAR PRADESH,BAREILLY,MAJHGAWAN,1,Mirjapur,1,3,1,5,1,243401,2,2,3,14,13,10,31,19,0,0,0,0,0,0,0,87,4,2,2,0,5,5,0,0,1,1,0,0,2,1,1,1,1,Primary (1–5),STANDARD,0,True,True
8300279,UTTAR PRADESH,BAREILLY,ALAMPUR,1,Kangawaurla,1,3,1,5,1,243301,2,2,3,34,13,27,32,52,0,0,0,0,0,0,0,158,4,3,1,0,6,4,0,2,2,2,1,0,2,1,1,1,1,Primary (1–5),STANDARD,2,True,True
4242844,UTTAR PRADESH,BAREILLY,NAWABGANJ,1,Richhola Kifayatullah,1,3,1,5,97,243201,1,2,3,28,25,30,30,5,0,0,0,0,0,0,0,118,7,7,0,0,7,7,0,0,2,2,1,1,0,1,1,1,1,Primary (1–5),STANDARD,0,True,True
5442105,UTTAR PRADESH,BAREILLY,BAHERI TOWN,2,,1,3,1,5,5,243201,2,2,3,16,23,18,19,13,0,0,0,0,0,0,0,89,8,1,7,0,11,11,0,0,5,3,5,0,0,1,1,1,1,Primary (1–5),STANDARD,0,True,True
3970133,UTTAR PRADESH,BAREILLY,FATEHGANJ,1,Dahiya,1,3,1,5,97,243202,2,2,3,10,15,12,23,11,0,0,0,0,0,0,0,71,5,3,2,0,8,8,0,0,2,6,0,0,0,2,3,2,1,Primary (1–5),STANDARD,0,False,False
6238965,UTTAR PRADESH,BAREILLY,MIRGANJ,1,Saijana,1,3,1,5,97,243504,2,2,3,5,8,8,5,5,0,0,0,0,0,0,0,31,1,0,1,0,4,4,0,0,1,1,0,0,0,1,2,2,1,Primary (1–5),STANDARD,0,True,False
6970807,UTTAR PRADESH,BAREILLY,FATEHGANJ,1,Tiliya Pur,6,3,1,10,97,243502,2,2,3,0,2,0,0,2,7,4,16,6,0,0,0,37,8,4,4,0,9,9,0,0,3,7,1,0,0,2,1,2,1,Secondary (1–10),STANDARD,0,False,False
7603923,UTTAR PRADESH,BAREILLY,MAJHGAWAN,1,Churha Navdia,1,3,1,5,1,243302,2,2,3,14,23,30,39,29,0,0,0,0,0,0,0,135,5,5,0,0,5,3,0,2,1,1,0,0,2,2,1,1,1,Primary (1–5),STANDARD,2,False,True
3761209,UTTAR PRADESH,BAREILLY,BHOJIPURA,2,,2,3,1,8,5,243202,2,2,3,15,7,8,6,7,10,6,18,0,0,0,0,77,13,13,0,0,8,8,0,0,1,1,4,2,0,1,1,1,1,Upper Primary (1–8),STANDARD,0,True,True
7287492,UTTAR PRADESH,BAREILLY,SHERGARH,1,Dunka,2,3,1,8,5,243505,2,2,3,19,14,4,11,13,9,12,4,0,0,0,0,86,7,1,6,0,8,8,0,0,2,2,0,0,0,2,1,1,1,Upper Primary (1–8),STANDARD,0,False,True
8866113,UTTAR PRADESH,BAREILLY,VITHARI CHAINPUR,1,Saidpur Kurmian,1,3,1,5,1,243123,2,2,3,6,4,6,5,6,0,0,0,0,0,0,0,27,4,2,2,0,5,2,1,2,1,1,0,0,2,1,1,1,1,Primary (1–5),STANDARD,3,True,True
3924430,UTTAR PRADESH,BAREILLY,BAREILLY TOWN,2,,1,3,1,5,5,243003,2,2,3,49,40,33,40,30,0,0,0,0,0,0,0,192,5,4,1,0,5,3,2,0,1,1,1,1,0,1,1,1,1,Primary (1–5),STANDARD,2,True,True
8455274,UTTAR PRADESH,BAREILLY,FATEHGANJ,1,Aksaura,1,3,1,5,1,243505,2,2,3,16,10,14,20,17,0,0,0,0,0,0,0,77,3,2,1,0,4,0,1,3,1,1,0,0,1,1,1,1,2,Primary (1–5),STANDARD,4,True,True
7451976,UTTAR PRADESH,BAREILLY,MIRGANJ,1,Sidhauli,1,3,1,5,1,243504,2,2,3,17,15,10,18,16,0,0,0,0,0,0,0,76,4,3,0,1,4,4,0,0,1,1,0,0,2,2,1,1,2,Primary (1–5),STANDARD,0,False,True
8052746,UTTAR PRADESH,BAREILLY,FARIDPUR,1,Majhuawa Majra Bilra,1,3,1,5,97,243503,2,2,3,7,9,4,10,15,0,0,0,0,0,0,0,45,2,2,0,0,5,5,0,0,2,2,0,0,0,1,1,1,1,Primary (1–5),STANDARD,0,True,True
6569031,UTTAR PRADESH,BAREILLY,KYARA,1,Soodanpur Mustqil,1,3,1,5,1,243302,2,2,3,9,9,8,23,10,0,0,0,0,0,0,0,59,4,3,1,0,2,0,0,2,1,1,0,0,0,1,1,1,1,Primary (1–5),STANDARD,2,True,True
2798387,UTTAR PRADESH,BAREILLY,BAREILLY TOWN,2,,1,3,1,5,1,243003,2,2,3,6,12,9,12,19,0,0,0,0,0,0,0,58,1,0,1,0,3,3,0,0,1,1,0,0,0,1,1,1,2,Primary (1–5),STANDARD,0,True,True
9162592,UTTAR PRADESH,BAREILLY,FARIDPUR TOWN,2,,1,3,1,5,5,243503,2,2,3,6,19,11,16,14,0,0,0,0,0,0,0,66,8,8,0,0,5,5,0,0,2,2,0,0,0,1,1,1,1,Primary (1–5),STANDARD,0,True,True
1486187,UTTAR PRADESH,BAREILLY,BAHERI,1,Sisai,1,3,1,5,1,243201,2,2,3,24,22,20,22,47,0,0,0,0,0,0,0,135,4,3,1,0,8,3,0,5,1,1,0,1,0,2,1,1,1,Primary (1–5),STANDARD,5,False,True
2375318,UTTAR PRADESH,BAREILLY,VITHARI CHAINPUR,1,Bhartaul,2,3,1,8,5,243123,1,2,3,19,27,21,22,13,12,8,4,0,0,0,0,126,13,13,0,0,11,11,0,0,2,3,5,0,0,1,1,1,2,Upper Primary (1–8),STANDARD,0,True,True
4228459,UTTAR PRADESH,BAREILLY,SHERGARH,1,,2,3,1,8,5,243201,1,2,3,84,73,22,58,77,60,59,39,0,0,0,0,472,6,6,0,0,10,10,0,0,3,5,2,10,0,1,1,1,1,Upper Primary (1–8),STANDARD,0,True,True
9205999,UTTAR PRADESH,BAREILLY,FARIDPUR TOWN,2,,1,3,1,5,5,243503,2,2,3,10,26,28,47,27,0,0,0,0,0,0,0,138,5,4,1,0,5,5,0,0,1,1,0,0,0,1,1,1,1,Primary (1–5),STANDARD,0,True,True
2756021,UTTAR PRADESH,BAREILLY,KYARA,1,Abheypur Camp,2,3,1,8,5,243001,1,2,3,24,13,8,17,14,18,19,21,0,0,0,0,134,8,1,7,0,10,10,0,0,2,2,2,1,0,1,1,2,1,Upper Primary (1–8),STANDARD,0,True,False
5691087,UTTAR PRADESH,BAREILLY,ALAMPUR,1,Daruwapur,1,3,1,5,1,243401,2,2,3,13,6,6,18,14,0,0,0,0,0,0,0,57,5,3,2,0,4,3,0,1,1,1,0,0,2,2,1,1,2,Primary (1–5),STANDARD,1,False,True
6578302,UTTAR PRADESH,BAREILLY,BAREILLY TOWN,2,,1,3,1,5,5,243003,2,2,3,29,31,23,32,36,0,0,0,0,0,0,0,151,7,7,0,0,5,5,0,0,2,2,0,1,0,1,1,1,1,Primary (1–5),STANDARD,0,True,True
4372773,UTTAR PRADESH,BAREILLY,FARIDPUR,1,Pandhera,2,3,1,8,5,243503,2,2,3,26,48,27,54,31,34,21,9,0,0,0,0,250,5,5,0,0,8,8,0,0,1,3,0,0,0,1,1,1,1,Upper Primary (1–8),STANDARD,0,True,True
5594859,UTTAR PRADESH,BAREILLY,BAREILLY TOWN,2,,2,3,1,8,5,243001,2,2,3,1,0,1,0,12,4,5,7,0,0,0,0,30,1,1,0,0,5,5,0,0,2,3,0,0,0,1,2,2,1,Upper Primary (1–8),STANDARD,0,True,False
7735854,UTTAR PRADESH,BAREILLY,FATEHGANJ,1,Bafari Buzurg,1,3,1,5,1,243505,2,2,3,15,13,15,38,28,0,0,0,0,0,0,0,109,6,4,2,0,7,3,1,3,1,2,0,0,2,1,1,1,1,Primary (1–5),STANDARD,4,True,True
6126957,UTTAR PRADESH,BAREILLY,BHUTA,1,Gajnera,7,3,6,10,5,243126,9,2,3,0,0,0,0,0,36,40,29,167,197,0,0,469,8,8,0,0,9,9,0,0,1,1,0,0,0,2,2,1,2,Secondary (6–10),STANDARD,0,False,True
3711802,UTTAR PRADESH,BAREILLY,BHADPURA,1,Keyolariya,1,3,1,5,5,262406,2,2,3,4,12,3,5,3,0,0,0,0,0,0,0,27,4,4,0,0,5,5,0,0,1,1,0,1,0,1,1,1,1,Primary (1–5),STANDARD,0,True,True
8765208,UTTAR PRADESH,BAREILLY,BHOJIPURA,1,Ghanghoua Ghanghori,1,3,1,5,5,243202,2,2,3,35,31,32,36,21,0,0,0,0,0,0,0,155,4,4,0,0,5,5,0,0,2,2,1,0,0,1,1,1,1,Primary (1–5),STANDARD,0,True,True
1744557,UTTAR PRADESH,BAREILLY,BHADPURA,1,Biharipur Pitam Ram,1,3,1,5,5,242406,2,2,3,14,4,9,12,5,0,0,0,0,0,0,0,44,5,2,3,0,5,5,0,0,1,1,1,1,0,1,1,1,1,Primary (1–5),STANDARD,0,True,True
1634017,UTTAR PRADESH,BAREILLY,BHOJIPURA,1,Majhawa Gangapur,2,3,1,8,5,243202,2,2,3,8,7,11,10,2,84,52,50,0,0,0,0,224,7,5,2,0,6,6,0,0,2,2,0,0,0,2,2,1,1,Upper Primary (1–8),STANDARD,0,False,True
6556769,UTTAR PRADESH,BAREILLY,KYARA,1,Maheshpur Thakuran,2,3,1,8,5,243001,2,2,3,8,6,5,2,2,4,2,1,0,0,0,0,30,5,1,0,4,7,7,0,0,1,1,0,1,0,2,1,1,1,Upper Primary (1–8),STANDARD,0,False,True
7362982,UTTAR PRADESH,BAREILLY,MAJHGAWAN,1,Rukhara,1,3,1,5,1,243303,2,2,3,8,14,11,12,15,0,0,0,0,0,0,0,60,3,2,1,0,7,5,2,0,1,1,0,0,2,1,1,1,2,Primary (1–5),STANDARD,2,True,True
2222762,UTTAR PRADESH,BAREILLY,NAWABGANJ,2,,5,3,6,12,5,262406,9,2,3,0,0,0,0,0,33,46,58,271,238,395,581,1622,25,0,25,0,17,17,0,0,8,11,4,1,1,1,1,1,1,Higher Secondary (6–12),STANDARD,0,True,True
7026969,UTTAR PRADESH,BAREILLY,FARIDPUR TOWN,2,,4,3,6,8,5,243503,9,2,3,0,0,0,0,0,33,24,29,0,0,0,0,86,4,4,0,0,5,5,0,0,0,5,6,0,0,1,1,1,1,Upper Primary (6–8),STANDARD,0,True,True
2144228,UTTAR PRADESH,BAREILLY,VITHARI CHAINPUR,1,Padarathpur (Ct),3,3,1,12,5,243123,1,2,3,104,120,74,111,101,97,90,80,124,108,90,73,1172,46,45,1,0,39,39,0,0,8,10,25,2,0,1,1,1,1,Higher Secondary (1–12),STANDARD,0,True,True
8454078,UTTAR PRADESH,BAREILLY,NAWABGANJ,1,Harhar Matkali,1,3,1,5,5,243407,2,2,3,9,9,31,15,15,0,0,0,0,0,0,0,79,8,8,0,0,5,5,0,0,1,1,8,1,0,1,1,1,1,Primary (1–5),STANDARD,0,True,True
7647641,UTTAR PRADESH,BAREILLY,MAJHGAWAN,1,Kundaria Faijullapur,1,3,1,5,5,243302,2,2,3,48,16,28,66,72,0,0,0,0,0,0,0,230,5,5,0,0,6,6,0,0,2,2,5,2,0,1,1,1,1,Primary (1–5),STANDARD,0,True,True
4476716,UTTAR PRADESH,BAREILLY,VITHARI CHAINPUR,1,Padarathpur (Ct),2,3,1,8,5,243123,2,2,1,24,7,14,15,11,10,15,8,0,0,0,0,104,7,6,0,1,9,9,0,0,1,3,0,0,0,2,1,2,2,Upper Primary (1–8),STANDARD,0,False,False
7961029,UTTAR PRADESH,BAREILLY,VITHARI CHAINPUR,1,Dohara,2,3,1,8,5,243006,1,2,3,83,76,54,49,57,73,73,75,0,0,0,0,540,15,15,0,0,11,11,0,0,15,15,49,0,0,1,1,1,2,Upper Primary (1–8),STANDARD,0,True,True
2496378,UTTAR PRADESH,BAREILLY,BAHERI,1,Sukatia,8,3,9,10,5,243201,9,2,3,0,0,0,0,0,0,0,0,24,60,0,0,84,5,4,0,1,14,14,0,0,2,3,0,1,1,1,1,1,1,Secondary (9–10),STANDARD,0,True,True
3860152,UTTAR PRADESH,BAREILLY,MIRGANJ,2,,2,3,1,8,5,243301,2,2,3,51,62,63,68,113,1,0,0,0,0,0,0,358,8,3,0,5,20,20,0,0,10,10,10,1,0,1,1,1,1,Upper Primary (1–8),STANDARD,0,True,True
9117603,UTTAR PRADESH,BAREILLY,BAREILLY TOWN,2,,2,3,1,8,5,243001,2,2,3,23,29,19,19,20,22,26,20,0,0,0,0,178,3,3,0,0,8,8,0,0,2,2,1,1,0,2,1,1,1,Upper Primary (1–8),STANDARD,0,False,True
1489620,UTTAR PRADESH,BAREILLY,FARIDPUR TOWN,2,,4,3,6,8,5,243001,9,2,3,0,0,0,0,0,63,32,28,0,0,0,0,123,8,1,7,0,3,3,0,0,2,2,0,1,0,1,1,1,1,Upper Primary (6–8),STANDARD,0,True,True
3031491,UTTAR PRADESH,BAREILLY,BAHERI,1,Sili Jagir,4,3,6,8,5,243201,9,2,3,0,0,0,0,0,8,11,10,0,0,0,0,29,4,4,0,0,8,8,0,0,2,2,1,1,0,1,1,1,1,Upper Primary (6–8),STANDARD,0,True,True
1625732,UTTAR PRADESH,BAREILLY,NAWABGANJ,1,Dhaunrera,1,3,1,5,5,243001,1,2,3,7,6,1,3,4,0,0,0,0,0,0,0,21,6,6,0,0,5,5,0,0,1,1,1,1,0,1,1,2,1,Primary (1–5),STANDARD,0,True,False
6661780,UTTAR PRADESH,BAREILLY,BAREILLY TOWN,2,,10,3,9,12,5,243001,9,2,3,0,0,0,0,0,0,0,0,28,58,42,20,148,7,7,0,0,11,11,0,0,1,1,1,1,0,1,1,2,2,Higher Secondary (9–12),STANDARD,0,True,False
3143487,UTTAR PRADESH,BAREILLY,VITHARI CHAINPUR,1,Manpuria Delel,5,2,6,12,5,243005,9,2,3,0,0,0,0,0,35,29,33,138,124,160,178,697,19,19,0,0,19,19,0,0,0,12,6,0,0,1,1,1,1,Higher Secondary (6–12),STANDARD,0,True,True
3348952,UTTAR PRADESH,BAREILLY,VITHARI CHAINPUR,1,Kesarpur,3,3,1,12,5,243123,1,2,2,68,68,36,33,34,32,34,21,60,68,17,39,510,30,29,0,1,22,22,0,0,8,6,36,4,2,1,1,1,2,Higher Secondary (1–12),STANDARD,0,True,True
3595908,UTTAR PRADESH,BAREILLY,FARIDPUR TOWN,2,,1,3,1,5,5,243503,2,2,3,3,3,9,6,5,0,0,0,0,0,0,0,26,1,1,0,0,5,5,0,0,1,1,0,0,0,1,1,1,1,Primary (1–5),STANDARD,0,True,True
5117107,UTTAR PRADESH,BAREILLY,FARIDPUR,1,Nawada Bilshandi,2,3,1,8,1,243503,2,2,3,7,15,21,24,28,41,41,37,0,0,0,0,214,7,6,0,1,6,5,0,1,2,2,0,0,2,1,1,1,2,Upper Primary (1–8),STANDARD,1,True,True
5419413,UTTAR PRADESH,BAREILLY,FARIDPUR,1,Mohanpur,4,3,6,8,1,243503,9,2,3,0,0,0,0,0,42,46,33,0,0,0,0,121,7,5,0,2,5,4,0,1,1,1,1,0,0,2,1,1,1,Upper Primary (6–8),STANDARD,1,False,True
4107252,UTTAR PRADESH,BAREILLY,BHUTA,1,Mekpur Kala,2,3,1,8,1,243503,2,2,3,14,14,16,30,16,27,34,39,0,0,0,0,190,7,7,0,0,11,7,4,0,3,3,0,0,2,2,1,1,1,Upper Primary (1–8),STANDARD,4,False,True
8014223,UTTAR PRADESH,BAREILLY,BHOJIPURA,1,Jadaunpur,4,3,6,8,1,243202,9,2,3,0,0,0,0,0,56,114,130,0,0,0,0,300,4,4,0,0,4,4,0,0,1,1,0,1,2,1,1,1,2,Upper Primary (6–8),STANDARD,0,True,True
8683184,UTTAR PRADESH,BAREILLY,BHUTA,1,Harali Alipur,4,3,6,8,1,243506,9,2,3,0,0,0,0,0,43,85,50,0,0,0,0,178,4,4,0,0,3,0,3,0,1,1,0,0,2,1,1,1,1,Upper Primary (6–8),STANDARD,3,True,True
1613961,UTTAR PRADESH,BAREILLY,NAWABGANJ,1,Badhaipura Nikat Koh,8,3,9,10,1,243407,9,2,3,0,0,0,0,0,0,0,0,43,45,0,0,88,5,5,0,0,4,1,2,1,2,2,3,0,0,1,1,1,2,Secondary (9–10),STANDARD,3,True,True
4217867,UTTAR PRADESH,BAREILLY,SHERGARH,1,Guna Hattu,4,3,6,8,1,243203,9,2,3,0,0,0,0,0,31,32,35,0,0,0,0,98,4,3,1,0,5,5,0,0,1,1,0,1,2,1,1,1,1,Upper Primary (6–8),STANDARD,0,True,True
8109976,UTTAR PRADESH,BAREILLY,MAJHGAWAN,1,Rampura Khurd,4,3,6,8,1,243302,9,2,3,0,0,0,0,0,82,93,103,0,0,0,0,278,7,7,0,0,5,3,1,1,2,2,0,0,0,2,1,1,1,Upper Primary (6–8),STANDARD,2,False,True
3278178,UTTAR PRADESH,BAREILLY,NAWABGANJ,1,Khampur Urf Gangapur,4,3,6,8,1,243407,9,2,3,0,0,0,0,0,30,46,39,0,0,0,0,115,4,3,1,0,7,0,6,1,1,1,0,0,0,2,1,1,1,Upper Primary (6–8),STANDARD,7,False,True
1794753,UTTAR PRADESH,BAREILLY,BAREILLY TOWN,2,,2,3,1,8,6,243001,2,2,2,10,5,9,3,10,19,16,16,0,0,0,0,88,1,1,0,0,16,16,0,0,2,2,1,0,0,1,1,1,1,Upper Primary (1–8),STANDARD,0,True,True
3765675,UTTAR PRADESH,BAREILLY,BHADPURA,1,Dhanaur Jagir,2,3,1,8,1,262406,2,2,3,16,18,17,20,17,23,19,17,0,0,0,0,147,7,6,1,0,10,7,0,3,1,1,0,0,2,2,1,1,1,Upper Primary (1–8),STANDARD,3,False,True
7107428,UTTAR PRADESH,BAREILLY,BAREILLY TOWN,2,,5,3,6,12,1,243001,9,2,3,0,0,0,0,0,92,127,198,366,422,422,465,2092,36,34,0,2,50,40,5,5,0,38,9,0,0,1,1,1,1,Higher Secondary (6–12),STANDARD,10,True,True
3403364,UTTAR PRADESH,BAREILLY,RICHHA(DAMKHODA),1,Milak Pichhaura,4,3,6,8,1,243201,9,2,3,0,0,0,0,0,45,41,60,0,0,0,0,146,5,4,1,0,3,0,3,0,2,2,0,1,0,2,1,1,2,Upper Primary (6–8),STANDARD,3,False,True
6245190,UTTAR PRADESH,BAREILLY,NAWABGANJ,2,,2,3,1,8,1,243407,2,2,3,6,10,14,31,29,45,14,9,0,0,0,0,158,8,6,2,0,8,4,0,4,2,3,0,2,0,2,1,1,1,Upper Primary (1–8),STANDARD,4,False,True
4302864,UTTAR PRADESH,BAREILLY,BHOJIPURA,1,Kuan Danda Dhimni,4,3,6,8,1,243202,9,2,3,0,0,0,0,0,30,35,35,0,0,0,0,100,4,3,0,1,3,0,3,0,1,1,3,3,1,1,1,1,1,Upper Primary (6–8),STANDARD,3,True,True
5228506,UTTAR PRADESH,BAREILLY,RAMNAGAR,1,Kalyanpur Haibatour,2,3,1,8,1,243303,2,2,3,28,28,30,59,42,60,53,41,0,0,0,0,341,5,4,1,0,12,6,0,6,2,2,0,0,2,1,1,1,2,Upper Primary (1–8),STANDARD,6,True,True
5149480,UTTAR PRADESH,BAREILLY,BAHERI,1,Bahapur,4,3,6,8,1,243201,9,2,3,0,0,0,0,0,13,10,11,0,0,0,0,34,3,3,0,0,4,4,0,0,1,1,0,0,2,1,1,1,1,Upper Primary (6–8),STANDARD,0,True,True
1693602,UTTAR PRADESH,BAREILLY,BHADPURA,1,Narahi Naua Nagla,2,3,1,8,1,262406,2,2,3,34,33,31,40,38,71,64,91,0,0,0,0,402,12,9,2,1,13,9,0,4,1,1,0,0,2,1,1,1,1,Upper Primary (1–8),STANDARD,4,True,True
3801169,UTTAR PRADESH,BAREILLY,BAHERI,1,Pachpera,2,3,1,8,5,243201,1,2,3,25,29,21,11,16,12,19,17,0,0,0,0,150,5,5,0,0,8,8,0,0,1,1,1,2,1,2,1,1,1,Upper Primary (1–8),STANDARD,0,False,True
9095468,UTTAR PRADESH,BAREILLY,RICHHA(DAMKHODA),1,Hashama,2,3,1,8,1,243203,2,2,3,4,3,1,7,9,37,23,26,0,0,0,0,110,8,6,2,0,8,8,0,0,1,1,0,0,2,1,1,1,1,Upper Primary (1–8),STANDARD,0,True,True
8609145,UTTAR PRADESH,BAREILLY,KYARA,1,Behti Deh Jagir,4,3,6,8,1,243001,9,2,3,0,0,0,0,0,32,41,32,0,0,0,0,105,8,5,3,0,4,0,2,2,1,1,0,0,2,2,1,1,1,Upper Primary (6–8),STANDARD,4,False,True
3173194,UTTAR PRADESH,BAREILLY,NAWABGANJ,1,Pandri Samip Baraur,8,3,9,10,1,262406,9,2,3,0,0,0,0,0,0,0,0,10,9,0,0,19,3,3,0,0,10,10,0,0,1,1,3,0,0,1,1,1,2,Secondary (9–10),STANDARD,0,True,True
1697567,UTTAR PRADESH,BAREILLY,RAMNAGAR,1,Arazi Beodhan Buzurg,2,3,1,8,5,243303,1,2,3,35,34,42,26,29,45,27,22,0,0,0,0,260,10,10,0,0,10,10,0,0,2,2,0,0,0,2,2,2,1,Upper Primary (1–8),STANDARD,0,False,False
2334191,UTTAR PRADESH,BAREILLY,RAMNAGAR,1,Ajmer,5,3,6,12,4,243303,9,2,3,0,0,0,0,0,102,117,106,93,110,41,31,600,11,9,2,0,15,15,0,0,2,2,8,0,0,1,1,1,1,Higher Secondary (6–12),STANDARD,0,True,True
2195590,UTTAR PRADESH,BAREILLY,FATEHGANJ,1,Agras,2,3,1,8,5,243501,2,2,3,24,17,25,33,25,54,26,39,0,0,0,0,243,9,9,0,0,9,9,0,0,2,3,2,1,0,1,1,2,1,Upper Primary (1–8),STANDARD,0,True,False
6193283,UTTAR PRADESH,BAREILLY,BHADPURA,1,Jyoti Jagir,2,3,1,8,1,262406,2,2,3,21,12,18,19,30,28,41,52,0,0,0,0,221,7,7,0,0,10,4,3,3,4,4,0,0,2,2,1,1,1,Upper Primary (1–8),STANDARD,6,False,True
2549404,UTTAR PRADESH,BAREILLY,BAREILLY TOWN,2,,4,3,6,8,5,243005,9,2,3,0,0,0,0,0,4,11,9,0,0,0,0,24,3,3,0,0,5,5,0,0,2,2,0,1,0,1,1,1,1,Upper Primary (6–8),STANDARD,0,True,True
2323457,UTTAR PRADESH,BAREILLY,RICHHA(DAMKHODA),1,Dandiya Nagla,2,3,1,8,1,243201,2,2,3,18,19,19,23,18,24,30,36,0,0,0,0,187,9,6,3,0,9,9,0,0,1,2,0,2,2,1,1,1,1,Upper Primary (1–8),STANDARD,0,True,True
3504973,UTTAR PRADESH,BAREILLY,VITHARI CHAINPUR,1,Naryawal,2,3,1,8,5,243123,2,2,3,26,38,20,28,18,32,40,26,0,0,0,0,228,10,10,0,0,8,8,0,0,2,2,0,2,0,1,1,2,2,Upper Primary (1–8),STANDARD,0,True,False
7395216,UTTAR PRADESH,BAREILLY,BHUTA,1,Tisuwa,4,3,6,8,1,243506,9,2,3,0,0,0,0,0,147,120,108,0,0,0,0,375,8,7,1,0,4,4,0,0,1,1,0,0,2,2,1,1,2,Upper Primary (6–8),STANDARD,0,False,True
7167059,UTTAR PRADESH,BAREILLY,BAREILLY TOWN,2,,2,3,1,8,5,243001,2,2,3,2,4,16,1,2,38,40,42,0,0,0,0,145,5,5,0,0,6,6,0,0,2,1,1,0,0,1,1,1,2,Upper Primary (1–8),STANDARD,0,True,True
3951606,UTTAR PRADESH,BAREILLY,AONLA,2,,5,3,6,12,4,243301,9,2,3,0,0,0,0,0,236,238,270,339,424,240,278,2025,32,32,0,0,28,28,0,0,2,2,22,0,0,1,1,1,2,Higher Secondary (6–12),STANDARD,0,True,True
5776943,UTTAR PRADESH,BAREILLY,FARIDPUR TOWN,2,,3,3,1,12,4,243503,2,2,3,9,26,30,49,45,131,154,145,528,435,459,532,2543,29,12,0,17,33,8,15,10,1,18,15,1,0,1,1,1,1,Higher Secondary (1–12),STANDARD,25,True,True
6651332,UTTAR PRADESH,BAREILLY,RAMNAGAR,1,Mahmood Pur,4,3,6,8,4,243301,9,2,3,0,0,0,0,0,22,41,37,0,0,0,0,100,3,3,0,0,5,5,0,0,1,1,0,0,0,1,1,2,2,Upper Primary (6–8),STANDARD,0,True,False
7621802,UTTAR PRADESH,BAREILLY,BAREILLY TOWN,2,,1,3,1,5,1,243122,2,2,3,8,5,14,11,13,0,0,0,0,0,0,0,51,0,0,0,0,3,2,1,0,1,1,0,0,0,2,1,1,1,Primary (1–5),STANDARD,1,False,True
4985450,UTTAR PRADESH,BAREILLY,MAJHGAWAN,1,Nauhara Hasanpur,1,3,1,5,1,243302,2,2,3,12,17,9,21,28,0,0,0,0,0,0,0,87,3,2,1,0,4,0,2,2,2,1,0,0,2,2,1,1,2,Primary (1–5),STANDARD,4,False,True
1003892,UTTAR PRADESH,BAREILLY,ALAMPUR,1,Nabadia,1,3,1,5,5,243001,1,2,3,11,19,18,16,11,0,0,0,0,0,0,0,75,6,1,5,0,7,7,0,0,2,2,1,0,0,1,1,1,1,Primary (1–5),STANDARD,0,True,True
1542847,UTTAR PRADESH,BAREILLY,MIRGANJ,1,Khamria Sani,1,3,1,5,1,243504,2,2,3,15,9,11,19,13,0,0,0,0,0,0,0,67,5,3,2,0,3,3,0,0,1,1,0,0,2,2,1,1,2,Primary (1–5),STANDARD,0,False,True
8532199,UTTAR PRADESH,BAREILLY,ALAMPUR,1,Nogawan Thakuran,1,3,1,5,1,243402,2,2,3,47,39,27,40,28,0,0,0,0,0,0,0,181,7,3,4,0,4,3,1,0,1,1,0,0,2,2,1,1,2,Primary (1–5),STANDARD,1,False,True
6517046,UTTAR PRADESH,BAREILLY,BHADPURA,1,Dhimri,1,3,1,5,1,262406,2,2,3,19,11,24,27,24,0,0,0,0,0,0,0,105,3,3,0,0,5,4,0,1,2,2,0,0,2,2,1,1,2,Primary (1–5),STANDARD,1,False,True
2561696,UTTAR PRADESH,BAREILLY,ALAMPUR,1,Majnupur,1,3,1,5,1,243301,2,2,3,26,10,30,38,19,0,0,0,0,0,0,0,123,5,3,2,0,5,5,0,0,1,1,0,0,2,2,1,1,1,Primary (1–5),STANDARD,0,False,True
9872423,UTTAR PRADESH,BAREILLY,BHADPURA,1,Tigri,1,3,1,5,1,262406,2,2,3,6,7,5,6,8,0,0,0,0,0,0,0,32,3,1,2,0,5,2,1,2,1,1,0,0,2,1,1,1,1,Primary (1–5),STANDARD,3,True,True
5732971,UTTAR PRADESH,BAREILLY,NAWABGANJ,1,Panua,1,3,1,5,1,243407,2,2,3,10,11,11,32,13,0,0,0,0,0,0,0,77,4,4,0,0,2,2,0,0,1,1,0,1,2,2,1,1,2,Primary (1–5),STANDARD,0,False,True
4534868,UTTAR PRADESH,BAREILLY,NAWABGANJ,1,Deorania Jagir,1,3,1,5,1,243407,2,2,3,3,7,8,5,8,0,0,0,0,0,0,0,31,2,2,0,0,1,1,0,0,1,1,0,1,2,2,1,1,1,Primary (1–5),STANDARD,0,False,True
1113194,UTTAR PRADESH,BAREILLY,RICHHA(DAMKHODA),1,Pipra Nankar,1,3,1,5,1,243203,2,2,3,37,20,25,30,34,0,0,0,0,0,0,0,146,5,3,2,0,7,3,4,0,1,2,5,1,2,2,1,1,1,Primary (1–5),STANDARD,4,False,True
8361893,UTTAR PRADESH,BAREILLY,BHUTA,1,Jihi,1,3,1,5,1,243503,2,2,3,23,22,32,28,30,0,0,0,0,0,0,0,135,6,4,2,0,3,0,0,3,1,1,0,0,2,1,1,1,2,Primary (1–5),STANDARD,3,True,True
5078986,UTTAR PRADESH,BAREILLY,MAJHGAWAN,1,Jalal Nagar,1,3,1,5,1,243302,2,2,3,24,40,26,45,29,0,0,0,0,0,0,0,164,3,3,0,0,5,0,3,2,1,1,0,0,2,1,1,1,1,Primary (1–5),STANDARD,5,True,True
5338917,UTTAR PRADESH,BAREILLY,BAREILLY TOWN,2,,1,3,1,5,1,243502,2,2,3,25,23,33,26,24,0,0,0,0,0,0,0,131,3,2,1,0,7,7,0,0,2,2,0,0,0,1,1,1,1,Primary (1–5),STANDARD,0,True,True
8266585,UTTAR PRADESH,BAREILLY,FATEHGANJ,1,Mahima Nagla,1,3,1,5,1,243505,2,2,3,12,11,10,16,27,0,0,0,0,0,0,0,76,4,3,1,0,4,0,1,3,1,1,0,0,2,1,1,1,1,Primary (1–5),STANDARD,4,True,True
2446221,UTTAR PRADESH,BAREILLY,RAMNAGAR,1,Ram Nagar,1,3,1,5,1,243303,2,2,3,15,17,16,15,15,0,0,0,0,0,0,0,78,5,3,2,0,3,0,3,0,1,1,0,0,2,2,1,1,2,Primary (1–5),STANDARD,3,False,True
9508908,UTTAR PRADESH,BAREILLY,ALAMPUR,1,Kallia,1,3,1,5,1,243401,2,2,3,17,18,23,20,19,0,0,0,0,0,0,0,97,6,2,4,0,3,1,2,0,1,1,0,0,2,2,1,1,2,Primary (1–5),STANDARD,2,False,True
4636183,UTTAR PRADESH,BAREILLY,FARIDPUR,1,Jerh,1,3,1,5,1,243503,2,2,3,48,45,44,77,68,0,0,0,0,0,0,0,282,10,8,2,0,8,5,3,0,1,2,0,0,2,2,1,1,2,Primary (1–5),STANDARD,3,False,True
8956649,UTTAR PRADESH,BAREILLY,BAREILLY TOWN,2,,1,3,1,5,1,243005,2,2,3,6,16,20,25,62,0,0,0,0,0,0,0,129,2,1,1,0,4,4,0,0,2,2,0,0,2,1,1,1,1,Primary (1–5),STANDARD,0,True,True
6481541,UTTAR PRADESH,BAREILLY,FARIDPUR,1,Suktiya Singhabari,1,3,1,5,1,243506,2,2,3,8,4,10,14,19,0,0,0,0,0,0,0,55,3,3,0,0,3,3,0,0,1,1,0,0,0,2,1,1,1,Primary (1–5),STANDARD,0,False,True
5103349,UTTAR PRADESH,BAREILLY,NAWABGANJ,1,Lavakhera Badri Prasad,1,3,1,5,1,262406,2,2,3,7,4,6,9,5,0,0,0,0,0,0,0,31,2,1,1,0,4,4,0,0,1,1,0,0,2,1,1,1,1,Primary (1–5),STANDARD,0,True,True
5356689,UTTAR PRADESH,BAREILLY,BHADPURA,1,Margapur Margiya,1,3,1,5,1,262406,2,2,3,20,12,16,22,19,0,0,0,0,0,0,0,89,3,3,0,0,3,3,0,0,1,1,0,0,2,1,1,1,1,Primary (1–5),STANDARD,0,True,True
1442518,UTTAR PRADESH,BAREILLY,BAHERI,1,Fardia Mankara,6,3,1,10,97,243001,2,2,3,6,3,2,9,9,6,8,5,4,12,0,0,64,5,5,0,0,7,7,0,0,1,1,0,0,0,1,2,1,1,Secondary (1–10),STANDARD,0,True,True
9540014,UTTAR PRADESH,BAREILLY,FARIDPUR TOWN,2,,1,3,1,5,5,243503,2,2,3,8,13,30,13,7,0,0,0,0,0,0,0,71,3,3,0,0,6,6,0,0,2,2,0,0,0,1,1,1,1,Primary (1–5),STANDARD,0,True,True
1500205,UTTAR PRADESH,BAREILLY,BAHERI TOWN,2,,6,3,1,10,97,243201,2,2,3,31,1,1,1,15,8,8,12,10,7,0,0,94,10,8,2,0,11,11,0,0,2,2,0,1,0,2,2,2,1,Secondary (1–10),STANDARD,0,False,False
9244198,UTTAR PRADESH,BAREILLY,NAWABGANJ,1,Harhar Matkali,2,3,1,8,5,243407,1,2,3,23,48,53,68,63,50,60,68,0,0,0,0,433,7,7,0,0,8,8,0,0,5,3,1,1,1,1,1,1,1,Upper Primary (1–8),STANDARD,0,True,True
7958907,UTTAR PRADESH,BAREILLY,SHERGARH,2,,1,3,1,5,97,243505,2,2,3,18,0,11,10,7,0,0,0,0,0,0,0,46,3,3,0,0,5,5,0,0,1,1,0,0,0,2,1,1,1,Primary (1–5),STANDARD,0,False,True
5099636,UTTAR PRADESH,BAREILLY,BAREILLY TOWN,2,,1,3,1,5,5,243502,2,2,3,7,11,9,9,7,0,0,0,0,0,0,0,43,3,1,2,0,5,5,0,0,1,1,0,0,0,2,1,2,2,Primary (1–5),STANDARD,0,False,False
8777797,UTTAR PRADESH,BAREILLY,BHADPURA,1,Keyolariya,2,3,1,8,5,262406,2,2,3,3,8,9,6,9,9,18,11,0,0,0,0,73,5,5,0,0,9,9,0,0,1,1,0,1,0,1,1,2,2,Upper Primary (1–8),STANDARD,0,True,False
4848270,UTTAR PRADESH,BAREILLY,BHUTA,1,Chandokha Tondi,1,3,1,5,1,243503,2,2,3,14,5,12,18,24,0,0,0,0,0,0,0,73,4,3,1,0,2,0,0,2,1,1,0,0,0,2,1,1,1,Primary (1–5),STANDARD,2,False,True
9939813,UTTAR PRADESH,BAREILLY,VITHARI CHAINPUR,1,Chandpur Bichpuri,2,3,1,8,5,243006,1,2,3,36,22,24,17,25,33,33,20,0,0,0,0,210,11,11,0,0,11,11,0,0,2,3,4,0,0,2,1,1,2,Upper Primary (1–8),STANDARD,0,False,True
4040060,UTTAR PRADESH,BAREILLY,BHUTA,1,Ladpur Mudia,1,3,1,5,1,243126,2,2,3,13,13,13,14,9,0,0,0,0,0,0,0,62,5,3,2,0,2,2,0,0,2,1,0,0,2,1,1,1,2,Primary (1–5),STANDARD,0,True,True
6764418,UTTAR PRADESH,BAREILLY,KYARA,1,Manpur Chikitia,2,3,1,8,5,243001,1,2,3,6,13,13,24,16,19,10,11,0,0,0,0,112,8,8,0,0,9,9,0,0,2,2,0,0,0,2,1,1,1,Upper Primary (1–8),STANDARD,0,False,True
6289997,UTTAR PRADESH,BAREILLY,RAMNAGAR,1,Revati,1,3,1,5,5,243301,2,2,3,4,13,9,5,9,0,0,0,0,0,0,0,40,4,4,0,0,5,5,0,0,1,1,0,0,0,2,2,1,2,Primary (1–5),STANDARD,0,False,True
5062286,UTTAR PRADESH,BAREILLY,BAREILLY TOWN,2,,2,3,1,8,5,243006,2,2,3,5,16,5,14,8,6,10,9,0,0,0,0,73,7,4,3,0,8,2,6,0,2,1,1,1,1,1,1,1,1,Upper Primary (1–8),STANDARD,6,True,True
7364638,UTTAR PRADESH,BAREILLY,BHUTA,1,Mehtarpur Tej Singh,1,3,1,5,97,243503,2,2,3,32,40,33,72,46,0,0,0,0,0,0,0,223,7,7,0,0,5,5,0,0,2,2,0,1,0,1,1,1,1,Primary (1–5),STANDARD,0,True,True
4891488,UTTAR PRADESH,BAREILLY,FARIDPUR TOWN,2,,1,3,1,5,5,243503,2,2,3,20,26,46,55,38,0,0,0,0,0,0,0,185,8,2,6,0,9,9,0,0,1,1,1,2,1,1,1,2,2,Primary (1–5),STANDARD,0,True,False
7940698,UTTAR PRADESH,BAREILLY,BAHERI,1,Girdharpur,1,3,1,5,97,243201,2,2,3,14,3,4,2,0,0,0,0,0,0,0,0,23,3,0,3,0,7,7,0,0,1,1,0,0,0,1,1,2,1,Primary (1–5),STANDARD,0,True,False
7970872,UTTAR PRADESH,BAREILLY,SHERGARH,1,Basai,2,3,1,8,5,243505,2,2,3,29,24,23,22,15,23,40,60,0,0,0,0,236,7,4,0,3,8,8,0,0,2,2,0,0,0,2,1,1,1,Upper Primary (1–8),STANDARD,0,False,True
6357542,UTTAR PRADESH,BAREILLY,MAJHGAWAN,1,Gainee,2,3,1,8,5,243302,2,2,3,6,19,25,18,16,33,4,5,0,0,0,0,126,4,3,1,0,8,8,0,0,1,1,0,1,0,2,1,1,1,Upper Primary (1–8),STANDARD,0,False,True
6022451,UTTAR PRADESH,BAREILLY,BAREILLY TOWN,2,,1,3,1,5,5,243006,2,2,3,8,9,11,8,5,0,0,0,0,0,0,0,41,5,5,0,0,10,10,0,0,1,2,1,0,0,2,1,1,1,Primary (1–5),STANDARD,0,False,True
3359667,UTTAR PRADESH,BAREILLY,NAWABGANJ,1,Ladpur Usmanpur,6,3,1,10,97,243201,2,2,3,0,5,12,1,10,30,14,15,0,0,0,0,87,6,3,3,0,11,11,0,0,1,1,1,0,0,2,1,2,2,Secondary (1–10),STANDARD,0,False,False
8670961,UTTAR PRADESH,BAREILLY,FATEHGANJ,1,Sorha,2,3,1,8,5,243001,2,1,3,22,22,39,57,39,58,72,54,0,0,0,0,363,9,9,0,0,8,8,0,0,4,8,0,0,0,2,1,2,2,Upper Primary (1–8),STANDARD,0,False,False
3888632,UTTAR PRADESH,BAREILLY,AONLA,2,,2,3,1,8,5,243201,2,2,3,1,10,15,13,14,8,6,9,0,0,0,0,76,8,8,0,0,4,4,0,0,1,1,0,0,1,2,1,1,2,Upper Primary (1–8),STANDARD,0,False,True
1764609,UTTAR PRADESH,BAREILLY,BAHERI,1,Narsua,1,3,1,5,5,243201,2,2,3,0,5,14,14,8,0,0,0,0,0,0,0,41,4,4,0,0,5,5,0,0,1,2,0,0,0,2,2,1,1,Primary (1–5),STANDARD,0,False,True
6272316,UTTAR PRADESH,BAREILLY,BHOJIPURA,2,,1,3,1,5,97,243202,2,2,3,7,22,15,15,16,0,0,0,0,0,0,0,75,4,0,4,0,5,5,0,0,2,2,0,0,0,1,1,2,2,Primary (1–5),STANDARD,0,True,False
9326792,UTTAR PRADESH,BAREILLY,BAHERI TOWN,2,,1,3,1,5,5,243201,2,2,3,5,3,12,15,15,0,0,0,0,0,0,0,50,7,7,0,0,4,4,0,0,1,1,0,0,0,1,1,2,1,Primary (1–5),STANDARD,0,True,False
1087512,UTTAR PRADESH,BAREILLY,BAREILLY TOWN,2,,2,3,1,8,5,243003,1,2,3,34,17,9,10,6,0,0,0,0,0,0,0,76,8,0,8,0,8,8,0,0,3,3,1,0,0,1,1,1,1,Upper Primary (1–8),STANDARD,0,True,True
1027749,UTTAR PRADESH,BAREILLY,BAREILLY TOWN,2,,2,3,1,8,5,243001,2,2,3,16,16,4,3,11,2,4,2,0,0,0,0,58,5,5,0,0,8,8,0,0,1,2,0,1,0,2,1,2,2,Upper Primary (1–8),STANDARD,0,False,False
6754768,UTTAR PRADESH,BAREILLY,BHADPURA,1,Gangapur,1,3,1,5,5,262406,2,2,3,7,8,6,8,6,0,0,0,0,0,0,0,35,3,3,0,0,5,5,0,0,1,1,0,0,0,2,1,2,1,Primary (1–5),STANDARD,0,False,False
8610076,UTTAR PRADESH,BAREILLY,BHOJIPURA,2,,6,3,1,10,97,243202,2,2,1,8,22,28,29,43,35,32,19,11,9,0,0,236,11,0,11,0,26,26,0,0,2,5,0,0,0,2,2,2,1,Secondary (1–10),STANDARD,0,False,False
2469250,UTTAR PRADESH,BAREILLY,FARIDPUR TOWN,2,,1,3,1,5,97,243503,2,2,3,5,12,10,7,5,0,0,0,0,0,0,0,39,3,3,0,0,5,5,0,0,2,1,0,0,0,2,1,2,2,Primary (1–5),STANDARD,0,False,False
5142411,UTTAR PRADESH,BAREILLY,MAJHGAWAN,1,Shivpuri,1,3,1,5,5,243303,2,2,3,6,15,9,9,23,0,0,0,0,0,0,0,62,5,3,0,2,5,5,0,0,4,2,0,0,0,2,2,2,2,Primary (1–5),STANDARD,0,False,False
9734776,UTTAR PRADESH,BAREILLY,BAREILLY TOWN,2,,2,3,1,8,5,243002,2,2,3,34,2,16,24,14,5,0,7,0,0,0,0,102,6,6,0,0,8,8,0,0,2,2,2,0,0,1,1,1,2,Upper Primary (1–8),STANDARD,0,True,True
8616907,UTTAR PRADESH,BAREILLY,NAWABGANJ,2,,1,3,1,5,5,262406,1,2,3,27,14,25,24,24,0,0,0,0,0,0,0,114,7,7,0,0,12,12,0,0,2,2,1,1,0,2,1,2,1,Primary (1–5),STANDARD,0,False,False
5321067,UTTAR PRADESH,BAREILLY,RAMNAGAR,1,Gularia Aril,1,3,1,5,5,243303,2,2,3,55,3,5,10,6,0,0,0,0,0,0,0,79,6,6,0,0,5,5,0,0,1,1,0,0,0,2,2,2,1,Primary (1–5),STANDARD,0,False,False
8145824,UTTAR PRADESH,BAREILLY,VITHARI CHAINPUR,1,,2,3,1,8,5,243126,1,2,3,16,5,6,9,8,9,5,7,0,0,0,0,65,15,15,0,0,24,24,0,0,15,15,21,0,0,1,1,1,1,Upper Primary (1–8),STANDARD,0,True,True
6968699,UTTAR PRADESH,BAREILLY,VITHARI CHAINPUR,1,Khai Khera,1,3,1,5,1,243122,2,2,3,5,2,5,7,5,0,0,0,0,0,0,0,24,3,1,2,0,2,2,0,0,1,1,0,0,2,2,1,1,1,Primary (1–5),STANDARD,0,False,True
5065924,UTTAR PRADESH,BAREILLY,BAREILLY TOWN,2,,2,3,1,8,5,243001,1,1,2,29,20,14,15,6,9,6,3,0,0,0,0,102,13,13,0,0,12,12,0,0,1,2,1,0,3,1,1,2,1,Upper Primary (1–8),STANDARD,0,True,False
1788546,UTTAR PRADESH,BAREILLY,SHERGARH,1,Kunwargarha,2,3,1,8,5,243201,2,2,3,6,1,12,17,15,22,23,14,0,0,0,0,110,5,5,0,0,13,13,0,0,3,3,0,0,0,2,2,1,2,Upper Primary (1–8),STANDARD,0,False,True
4366021,UTTAR PRADESH,BAREILLY,NAWABGANJ,1,Bhola Manpur,7,3,6,10,5,243302,9,2,3,0,0,0,0,0,26,1,1,3,25,0,0,56,5,5,0,0,7,7,0,0,2,1,1,0,0,1,1,1,1,Secondary (6–10),STANDARD,0,True,True
3959947,UTTAR PRADESH,BAREILLY,BAREILLY TOWN,2,,2,3,1,8,5,243003,1,2,3,44,61,54,35,44,28,30,22,0,0,0,0,318,17,17,0,0,12,12,0,0,3,3,4,1,2,2,1,1,1,Upper Primary (1–8),STANDARD,0,False,True
1407502,UTTAR PRADESH,BAREILLY,BAHERI TOWN,2,,1,3,1,5,5,243201,2,2,3,2,6,7,5,3,0,0,0,0,0,0,0,23,4,4,0,0,5,5,0,0,2,2,0,0,0,1,1,2,1,Primary (1–5),STANDARD,0,True,False
9461250,UTTAR PRADESH,BAREILLY,NAWABGANJ,2,,1,3,1,5,97,243201,2,2,3,7,3,9,8,11,0,0,0,0,0,0,0,38,4,3,1,0,5,5,0,0,1,1,0,1,0,1,1,2,2,Primary (1–5),STANDARD,0,True,False
8164590,UTTAR PRADESH,BAREILLY,VITHARI CHAINPUR,1,Khajuria Zulfiqar,2,3,1,8,5,243122,1,2,3,41,18,12,11,11,37,27,25,0,0,0,0,182,11,11,0,0,14,14,0,0,3,2,30,1,0,2,1,1,1,Upper Primary (1–8),STANDARD,0,False,True
5718939,UTTAR PRADESH,BAREILLY,SHERGARH,1,Bunchi,2,3,1,8,5,243505,2,2,3,2,7,13,9,14,76,92,68,0,0,0,0,281,7,7,0,0,8,8,0,0,2,2,0,0,0,2,2,1,1,Upper Primary (1–8),STANDARD,0,False,True
8682223,UTTAR PRADESH,BAREILLY,VITHARI CHAINPUR,1,Mohanpur,1,3,1,5,5,243123,1,2,3,5,3,2,4,4,0,0,0,0,0,0,0,18,3,1,2,0,5,5,0,0,1,1,1,0,0,1,1,1,2,Primary (1–5),STANDARD,0,True,True
5978522,UTTAR PRADESH,BAREILLY,FARIDPUR,1,Shahpoor,1,3,1,5,5,243503,2,2,3,7,7,17,18,26,0,0,0,0,0,0,0,75,5,4,1,0,6,6,0,0,1,1,1,1,0,1,1,1,1,Primary (1–5),STANDARD,0,True,True
5093159,UTTAR PRADESH,BAREILLY,RICHHA(DAMKHODA),1,Sukatia,1,3,1,5,5,243201,2,2,3,0,8,0,9,3,0,0,0,0,0,0,0,20,3,3,0,0,5,5,0,0,1,2,0,0,0,2,1,2,1,Primary (1–5),STANDARD,0,False,False
9106782,UTTAR PRADESH,BAREILLY,BAREILLY TOWN,2,,4,3,6,8,5,243001,9,2,3,0,0,0,0,0,0,1,2,0,0,0,0,3,2,2,0,0,4,4,0,0,2,2,0,1,0,1,1,1,1,Upper Primary (6–8),STANDARD,0,True,True
4870469,UTTAR PRADESH,BAREILLY,VITHARI CHAINPUR,1,Parataspur,5,3,6,12,5,243123,9,2,3,0,0,0,0,0,36,18,23,149,182,183,259,850,16,16,0,0,22,22,0,0,4,2,10,1,0,1,1,1,2,Higher Secondary (6–12),STANDARD,0,True,True
2216781,UTTAR PRADESH,BAREILLY,BAREILLY TOWN,2,,1,3,1,5,5,243003,2,2,3,8,1,2,8,4,0,0,0,0,0,0,0,23,4,4,0,0,5,5,0,0,2,2,1,0,0,2,1,2,1,Primary (1–5),STANDARD,0,False,False
4716145,UTTAR PRADESH,BAREILLY,MAJHGAWAN,1,Akha Atmali,1,3,1,5,5,243303,2,2,1,2,8,7,3,5,0,0,0,0,0,0,0,25,2,2,0,0,5,5,0,0,1,1,0,0,0,2,1,2,1,Primary (1–5),STANDARD,0,False,False
6610977,UTTAR PRADESH,BAREILLY,BAREILLY TOWN,2,,2,3,1,8,5,243122,2,2,3,0,0,10,8,6,3,4,4,0,0,0,0,35,5,5,0,0,8,8,0,0,2,2,0,0,0,1,1,2,1,Upper Primary (1–8),STANDARD,0,True,False
6838913,UTTAR PRADESH,BAREILLY,BAREILLY TOWN,2,,1,3,1,5,5,243003,2,2,3,6,5,4,4,4,0,0,0,0,0,0,0,23,5,5,0,0,5,5,0,0,1,1,0,1,0,1,1,1,2,Primary (1–5),STANDARD,0,True,True
5135167,UTTAR PRADESH,BAREILLY,BHOJIPURA,1,Ghanghora Piparia,4,3,6,8,5,243202,9,2,3,0,0,0,0,0,2,9,2,0,0,0,0,13,4,4,0,0,4,4,0,0,2,2,1,0,0,1,1,2,2,Upper Primary (6–8),STANDARD,0,True,False
6026476,UTTAR PRADESH,BAREILLY,RICHHA(DAMKHODA),1,Bans Bojh,2,3,1,8,5,243201,2,2,3,31,24,26,27,36,36,48,28,0,0,0,0,256,9,1,8,0,8,8,0,0,3,3,0,0,0,1,1,2,1,Upper Primary (1–8),STANDARD,0,True,False
3367176,UTTAR PRADESH,BAREILLY,BAREILLY TOWN,2,,2,3,1,8,5,243502,1,2,3,47,45,44,28,25,23,12,19,0,0,0,0,243,15,4,11,0,10,10,0,0,4,4,6,2,0,1,1,1,1,Upper Primary (1–8),STANDARD,0,True,True
4598221,UTTAR PRADESH,BAREILLY,SHERGARH,1,Bunchi,2,3,1,8,5,243505,2,2,3,17,10,8,13,7,15,14,17,0,0,0,0,101,6,6,0,0,9,9,0,0,2,2,0,0,0,2,1,1,1,Upper Primary (1–8),STANDARD,0,False,True
4488349,UTTAR PRADESH,BAREILLY,BAHERI,1,Shakras,1,3,1,5,5,243201,2,2,3,14,13,12,7,1,0,0,0,0,0,0,0,47,5,5,0,0,5,5,0,0,1,1,0,1,0,1,2,1,1,Primary (1–5),STANDARD,0,True,True
4413537,UTTAR PRADESH,BAREILLY,VITHARI CHAINPUR,2,,1,3,1,5,5,243006,2,2,3,0,0,1,1,0,0,0,0,0,0,0,0,2,3,2,1,0,7,7,0,0,2,2,5,2,1,1,1,1,1,Primary (1–5),STANDARD,0,True,True
5657674,UTTAR PRADESH,BAREILLY,RAMNAGAR,1,Barser Sikandrapur,2,3,1,8,5,243303,2,2,3,8,11,9,11,8,6,12,2,0,0,0,0,67,4,4,0,0,5,5,0,0,1,1,0,0,0,2,2,2,2,Upper Primary (1–8),STANDARD,0,False,False
3598416,UTTAR PRADESH,BAREILLY,MIRGANJ,1,Ballia,3,3,1,12,5,243504,1,2,3,37,36,41,53,40,42,46,39,51,79,51,74,589,30,30,0,0,21,21,0,0,12,12,10,30,0,1,1,1,1,Higher Secondary (1–12),STANDARD,0,True,True
3406641,UTTAR PRADESH,BAREILLY,FARIDPUR TOWN,2,,1,3,1,5,97,243503,2,2,3,14,0,0,3,0,0,0,0,0,0,0,0,17,2,0,2,0,5,5,0,0,2,2,0,0,0,2,1,1,1,Primary (1–5),STANDARD,0,False,True
7969391,UTTAR PRADESH,BAREILLY,FARIDPUR TOWN,2,,2,3,1,8,5,243001,2,2,3,8,9,8,5,5,8,13,11,0,0,0,0,67,5,5,0,0,8,8,0,0,1,1,0,0,0,1,1,1,1,Upper Primary (1–8),STANDARD,0,True,True
4697038,UTTAR PRADESH,BAREILLY,MIRGANJ,2,,1,3,1,5,5,243504,2,2,3,5,26,16,10,7,0,0,0,0,0,0,0,64,2,2,0,0,6,6,0,0,2,3,2,3,0,1,1,2,1,Primary (1–5),STANDARD,0,True,False
5572764,UTTAR PRADESH,BAREILLY,BAREILLY TOWN,2,,1,3,1,5,5,243001,2,2,3,25,30,33,38,41,0,0,0,0,0,0,0,167,2,2,0,0,6,6,0,0,1,1,4,0,0,2,1,1,2,Primary (1–5),STANDARD,0,False,True
7598984,UTTAR PRADESH,BAREILLY,KYARA,1,Dharoopur Thakuran,1,3,1,5,5,243123,2,2,3,23,10,10,8,8,0,0,0,0,0,0,0,59,4,3,0,1,5,5,0,0,1,1,0,0,0,2,2,2,1,Primary (1–5),STANDARD,0,False,False
5791425,UTTAR PRADESH,BAREILLY,BAREILLY TOWN,2,,1,3,1,5,5,243005,2,2,3,19,27,17,14,11,0,0,0,0,0,0,0,88,2,2,0,0,5,5,0,0,1,1,0,0,0,2,1,1,1,Primary (1–5),STANDARD,0,False,True
3999991,UTTAR PRADESH,BAREILLY,FATEHGANJ,1,Turasapatti,5,3,6,12,1,243505,9,2,3,0,0,0,0,0,19,20,43,46,42,34,26,230,5,5,0,0,14,4,10,0,6,6,0,0,0,1,1,1,1,Higher Secondary (6–12),STANDARD,10,True,True
3598302,UTTAR PRADESH,BAREILLY,BAREILLY TOWN,2,,1,3,1,5,5,243122,2,2,1,12,16,12,14,13,0,0,0,0,0,0,0,67,4,1,3,0,5,5,0,0,1,1,0,0,0,2,2,1,1,Primary (1–5),STANDARD,0,False,True
4341587,UTTAR PRADESH,BAREILLY,VITHARI CHAINPUR,1,Pahrapur Basawan Nagaria,4,3,6,8,1,243123,9,2,3,0,0,0,0,0,5,6,5,0,0,0,0,16,2,2,0,0,3,0,0,3,1,1,0,0,2,2,1,1,1,Upper Primary (6–8),STANDARD,3,False,True
9454707,UTTAR PRADESH,BAREILLY,BHADPURA,1,Alaiyya,4,3,6,8,1,262406,9,2,3,0,0,0,0,0,12,19,13,0,0,0,0,44,0,0,0,0,3,3,0,0,1,1,0,0,2,1,1,1,1,Upper Primary (6–8),STANDARD,0,True,True
7844646,UTTAR PRADESH,BAREILLY,AONLA,1,Nisoi,4,3,6,8,1,243302,9,1,3,0,0,0,0,0,40,15,6,0,0,0,0,61,0,0,0,0,0,0,0,0,1,1,0,0,0,2,2,1,2,Upper Primary (6–8),STANDARD,0,False,True
1312748,UTTAR PRADESH,BAREILLY,KYARA,1,Kareli (Ct),2,3,1,8,1,243001,2,2,3,120,112,125,135,141,222,285,213,0,0,0,0,1353,33,31,2,0,18,0,0,18,4,4,8,0,2,1,1,1,1,Upper Primary (1–8),STANDARD,18,True,True
8235086,UTTAR PRADESH,BAREILLY,BAHERI,1,Siyatheri,8,3,9,10,1,243201,9,2,3,0,0,0,0,0,0,0,0,26,28,0,0,54,3,3,0,0,4,4,0,0,2,2,2,0,0,1,1,1,1,Secondary (9–10),STANDARD,0,True,True
8596907,UTTAR PRADESH,BAREILLY,RAMNAGAR,1,Gotha Khandua,2,3,1,8,1,243301,2,2,3,20,17,24,27,29,35,34,38,0,0,0,0,224,5,4,1,0,8,8,0,0,1,1,0,0,0,2,1,1,1,Upper Primary (1–8),STANDARD,0,False,True
6214504,UTTAR PRADESH,BAREILLY,BHADPURA,1,Narharpur Gaurikhera,4,3,6,8,1,262406,9,2,3,0,0,0,0,0,39,39,46,0,0,0,0,124,4,3,1,0,3,0,0,3,1,2,0,0,2,2,1,1,1,Upper Primary (6–8),STANDARD,3,False,True
9479621,UTTAR PRADESH,BAREILLY,RAMNAGAR,1,Barser Sikandrapur,2,3,1,8,1,243303,2,2,3,33,19,26,34,30,40,44,33,0,0,0,0,259,6,4,2,0,8,8,0,0,5,5,0,0,2,1,1,1,1,Upper Primary (1–8),STANDARD,0,True,True
7547751,UTTAR PRADESH,BAREILLY,VITHARI CHAINPUR,1,Kesarpur,2,3,1,8,1,243123,2,2,3,20,16,36,46,30,36,34,35,0,0,0,0,253,8,6,2,0,12,6,0,6,1,1,0,2,2,2,1,1,2,Upper Primary (1–8),STANDARD,6,False,True
1356348,UTTAR PRADESH,BAREILLY,ALAMPUR,1,Alampur Japhrabad,2,3,1,8,1,243301,2,2,3,19,28,26,26,45,31,32,17,0,0,0,0,224,7,7,0,0,8,3,2,3,4,1,0,0,2,2,1,1,1,Upper Primary (1–8),STANDARD,5,False,True
8176104,UTTAR PRADESH,BAREILLY,BHADPURA,1,Katiya Baldeo Singh,4,3,6,8,1,262406,9,2,3,0,0,0,0,0,52,39,51,0,0,0,0,142,5,3,0,2,3,0,3,0,1,1,0,0,2,1,1,1,2,Upper Primary (6–8),STANDARD,3,True,True
2350807,UTTAR PRADESH,BAREILLY,NAWABGANJ,2,,2,3,1,8,5,262406,2,2,3,51,39,58,0,0,0,0,0,0,0,0,0,148,17,17,0,0,5,5,0,0,3,2,1,1,0,1,1,1,1,Upper Primary (1–8),STANDARD,0,True,True
6828361,UTTAR PRADESH,BAREILLY,BHOJIPURA,2,,2,3,1,8,5,243202,1,2,3,7,23,4,5,4,17,20,12,0,0,0,0,92,4,1,3,0,8,8,0,0,1,1,0,0,0,1,1,1,2,Upper Primary (1–8),STANDARD,0,True,True
5866967,UTTAR PRADESH,BAREILLY,RICHHA(DAMKHODA),1,Arsiabojh,2,3,1,8,5,243201,1,2,3,9,30,23,15,17,29,14,24,0,0,0,0,161,7,0,6,1,9,9,0,0,4,2,0,1,0,2,1,2,1,Upper Primary (1–8),STANDARD,0,False,False
5128560,UTTAR PRADESH,BAREILLY,BAREILLY TOWN,2,,2,3,1,8,5,243003,2,2,3,4,5,1,4,2,4,6,2,0,0,0,0,28,6,6,0,0,8,8,0,0,2,2,1,1,0,2,1,1,1,Upper Primary (1–8),STANDARD,0,False,True
7204535,UTTAR PRADESH,BAREILLY,RAMNAGAR,1,Kasumra,1,3,1,5,5,243301,2,2,3,3,0,0,0,0,0,0,0,0,0,0,0,3,1,1,0,0,5,5,0,0,1,1,0,0,0,1,1,2,1,Primary (1–5),STANDARD,0,True,False
5200020,UTTAR PRADESH,BAREILLY,SHERGARH,1,Dunka,1,3,1,5,97,243505,2,2,3,9,10,8,14,5,0,0,0,0,0,0,0,46,5,3,2,0,5,5,0,0,1,1,0,0,0,2,1,1,1,Primary (1–5),STANDARD,0,False,True
9210636,UTTAR PRADESH,BAREILLY,BAREILLY TOWN,2,,1,3,1,5,5,243001,2,2,3,26,33,32,26,36,0,0,0,0,0,0,0,153,5,5,0,0,5,5,0,0,1,1,0,0,0,2,2,2,2,Primary (1–5),STANDARD,0,False,False
5484613,UTTAR PRADESH,BAREILLY,BAHERI,1,Utarsia Samukhiya,1,3,1,5,5,263148,1,2,1,0,11,8,11,7,0,0,0,0,0,0,0,37,6,5,1,0,6,6,0,0,1,2,20,1,1,2,1,2,1,Primary (1–5),STANDARD,0,False,False
3889825,UTTAR PRADESH,BAREILLY,BAHERI,1,Harsoo Nagla,4,3,6,8,4,243201,9,2,3,0,0,0,0,0,15,29,37,0,0,0,0,81,4,4,0,0,5,5,0,0,1,2,0,1,0,2,1,1,1,Upper Primary (6–8),STANDARD,0,False,True
5951057,UTTAR PRADESH,BAREILLY,BAREILLY TOWN,2,,2,3,1,8,5,243003,1,2,3,19,22,12,14,16,5,5,0,0,0,0,0,93,10,1,8,1,10,10,0,0,1,1,2,2,0,1,1,1,1,Upper Primary (1–8),STANDARD,0,True,True
5158532,UTTAR PRADESH,BAREILLY,BHADPURA,1,Nawada Imamabad,4,3,6,8,1,262406,9,2,3,0,0,0,0,0,24,57,30,0,0,0,0,111,4,3,0,1,3,0,3,0,1,1,0,0,2,2,1,1,1,Upper Primary (6–8),STANDARD,3,False,True
2183478,UTTAR PRADESH,BAREILLY,KYARA,1,Chaneti,2,3,1,8,5,243001,2,2,3,10,4,11,16,7,5,4,2,0,0,0,0,59,8,7,0,1,12,12,0,0,1,1,1,1,0,1,1,1,1,Upper Primary (1–8),STANDARD,0,True,True
2293935,UTTAR PRADESH,BAREILLY,FARIDPUR,1,Nawada Bilshandi,1,3,1,5,1,243503,2,2,3,15,15,10,15,15,0,0,0,0,0,0,0,70,4,3,1,0,3,1,2,0,1,1,0,0,2,1,1,1,1,Primary (1–5),STANDARD,2,True,True
8144320,UTTAR PRADESH,BAREILLY,BAREILLY TOWN,2,,2,3,1,8,5,243502,2,2,3,0,0,9,9,3,3,6,7,0,0,0,0,37,5,5,0,0,8,8,0,0,2,2,2,2,0,1,1,1,1,Upper Primary (1–8),STANDARD,0,True,True
5346848,UTTAR PRADESH,BAREILLY,RICHHA(DAMKHODA),1,Damkhoda,5,3,6,12,4,243201,9,2,3,0,0,0,0,0,39,36,21,84,61,50,90,381,19,16,3,0,13,13,0,0,5,5,12,0,0,1,1,1,1,Higher Secondary (6–12),STANDARD,0,True,True
9926593,UTTAR PRADESH,BAREILLY,NAWABGANJ,1,Gular Dandi,2,3,1,8,5,243001,2,2,3,20,18,20,14,20,37,37,20,0,0,0,0,186,8,8,0,0,10,10,0,0,1,2,1,0,0,2,1,2,1,Upper Primary (1–8),STANDARD,0,False,False
5824262,UTTAR PRADESH,BAREILLY,VITHARI CHAINPUR,1,Chena Murarpur,1,3,1,5,1,243123,2,2,3,1,1,2,3,5,0,0,0,0,0,0,0,12,3,2,1,0,2,0,0,2,2,2,0,0,2,2,1,1,2,Primary (1–5),STANDARD,2,False,True
7832614,UTTAR PRADESH,BAREILLY,BHUTA,1,Khateli,1,3,1,5,1,243503,2,2,3,16,23,15,25,34,0,0,0,0,0,0,0,113,2,2,0,0,6,4,2,0,1,1,0,0,0,1,1,1,1,Primary (1–5),STANDARD,2,True,True
9622702,UTTAR PRADESH,BAREILLY,BAHERI,1,Patrasi,1,3,1,5,1,243201,2,2,3,5,2,4,5,7,0,0,0,0,0,0,0,23,3,1,2,0,4,3,1,0,1,1,0,0,2,1,1,1,1,Primary (1–5),STANDARD,1,True,True
5084036,UTTAR PRADESH,BAREILLY,MAJHGAWAN,1,Manpur,1,3,1,5,1,243302,2,2,3,9,3,7,20,14,0,0,0,0,0,0,0,53,5,3,2,0,4,0,2,2,1,1,1,0,2,1,1,1,1,Primary (1–5),STANDARD,4,True,True
6927403,UTTAR PRADESH,BAREILLY,BAHERI,1,Guwari,1,3,1,5,1,243201,2,2,3,4,3,8,10,14,0,0,0,0,0,0,0,39,2,2,0,0,2,2,0,0,1,1,0,0,2,2,1,1,1,Primary (1–5),STANDARD,0,False,True
2692503,UTTAR PRADESH,BAREILLY,NAWABGANJ,1,Paiga,1,3,1,5,1,262406,2,2,3,11,8,11,20,18,0,0,0,0,0,0,0,68,5,2,3,0,6,4,0,2,1,1,0,0,2,2,1,1,1,Primary (1–5),STANDARD,2,False,True
4518032,UTTAR PRADESH,BAREILLY,RAMNAGAR,1,Heenga Nagla,1,3,1,5,1,243303,2,2,3,6,3,4,11,8,0,0,0,0,0,0,0,32,2,2,0,0,2,2,0,0,1,1,0,0,2,2,1,1,2,Primary (1–5),STANDARD,0,False,True
4324895,UTTAR PRADESH,BAREILLY,BAREILLY TOWN,2,,1,3,1,5,5,243502,2,2,3,32,40,43,31,28,0,0,0,0,0,0,0,174,5,5,0,0,7,7,0,0,2,2,1,0,0,2,1,2,2,Primary (1–5),STANDARD,0,False,False
7634246,UTTAR PRADESH,BAREILLY,ALAMPUR,1,Bhartana,1,3,1,5,1,243401,2,2,3,22,13,16,27,17,0,0,0,0,0,0,0,95,5,3,2,0,5,2,0,3,1,1,0,0,2,1,1,1,1,Primary (1–5),STANDARD,3,True,True
2939975,UTTAR PRADESH,BAREILLY,FARIDPUR TOWN,2,,1,3,1,5,1,243501,2,2,3,27,44,75,69,50,0,0,0,0,0,0,0,265,4,2,2,0,4,4,0,0,1,1,0,1,2,1,1,1,1,Primary (1–5),STANDARD,0,True,True
8202650,UTTAR PRADESH,BAREILLY,SHERGARH,1,Dharmpura,1,3,1,5,1,243505,2,2,3,23,18,14,15,9,0,0,0,0,0,0,0,79,4,3,1,0,4,0,1,3,1,1,0,1,2,1,1,1,2,Primary (1–5),STANDARD,4,True,True
8731997,UTTAR PRADESH,BAREILLY,ALAMPUR,1,Khuli,1,3,1,5,1,243401,2,2,3,55,28,54,62,111,0,0,0,0,0,0,0,310,12,10,2,0,6,5,0,1,2,1,0,0,2,1,1,1,1,Primary (1–5),STANDARD,1,True,True
3285532,UTTAR PRADESH,BAREILLY,SHERGARH,1,Rajpura,1,3,1,5,1,243201,2,2,3,7,1,3,5,8,0,0,0,0,0,0,0,24,3,2,1,0,4,2,0,2,2,1,0,0,1,2,1,1,1,Primary (1–5),STANDARD,2,False,True
1938976,UTTAR PRADESH,BAREILLY,SHERGARH,1,Dungarpur,1,3,1,5,1,243505,2,2,3,2,2,1,5,2,0,0,0,0,0,0,0,12,2,1,1,0,4,2,0,2,1,1,0,0,2,2,1,1,1,Primary (1–5),STANDARD,2,False,True
2506156,UTTAR PRADESH,BAREILLY,BHUTA,1,Padoli,1,3,1,5,1,243503,2,2,3,15,9,12,15,16,0,0,0,0,0,0,0,67,4,3,1,0,3,3,0,0,1,1,0,0,2,1,1,1,1,Primary (1–5),STANDARD,0,True,True
9355683,UTTAR PRADESH,BAREILLY,RICHHA(DAMKHODA),1,Gunah Jawahar,1,3,1,5,1,243201,2,2,3,5,10,11,16,8,0,0,0,0,0,0,0,50,3,3,0,0,5,0,2,3,1,1,0,0,2,1,1,1,2,Primary (1–5),STANDARD,5,True,True
5560076,UTTAR PRADESH,BAREILLY,BHUTA,1,Kakra Khurd,1,3,1,5,1,243503,2,2,3,26,19,22,31,27,0,0,0,0,0,0,0,125,4,3,1,0,6,3,1,2,2,2,0,0,2,2,1,1,1,Primary (1–5),STANDARD,3,False,True
2783016,UTTAR PRADESH,BAREILLY,RAMNAGAR,1,Tigra Khanpur,1,3,1,5,1,243301,2,2,3,18,16,18,11,21,0,0,0,0,0,0,0,84,4,3,1,0,5,2,1,2,1,1,0,0,2,1,1,1,1,Primary (1–5),STANDARD,3,True,True
7638266,UTTAR PRADESH,BAREILLY,FARIDPUR,1,Aurangabad,1,3,1,5,1,243503,2,2,3,15,9,14,25,21,0,0,0,0,0,0,0,84,4,2,2,0,3,2,0,1,2,2,0,0,2,2,1,1,2,Primary (1–5),STANDARD,1,False,True
1768665,UTTAR PRADESH,BAREILLY,FATEHGANJ,1,Basavanpur,1,3,1,5,1,243501,2,2,3,2,3,7,0,0,0,0,0,0,0,0,0,12,1,1,0,0,2,2,0,0,1,1,0,0,0,2,1,2,1,Primary (1–5),STANDARD,0,False,False
8275483,UTTAR PRADESH,BAREILLY,RICHHA(DAMKHODA),1,Murarpur,1,3,1,5,1,243001,2,2,3,2,3,6,5,5,0,0,0,0,0,0,0,21,2,1,1,0,4,2,0,2,1,1,0,0,2,2,1,1,1,Primary (1–5),STANDARD,2,False,True
8166456,UTTAR PRADESH,BAREILLY,RICHHA(DAMKHODA),1,Thiriya Nathmal,2,3,1,8,1,243001,2,2,3,21,17,14,19,10,14,18,18,0,0,0,0,131,4,3,1,0,8,5,2,1,1,1,1,0,2,2,1,1,2,Upper Primary (1–8),STANDARD,3,False,True
3578723,UTTAR PRADESH,BAREILLY,BHUTA,1,Mirzapur,1,3,1,5,1,243503,2,2,3,14,11,6,16,10,0,0,0,0,0,0,0,57,3,2,1,0,5,0,3,2,1,1,0,0,2,2,1,1,2,Primary (1–5),STANDARD,5,False,True
6626391,UTTAR PRADESH,BAREILLY,BHOJIPURA,1,Tulsi Pur,1,3,1,5,1,243202,2,2,3,9,8,9,23,12,0,0,0,0,0,0,0,61,5,4,1,0,3,1,0,2,2,2,0,1,2,2,1,1,2,Primary (1–5),STANDARD,2,False,True
5983670,UTTAR PRADESH,BAREILLY,SHERGARH,1,Kanakpuri,1,3,1,5,1,243505,2,2,3,13,13,5,17,16,0,0,0,0,0,0,0,64,4,3,1,0,5,0,0,5,1,1,0,0,2,1,1,1,1,Primary (1–5),STANDARD,5,True,True
3115692,UTTAR PRADESH,BAREILLY,ALAMPUR,1,Naurangpur,1,3,1,5,1,243401,2,2,3,20,8,14,18,15,0,0,0,0,0,0,0,75,3,3,0,0,4,0,4,0,1,1,0,0,2,2,1,1,2,Primary (1–5),STANDARD,4,False,True
6381996,UTTAR PRADESH,BAREILLY,RAMNAGAR,2,,1,3,1,5,1,243303,2,2,3,43,31,63,90,73,0,0,0,0,0,0,0,300,4,3,1,0,5,2,2,1,2,2,0,0,2,2,1,1,2,Primary (1–5),STANDARD,3,False,True
2148766,UTTAR PRADESH,BAREILLY,BAREILLY TOWN,2,,4,3,6,8,5,243001,9,2,3,0,0,0,0,0,10,9,6,0,0,0,0,25,3,1,2,0,4,4,0,0,1,1,0,0,0,2,1,1,1,Upper Primary (6–8),STANDARD,0,False,True
2058501,UTTAR PRADESH,BAREILLY,FARIDPUR,1,Bhagwanpur Kundan,8,3,9,10,5,243506,9,2,3,0,0,0,0,0,0,0,0,58,52,0,0,110,6,6,0,0,5,5,0,0,12,2,0,0,0,2,1,1,1,Secondary (9–10),STANDARD,0,False,True
8974016,UTTAR PRADESH,BAREILLY,FARIDPUR TOWN,2,,2,3,1,8,5,243503,1,2,3,0,0,1,0,1,51,60,35,0,0,0,0,148,3,3,0,0,9,9,0,0,2,2,0,0,0,1,1,1,1,Upper Primary (1–8),STANDARD,0,True,True
3732927,UTTAR PRADESH,BAREILLY,BAREILLY TOWN,2,,2,3,1,8,5,243502,2,2,3,0,0,0,0,1,0,0,0,0,0,0,0,1,1,1,0,0,8,8,0,0,1,1,0,0,0,2,1,2,2,Upper Primary (1–8),STANDARD,0,False,False
1601908,UTTAR PRADESH,BAREILLY,VITHARI CHAINPUR,1,Naryawal,1,3,1,5,1,243122,2,2,3,26,25,22,46,44,0,0,0,0,0,0,0,163,7,5,2,0,6,5,1,0,1,1,0,0,2,2,1,1,2,Primary (1–5),STANDARD,1,False,True
7035515,UTTAR PRADESH,BAREILLY,BAREILLY TOWN,2,,2,3,1,8,5,243004,1,2,3,6,5,0,1,1,1,3,0,0,0,0,0,17,3,3,0,0,12,12,0,0,2,2,1,1,0,1,1,1,1,Upper Primary (1–8),STANDARD,0,True,True
2332307,UTTAR PRADESH,BAREILLY,MAJHGAWAN,1,Akha Atmali,4,3,6,8,5,243302,9,2,3,0,0,0,0,0,29,56,39,0,0,0,0,124,3,3,0,0,3,3,0,0,1,1,0,1,0,2,1,1,2,Upper Primary (6–8),STANDARD,0,False,True
1572450,UTTAR PRADESH,BAREILLY,NAWABGANJ,1,Ratnanandpur,1,3,1,5,1,243407,2,2,3,3,3,1,6,5,0,0,0,0,0,0,0,18,2,1,1,0,2,2,0,0,1,1,0,0,2,2,1,1,1,Primary (1–5),STANDARD,0,False,True
4696325,UTTAR PRADESH,BAREILLY,BHADPURA,1,Barkhan,2,3,1,8,5,262406,1,2,3,38,50,39,43,39,66,46,40,0,0,0,0,361,13,5,8,0,14,14,0,0,4,4,10,2,0,1,1,1,1,Upper Primary (1–8),STANDARD,0,True,True
2122164,UTTAR PRADESH,BAREILLY,BAREILLY TOWN,2,,2,3,1,8,5,243005,2,2,3,44,58,58,50,41,38,28,16,0,0,0,0,333,8,8,0,0,10,10,0,0,3,3,1,0,0,2,1,1,1,Upper Primary (1–8),STANDARD,0,False,True
1903414,UTTAR PRADESH,BAREILLY,SHERGARH,1,Sharif Nagar,4,3,6,8,5,243201,9,2,3,0,0,0,0,0,64,48,70,0,0,0,0,182,5,3,2,0,3,3,0,0,1,3,0,1,0,1,1,2,1,Upper Primary (6–8),STANDARD,0,True,False
2165074,UTTAR PRADESH,BAREILLY,MAJHGAWAN,1,Shivpuri,1,3,1,5,5,243303,2,2,3,5,9,15,29,21,0,0,0,0,0,0,0,79,4,4,0,0,6,6,0,0,1,1,1,1,0,1,3,1,1,Primary (1–5),STANDARD,0,True,True
4515378,UTTAR PRADESH,BAREILLY,VITHARI CHAINPUR,1,Saidpur Kurmian,2,3,1,8,5,243123,2,2,3,45,50,24,61,30,20,22,14,0,0,0,0,266,4,4,0,0,8,8,0,0,6,2,0,1,0,1,1,1,1,Upper Primary (1–8),STANDARD,0,True,True
4323573,UTTAR PRADESH,BAREILLY,BAREILLY TOWN,2,,2,3,1,8,5,243122,1,2,3,37,40,47,41,37,21,27,19,0,0,0,0,269,12,12,0,0,13,13,0,0,3,3,12,4,1,1,1,1,1,Upper Primary (1–8),STANDARD,0,True,True
8970259,UTTAR PRADESH,BAREILLY,BAREILLY TOWN,2,,2,3,1,8,5,243001,1,2,3,14,9,5,6,6,0,0,0,0,0,0,0,40,12,11,1,0,12,12,0,0,3,5,2,2,0,1,1,1,1,Upper Primary (1–8),STANDARD,0,True,True
6441120,UTTAR PRADESH,BAREILLY,BAHERI TOWN,2,,2,3,1,8,5,243201,1,2,3,79,47,33,55,43,45,50,44,0,0,0,0,396,18,7,11,0,16,16,0,0,2,3,10,0,0,2,1,1,1,Upper Primary (1–8),STANDARD,0,False,True
6159424,UTTAR PRADESH,BAREILLY,ALAMPUR,1,Bheempur,1,3,1,5,5,243301,2,2,3,18,23,29,35,35,0,0,0,0,0,0,0,140,5,1,4,0,5,5,0,0,1,1,0,0,0,2,2,2,1,Primary (1–5),STANDARD,0,False,False
7579040,UTTAR PRADESH,BAREILLY,BHOJIPURA,1,Bohit,1,3,1,5,5,243202,1,2,3,20,11,4,6,5,0,0,0,0,0,0,0,46,3,0,0,3,5,5,0,0,2,1,0,0,0,2,2,1,1,Primary (1–5),STANDARD,0,False,True
5646718,UTTAR PRADESH,BAREILLY,NAWABGANJ,1,Hardua Kifayatullah,5,3,6,12,5,262406,9,2,3,0,0,0,0,0,36,35,18,310,407,212,316,1334,11,11,0,0,24,24,0,0,5,5,5,2,0,1,1,1,1,Higher Secondary (6–12),STANDARD,0,True,True
9469641,UTTAR PRADESH,BAREILLY,BAHERI,1,Mandanpur Shumali,6,3,1,10,5,243201,2,2,3,31,18,21,20,26,29,19,13,123,152,0,0,452,26,26,0,0,16,16,0,0,4,4,20,2,0,1,2,1,1,Secondary (1–10),STANDARD,0,True,True
2386226,UTTAR PRADESH,BAREILLY,BAREILLY TOWN,2,,2,3,1,8,5,243122,2,2,2,7,14,16,13,12,9,10,5,0,0,0,0,86,8,0,7,1,8,8,0,0,1,1,0,1,0,2,1,1,1,Upper Primary (1–8),STANDARD,0,False,True
4825699,UTTAR PRADESH,BAREILLY,BAREILLY TOWN,2,,1,3,1,5,5,243005,2,2,1,57,57,37,46,43,0,0,0,0,0,0,0,240,4,4,0,0,6,6,0,0,2,2,0,1,0,1,1,2,1,Primary (1–5),STANDARD,0,True,False
1080056,UTTAR PRADESH,BAREILLY,FARIDPUR TOWN,2,,6,3,1,10,97,243503,2,2,2,64,27,43,45,28,36,25,8,6,0,0,0,282,12,12,0,0,13,13,0,0,5,4,6,0,0,1,1,1,1,Secondary (1–10),STANDARD,0,True,True
6036581,UTTAR PRADESH,BAREILLY,BHADPURA,1,Barkhan,1,3,1,5,5,262406,2,2,3,15,11,9,7,11,0,0,0,0,0,0,0,53,3,0,3,0,3,3,0,0,1,1,0,0,0,2,2,1,2,Primary (1–5),STANDARD,0,False,True
7944633,UTTAR PRADESH,BAREILLY,MIRGANJ,1,Paraura,2,3,1,8,5,243504,1,2,3,245,153,102,151,137,100,91,73,0,0,0,0,1052,42,42,0,0,36,36,0,0,10,10,10,1,1,1,1,2,1,Upper Primary (1–8),STANDARD,0,True,False
6257543,UTTAR PRADESH,BAREILLY,MAJHGAWAN,1,Gurganwamustkil,4,3,6,8,5,243303,9,2,3,0,0,0,0,0,18,14,10,0,0,0,0,42,4,4,0,0,3,3,0,0,2,2,0,0,0,2,2,1,1,Upper Primary (6–8),STANDARD,0,False,True
8167323,UTTAR PRADESH,BAREILLY,ALAMPUR,1,Dharmpur,4,3,6,8,1,243402,9,2,3,0,0,0,0,0,41,66,52,0,0,0,0,159,5,4,1,0,5,4,1,0,1,1,0,0,2,2,1,1,2,Upper Primary (6–8),STANDARD,1,False,True
3759424,UTTAR PRADESH,BAREILLY,ALAMPUR,1,Makrandpur Dharajit,1,3,1,5,5,243001,2,2,3,27,9,6,8,7,0,0,0,0,0,0,0,57,3,3,0,0,5,5,0,0,2,2,0,0,0,1,1,1,1,Primary (1–5),STANDARD,0,True,True
3837808,UTTAR PRADESH,BAREILLY,BAREILLY TOWN,2,,2,3,1,8,5,243122,1,2,3,14,18,19,34,19,10,8,9,0,0,0,0,131,8,8,0,0,11,11,0,0,2,2,0,1,0,1,1,1,1,Upper Primary (1–8),STANDARD,0,True,True
9550508,UTTAR PRADESH,BAREILLY,VITHARI CHAINPUR,1,Dohara,2,3,1,8,5,243123,1,2,3,26,14,22,21,19,11,12,14,0,0,0,0,139,8,1,5,2,10,10,0,0,1,1,5,1,0,1,1,2,1,Upper Primary (1–8),STANDARD,0,True,False
6171117,UTTAR PRADESH,BAREILLY,BHUTA,1,Barnai Keshowpur,4,3,6,8,1,243503,9,2,3,0,0,0,0,0,18,26,25,0,0,0,0,69,4,4,0,0,3,3,0,0,1,1,0,0,0,2,1,1,1,Upper Primary (6–8),STANDARD,0,False,True
1598991,UTTAR PRADESH,BAREILLY,BHADPURA,1,Bhauwa Bazar,4,3,6,8,1,262406,9,2,3,0,0,0,0,0,75,87,57,0,0,0,0,219,5,5,0,0,6,4,1,1,1,1,0,0,2,1,1,1,1,Upper Primary (6–8),STANDARD,2,True,True
6104170,UTTAR PRADESH,BAREILLY,NAWABGANJ,2,,2,3,1,8,5,262406,1,2,3,61,61,51,40,43,25,23,19,0,0,0,0,323,12,8,4,0,11,11,0,0,3,4,0,1,0,1,1,1,1,Upper Primary (1–8),STANDARD,0,True,True
4619650,UTTAR PRADESH,BAREILLY,MAJHGAWAN,1,Mushrafpur,2,3,1,8,1,244713,2,2,3,15,6,5,14,8,67,37,43,0,0,0,0,195,8,7,1,0,8,4,0,4,2,2,0,0,2,1,1,1,1,Upper Primary (1–8),STANDARD,4,True,True
6508080,UTTAR PRADESH,BAREILLY,BHADPURA,1,Bishesarpur,2,3,1,8,1,262406,2,2,3,4,3,9,14,14,22,31,27,0,0,0,0,124,7,5,2,0,6,4,0,2,1,1,0,0,2,2,1,1,1,Upper Primary (1–8),STANDARD,2,False,True
2926493,UTTAR PRADESH,BAREILLY,BHOJIPURA,1,Pachdeora Kalan,4,3,6,8,1,243001,9,2,3,0,0,0,0,0,88,70,60,0,0,0,0,218,7,4,0,3,4,0,4,0,2,1,0,0,2,2,1,1,1,Upper Primary (6–8),STANDARD,4,False,True
7863600,UTTAR PRADESH,BAREILLY,VITHARI CHAINPUR,1,Sawer Khera,2,3,1,8,1,243122,2,2,3,27,26,16,32,28,33,45,31,0,0,0,0,238,12,7,5,0,13,9,2,2,2,2,0,2,2,2,1,1,1,Upper Primary (1–8),STANDARD,4,False,True
6155056,UTTAR PRADESH,BAREILLY,BHADPURA,1,Pehnia,4,3,6,8,1,262406,9,2,3,0,0,0,0,0,35,37,20,0,0,0,0,92,2,2,0,0,4,2,0,2,1,1,0,0,0,1,1,1,2,Upper Primary (6–8),STANDARD,2,True,True
6089641,UTTAR PRADESH,BAREILLY,BAHERI,1,Utarsia Samukhiya,4,3,6,8,1,243001,9,2,3,0,0,0,0,0,12,11,8,0,0,0,0,31,0,0,0,0,5,5,0,0,1,1,0,0,2,2,1,1,1,Upper Primary (6–8),STANDARD,0,False,True
6733450,UTTAR PRADESH,BAREILLY,BHUTA,1,Malahpur,4,3,6,8,1,243503,9,2,3,0,0,0,0,0,73,84,95,0,0,0,0,252,9,9,0,0,5,2,3,0,1,2,1,0,0,2,1,1,1,Upper Primary (6–8),STANDARD,3,False,True
3440312,UTTAR PRADESH,BAREILLY,FARIDPUR,1,Naugawan,4,3,6,8,1,243001,9,2,3,0,0,0,0,0,58,58,51,0,0,0,0,167,4,4,0,0,4,4,0,0,1,1,0,0,2,2,1,1,1,Upper Primary (6–8),STANDARD,0,False,True
1603570,UTTAR PRADESH,BAREILLY,ALAMPUR,1,Keona Sadipuur,2,3,1,8,1,243001,2,2,3,14,13,16,24,21,37,47,41,0,0,0,0,213,9,7,2,0,8,4,0,4,2,2,0,0,2,1,1,1,1,Upper Primary (1–8),STANDARD,4,True,True
4532110,UTTAR PRADESH,BAREILLY,RAMNAGAR,1,Ram Nagar,2,3,1,8,5,243303,2,2,3,21,16,33,24,25,38,34,32,0,0,0,0,223,5,5,0,0,6,6,0,0,1,1,0,0,0,2,1,1,2,Upper Primary (1–8),STANDARD,0,False,True
3736836,UTTAR PRADESH,BAREILLY,BHUTA,1,Bhadurpur Karor,4,3,6,8,1,243123,9,2,3,0,0,0,0,0,45,45,52,0,0,0,0,142,6,5,0,1,4,4,0,0,1,1,0,0,2,1,1,1,1,Upper Primary (6–8),STANDARD,0,True,True
7608764,UTTAR PRADESH,BAREILLY,FARIDPUR,1,Gausganj Sarai,4,3,6,8,1,243503,9,2,3,0,0,0,0,0,73,43,28,0,0,0,0,144,5,3,2,0,5,4,1,0,1,1,0,0,0,2,1,1,1,Upper Primary (6–8),STANDARD,1,False,True
9053584,UTTAR PRADESH,BAREILLY,BHADPURA,1,Jaweda Jawedi,1,3,1,5,5,262406,2,2,3,20,7,9,13,13,0,0,0,0,0,0,0,62,5,5,0,0,5,5,0,0,1,1,0,0,0,1,1,1,1,Primary (1–5),STANDARD,0,True,True
4595253,UTTAR PRADESH,BAREILLY,MAJHGAWAN,1,Dhaka,1,3,1,5,5,243302,2,2,3,23,16,16,10,13,0,0,0,0,0,0,0,78,5,4,0,1,6,6,0,0,1,2,0,1,1,2,1,1,1,Primary (1–5),STANDARD,0,False,True
2460304,UTTAR PRADESH,BAREILLY,BAREILLY TOWN,2,,2,3,1,8,1,243001,2,2,3,1,12,8,19,11,20,24,2,0,0,0,0,97,3,2,1,0,10,10,0,0,3,3,0,0,0,1,1,1,1,Upper Primary (1–8),STANDARD,0,True,True
2083926,UTTAR PRADESH,BAREILLY,MIRGANJ,1,Nathpura,2,3,1,8,1,243504,2,2,3,15,10,10,12,16,17,16,19,0,0,0,0,115,8,6,2,0,9,0,9,0,2,2,0,0,2,1,1,1,1,Upper Primary (1–8),STANDARD,9,True,True
3068360,UTTAR PRADESH,BAREILLY,BAREILLY TOWN,2,,1,3,1,5,97,243502,2,2,3,0,0,0,2,1,0,0,0,0,0,0,0,3,4,4,0,0,5,5,0,0,2,2,0,1,0,1,1,1,2,Primary (1–5),STANDARD,0,True,True
3775954,UTTAR PRADESH,BAREILLY,VITHARI CHAINPUR,1,Mallahpur,4,3,6,8,1,243122,9,2,3,0,0,0,0,0,20,15,18,0,0,0,0,53,2,2,0,0,4,0,3,1,1,1,0,0,2,2,1,1,1,Upper Primary (6–8),STANDARD,4,False,True
9846078,UTTAR PRADESH,BAREILLY,FARIDPUR TOWN,2,,2,3,1,8,5,243503,1,2,3,41,32,34,47,27,34,24,14,0,0,0,0,253,17,16,0,1,12,12,0,0,3,5,8,2,0,1,1,2,1,Upper Primary (1–8),STANDARD,0,True,False
1516125,UTTAR PRADESH,BAREILLY,BHUTA,1,Bihari Pur,2,3,1,8,5,243123,2,2,3,16,12,11,28,16,40,53,30,0,0,0,0,206,8,8,0,0,8,8,0,0,1,1,0,1,0,1,2,2,1,Upper Primary (1–8),STANDARD,0,True,False
8215527,UTTAR PRADESH,BAREILLY,BAREILLY TOWN,2,,2,3,1,8,4,243005,2,2,3,31,66,45,51,47,24,27,18,0,0,0,0,309,5,5,0,0,9,9,0,0,2,4,0,0,0,1,1,1,1,Upper Primary (1–8),STANDARD,0,True,True
9873500,UTTAR PRADESH,BAREILLY,ALAMPUR,1,Tikuri,1,3,1,5,1,243301,2,2,3,17,11,5,12,7,0,0,0,0,0,0,0,52,5,2,3,0,3,3,0,0,2,2,0,0,2,1,1,1,1,Primary (1–5),STANDARD,0,True,True
5063726,UTTAR PRADESH,BAREILLY,RAMNAGAR,1,Revati,1,3,1,5,5,243301,2,2,3,27,35,22,21,15,0,0,0,0,0,0,0,120,5,5,0,0,5,5,0,0,1,1,0,0,0,2,2,2,1,Primary (1–5),STANDARD,0,False,False
8307731,UTTAR PRADESH,BAREILLY,FARIDPUR,1,Nivdiya,1,3,1,5,1,243503,2,2,3,15,15,14,24,16,0,0,0,0,0,0,0,84,4,3,1,0,5,3,1,1,1,1,0,0,2,1,1,1,1,Primary (1–5),STANDARD,2,True,True
9209209,UTTAR PRADESH,BAREILLY,KYARA,1,Kareli (Ct),2,3,1,8,5,243001,2,2,3,7,18,14,3,3,38,29,23,0,0,0,0,135,4,4,0,0,6,6,0,0,1,1,0,0,0,2,2,2,1,Upper Primary (1–8),STANDARD,0,False,False
9256054,UTTAR PRADESH,BAREILLY,BAHERI,1,Prithipur,1,3,1,5,1,243201,2,2,3,7,2,6,9,12,0,0,0,0,0,0,0,36,3,1,2,0,2,0,0,2,1,1,0,0,2,1,1,1,1,Primary (1–5),STANDARD,2,True,True
3602757,UTTAR PRADESH,BAREILLY,ALAMPUR,1,Sarau,1,3,1,5,1,243402,2,2,3,15,3,14,21,19,0,0,0,0,0,0,0,72,5,3,2,0,6,0,4,2,1,1,0,0,2,2,1,1,1,Primary (1–5),STANDARD,6,False,True
7379419,UTTAR PRADESH,BAREILLY,VITHARI CHAINPUR,1,Abdullapur Mafi,1,3,1,5,1,243122,2,2,3,11,14,12,18,20,0,0,0,0,0,0,0,75,4,4,0,0,5,3,0,2,1,1,0,0,2,2,1,1,2,Primary (1–5),STANDARD,2,False,True
1004710,UTTAR PRADESH,BAREILLY,MIRGANJ,1,Silrapur,1,3,1,5,1,243504,2,2,3,15,7,9,14,19,0,0,0,0,0,0,0,64,4,4,0,0,5,2,0,3,1,1,0,0,2,1,1,1,1,Primary (1–5),STANDARD,3,True,True
4416209,UTTAR PRADESH,BAREILLY,FATEHGANJ,1,Dauli Jawahar Lal,1,3,1,5,1,243505,2,2,3,9,3,9,9,6,0,0,0,0,0,0,0,36,3,2,1,0,3,3,0,0,1,1,0,1,0,2,1,1,1,Primary (1–5),STANDARD,0,False,True
4654951,UTTAR PRADESH,BAREILLY,ALAMPUR,1,Bakarganj,1,3,1,5,1,243403,2,2,3,13,10,6,15,13,0,0,0,0,0,0,0,57,4,3,1,0,3,2,0,1,1,1,0,0,2,2,1,1,2,Primary (1–5),STANDARD,1,False,True
9126839,UTTAR PRADESH,BAREILLY,FARIDPUR,1,Nawadavan,1,3,1,5,1,243503,2,2,3,31,31,41,44,44,0,0,0,0,0,0,0,191,5,3,2,0,7,5,0,2,2,2,0,0,2,2,1,1,2,Primary (1–5),STANDARD,2,False,True
7144359,UTTAR PRADESH,BAREILLY,RICHHA(DAMKHODA),1,Mitipur,1,3,1,5,1,243201,2,2,3,1,2,4,4,1,0,0,0,0,0,0,0,12,2,1,1,0,5,2,0,3,1,1,0,0,2,1,1,1,1,Primary (1–5),STANDARD,3,True,True
2354890,UTTAR PRADESH,BAREILLY,NAWABGANJ,1,Ram Nageria,1,3,1,5,1,243407,2,2,3,6,3,4,5,4,0,0,0,0,0,0,0,22,2,2,0,0,4,2,0,2,1,1,0,0,2,2,1,1,1,Primary (1–5),STANDARD,2,False,True
4569961,UTTAR PRADESH,BAREILLY,NAWABGANJ,1,Lava Khera Talib Husain,1,3,1,5,1,243407,2,2,3,0,2,0,2,5,0,0,0,0,0,0,0,9,2,2,0,0,4,0,2,2,1,1,0,0,2,2,1,1,1,Primary (1–5),STANDARD,4,False,True
3086890,UTTAR PRADESH,BAREILLY,BAHERI,1,Bharauni,1,3,1,5,1,243201,2,2,3,3,3,3,7,7,0,0,0,0,0,0,0,23,2,1,1,0,5,3,2,0,1,1,0,0,2,2,1,1,1,Primary (1–5),STANDARD,2,False,True
5989335,UTTAR PRADESH,BAREILLY,BHUTA,1,Gulab Nagar,1,3,1,5,1,243503,2,2,3,13,17,14,17,20,0,0,0,0,0,0,0,81,3,2,1,0,4,1,2,1,1,1,0,0,2,1,1,1,2,Primary (1–5),STANDARD,3,True,True
3558473,UTTAR PRADESH,BAREILLY,BAHERI,1,Bhujhia,1,3,1,5,1,243201,2,2,3,5,5,2,8,7,0,0,0,0,0,0,0,27,4,2,2,0,4,4,0,0,1,2,0,0,2,1,1,1,1,Primary (1–5),STANDARD,0,True,True
6374195,UTTAR PRADESH,BAREILLY,SHERGARH,1,Meori Buzurg,1,3,1,5,1,243505,2,2,3,28,31,32,35,48,0,0,0,0,0,0,0,174,5,4,1,0,4,4,0,0,2,3,0,1,2,2,1,1,2,Primary (1–5),STANDARD,0,False,True
8752715,UTTAR PRADESH,BAREILLY,BAREILLY TOWN,2,,1,3,1,5,1,243005,2,2,3,10,10,12,6,13,0,0,0,0,0,0,0,51,0,0,0,0,5,3,0,2,1,1,0,0,2,1,1,1,1,Primary (1–5),STANDARD,2,True,True
4539594,UTTAR PRADESH,BAREILLY,MAJHGAWAN,1,Kedona,1,3,1,5,1,243302,2,2,3,14,20,14,35,30,0,0,0,0,0,0,0,113,5,3,2,0,6,3,0,3,1,1,0,0,2,2,1,1,1,Primary (1–5),STANDARD,3,False,True
5657908,UTTAR PRADESH,BAREILLY,MAJHGAWAN,1,Shivpuri,1,3,1,5,1,243303,2,2,3,19,11,18,46,33,0,0,0,0,0,0,0,127,4,2,2,0,4,0,4,0,1,1,0,0,1,1,1,1,2,Primary (1–5),STANDARD,4,True,True
9136972,UTTAR PRADESH,BAREILLY,MAJHGAWAN,1,Kalyanpur,1,3,1,5,1,243302,2,2,3,12,15,9,20,11,0,0,0,0,0,0,0,67,3,3,0,0,4,2,2,0,1,1,0,0,2,1,1,1,2,Primary (1–5),STANDARD,2,True,True
9663351,UTTAR PRADESH,BAREILLY,MAJHGAWAN,1,Atarchedi,1,3,1,5,1,243302,2,2,3,3,6,8,17,13,0,0,0,0,0,0,0,47,2,1,1,0,4,2,1,1,1,1,0,0,2,2,1,1,2,Primary (1–5),STANDARD,2,False,True
9360779,UTTAR PRADESH,BAREILLY,MAJHGAWAN,1,Rahmanpur,1,3,1,5,1,243302,2,2,3,6,7,13,38,21,0,0,0,0,0,0,0,85,2,2,0,0,3,1,0,2,1,1,0,0,2,2,1,1,2,Primary (1–5),STANDARD,2,False,True
8606625,UTTAR PRADESH,BAREILLY,FATEHGANJ,1,Rafiabad,1,3,1,5,1,243501,2,2,3,4,4,5,5,8,0,0,0,0,0,0,0,26,2,1,1,0,4,2,1,1,1,1,0,0,2,2,1,1,1,Primary (1–5),STANDARD,2,False,True
5079929,UTTAR PRADESH,BAREILLY,BAREILLY TOWN,2,,1,3,1,5,1,243122,2,2,3,19,18,27,29,31,0,0,0,0,0,0,0,124,3,2,1,0,4,4,0,0,1,1,0,0,1,2,1,1,2,Primary (1–5),STANDARD,0,False,True
7460869,UTTAR PRADESH,BAREILLY,ALAMPUR,1,Sikora,1,3,1,5,1,243301,2,2,3,8,10,10,15,20,0,0,0,0,0,0,0,63,4,2,2,0,3,3,0,0,2,1,0,0,2,2,1,1,1,Primary (1–5),STANDARD,0,False,True
8937629,UTTAR PRADESH,BAREILLY,ALAMPUR,1,Pathree,1,3,1,5,1,243301,2,2,3,34,50,49,51,68,0,0,0,0,0,0,0,252,4,4,0,0,5,4,1,0,1,1,0,0,2,2,1,1,1,Primary (1–5),STANDARD,1,False,True
8379866,UTTAR PRADESH,BAREILLY,BHADPURA,1,Atanga Chandpur,1,3,1,5,1,262406,2,2,3,9,10,12,36,25,0,0,0,0,0,0,0,92,4,3,1,0,7,0,3,4,1,1,0,0,2,1,1,1,1,Primary (1–5),STANDARD,7,True,True
2944502,UTTAR PRADESH,BAREILLY,NAWABGANJ,1,Tanda Inayattulla,1,3,1,5,1,243202,2,2,3,6,10,6,11,4,0,0,0,0,0,0,0,37,2,1,1,0,4,0,1,3,1,1,0,0,2,1,1,1,1,Primary (1–5),STANDARD,4,True,True
6227837,UTTAR PRADESH,BAREILLY,SHERGARH,1,Nagaria Kalan,1,3,1,5,1,243505,2,2,3,8,11,13,23,17,0,0,0,0,0,0,0,72,4,3,1,0,6,2,2,2,1,1,0,0,2,2,1,1,1,Primary (1–5),STANDARD,4,False,True
4820618,UTTAR PRADESH,BAREILLY,SHERGARH,1,Aurangabad,1,3,1,5,5,243505,2,2,3,31,19,19,30,26,0,0,0,0,0,0,0,125,5,3,2,0,6,6,0,0,2,2,0,2,0,1,2,1,1,Primary (1–5),STANDARD,0,True,True
2076639,UTTAR PRADESH,BAREILLY,BAREILLY TOWN,2,,1,3,1,5,5,243001,2,2,3,16,19,14,15,12,0,0,0,0,0,0,0,76,1,0,1,0,5,5,0,0,2,2,1,0,0,2,1,1,1,Primary (1–5),STANDARD,0,False,True
1638460,UTTAR PRADESH,BAREILLY,BAHERI,1,Itauva Khushhal,1,3,1,5,1,243201,2,2,3,0,0,1,3,4,0,0,0,0,0,0,0,8,2,1,1,0,4,0,2,2,1,1,0,0,2,1,1,1,2,Primary (1–5),STANDARD,4,True,True
1321990,UTTAR PRADESH,BAREILLY,BHUTA,1,Dhakni Rajpuri,1,3,1,5,5,243503,2,2,3,17,25,15,18,15,0,0,0,0,0,0,0,90,5,5,0,0,5,5,0,0,2,2,0,0,0,1,1,2,1,Primary (1–5),STANDARD,0,True,False
8351808,UTTAR PRADESH,BAREILLY,SHERGARH,1,Ghatgaon,1,3,1,5,97,243505,2,2,3,1,7,1,7,5,0,0,0,0,0,0,0,21,3,2,1,0,3,3,0,0,1,1,0,0,0,2,2,2,1,Primary (1–5),STANDARD,0,False,False
2543131,UTTAR PRADESH,BAREILLY,FARIDPUR,1,Sitarganj,2,3,1,8,1,243503,2,2,3,13,9,9,16,17,18,30,17,0,0,0,0,129,7,6,1,0,6,6,0,0,2,2,0,0,2,2,1,1,2,Upper Primary (1–8),STANDARD,0,False,True
4043027,UTTAR PRADESH,BAREILLY,MAJHGAWAN,1,Lohari,4,3,6,8,1,243302,9,2,3,0,0,0,0,0,48,35,35,0,0,0,0,118,2,2,0,0,3,0,1,2,1,1,0,0,0,1,3,1,1,Upper Primary (6–8),STANDARD,3,True,True
1582966,UTTAR PRADESH,BAREILLY,RICHHA(DAMKHODA),1,Labedi,4,3,6,8,1,243201,9,2,3,0,0,0,0,0,13,12,13,0,0,0,0,38,1,1,0,0,4,0,0,4,1,1,0,0,0,2,1,1,2,Upper Primary (6–8),STANDARD,4,False,True
2189553,UTTAR PRADESH,BAREILLY,NAWABGANJ,1,Mauzam Nagla Khalsa,4,3,6,8,1,243201,9,2,3,0,0,0,0,0,27,13,16,0,0,0,0,56,3,3,0,0,4,4,0,0,1,1,0,0,2,2,1,1,1,Upper Primary (6–8),STANDARD,0,False,True
7543406,UTTAR PRADESH,BAREILLY,FATEHGANJ,1,Turasapatti,2,3,1,8,1,243505,2,2,3,16,16,8,33,29,33,55,29,0,0,0,0,219,8,8,0,0,9,2,3,4,2,3,0,2,0,2,1,1,1,Upper Primary (1–8),STANDARD,7,False,True
2968074,UTTAR PRADESH,BAREILLY,VITHARI CHAINPUR,1,Sunderpur,1,3,1,5,1,243123,2,2,3,9,4,13,13,13,0,0,0,0,0,0,0,52,5,4,1,0,4,3,1,0,1,1,0,0,2,1,1,1,1,Primary (1–5),STANDARD,1,True,True
5372219,UTTAR PRADESH,BAREILLY,MIRGANJ,1,Karmpur,1,3,1,5,5,243505,2,2,3,38,40,33,42,43,0,0,0,0,0,0,0,196,4,2,2,0,6,6,0,0,2,2,0,1,0,1,1,2,1,Primary (1–5),STANDARD,0,True,False
4014515,UTTAR PRADESH,BAREILLY,BHUTA,1,Kalyanpur Ilaka Bilihawa,4,3,6,8,1,243503,9,2,3,0,0,0,0,0,21,19,17,0,0,0,0,57,2,2,0,0,3,0,0,3,1,1,0,0,2,2,1,1,1,Upper Primary (6–8),STANDARD,3,False,True
9069403,UTTAR PRADESH,BAREILLY,BAHERI,1,Laxmipur,1,3,1,5,5,243201,2,2,3,6,8,11,9,4,0,0,0,0,0,0,0,38,1,1,0,0,5,5,0,0,1,1,0,0,0,2,2,1,1,Primary (1–5),STANDARD,0,False,True
6137700,UTTAR PRADESH,BAREILLY,BAHERI,1,Panwaria,2,3,1,8,1,243201,2,2,3,10,18,23,20,12,13,15,19,0,0,0,0,130,6,5,1,0,7,6,1,0,1,2,0,1,2,2,1,1,2,Upper Primary (1–8),STANDARD,1,False,True
6312717,UTTAR PRADESH,BAREILLY,VITHARI CHAINPUR,1,Naryawal,4,3,6,8,1,243123,9,2,3,0,0,0,0,0,32,42,33,0,0,0,0,107,6,3,3,0,4,4,0,0,1,1,5,0,0,2,1,1,2,Upper Primary (6–8),STANDARD,0,False,True
4158905,UTTAR PRADESH,BAREILLY,NAWABGANJ,1,Khai Khera,4,3,6,8,1,243407,9,2,3,0,0,0,0,0,33,39,42,0,0,0,0,114,6,4,2,0,3,3,0,0,1,1,0,0,2,1,1,1,1,Upper Primary (6–8),STANDARD,0,True,True
3667685,UTTAR PRADESH,BAREILLY,ALAMPUR,1,Alampur Japhrabad,5,3,6,12,5,243001,9,2,3,0,0,0,0,0,15,17,23,477,59,100,131,822,9,3,5,1,18,18,0,0,2,2,1,1,0,1,1,1,1,Higher Secondary (6–12),STANDARD,0,True,True
3276402,UTTAR PRADESH,BAREILLY,KYARA,1,Birya Narainpur,2,3,1,8,1,243001,2,2,3,46,37,53,61,47,50,56,37,0,0,0,0,387,15,10,5,0,9,7,0,2,2,2,0,0,2,2,1,1,1,Upper Primary (1–8),STANDARD,2,False,True
2292492,UTTAR PRADESH,BAREILLY,VITHARI CHAINPUR,1,Bhagwatipur,4,3,6,8,1,243201,9,2,3,0,0,0,0,0,30,22,26,0,0,0,0,78,3,3,0,0,3,0,0,3,1,1,0,0,2,2,1,1,1,Upper Primary (6–8),STANDARD,3,False,True
2099655,UTTAR PRADESH,BAREILLY,FARIDPUR,1,Nivdiya,2,3,1,8,1,243506,2,2,3,10,5,11,27,21,39,48,31,0,0,0,0,192,8,6,2,0,12,9,0,3,2,3,0,0,0,1,1,1,1,Upper Primary (1–8),STANDARD,3,True,True
8190672,UTTAR PRADESH,BAREILLY,VITHARI CHAINPUR,1,Dhaurera Mafi,4,3,6,8,1,243122,9,2,3,0,0,0,0,0,78,103,95,0,0,0,0,276,8,6,2,0,5,1,0,4,1,1,0,1,2,2,1,1,1,Upper Primary (6–8),STANDARD,4,False,True
2179617,UTTAR PRADESH,BAREILLY,RICHHA(DAMKHODA),1,Dhakia,2,3,1,8,1,243203,2,2,3,8,10,6,5,12,21,30,25,0,0,0,0,117,5,5,0,0,9,9,0,0,3,3,0,0,2,2,1,1,1,Upper Primary (1–8),STANDARD,0,False,True
4119418,UTTAR PRADESH,BAREILLY,BAREILLY TOWN,2,,2,3,1,8,5,243122,1,2,3,28,40,47,25,47,115,44,52,0,0,0,0,398,10,0,10,0,12,12,0,0,2,2,2,1,0,1,1,1,1,Upper Primary (1–8),STANDARD,0,True,True
8555700,UTTAR PRADESH,BAREILLY,BAHERI,1,Rurki,2,3,1,8,1,243201,2,2,3,11,12,10,17,13,23,25,21,0,0,0,0,132,7,6,1,0,9,8,1,0,1,2,0,2,2,1,1,1,2,Upper Primary (1–8),STANDARD,1,True,True
1621528,UTTAR PRADESH,BAREILLY,FATEHGANJ,1,Rukam Pur,4,3,6,8,1,243401,9,2,3,0,0,0,0,0,60,71,43,0,0,0,0,174,5,3,2,0,4,4,0,0,1,2,0,1,2,2,1,1,1,Upper Primary (6–8),STANDARD,0,False,True
5759800,UTTAR PRADESH,BAREILLY,BAREILLY TOWN,2,,10,3,9,12,5,243005,9,2,3,0,0,0,0,0,0,0,0,112,36,155,127,430,9,9,0,0,10,10,0,0,1,1,0,0,0,1,1,2,2,Higher Secondary (9–12),STANDARD,0,True,False
5268460,UTTAR PRADESH,BAREILLY,BAREILLY TOWN,2,,2,3,1,8,5,243002,2,2,3,7,10,6,5,5,2,7,2,0,0,0,0,44,4,4,0,0,10,10,0,0,2,2,5,0,0,1,1,2,2,Upper Primary (1–8),STANDARD,0,True,False
8441882,UTTAR PRADESH,BAREILLY,VITHARI CHAINPUR,1,Manehra,2,3,1,8,1,243203,2,2,3,35,23,27,32,54,55,76,86,0,0,0,0,388,10,9,0,1,8,6,2,0,2,2,0,2,2,1,1,1,1,Upper Primary (1–8),STANDARD,2,True,True
1594928,UTTAR PRADESH,BAREILLY,MIRGANJ,1,Diosas,4,3,6,8,1,243504,9,2,3,0,0,0,0,0,41,32,31,0,0,0,0,104,4,4,0,0,3,0,0,3,1,2,0,0,2,2,1,1,1,Upper Primary (6–8),STANDARD,3,False,True
2638259,UTTAR PRADESH,BAREILLY,BHUTA,1,Dhakni Rajpuri,5,3,6,12,5,243503,9,2,3,0,0,0,0,0,7,1,5,21,49,33,118,234,9,9,0,0,22,22,0,0,2,2,1,1,0,1,1,1,1,Higher Secondary (6–12),STANDARD,0,True,True
8113892,UTTAR PRADESH,BAREILLY,VITHARI CHAINPUR,1,Parsona (Ct),6,3,1,10,97,243123,2,2,3,0,1,1,6,5,9,7,2,2,0,0,0,33,9,9,0,0,10,10,0,0,1,1,1,0,0,1,2,1,2,Secondary (1–10),STANDARD,0,True,True
3189400,UTTAR PRADESH,BAREILLY,AONLA,2,,1,3,1,5,97,243301,2,2,3,3,5,2,6,0,0,0,0,0,0,0,0,16,4,4,0,0,5,5,0,0,3,2,0,0,0,2,1,1,1,Primary (1–5),STANDARD,0,False,True
7950349,UTTAR PRADESH,BAREILLY,RICHHA(DAMKHODA),1,Singtara,1,3,1,5,97,243203,2,2,3,3,13,8,7,9,0,0,0,0,0,0,0,40,4,3,1,0,5,5,0,0,1,1,0,0,0,2,2,2,1,Primary (1–5),STANDARD,0,False,False
6397909,UTTAR PRADESH,BAREILLY,MIRGANJ,1,Bahadurpur,1,3,1,5,5,243501,2,2,3,4,10,12,15,11,0,0,0,0,0,0,0,52,7,3,4,0,8,8,0,0,1,1,0,0,0,2,2,1,1,Primary (1–5),STANDARD,0,False,True
9263897,UTTAR PRADESH,BAREILLY,MAJHGAWAN,1,Lohari,1,3,1,5,1,243302,2,2,3,5,7,11,12,4,0,0,0,0,0,0,0,39,2,2,0,0,5,2,1,2,1,1,0,0,2,1,1,1,1,Primary (1–5),STANDARD,3,True,True
1900102,UTTAR PRADESH,BAREILLY,MAJHGAWAN,1,Bajhera,8,3,9,10,5,243302,9,2,3,0,0,0,0,0,0,0,0,29,19,0,0,48,4,4,0,0,3,3,0,0,1,1,1,1,0,2,1,1,1,Secondary (9–10),STANDARD,0,False,True
4472441,UTTAR PRADESH,BAREILLY,VITHARI CHAINPUR,1,Urla Jagir,3,3,1,12,5,243123,1,2,3,80,76,74,81,66,74,59,66,102,72,68,56,874,38,6,32,0,34,34,0,0,20,16,40,3,0,1,1,1,1,Higher Secondary (1–12),STANDARD,0,True,True
2166294,UTTAR PRADESH,BAREILLY,BAREILLY TOWN,2,,1,3,1,5,5,243001,1,2,3,26,24,39,21,19,0,0,0,0,0,0,0,129,7,0,7,0,7,7,0,0,2,2,0,1,0,1,1,1,1,Primary (1–5),STANDARD,0,True,True
7826434,UTTAR PRADESH,BAREILLY,SHERGARH,1,Tanda,2,3,1,8,5,243505,1,2,3,6,6,15,8,11,13,12,11,0,0,0,0,82,5,0,4,1,8,8,0,0,1,1,1,0,0,2,1,1,1,Upper Primary (1–8),STANDARD,0,False,True
1925311,UTTAR PRADESH,BAREILLY,BAREILLY TOWN,2,,1,3,1,5,97,243502,2,2,3,0,0,0,3,1,0,0,0,0,0,0,0,4,3,3,0,0,5,5,0,0,1,1,0,0,0,1,1,2,1,Primary (1–5),STANDARD,0,True,False
7279436,UTTAR PRADESH,BAREILLY,BHOJIPURA,1,Itauwa Kedar Nath,1,3,1,5,5,243202,2,2,3,20,31,44,43,41,0,0,0,0,0,0,0,179,6,2,4,0,5,5,0,0,3,3,0,0,0,1,1,1,1,Primary (1–5),STANDARD,0,True,True
9740368,UTTAR PRADESH,BAREILLY,SHERGARH,2,,1,3,1,5,97,243505,2,2,3,1,9,16,11,12,0,0,0,0,0,0,0,49,4,3,1,0,5,5,0,0,1,1,0,0,0,2,2,2,1,Primary (1–5),STANDARD,0,False,False
4558956,UTTAR PRADESH,BAREILLY,BAREILLY TOWN,2,,4,3,6,8,5,243001,9,2,3,0,0,0,0,0,9,10,16,0,0,0,0,35,5,0,5,0,3,3,0,0,1,1,1,0,0,1,1,2,1,Upper Primary (6–8),STANDARD,0,True,False
6617970,UTTAR PRADESH,BAREILLY,BAREILLY TOWN,2,,4,3,6,8,5,243001,9,2,3,0,0,0,0,0,16,10,12,0,0,0,0,38,4,1,3,0,6,6,0,0,1,1,1,1,1,1,1,2,2,Upper Primary (6–8),STANDARD,0,True,False
2153647,UTTAR PRADESH,BAREILLY,VITHARI CHAINPUR,1,Bhoora,6,3,1,10,5,243001,2,2,3,28,34,46,51,46,37,53,34,54,83,0,0,466,5,5,0,0,10,10,0,0,2,2,5,0,0,1,1,1,2,Secondary (1–10),STANDARD,0,True,True
3103306,UTTAR PRADESH,BAREILLY,VITHARI CHAINPUR,1,Bhagwanpur Dhimri,1,3,1,5,1,243123,2,2,3,26,25,31,46,47,0,0,0,0,0,0,0,175,8,6,2,0,6,0,0,6,1,2,0,1,2,2,1,1,1,Primary (1–5),STANDARD,6,False,True
1207697,UTTAR PRADESH,BAREILLY,BAHERI,1,Ratangarh,2,3,1,8,5,243201,2,2,3,25,29,40,46,36,53,49,69,0,0,0,0,347,12,10,2,0,10,10,0,0,10,6,3,2,0,1,1,1,1,Upper Primary (1–8),STANDARD,0,True,True
5397256,UTTAR PRADESH,BAREILLY,BAREILLY TOWN,2,,4,3,6,8,5,243003,9,2,3,0,0,0,0,0,20,10,12,0,0,0,0,42,4,3,1,0,4,4,0,0,1,1,1,0,0,1,1,2,1,Upper Primary (6–8),STANDARD,0,True,False
6298057,UTTAR PRADESH,BAREILLY,FATEHGANJ,2,,1,3,1,5,5,243501,2,2,3,5,22,10,10,13,0,0,0,0,0,0,0,60,5,3,2,0,5,5,0,0,1,1,1,0,0,1,1,1,2,Primary (1–5),STANDARD,0,True,True
6590086,UTTAR PRADESH,BAREILLY,VITHARI CHAINPUR,1,Mohanpur,2,3,1,8,5,243001,2,2,3,39,34,27,21,25,20,26,28,0,0,0,0,220,9,0,9,0,8,8,0,0,1,1,1,1,0,1,1,1,2,Upper Primary (1–8),STANDARD,0,True,True
3308685,UTTAR PRADESH,BAREILLY,BAREILLY TOWN,2,,1,3,1,5,5,243005,2,2,1,14,26,21,23,18,0,0,0,0,0,0,0,102,7,7,0,0,5,5,0,0,3,3,3,2,5,1,1,1,2,Primary (1–5),STANDARD,0,True,True
9755441,UTTAR PRADESH,BAREILLY,NAWABGANJ,1,Dibna Pur,7,3,6,10,4,243001,9,2,3,0,0,0,0,0,26,37,25,65,50,0,0,203,6,6,0,0,6,6,0,0,1,2,0,0,0,1,2,1,1,Secondary (6–10),STANDARD,0,True,True
4085801,UTTAR PRADESH,BAREILLY,RICHHA(DAMKHODA),1,Damkhoda,4,3,6,8,5,243201,9,2,3,0,0,0,0,0,68,46,45,0,0,0,0,159,3,3,0,0,3,3,0,0,1,1,0,0,0,2,1,1,1,Upper Primary (6–8),STANDARD,0,False,True
2291510,UTTAR PRADESH,BAREILLY,NAWABGANJ,1,Kachnara,1,3,1,5,5,243407,2,2,3,18,9,16,9,16,0,0,0,0,0,0,0,68,7,7,0,0,5,5,0,0,2,1,2,1,1,1,1,2,1,Primary (1–5),STANDARD,0,True,False
4296692,UTTAR PRADESH,BAREILLY,MAJHGAWAN,1,Rahtuiya,3,3,1,12,5,243301,2,2,3,87,88,104,116,112,126,142,157,174,184,134,151,1575,55,16,38,1,45,45,0,0,5,11,60,4,0,1,1,1,1,Higher Secondary (1–12),STANDARD,0,True,True
8573780,UTTAR PRADESH,BAREILLY,BAHERI,1,Mandanpur Shumali,1,3,1,5,1,243201,2,2,3,26,11,22,29,25,0,0,0,0,0,0,0,113,8,3,5,0,8,0,2,6,1,2,0,1,2,2,1,1,1,Primary (1–5),STANDARD,8,False,True
2449988,UTTAR PRADESH,BAREILLY,MAJHGAWAN,1,Kandharpur,1,3,1,5,1,243302,2,2,3,16,27,22,35,37,0,0,0,0,0,0,0,137,4,3,1,0,6,1,4,1,2,1,0,0,2,1,1,1,1,Primary (1–5),STANDARD,5,True,True
1027334,UTTAR PRADESH,BAREILLY,MAJHGAWAN,1,Nisoi,1,3,1,5,1,243301,2,2,3,19,8,5,10,5,0,0,0,0,0,0,0,47,2,2,0,0,5,3,0,2,1,1,0,0,0,1,1,1,2,Primary (1–5),STANDARD,2,True,True
5292228,UTTAR PRADESH,BAREILLY,BHADPURA,1,Panwaria Partitpur,1,3,1,5,1,262406,2,2,3,14,11,6,16,13,0,0,0,0,0,0,0,60,3,3,0,0,2,2,0,0,1,1,0,0,2,1,1,1,1,Primary (1–5),STANDARD,0,True,True
3674723,UTTAR PRADESH,BAREILLY,NAWABGANJ,1,Dandia Mohsin,1,3,1,5,1,243407,2,2,3,15,7,7,11,6,0,0,0,0,0,0,0,46,3,2,1,0,4,2,1,1,1,1,0,0,2,2,1,1,2,Primary (1–5),STANDARD,2,False,True
6598516,UTTAR PRADESH,BAREILLY,BAHERI,1,Jawaharpur,1,3,1,5,1,243201,2,2,3,13,10,15,13,15,0,0,0,0,0,0,0,66,5,3,2,0,8,5,0,3,2,2,0,1,2,1,1,1,1,Primary (1–5),STANDARD,3,True,True
5136513,UTTAR PRADESH,BAREILLY,FARIDPUR,1,Jiganiya Harchahar Muhal,1,3,1,5,1,243503,2,2,3,39,19,21,36,37,0,0,0,0,0,0,0,152,5,3,2,0,6,5,0,1,1,1,0,0,2,1,1,1,1,Primary (1–5),STANDARD,1,True,True
5669791,UTTAR PRADESH,BAREILLY,NAWABGANJ,1,Bija Mau,1,3,1,5,1,262406,2,2,3,27,19,23,28,35,0,0,0,0,0,0,0,132,7,5,2,0,5,5,0,0,1,1,0,0,2,2,1,1,1,Primary (1–5),STANDARD,0,False,True
7412873,UTTAR PRADESH,BAREILLY,BHADPURA,1,Bhikampur,1,3,1,5,1,262406,2,2,3,10,0,9,9,6,0,0,0,0,0,0,0,34,2,1,1,0,2,0,2,0,1,1,0,0,2,1,1,1,1,Primary (1–5),STANDARD,2,True,True
9838259,UTTAR PRADESH,BAREILLY,BHUTA,1,Ahrola,1,3,1,5,1,243503,2,2,3,12,8,8,14,12,0,0,0,0,0,0,0,54,7,3,4,0,4,0,0,4,1,1,0,0,2,2,1,1,2,Primary (1–5),STANDARD,4,False,True
7189529,UTTAR PRADESH,BAREILLY,BAREILLY TOWN,2,,1,3,1,5,3,243001,2,2,3,11,9,16,12,11,0,0,0,0,0,0,0,59,5,4,1,0,5,5,0,0,3,3,1,0,0,1,1,2,1,Primary (1–5),STANDARD,0,True,False
8617584,UTTAR PRADESH,BAREILLY,NAWABGANJ,1,Moosapur,1,3,1,5,1,243407,2,2,3,9,7,8,17,20,0,0,0,0,0,0,0,61,3,3,0,0,4,2,2,0,1,1,0,1,2,1,1,1,1,Primary (1–5),STANDARD,2,True,True
5656856,UTTAR PRADESH,BAREILLY,RAMNAGAR,1,Rampura Bhoor,1,3,1,5,1,243303,2,2,3,15,15,16,16,21,0,0,0,0,0,0,0,83,4,1,3,0,5,3,1,1,1,1,0,0,2,1,1,1,1,Primary (1–5),STANDARD,2,True,True
9872488,UTTAR PRADESH,BAREILLY,RICHHA(DAMKHODA),1,Bonda,1,3,1,5,1,243201,2,2,3,5,7,3,4,11,0,0,0,0,0,0,0,30,3,1,2,0,5,3,0,2,1,1,0,0,2,1,1,1,1,Primary (1–5),STANDARD,2,True,True
2240917,UTTAR PRADESH,BAREILLY,BAHERI,1,Bharauni,4,3,6,8,1,243201,9,2,3,0,0,0,0,0,10,12,10,0,0,0,0,32,2,2,0,0,4,0,4,0,1,1,0,0,0,2,1,1,1,Upper Primary (6–8),STANDARD,4,False,True
2095042,UTTAR PRADESH,BAREILLY,VITHARI CHAINPUR,1,Gularia Riziqulanisan,1,3,1,5,1,243122,2,2,3,4,2,7,2,6,0,0,0,0,0,0,0,21,4,2,2,0,4,2,2,0,1,1,0,0,2,2,1,1,1,Primary (1–5),STANDARD,2,False,True
6519627,UTTAR PRADESH,BAREILLY,BHADPURA,1,Matkapur,1,3,1,5,1,262406,2,2,3,19,11,18,22,31,0,0,0,0,0,0,0,101,6,5,1,0,5,1,1,3,1,1,0,0,0,2,3,1,1,Primary (1–5),STANDARD,4,False,True
6959911,UTTAR PRADESH,BAREILLY,MIRGANJ,1,Nagaria Sadat,1,3,1,5,1,243504,2,2,3,20,12,27,27,38,0,0,0,0,0,0,0,124,4,4,0,0,4,4,0,0,1,1,0,0,0,2,1,1,2,Primary (1–5),STANDARD,0,False,True
3799950,UTTAR PRADESH,BAREILLY,NAWABGANJ,1,Hafiz Ganj,4,3,6,8,5,243407,9,2,3,0,0,0,0,0,10,13,10,0,0,0,0,33,3,0,3,0,3,3,0,0,1,1,1,2,1,1,1,1,2,Upper Primary (6–8),STANDARD,0,True,True
3037405,UTTAR PRADESH,BAREILLY,BAHERI,1,Bhakawa,1,3,1,5,1,243201,2,2,3,1,2,1,2,4,0,0,0,0,0,0,0,10,2,1,1,0,4,0,2,2,2,2,0,1,2,2,1,1,1,Primary (1–5),STANDARD,4,False,True
3015478,UTTAR PRADESH,BAREILLY,SHERGARH,1,Nagla,1,3,1,5,1,243505,2,2,3,1,1,0,1,1,0,0,0,0,0,0,0,4,2,2,0,0,5,5,0,0,1,1,0,0,0,1,1,1,1,Primary (1–5),STANDARD,0,True,True
4184322,UTTAR PRADESH,BAREILLY,RAMNAGAR,1,Bahodakhera,1,3,1,5,1,243303,2,2,3,16,7,10,11,9,0,0,0,0,0,0,0,53,3,2,1,0,3,0,2,1,1,1,0,0,1,2,1,1,2,Primary (1–5),STANDARD,3,False,True
5717266,UTTAR PRADESH,BAREILLY,SHERGARH,1,Abhupura Urf Jokhanpur,1,3,1,5,1,243505,2,2,3,5,9,3,9,5,0,0,0,0,0,0,0,31,1,1,0,0,2,2,0,0,1,1,0,0,0,1,1,1,2,Primary (1–5),STANDARD,0,True,True
4590661,UTTAR PRADESH,BAREILLY,RICHHA(DAMKHODA),1,Anandipur,1,3,1,5,1,243203,2,2,3,11,7,6,12,12,0,0,0,0,0,0,0,48,4,4,0,0,4,2,0,2,1,1,0,1,2,2,1,1,2,Primary (1–5),STANDARD,2,False,True
4969829,UTTAR PRADESH,BAREILLY,BAHERI,1,Amkhera,1,3,1,5,1,243001,2,2,3,3,6,2,8,11,0,0,0,0,0,0,0,30,2,2,0,0,2,1,1,0,1,1,0,0,2,2,1,1,2,Primary (1–5),STANDARD,1,False,True
2420172,UTTAR PRADESH,BAREILLY,VITHARI CHAINPUR,1,Itawa Beni Ram,1,3,1,5,1,243006,2,2,3,4,4,6,7,10,0,0,0,0,0,0,0,31,2,1,1,0,4,4,0,0,1,1,0,0,2,2,1,1,1,Primary (1–5),STANDARD,0,False,True
5453009,UTTAR PRADESH,BAREILLY,BHADPURA,1,Silra,1,3,1,5,1,262406,2,2,3,4,4,3,14,10,0,0,0,0,0,0,0,35,3,1,2,0,2,1,0,1,1,1,0,0,0,1,1,1,1,Primary (1–5),STANDARD,1,True,True
4659313,UTTAR PRADESH,BAREILLY,ALAMPUR,1,Navadia Veeran,1,3,1,5,1,243001,2,2,3,19,24,26,29,31,0,0,0,0,0,0,0,129,4,3,1,0,3,2,1,0,1,1,0,0,2,1,1,1,2,Primary (1–5),STANDARD,1,True,True
5194735,UTTAR PRADESH,BAREILLY,FATEHGANJ,1,Bujhia Jagir,1,3,1,5,1,243001,2,2,3,17,7,13,13,17,0,0,0,0,0,0,0,67,2,2,0,0,5,4,0,1,2,2,0,1,2,1,1,1,1,Primary (1–5),STANDARD,1,True,True
1513316,UTTAR PRADESH,BAREILLY,NAWABGANJ,1,Jeora Makrandpur,1,3,1,5,1,262406,2,2,3,21,19,18,27,28,0,0,0,0,0,0,0,113,5,5,0,0,4,2,2,0,1,1,0,0,2,2,1,1,2,Primary (1–5),STANDARD,2,False,True
6219142,UTTAR PRADESH,BAREILLY,MIRGANJ,1,Simaria,1,3,1,5,1,243504,2,2,3,3,2,3,5,6,0,0,0,0,0,0,0,19,3,2,1,0,5,0,5,0,1,1,0,0,2,1,1,1,2,Primary (1–5),STANDARD,5,True,True
3643986,UTTAR PRADESH,BAREILLY,MAJHGAWAN,1,Khangawa Shyam,1,3,1,5,1,243303,2,2,3,10,7,8,10,15,0,0,0,0,0,0,0,50,3,2,1,0,4,0,4,0,1,1,0,0,2,2,1,1,1,Primary (1–5),STANDARD,4,False,True
1203575,UTTAR PRADESH,BAREILLY,KYARA,1,Sarai Talfi Mustqil,1,3,1,5,1,243001,2,2,3,3,2,6,3,11,0,0,0,0,0,0,0,25,4,3,1,0,4,0,2,2,1,1,0,0,2,2,1,1,2,Primary (1–5),STANDARD,4,False,True
9273090,UTTAR PRADESH,BAREILLY,FARIDPUR,1,Bakainiya,1,3,1,5,1,243502,2,2,3,34,47,63,63,53,0,0,0,0,0,0,0,260,6,4,1,1,5,5,0,0,3,3,0,0,0,1,1,1,1,Primary (1–5),STANDARD,0,True,True
4243433,UTTAR PRADESH,BAREILLY,BHUTA,1,Barua Husanpur,1,3,1,5,1,243123,2,2,3,8,8,16,22,23,0,0,0,0,0,0,0,77,5,3,2,0,4,0,2,2,1,1,0,0,2,2,1,1,1,Primary (1–5),STANDARD,4,False,True
2174214,UTTAR PRADESH,BAREILLY,ALAMPUR,1,Bhamora,1,3,1,5,1,243201,2,2,3,30,30,32,52,48,0,0,0,0,0,0,0,192,5,3,2,0,6,4,0,2,1,1,0,0,2,2,1,1,1,Primary (1–5),STANDARD,2,False,True
2696408,UTTAR PRADESH,BAREILLY,KYARA,1,Umarsia,1,3,1,5,1,243001,2,2,3,27,25,21,40,41,0,0,0,0,0,0,0,154,8,5,3,0,5,4,1,0,1,1,0,0,2,1,1,1,1,Primary (1–5),STANDARD,1,True,True
8811974,UTTAR PRADESH,BAREILLY,BAREILLY TOWN,2,,1,3,1,5,1,243001,2,2,3,9,2,6,9,9,0,0,0,0,0,0,0,35,0,0,0,0,1,1,0,0,1,1,0,0,1,2,1,1,2,Primary (1–5),STANDARD,0,False,True
7152330,UTTAR PRADESH,BAREILLY,MAJHGAWAN,1,Rajpur Kalan,1,3,1,5,1,243302,2,2,3,15,21,24,20,10,0,0,0,0,0,0,0,90,4,3,1,0,2,0,0,2,1,1,0,0,2,1,1,1,2,Primary (1–5),STANDARD,2,True,True
3011776,UTTAR PRADESH,BAREILLY,MIRGANJ,1,Asad Nagar,1,3,1,5,1,243504,2,2,3,9,11,9,15,19,0,0,0,0,0,0,0,63,4,3,1,0,0,0,0,0,1,1,0,0,2,2,1,1,2,Primary (1–5),STANDARD,0,False,True
7788755,UTTAR PRADESH,BAREILLY,BAREILLY TOWN,2,,1,3,1,5,1,243001,2,2,3,1,2,1,6,1,0,0,0,0,0,0,0,11,1,1,0,0,1,1,0,0,1,1,0,0,2,1,1,1,1,Primary (1–5),STANDARD,0,True,True
6752816,UTTAR PRADESH,BAREILLY,FARIDPUR,1,Shivpuri,1,3,1,5,1,243506,2,2,3,4,9,10,10,15,0,0,0,0,0,0,0,48,3,3,0,0,5,2,0,3,2,2,0,0,2,1,1,1,2,Primary (1–5),STANDARD,3,True,True
9917092,UTTAR PRADESH,BAREILLY,BAHERI,1,Pachpera,1,3,1,5,1,243201,2,2,3,28,24,20,19,18,0,0,0,0,0,0,0,109,5,2,3,0,4,2,0,2,1,2,0,1,2,2,1,1,1,Primary (1–5),STANDARD,2,False,True
6308925,UTTAR PRADESH,BAREILLY,MIRGANJ,1,Balehi,1,3,1,5,1,243504,2,2,3,7,10,5,15,20,0,0,0,0,0,0,0,57,2,2,0,0,5,3,2,0,1,1,0,0,1,1,1,1,1,Primary (1–5),STANDARD,2,True,True
8204544,UTTAR PRADESH,BAREILLY,BAHERI,1,Lakhanpur,1,3,1,5,1,243201,2,2,3,13,17,12,18,8,0,0,0,0,0,0,0,68,3,3,0,0,4,0,2,2,1,1,0,0,2,2,1,1,1,Primary (1–5),STANDARD,4,False,True
3026833,UTTAR PRADESH,BAREILLY,MAJHGAWAN,1,Fatheganj,1,3,1,5,1,243302,2,2,3,4,6,9,9,7,0,0,0,0,0,0,0,35,2,2,0,0,4,4,0,0,2,2,0,0,2,2,1,1,1,Primary (1–5),STANDARD,0,False,True
5562067,UTTAR PRADESH,BAREILLY,ALAMPUR,1,Ballia,1,3,1,5,1,243402,2,2,3,20,23,21,20,19,0,0,0,0,0,0,0,103,4,2,2,0,4,4,0,0,1,1,0,0,2,2,1,1,2,Primary (1–5),STANDARD,0,False,True
6579352,UTTAR PRADESH,BAREILLY,BAHERI,1,Chubakia,1,3,1,5,1,243201,2,2,3,0,1,0,0,2,0,0,0,0,0,0,0,3,2,1,1,0,2,2,0,0,1,1,0,1,0,2,1,1,2,Primary (1–5),STANDARD,0,False,True
4394568,UTTAR PRADESH,BAREILLY,MAJHGAWAN,1,Shivpuri,4,3,6,8,1,243303,9,2,3,0,0,0,0,0,42,48,22,0,0,0,0,112,4,2,2,0,4,2,1,1,3,3,0,0,2,1,1,1,1,Upper Primary (6–8),STANDARD,2,True,True
6208663,UTTAR PRADESH,BAREILLY,BAHERI,1,Adilpur,1,3,1,5,1,243201,2,2,3,13,6,6,15,24,0,0,0,0,0,0,0,64,6,4,2,0,5,2,1,2,1,1,0,0,2,2,1,1,2,Primary (1–5),STANDARD,3,False,True
6459746,UTTAR PRADESH,BAREILLY,RAMNAGAR,1,Jagannathpur,4,3,6,8,1,243303,9,2,3,0,0,0,0,0,11,13,14,0,0,0,0,38,0,0,0,0,4,3,0,1,1,1,0,0,1,1,1,1,1,Upper Primary (6–8),STANDARD,1,True,True
7491837,UTTAR PRADESH,BAREILLY,RICHHA(DAMKHODA),2,,1,3,1,5,1,243201,2,2,3,33,60,55,91,49,0,0,0,0,0,0,0,288,7,4,3,0,5,5,0,0,2,4,1,1,2,1,1,1,1,Primary (1–5),STANDARD,0,True,True
8236222,UTTAR PRADESH,BAREILLY,RICHHA(DAMKHODA),1,Bhoola Bhulania,1,3,1,5,1,243201,2,2,3,2,3,4,15,14,0,0,0,0,0,0,0,38,5,2,3,0,5,5,0,0,1,1,0,0,2,2,1,1,1,Primary (1–5),STANDARD,0,False,True
7711975,UTTAR PRADESH,BAREILLY,MAJHGAWAN,1,Noorpur,2,3,1,8,1,243301,2,2,3,13,7,18,19,25,20,31,30,0,0,0,0,163,8,6,2,0,8,7,1,0,2,2,0,0,2,2,1,1,1,Upper Primary (1–8),STANDARD,1,False,True
1685719,UTTAR PRADESH,BAREILLY,NAWABGANJ,1,Labhera Urf Bulland Nagar,2,3,1,8,1,243407,2,2,3,42,34,46,48,51,59,78,49,0,0,0,0,407,14,9,5,0,12,10,0,2,2,2,0,2,2,1,1,1,2,Upper Primary (1–8),STANDARD,2,True,True
8136301,UTTAR PRADESH,BAREILLY,FARIDPUR,1,Shahpoor,4,3,6,8,1,243503,9,2,3,0,0,0,0,0,88,97,92,0,0,0,0,277,7,5,2,0,5,1,1,3,2,1,0,0,2,1,1,1,1,Upper Primary (6–8),STANDARD,4,True,True
8540968,UTTAR PRADESH,BAREILLY,ALAMPUR,1,Khuli,8,3,9,10,1,243401,9,2,3,0,0,0,0,0,0,0,0,29,48,0,0,77,4,4,0,0,4,4,0,0,2,2,11,0,0,1,1,1,1,Secondary (9–10),STANDARD,0,True,True
3556538,UTTAR PRADESH,BAREILLY,RAMNAGAR,1,Mutlak Pur,2,3,1,8,1,243301,2,2,3,21,14,19,49,39,33,46,57,0,0,0,0,278,6,5,1,0,11,5,2,4,1,1,0,0,2,1,1,1,1,Upper Primary (1–8),STANDARD,6,True,True
2777614,UTTAR PRADESH,BAREILLY,MAJHGAWAN,1,Mugalpur,2,3,1,8,1,243302,2,2,3,26,35,30,33,32,17,26,24,0,0,0,0,223,5,4,1,0,9,9,0,0,2,4,0,0,1,1,1,1,2,Upper Primary (1–8),STANDARD,0,True,True
8189558,UTTAR PRADESH,BAREILLY,ALAMPUR,1,Digoi,2,3,1,8,1,243402,2,2,3,17,8,5,11,19,46,26,14,0,0,0,0,146,6,6,0,0,10,6,0,4,1,1,12,0,2,1,1,1,1,Upper Primary (1–8),STANDARD,4,True,True
5969829,UTTAR PRADESH,BAREILLY,MAJHGAWAN,2,,2,3,1,8,1,243302,2,2,3,24,29,47,48,57,89,54,45,0,0,0,0,393,10,6,4,0,7,5,2,0,1,1,0,0,2,1,1,1,2,Upper Primary (1–8),STANDARD,2,True,True
1591140,UTTAR PRADESH,BAREILLY,MAJHGAWAN,1,Majhgawan,4,3,6,8,1,243302,9,2,3,0,0,0,0,0,95,51,53,0,0,0,0,199,4,3,1,0,7,4,0,3,1,1,0,0,2,1,1,1,1,Upper Primary (6–8),STANDARD,3,True,True
8844927,UTTAR PRADESH,BAREILLY,BHUTA,1,Singhai Kala,4,3,6,8,1,243503,9,2,3,0,0,0,0,0,36,48,32,0,0,0,0,116,4,3,0,1,3,1,2,0,1,1,0,0,2,1,1,1,2,Upper Primary (6–8),STANDARD,2,True,True
8661252,UTTAR PRADESH,BAREILLY,RICHHA(DAMKHODA),1,Arsiabojh,4,3,6,8,1,243201,9,2,3,0,0,0,0,0,21,10,11,0,0,0,0,42,0,0,0,0,3,2,1,0,1,1,0,1,1,2,1,1,1,Upper Primary (6–8),STANDARD,1,False,True
1942177,UTTAR PRADESH,BAREILLY,BAREILLY TOWN,2,,2,3,1,8,1,243001,2,2,3,10,9,10,22,18,20,17,10,0,0,0,0,116,1,1,0,0,7,6,0,1,2,2,0,0,2,2,1,1,1,Upper Primary (1–8),STANDARD,1,False,True
8821325,UTTAR PRADESH,BAREILLY,KYARA,1,Kandharpur (Ct),4,3,6,8,1,243001,9,2,3,0,0,0,0,0,141,147,153,0,0,0,0,441,14,12,2,0,6,4,0,2,2,3,0,0,0,2,1,1,1,Upper Primary (6–8),STANDARD,2,False,True
9317264,UTTAR PRADESH,BAREILLY,MAJHGAWAN,1,Kalyanpur,4,3,6,8,1,243302,9,2,3,0,0,0,0,0,67,33,46,0,0,0,0,146,2,2,0,0,6,0,0,6,1,2,0,0,0,2,1,1,2,Upper Primary (6–8),STANDARD,6,False,True
3012247,UTTAR PRADESH,BAREILLY,NAWABGANJ,1,Naua Nagla,4,3,6,8,1,243407,9,2,3,0,0,0,0,0,18,20,20,0,0,0,0,58,3,3,0,0,3,3,0,0,1,1,0,0,2,2,1,1,1,Upper Primary (6–8),STANDARD,0,False,True
9881820,UTTAR PRADESH,BAREILLY,FATEHGANJ,1,Mankari Ehatmali,4,3,6,8,1,243501,9,2,3,0,0,0,0,0,71,54,33,0,0,0,0,158,5,5,0,0,3,3,0,0,1,2,0,0,2,2,1,1,1,Upper Primary (6–8),STANDARD,0,False,True
3892930,UTTAR PRADESH,BAREILLY,MAJHGAWAN,1,Nisoi,2,3,1,8,1,243302,2,2,3,24,29,25,26,27,36,46,35,0,0,0,0,248,8,6,2,0,10,6,0,4,2,2,0,0,2,2,1,1,1,Upper Primary (1–8),STANDARD,4,False,True
4995921,UTTAR PRADESH,BAREILLY,BHUTA,1,Rampur Pravin,2,3,1,8,5,243503,2,2,3,15,18,18,13,21,34,45,26,0,0,0,0,190,10,10,0,0,10,10,0,0,2,2,0,1,1,1,1,1,1,Upper Primary (1–8),STANDARD,0,True,True
5384845,UTTAR PRADESH,BAREILLY,BAHERI,1,Girdharpur,1,3,1,5,97,243201,2,2,3,37,26,5,5,5,0,0,0,0,0,0,0,78,5,5,0,0,6,6,0,0,1,2,1,0,0,1,1,2,1,Primary (1–5),STANDARD,0,True,False
4992105,UTTAR PRADESH,BAREILLY,ALAMPUR,1,Ballia,2,3,1,8,5,243001,1,2,3,25,55,58,45,50,72,63,38,0,0,0,0,406,8,6,0,2,9,9,0,0,2,2,0,0,0,1,2,1,1,Upper Primary (1–8),STANDARD,0,True,True
6500033,UTTAR PRADESH,BAREILLY,RICHHA(DAMKHODA),2,,1,3,1,5,97,243201,2,2,3,25,20,14,16,7,0,0,0,0,0,0,0,82,5,1,4,0,9,9,0,0,1,3,0,1,0,2,1,2,2,Primary (1–5),STANDARD,0,False,False
4943951,UTTAR PRADESH,BAREILLY,NAWABGANJ,2,,2,3,1,8,5,262406,1,2,3,24,15,16,16,17,19,18,16,0,0,0,0,141,7,7,0,0,8,8,0,0,1,1,2,1,0,1,1,1,2,Upper Primary (1–8),STANDARD,0,True,True
9125692,UTTAR PRADESH,BAREILLY,NAWABGANJ,1,Saidoo Pur,5,3,6,12,5,243201,9,2,3,0,0,0,0,0,25,24,26,54,52,66,71,318,10,1,7,2,11,11,0,0,3,4,0,1,1,1,2,1,1,Higher Secondary (6–12),STANDARD,0,True,True
3961862,UTTAR PRADESH,BAREILLY,FARIDPUR TOWN,2,,1,3,1,5,97,243504,2,2,3,15,25,28,26,22,0,0,0,0,0,0,0,116,6,6,0,0,5,5,0,0,1,1,2,3,0,1,1,2,2,Primary (1–5),STANDARD,0,True,False
9993798,UTTAR PRADESH,BAREILLY,BAREILLY TOWN,2,,2,3,1,8,5,243001,2,2,3,11,4,11,16,13,14,12,6,0,0,0,0,87,6,0,6,0,5,5,0,0,3,3,0,0,0,2,1,1,1,Upper Primary (1–8),STANDARD,0,False,True
2194041,UTTAR PRADESH,BAREILLY,NAWABGANJ,1,Richhola Tara Chand,1,3,1,5,5,243407,2,2,3,12,8,11,7,15,0,0,0,0,0,0,0,53,5,5,0,0,5,4,1,0,1,1,3,0,0,2,2,2,1,Primary (1–5),STANDARD,1,False,False
6984126,UTTAR PRADESH,BAREILLY,BAREILLY TOWN,2,,8,3,9,10,5,243122,9,2,3,0,0,0,0,0,0,0,0,70,48,0,0,118,5,4,1,0,4,4,0,0,2,2,0,0,0,2,1,1,1,Secondary (9–10),STANDARD,0,False,True
5167993,UTTAR PRADESH,BAREILLY,SHERGARH,2,,6,3,1,10,5,243505,2,2,3,11,14,8,10,12,8,6,12,7,6,0,0,94,4,1,3,0,8,8,0,0,1,1,0,0,0,1,1,1,1,Secondary (1–10),STANDARD,0,True,True
8203278,UTTAR PRADESH,BAREILLY,FATEHGANJ,1,,5,3,6,12,5,243505,9,2,3,0,0,0,0,0,38,43,34,86,99,141,160,601,8,8,0,0,27,27,0,0,5,8,1,1,0,1,2,1,1,Higher Secondary (6–12),STANDARD,0,True,True
1630092,UTTAR PRADESH,BAREILLY,BAHERI TOWN,2,,2,3,1,8,5,243001,1,2,3,53,72,77,68,75,79,56,85,0,0,0,0,565,17,15,1,1,12,12,0,0,1,5,0,0,0,2,1,1,1,Upper Primary (1–8),STANDARD,0,False,True
4390375,UTTAR PRADESH,BAREILLY,ALAMPUR,1,Khera,3,3,1,12,5,243301,1,2,3,145,162,109,111,101,122,117,104,114,112,114,107,1418,65,65,0,0,48,48,0,0,18,10,35,1,0,1,1,1,1,Higher Secondary (1–12),STANDARD,0,True,True
2218492,UTTAR PRADESH,BAREILLY,KYARA,1,Umarsia,1,3,1,5,5,243001,2,2,3,3,0,2,4,2,0,0,0,0,0,0,0,11,3,0,3,0,5,5,0,0,1,1,0,0,0,2,1,1,1,Primary (1–5),STANDARD,0,False,True
6736591,UTTAR PRADESH,BAREILLY,FARIDPUR,1,Nagaria Vikram,5,3,6,12,5,243503,9,2,3,0,0,0,0,0,21,20,15,32,102,50,126,366,11,1,0,10,18,18,0,0,3,3,5,0,0,1,1,1,1,Higher Secondary (6–12),STANDARD,0,True,True
1497037,UTTAR PRADESH,BAREILLY,FARIDPUR,1,Kartauli,1,3,1,5,5,243503,1,2,3,12,16,11,12,28,0,0,0,0,0,0,0,79,5,5,0,0,5,5,0,0,2,1,0,0,0,2,3,1,1,Primary (1–5),STANDARD,0,False,True
3500484,UTTAR PRADESH,BAREILLY,SHERGARH,1,Haldikalan,1,3,1,5,5,243505,2,2,3,1,7,12,6,5,0,0,0,0,0,0,0,31,5,1,4,0,5,5,0,0,1,1,0,0,0,1,1,2,1,Primary (1–5),STANDARD,0,True,False
5493887,UTTAR PRADESH,BAREILLY,SHERGARH,2,,6,3,1,10,97,243505,2,2,3,1,11,3,7,3,13,7,1,2,0,0,0,48,8,3,5,0,12,12,0,0,1,1,0,0,0,2,2,1,1,Secondary (1–10),STANDARD,0,False,True
5201839,UTTAR PRADESH,BAREILLY,VITHARI CHAINPUR,1,Naryawal,2,3,1,8,5,243123,1,2,3,27,23,23,21,32,26,26,24,0,0,0,0,202,11,0,7,4,11,11,0,0,1,3,0,0,0,2,1,2,1,Upper Primary (1–8),STANDARD,0,False,False
2976446,UTTAR PRADESH,BAREILLY,SHERGARH,2,,1,3,1,5,5,243201,2,2,1,14,18,13,14,6,0,0,0,0,0,0,0,65,5,4,1,0,8,8,0,0,2,4,1,1,0,2,1,1,1,Primary (1–5),STANDARD,0,False,True
6772273,UTTAR PRADESH,BAREILLY,BAREILLY TOWN,2,,7,3,6,10,4,243003,9,2,3,0,0,0,0,0,15,38,34,37,37,0,0,161,10,10,0,0,5,1,4,0,1,3,1,0,0,2,1,1,1,Secondary (6–10),STANDARD,4,False,True
1861536,UTTAR PRADESH,BAREILLY,BAREILLY TOWN,2,,1,3,1,5,5,243502,2,2,3,10,3,5,5,1,0,0,0,0,0,0,0,24,3,1,2,0,4,4,0,0,1,1,0,0,0,2,2,2,2,Primary (1–5),STANDARD,0,False,False
5210855,UTTAR PRADESH,BAREILLY,FARIDPUR,1,Akabarpur,4,3,6,8,5,243506,9,2,3,0,0,0,0,0,36,30,36,0,0,0,0,102,3,2,1,0,4,4,0,0,2,2,0,0,0,1,1,1,1,Upper Primary (6–8),STANDARD,0,True,True
2738670,UTTAR PRADESH,BAREILLY,BAREILLY TOWN,2,,2,3,1,8,5,243006,1,2,3,30,68,43,32,32,36,22,30,0,0,0,0,293,17,17,0,0,10,10,0,0,5,5,2,2,0,1,1,1,1,Upper Primary (1–8),STANDARD,0,True,True
7382714,UTTAR PRADESH,BAREILLY,FARIDPUR TOWN,2,,1,3,1,5,97,243503,2,2,3,0,0,0,8,4,0,0,0,0,0,0,0,12,5,4,1,0,5,5,0,0,1,1,0,1,0,1,1,2,2,Primary (1–5),STANDARD,0,True,False
2822452,UTTAR PRADESH,BAREILLY,BAREILLY TOWN,2,,2,3,1,8,5,243003,1,2,3,68,64,66,45,53,41,34,36,0,0,0,0,407,9,1,6,2,8,8,0,0,2,2,1,0,0,2,1,2,1,Upper Primary (1–8),STANDARD,0,False,False
6802702,UTTAR PRADESH,BAREILLY,BAREILLY TOWN,2,,2,3,1,8,5,243001,1,2,3,80,41,58,42,29,35,37,34,0,0,0,0,356,9,9,0,0,18,18,0,0,4,4,4,1,1,1,1,1,1,Upper Primary (1–8),STANDARD,0,True,True
9329131,UTTAR PRADESH,BAREILLY,RICHHA(DAMKHODA),1,Singothi,1,3,1,5,5,243201,2,2,3,0,4,1,7,10,0,0,0,0,0,0,0,22,6,4,2,0,6,6,0,0,1,1,0,0,0,2,3,2,2,Primary (1–5),STANDARD,0,False,False
1512125,UTTAR PRADESH,BAREILLY,BHADPURA,1,Guladia Mahipat,2,3,1,8,1,262406,2,2,3,14,11,11,33,27,38,31,31,0,0,0,0,196,9,9,0,0,8,5,0,3,1,2,0,0,2,1,1,1,1,Upper Primary (1–8),STANDARD,3,True,True
2770425,UTTAR PRADESH,BAREILLY,SHERGARH,1,Sahora,3,3,1,12,4,243505,2,2,3,10,14,17,17,16,45,33,51,130,131,159,183,806,17,17,0,0,20,20,0,0,2,8,1,0,0,1,1,1,1,Higher Secondary (1–12),STANDARD,0,True,True
7461929,UTTAR PRADESH,BAREILLY,FATEHGANJ,1,,2,3,1,8,5,243505,2,2,3,30,52,39,32,35,0,0,0,0,0,0,0,188,5,5,0,0,5,5,0,0,2,2,2,2,65,2,1,2,1,Upper Primary (1–8),STANDARD,0,False,False
3560715,UTTAR PRADESH,BAREILLY,SHERGARH,1,Muhammadpur,1,3,1,5,97,243505,2,2,3,14,7,3,11,7,0,0,0,0,0,0,0,42,3,3,0,0,5,5,0,0,1,1,0,0,0,2,1,2,2,Primary (1–5),STANDARD,0,False,False
7945880,UTTAR PRADESH,BAREILLY,FARIDPUR TOWN,2,,5,3,6,12,4,243503,9,2,3,0,0,0,0,0,90,67,96,501,496,679,728,2657,35,31,0,4,34,30,4,0,20,2,2,1,0,1,1,1,1,Higher Secondary (6–12),STANDARD,4,True,True
4933323,UTTAR PRADESH,BAREILLY,KYARA,1,Manpur Ahaiyapur,7,3,6,10,4,243001,9,2,3,0,0,0,0,0,28,51,45,127,169,0,0,420,12,12,0,0,6,3,0,3,1,1,0,0,0,2,1,2,2,Secondary (6–10),STANDARD,3,False,False
9251246,UTTAR PRADESH,BAREILLY,MIRGANJ,1,Sirodhi Angadpur,1,3,1,5,1,243504,2,2,3,22,12,12,22,31,0,0,0,0,0,0,0,99,4,3,1,0,4,0,0,4,1,1,0,0,2,1,1,1,2,Primary (1–5),STANDARD,4,True,True
9766963,UTTAR PRADESH,BAREILLY,SHERGARH,1,Sheeshgarh,10,3,9,12,5,243505,9,2,3,0,0,0,0,0,0,0,0,114,72,204,208,598,6,6,0,0,18,18,0,0,4,4,12,2,0,1,1,1,1,Higher Secondary (9–12),STANDARD,0,True,True
4774647,UTTAR PRADESH,BAREILLY,RAMNAGAR,1,Anjani Ahatmali,1,3,1,5,1,243303,2,2,3,19,13,20,31,21,0,0,0,0,0,0,0,104,4,2,2,0,8,6,2,0,1,2,0,0,2,1,1,1,2,Primary (1–5),STANDARD,2,True,True
3321114,UTTAR PRADESH,BAREILLY,BAHERI,1,Bishanpur Gularia,1,3,1,5,1,243201,2,2,3,4,1,4,6,7,0,0,0,0,0,0,0,22,4,1,3,0,5,4,1,0,2,2,0,0,2,1,1,1,2,Primary (1–5),STANDARD,1,True,True
1723494,UTTAR PRADESH,BAREILLY,BHUTA,1,Chathia Faizoo,1,3,1,5,1,243506,2,2,3,11,6,8,22,25,0,0,0,0,0,0,0,72,4,4,0,0,3,1,2,0,1,1,0,0,2,2,1,1,1,Primary (1–5),STANDARD,2,False,True
7311076,UTTAR PRADESH,BAREILLY,ALAMPUR,1,Bilauri,1,3,1,5,1,243001,2,2,3,11,9,9,11,6,0,0,0,0,0,0,0,46,3,3,0,0,3,3,0,0,1,1,0,0,2,2,1,1,2,Primary (1–5),STANDARD,0,False,True
9654683,UTTAR PRADESH,BAREILLY,MAJHGAWAN,1,Inchor Jhoonanagar,1,3,1,5,1,243302,2,2,3,16,10,10,34,21,0,0,0,0,0,0,0,91,4,3,1,0,4,2,0,2,1,1,0,0,2,1,1,1,2,Primary (1–5),STANDARD,2,True,True
9249308,UTTAR PRADESH,BAREILLY,SHERGARH,2,,1,3,1,5,1,243505,2,2,3,27,37,32,38,40,0,0,0,0,0,0,0,174,4,2,2,0,5,5,0,0,1,2,0,1,2,2,1,1,2,Primary (1–5),STANDARD,0,False,True
6550857,UTTAR PRADESH,BAREILLY,MIRGANJ,1,Thiriakhurd,1,3,1,5,1,243504,2,2,3,22,8,22,28,23,0,0,0,0,0,0,0,103,6,4,2,0,7,0,6,1,2,1,0,0,2,2,1,1,2,Primary (1–5),STANDARD,7,False,True
5399868,UTTAR PRADESH,BAREILLY,ALAMPUR,1,Bichuraiya Sirsa,1,3,1,5,1,243402,2,2,3,28,10,23,43,37,0,0,0,0,0,0,0,141,5,4,1,0,10,7,0,3,2,2,0,0,2,1,1,1,1,Primary (1–5),STANDARD,3,True,True
5146447,UTTAR PRADESH,BAREILLY,SHERGARH,1,Bichpuri,1,3,1,5,1,243203,2,2,3,15,10,10,15,24,0,0,0,0,0,0,0,74,5,3,2,0,5,3,0,2,1,1,0,1,2,1,1,1,2,Primary (1–5),STANDARD,2,True,True
3030285,UTTAR PRADESH,BAREILLY,BAREILLY TOWN,2,,1,3,1,5,1,243001,2,2,3,8,6,7,22,22,0,0,0,0,0,0,0,65,4,2,2,0,2,0,0,2,1,1,0,0,2,1,1,1,1,Primary (1–5),STANDARD,2,True,True
2076560,UTTAR PRADESH,BAREILLY,SHERGARH,1,Gahluiya,1,3,1,5,1,243505,2,2,3,23,20,20,32,33,0,0,0,0,0,0,0,128,6,4,2,0,7,5,1,1,1,2,0,1,2,1,1,1,1,Primary (1–5),STANDARD,2,True,True
5995753,UTTAR PRADESH,BAREILLY,BHADPURA,1,Allapur,1,3,1,5,1,262406,2,2,3,2,6,5,9,8,0,0,0,0,0,0,0,30,2,1,1,0,4,3,0,1,1,1,0,0,2,1,1,1,1,Primary (1–5),STANDARD,1,True,True
1224255,UTTAR PRADESH,BAREILLY,SHERGARH,1,Mankara,1,3,1,5,1,243505,2,2,3,1,1,1,6,3,0,0,0,0,0,0,0,12,3,1,2,0,2,2,0,0,1,1,0,0,2,1,1,1,2,Primary (1–5),STANDARD,0,True,True
3464086,UTTAR PRADESH,BAREILLY,MIRGANJ,1,Ballia,1,3,1,5,1,243504,2,2,3,16,18,19,11,28,0,0,0,0,0,0,0,92,4,3,1,0,3,3,0,0,1,1,0,0,2,2,1,1,2,Primary (1–5),STANDARD,0,False,True
2739390,UTTAR PRADESH,BAREILLY,BHOJIPURA,1,Bhjhia Shumali,1,3,1,5,1,243202,2,2,3,8,6,10,14,23,0,0,0,0,0,0,0,61,4,3,1,0,5,5,0,0,1,1,0,0,2,2,1,1,1,Primary (1–5),STANDARD,0,False,True
8495218,UTTAR PRADESH,BAREILLY,BAHERI,1,Narayan Nagla,1,3,1,5,1,243201,2,2,3,3,7,6,9,3,0,0,0,0,0,0,0,28,4,2,2,0,4,0,2,2,1,1,0,1,2,1,1,1,1,Primary (1–5),STANDARD,4,True,True
5488584,UTTAR PRADESH,BAREILLY,RICHHA(DAMKHODA),1,Mundia Nabibaksha,1,3,1,5,1,243201,2,2,3,31,27,21,43,27,0,0,0,0,0,0,0,149,4,3,1,0,4,4,0,0,1,2,0,1,2,2,1,1,1,Primary (1–5),STANDARD,0,False,True
8007940,UTTAR PRADESH,BAREILLY,BHADPURA,1,Keyolariya,1,3,1,5,1,262406,2,2,3,31,26,22,36,47,0,0,0,0,0,0,0,162,4,3,1,0,5,0,4,1,1,1,0,0,2,2,1,1,1,Primary (1–5),STANDARD,5,False,True
8828587,UTTAR PRADESH,BAREILLY,RICHHA(DAMKHODA),1,Kanman,1,3,1,5,1,243201,2,2,3,8,10,6,15,11,0,0,0,0,0,0,0,50,4,3,1,0,3,3,0,0,1,1,0,0,2,2,1,1,1,Primary (1–5),STANDARD,0,False,True
6484263,UTTAR PRADESH,BAREILLY,RAMNAGAR,1,Jangbazpur,1,3,1,5,1,243303,2,2,3,20,13,19,26,25,0,0,0,0,0,0,0,103,2,2,0,0,6,4,2,0,1,1,0,0,2,2,1,1,1,Primary (1–5),STANDARD,2,False,True
8401907,UTTAR PRADESH,BAREILLY,ALAMPUR,1,Digoi,1,3,1,5,1,243301,2,2,3,1,1,2,4,2,0,0,0,0,0,0,0,10,2,2,0,0,2,2,0,0,1,1,0,0,2,2,1,1,1,Primary (1–5),STANDARD,0,False,True
9933485,UTTAR PRADESH,BAREILLY,RICHHA(DAMKHODA),1,Magri Nawada,1,3,1,5,1,243301,2,2,3,26,14,14,19,23,0,0,0,0,0,0,0,96,3,3,0,0,3,0,3,0,1,1,0,0,2,2,1,1,1,Primary (1–5),STANDARD,3,False,True
4341694,UTTAR PRADESH,BAREILLY,MAJHGAWAN,1,Gurganwamustkil,1,3,1,5,1,243303,2,2,3,2,12,4,8,13,0,0,0,0,0,0,0,39,2,1,1,0,5,3,2,0,1,1,0,0,2,2,1,1,1,Primary (1–5),STANDARD,2,False,True
2167423,UTTAR PRADESH,BAREILLY,NAWABGANJ,1,Harhar Matkali,1,3,1,5,1,243407,2,2,3,50,51,55,72,62,0,0,0,0,0,0,0,290,8,8,0,0,6,4,1,1,1,2,0,1,2,2,1,1,2,Primary (1–5),STANDARD,2,False,True
6881162,UTTAR PRADESH,BAREILLY,VITHARI CHAINPUR,1,Sarkara,1,3,1,5,1,243123,2,2,3,12,6,2,10,6,0,0,0,0,0,0,0,36,3,2,1,0,4,2,0,2,1,1,0,0,2,2,1,1,1,Primary (1–5),STANDARD,2,False,True
1402448,UTTAR PRADESH,BAREILLY,RICHHA(DAMKHODA),1,Abhaypur Mahmoodpur,1,3,1,5,1,243203,2,2,3,4,5,4,5,2,0,0,0,0,0,0,0,20,2,1,1,0,5,2,1,2,2,1,0,0,2,1,1,1,1,Primary (1–5),STANDARD,3,True,True
1420181,UTTAR PRADESH,BAREILLY,BHOJIPURA,1,Chakdaha Bhagautipur,1,3,1,5,1,243202,2,2,3,11,12,11,10,11,0,0,0,0,0,0,0,55,3,2,1,0,3,2,1,0,2,1,0,0,2,2,1,1,2,Primary (1–5),STANDARD,1,False,True
4091944,UTTAR PRADESH,BAREILLY,MIRGANJ,1,Junhai Ehatmali,1,3,1,5,1,243505,2,2,3,12,5,14,18,19,0,0,0,0,0,0,0,68,3,2,1,0,5,2,1,2,1,2,0,0,2,2,1,1,1,Primary (1–5),STANDARD,3,False,True
6357581,UTTAR PRADESH,BAREILLY,NAWABGANJ,1,Dhaunrera,1,3,1,5,1,243407,2,2,3,8,5,5,14,7,0,0,0,0,0,0,0,39,3,1,2,0,4,2,0,2,1,1,0,0,2,1,1,1,1,Primary (1–5),STANDARD,2,True,True
6019056,UTTAR PRADESH,BAREILLY,RICHHA(DAMKHODA),1,Basupura,4,3,6,8,1,243201,9,2,3,0,0,0,0,0,18,17,17,0,0,0,0,52,3,3,0,0,4,0,0,4,1,1,0,0,2,2,1,1,1,Upper Primary (6–8),STANDARD,4,False,True
2197693,UTTAR PRADESH,BAREILLY,BHADPURA,1,Kunwarpur Dankunwar,4,3,6,8,1,262406,9,2,3,0,0,0,0,0,39,36,32,0,0,0,0,107,4,4,0,0,4,4,0,0,1,1,0,0,0,1,1,1,1,Upper Primary (6–8),STANDARD,0,True,True
9466395,UTTAR PRADESH,BAREILLY,RAMNAGAR,1,Arazi Beodhan Buzurg,4,3,6,8,1,243303,9,2,3,0,0,0,0,0,39,11,12,0,0,0,0,62,0,0,0,0,4,2,2,0,1,1,0,0,0,2,1,1,1,Upper Primary (6–8),STANDARD,2,False,True
5326385,UTTAR PRADESH,BAREILLY,FARIDPUR,1,Bhagwanpur Kundan,1,3,1,5,1,243506,2,2,3,25,23,28,34,45,0,0,0,0,0,0,0,155,4,3,1,0,5,3,1,1,1,1,0,0,2,1,1,1,2,Primary (1–5),STANDARD,2,True,True
9449310,UTTAR PRADESH,BAREILLY,MIRGANJ,1,Sanjarpur,4,3,6,8,1,243504,9,1,3,0,0,0,0,0,7,11,10,0,0,0,0,28,2,2,0,0,0,0,0,0,1,1,0,0,0,2,1,1,1,Upper Primary (6–8),STANDARD,0,False,True
1732996,UTTAR PRADESH,BAREILLY,ALAMPUR,1,Shekhpur Urf Biharipur,4,3,6,8,1,243201,9,2,3,0,0,0,0,0,34,39,36,0,0,0,0,109,4,4,0,0,4,0,0,4,1,1,0,0,2,2,3,1,1,Upper Primary (6–8),STANDARD,4,False,True
4189233,UTTAR PRADESH,BAREILLY,RAMNAGAR,1,Manauna,4,2,6,8,1,243301,9,2,3,0,0,0,0,0,34,76,29,0,0,0,0,139,3,3,0,0,3,0,0,3,0,2,0,0,2,2,1,1,1,Upper Primary (6–8),STANDARD,3,False,True
5922650,UTTAR PRADESH,BAREILLY,BHUTA,1,Mehtarpur Karor,2,3,1,8,1,243123,2,2,3,31,24,29,54,64,100,118,113,0,0,0,0,533,18,16,0,2,17,12,5,0,5,3,0,0,2,1,1,1,1,Upper Primary (1–8),STANDARD,5,True,True
7740573,UTTAR PRADESH,BAREILLY,BHUTA,1,Khardaha Gajnera,2,3,1,8,1,243503,2,2,3,3,3,6,5,11,16,17,11,0,0,0,0,72,7,6,1,0,7,0,6,1,2,2,0,0,2,1,1,1,1,Upper Primary (1–8),STANDARD,7,True,True
7750166,UTTAR PRADESH,BAREILLY,NAWABGANJ,1,Tanda Sadat,4,3,6,8,1,243407,9,2,3,0,0,0,0,0,18,47,22,0,0,0,0,87,3,3,0,0,3,3,0,0,1,1,0,1,0,2,1,1,1,Upper Primary (6–8),STANDARD,0,False,True
6227682,UTTAR PRADESH,BAREILLY,SHERGARH,1,Kunwargarha,2,3,1,8,1,243201,2,2,3,6,7,8,12,14,19,16,19,0,0,0,0,101,5,5,0,0,11,9,0,2,2,2,1,0,2,1,1,1,1,Upper Primary (1–8),STANDARD,2,True,True
8070803,UTTAR PRADESH,BAREILLY,FARIDPUR,1,Longpur,4,3,6,8,1,243503,9,2,3,0,0,0,0,0,61,76,74,0,0,0,0,211,9,6,0,3,7,4,2,1,2,2,0,1,2,1,1,1,1,Upper Primary (6–8),STANDARD,3,True,True
8315378,UTTAR PRADESH,BAREILLY,BHUTA,1,Dhakni Rajpuri,2,3,1,8,1,243503,2,2,3,40,33,32,66,67,94,91,90,0,0,0,0,513,14,11,3,0,11,11,0,0,2,2,2,0,2,2,1,1,2,Upper Primary (1–8),STANDARD,0,False,True
7894085,UTTAR PRADESH,BAREILLY,FATEHGANJ,1,Agras,2,3,1,8,5,243505,1,2,3,43,46,42,43,38,32,38,21,0,0,0,0,303,10,0,10,0,11,11,0,0,4,4,5,2,0,1,1,1,1,Upper Primary (1–8),STANDARD,0,True,True
5211049,UTTAR PRADESH,BAREILLY,BHOJIPURA,1,Mianpur,1,3,1,5,5,243202,2,2,3,16,10,8,10,6,0,0,0,0,0,0,0,50,6,0,6,0,10,10,0,0,2,2,0,0,0,1,1,2,1,Primary (1–5),STANDARD,0,True,False
5088678,UTTAR PRADESH,BAREILLY,NAWABGANJ,1,Khampur Urf Gangapur,1,3,1,5,1,262406,2,2,3,17,6,11,4,15,0,0,0,0,0,0,0,53,2,2,0,0,4,2,0,2,1,1,0,0,2,2,1,1,1,Primary (1–5),STANDARD,2,False,True
8665018,UTTAR PRADESH,BAREILLY,RAMNAGAR,1,Revati,4,3,6,8,5,243301,9,2,3,0,0,0,0,0,27,12,12,0,0,0,0,51,5,5,0,0,4,4,0,0,1,1,0,0,0,2,2,1,2,Upper Primary (6–8),STANDARD,0,False,True
8887350,UTTAR PRADESH,BAREILLY,NAWABGANJ,1,Badhaipura Nikat Koh,1,3,1,5,97,243407,2,2,3,2,5,5,2,0,0,0,0,0,0,0,0,14,3,3,0,0,5,5,0,0,2,2,0,1,0,2,1,1,1,Primary (1–5),STANDARD,0,False,True
5155500,UTTAR PRADESH,BAREILLY,BHADPURA,1,Thiriya Bannojan,1,3,1,5,97,262406,2,2,1,6,4,3,2,2,0,0,0,0,0,0,0,17,5,3,2,0,4,4,0,0,1,1,0,1,1,1,1,1,1,Primary (1–5),STANDARD,0,True,True
4034389,UTTAR PRADESH,BAREILLY,BHOJIPURA,1,Pipalsana Chaudhari (Ct),2,3,1,8,5,243202,1,2,3,37,44,30,25,9,18,22,14,0,0,0,0,199,8,0,7,1,10,10,0,0,1,1,1,1,0,1,1,1,1,Upper Primary (1–8),STANDARD,0,True,True
6110940,UTTAR PRADESH,BAREILLY,BAREILLY TOWN,2,,2,3,1,8,5,243502,1,2,3,33,37,25,12,15,23,26,6,0,0,0,0,177,8,0,8,0,10,10,0,0,4,4,1,0,0,2,1,1,1,Upper Primary (1–8),STANDARD,0,False,True
6147895,UTTAR PRADESH,BAREILLY,MAJHGAWAN,1,Noorpur,2,3,1,8,5,243302,2,2,3,13,10,35,19,29,20,25,23,0,0,0,0,174,8,8,0,0,10,10,0,0,1,1,0,0,0,2,1,1,2,Upper Primary (1–8),STANDARD,0,False,True
8652515,UTTAR PRADESH,BAREILLY,FATEHGANJ,2,,2,3,1,8,5,243501,2,2,3,0,2,0,4,4,4,15,16,0,0,0,0,45,4,1,0,3,6,6,0,0,4,7,0,0,0,2,1,2,1,Upper Primary (1–8),STANDARD,0,False,False
2811929,UTTAR PRADESH,BAREILLY,BAREILLY TOWN,2,,2,3,1,8,5,243001,1,2,3,63,35,29,25,18,18,30,22,0,0,0,0,240,9,9,0,0,8,8,0,0,2,2,1,1,0,1,1,1,1,Upper Primary (1–8),STANDARD,0,True,True
5754477,UTTAR PRADESH,BAREILLY,BAREILLY TOWN,2,,2,3,1,8,5,243001,1,2,3,39,51,40,38,39,36,37,24,0,0,0,0,304,9,6,3,0,8,8,0,0,2,2,5,1,0,1,1,2,1,Upper Primary (1–8),STANDARD,0,True,False
8118499,UTTAR PRADESH,BAREILLY,BHUTA,1,Khajuria Shampat,5,3,6,12,5,243503,9,2,3,0,0,0,0,0,1,0,0,4,17,20,53,95,11,0,11,0,24,24,0,0,3,2,1,1,0,1,2,1,1,Higher Secondary (6–12),STANDARD,0,True,True
7518338,UTTAR PRADESH,BAREILLY,BAREILLY TOWN,2,,10,3,9,12,5,243001,9,2,3,0,0,0,0,0,0,0,0,16,27,22,24,89,7,7,0,0,9,7,1,1,3,3,1,1,0,1,1,2,1,Higher Secondary (9–12),STANDARD,2,True,False
1352459,UTTAR PRADESH,BAREILLY,AONLA,2,,1,3,1,5,5,243301,2,2,3,9,15,9,6,6,0,0,0,0,0,0,0,45,3,3,0,0,5,5,0,0,1,1,0,1,0,2,1,2,2,Primary (1–5),STANDARD,0,False,False
3597547,UTTAR PRADESH,BAREILLY,BAREILLY TOWN,2,,1,3,1,5,5,243001,2,2,3,0,1,0,1,4,0,0,0,0,0,0,0,6,1,1,0,0,1,1,0,0,1,1,0,0,0,2,2,2,2,Primary (1–5),STANDARD,0,False,False
8789852,UTTAR PRADESH,BAREILLY,BAREILLY TOWN,2,,1,3,1,5,5,243003,2,2,3,0,6,4,0,0,0,0,0,0,0,0,0,10,2,2,0,0,5,5,0,0,2,2,0,1,0,1,1,1,1,Primary (1–5),STANDARD,0,True,True
9424022,UTTAR PRADESH,BAREILLY,SHERGARH,2,,2,3,1,8,5,243505,2,2,3,6,7,23,24,40,60,64,32,0,0,0,0,256,5,5,0,0,18,18,0,0,3,3,0,2,0,1,1,1,1,Upper Primary (1–8),STANDARD,0,True,True
8411583,UTTAR PRADESH,BAREILLY,BAREILLY TOWN,2,,2,3,1,8,5,243006,2,2,3,93,41,33,29,38,33,33,19,0,0,0,0,319,6,6,0,0,8,8,0,0,3,3,2,1,0,1,1,1,1,Upper Primary (1–8),STANDARD,0,True,True
6251848,UTTAR PRADESH,BAREILLY,MAJHGAWAN,1,Katroibuzurg,8,3,9,10,5,243303,9,2,3,0,0,0,0,0,0,0,0,98,23,0,0,121,5,4,1,0,8,8,0,0,1,1,1,0,0,2,2,2,2,Secondary (9–10),STANDARD,0,False,False
8483041,UTTAR PRADESH,BAREILLY,FARIDPUR,1,Shahpoor,1,3,1,5,5,243001,2,2,3,9,19,4,10,7,0,0,0,0,0,0,0,49,3,3,0,0,8,8,0,0,2,2,0,0,0,2,3,1,1,Primary (1–5),STANDARD,0,False,True
3265719,UTTAR PRADESH,BAREILLY,NAWABGANJ,1,Inayatpur,5,3,6,12,5,262406,9,2,3,0,0,0,0,0,13,13,19,64,78,63,87,337,12,2,0,10,20,20,0,0,6,6,10,1,0,1,1,1,1,Higher Secondary (6–12),STANDARD,0,True,True
1554705,UTTAR PRADESH,BAREILLY,SHERGARH,1,Tanda,6,3,1,10,97,243505,2,2,3,9,11,15,18,9,9,7,6,5,10,0,0,99,8,3,2,3,10,10,0,0,1,2,0,1,0,1,2,2,1,Secondary (1–10),STANDARD,0,True,False
2364886,UTTAR PRADESH,BAREILLY,BHADPURA,1,Mundia Jagroop,4,3,6,8,5,262406,9,2,1,0,0,0,0,0,16,78,57,0,0,0,0,151,3,3,0,0,4,4,0,0,1,1,2,0,1,1,1,1,1,Upper Primary (6–8),STANDARD,0,True,True
1534711,UTTAR PRADESH,BAREILLY,BAREILLY TOWN,2,,1,3,1,5,5,243001,2,2,3,5,8,11,10,5,0,0,0,0,0,0,0,39,3,3,0,0,5,5,0,0,1,1,0,0,0,1,1,2,1,Primary (1–5),STANDARD,0,True,False
9880244,UTTAR PRADESH,BAREILLY,VITHARI CHAINPUR,1,Mohanpur,2,3,1,8,5,243122,2,2,3,10,23,16,16,9,13,15,12,0,0,0,0,114,7,6,0,1,8,8,0,0,2,2,20,0,0,1,1,2,1,Upper Primary (1–8),STANDARD,0,True,False
1672569,UTTAR PRADESH,BAREILLY,BAREILLY TOWN,2,,2,3,1,8,5,243122,2,2,3,5,5,10,4,13,4,3,3,0,0,0,0,47,5,5,0,0,8,8,0,0,2,1,1,0,0,2,1,1,1,Upper Primary (1–8),STANDARD,0,False,True
9940231,UTTAR PRADESH,BAREILLY,BHOJIPURA,1,Bhoji Pura,8,3,9,10,5,243001,9,2,3,0,0,0,0,0,0,0,0,2,3,0,0,5,9,0,9,0,9,9,0,0,1,1,0,1,0,1,1,1,1,Secondary (9–10),STANDARD,0,True,True
6511644,UTTAR PRADESH,BAREILLY,SHERGARH,2,,1,3,1,5,97,243505,2,2,3,12,9,17,16,7,0,0,0,0,0,0,0,61,7,7,0,0,5,5,0,0,1,1,0,1,0,1,1,1,2,Primary (1–5),STANDARD,0,True,True
7632565,UTTAR PRADESH,BAREILLY,BAREILLY TOWN,2,,2,3,1,8,5,243006,2,2,3,5,21,25,22,28,20,32,23,0,0,0,0,176,7,7,0,0,10,10,0,0,3,3,0,3,0,1,1,1,1,Upper Primary (1–8),STANDARD,0,True,True
4425666,UTTAR PRADESH,BAREILLY,FARIDPUR TOWN,2,,6,3,1,10,97,243503,2,2,3,10,25,26,21,21,28,15,15,2,2,0,0,165,4,1,3,0,10,10,0,0,3,3,2,0,0,1,1,1,1,Secondary (1–10),STANDARD,0,True,True
7054777,UTTAR PRADESH,BAREILLY,BAREILLY TOWN,2,,2,3,1,8,5,243122,1,2,3,20,19,9,10,3,7,4,9,0,0,0,0,81,9,6,0,3,18,18,0,0,3,3,5,1,0,1,1,1,1,Upper Primary (1–8),STANDARD,0,True,True
2254750,UTTAR PRADESH,BAREILLY,MAJHGAWAN,2,,2,3,1,8,5,243302,2,2,3,11,20,6,10,12,6,6,2,0,0,0,0,73,7,7,0,0,8,8,0,0,1,1,0,0,0,2,1,1,1,Upper Primary (1–8),STANDARD,0,False,True
5071130,UTTAR PRADESH,BAREILLY,RICHHA(DAMKHODA),1,Sidhaura,1,3,1,5,5,243201,2,2,3,10,1,0,0,0,0,0,0,0,0,0,0,11,2,1,1,0,5,5,0,0,1,1,1,1,0,2,1,2,1,Primary (1–5),STANDARD,0,False,False
4260666,UTTAR PRADESH,BAREILLY,BHADPURA,1,Keyolariya,4,3,6,8,5,262406,9,2,3,0,0,0,0,0,9,7,21,0,0,0,0,37,3,3,0,0,6,3,2,1,1,1,0,0,0,1,1,1,1,Upper Primary (6–8),STANDARD,3,True,True
7672822,UTTAR PRADESH,BAREILLY,BHUTA,1,Mehtarpur Tej Singh,1,3,1,5,97,243503,2,2,3,16,11,5,21,16,0,0,0,0,0,0,0,69,6,6,0,0,5,5,0,0,1,1,0,1,1,1,1,2,1,Primary (1–5),STANDARD,0,True,False
5165351,UTTAR PRADESH,BAREILLY,MAJHGAWAN,2,,1,3,1,5,5,243302,2,2,3,5,5,6,6,4,0,0,0,0,0,0,0,26,6,6,0,0,4,4,0,0,1,1,0,1,1,2,1,2,2,Primary (1–5),STANDARD,0,False,False
9582943,UTTAR PRADESH,BAREILLY,ALAMPUR,1,Panwaria,1,3,1,5,5,243301,2,2,3,12,10,19,24,25,0,0,0,0,0,0,0,90,7,5,2,0,10,10,0,0,2,2,4,0,0,1,1,1,1,Primary (1–5),STANDARD,0,True,True
9195880,UTTAR PRADESH,BAREILLY,AONLA,2,,2,3,1,8,5,243301,2,2,3,7,11,6,8,10,13,5,1,0,0,0,0,61,6,6,0,0,10,10,0,0,2,2,0,0,0,1,1,1,1,Upper Primary (1–8),STANDARD,0,True,True
4017984,UTTAR PRADESH,BAREILLY,KYARA,1,Kargaina,4,3,6,8,5,243001,9,2,3,0,0,0,0,0,11,5,11,0,0,0,0,27,3,0,3,0,3,3,0,0,1,1,0,0,0,1,1,1,1,Upper Primary (6–8),STANDARD,0,True,True
8776441,UTTAR PRADESH,BAREILLY,BHOJIPURA,1,Dohna Pitam Rai,3,3,1,12,5,243202,1,2,3,43,56,60,62,59,89,99,97,97,112,85,91,950,38,19,19,0,26,26,0,0,20,20,43,1,0,1,1,1,1,Higher Secondary (1–12),STANDARD,0,True,True
3470171,UTTAR PRADESH,BAREILLY,BAREILLY TOWN,2,,2,3,1,8,5,243001,2,2,3,33,18,9,19,18,22,14,12,0,0,0,0,145,4,4,0,0,8,8,0,0,2,2,1,0,0,1,1,1,2,Upper Primary (1–8),STANDARD,0,True,True
3442619,UTTAR PRADESH,BAREILLY,NAWABGANJ,1,Bhola Manpur,1,3,1,5,5,243407,2,2,3,14,6,8,5,4,0,0,0,0,0,0,0,37,3,3,0,0,4,2,0,2,1,1,0,0,0,2,2,1,1,Primary (1–5),STANDARD,2,False,True
5536599,UTTAR PRADESH,BAREILLY,AONLA,2,,2,3,1,8,5,243301,2,2,3,16,11,16,17,19,61,46,32,0,0,0,0,218,8,5,3,0,10,10,0,0,2,2,0,0,0,1,1,1,2,Upper Primary (1–8),STANDARD,0,True,True
6495124,UTTAR PRADESH,BAREILLY,RICHHA(DAMKHODA),1,Jokhanpur,1,3,1,5,97,243201,2,2,3,16,27,31,30,14,0,0,0,0,0,0,0,118,5,1,4,0,8,5,3,0,1,2,0,0,0,1,1,1,2,Primary (1–5),STANDARD,3,True,True
7170101,UTTAR PRADESH,BAREILLY,ALAMPUR,1,Sendhi,2,3,1,8,5,243301,2,2,1,8,19,20,12,28,17,16,13,0,0,0,0,133,5,5,0,0,2,2,0,0,1,1,0,0,0,2,1,2,1,Upper Primary (1–8),STANDARD,0,False,False
8270301,UTTAR PRADESH,BAREILLY,BAREILLY TOWN,2,,1,3,1,5,5,243005,2,2,3,13,11,14,24,20,0,0,0,0,0,0,0,82,6,5,1,0,8,8,0,0,2,2,2,0,0,2,1,1,1,Primary (1–5),STANDARD,0,False,True
5264376,UTTAR PRADESH,BAREILLY,KYARA,1,Kareli (Ct),1,3,1,5,97,243006,1,2,3,15,23,16,13,12,0,0,0,0,0,0,0,79,11,10,1,0,7,7,0,0,1,1,0,0,0,2,1,2,2,Primary (1–5),STANDARD,0,False,False
4189037,UTTAR PRADESH,BAREILLY,KYARA,1,Kargaina,2,3,1,8,4,243001,2,2,3,17,19,21,37,35,38,55,56,0,0,0,0,278,5,3,0,2,8,8,0,0,2,2,0,0,0,2,1,2,1,Upper Primary (1–8),STANDARD,0,False,False
5667299,UTTAR PRADESH,BAREILLY,ALAMPUR,1,Rampur Buzurg,4,3,6,8,4,243401,9,2,3,0,0,0,0,0,139,129,125,0,0,0,0,393,4,4,0,0,6,6,0,0,4,4,1,1,1,1,1,1,1,Upper Primary (6–8),STANDARD,0,True,True
7272852,UTTAR PRADESH,BAREILLY,BHOJIPURA,1,Karampur Chaudhary,2,3,1,8,5,243202,1,2,3,24,26,22,24,16,34,23,9,0,0,0,0,178,8,8,0,0,12,12,0,0,2,1,4,1,0,1,2,2,1,Upper Primary (1–8),STANDARD,0,True,False
9050845,UTTAR PRADESH,BAREILLY,ALAMPUR,1,Bhajuia,1,3,1,5,1,243301,2,2,3,7,12,12,16,17,0,0,0,0,0,0,0,64,4,2,2,0,5,0,0,5,1,1,0,0,2,2,1,1,1,Primary (1–5),STANDARD,5,False,True
2949447,UTTAR PRADESH,BAREILLY,RICHHA(DAMKHODA),1,Mundia Nabibaksha,1,3,1,5,5,243201,2,2,3,12,31,13,11,14,0,0,0,0,0,0,0,81,5,3,2,0,5,5,0,0,1,1,0,0,0,2,2,2,2,Primary (1–5),STANDARD,0,False,False
2859612,UTTAR PRADESH,BAREILLY,MAJHGAWAN,1,Rampura Khurd,4,3,6,8,5,243003,9,2,3,0,0,0,0,0,108,39,35,0,0,0,0,182,3,3,0,0,4,4,0,0,2,2,0,0,0,2,2,1,1,Upper Primary (6–8),STANDARD,0,False,True
9077019,UTTAR PRADESH,BAREILLY,BAREILLY TOWN,2,,2,3,1,8,1,243001,2,2,3,21,17,28,35,34,35,29,25,0,0,0,0,224,9,7,2,0,6,1,4,1,1,1,0,0,2,1,1,1,1,Upper Primary (1–8),STANDARD,5,True,True
9938676,UTTAR PRADESH,BAREILLY,ALAMPUR,1,Sendhi,1,3,1,5,1,243403,2,2,3,13,8,6,12,13,0,0,0,0,0,0,0,52,2,1,1,0,3,0,3,0,1,1,0,0,2,2,1,1,1,Primary (1–5),STANDARD,3,False,True
1394252,UTTAR PRADESH,BAREILLY,FARIDPUR,1,Dagroli,1,3,1,5,1,243506,2,2,3,4,0,5,4,15,0,0,0,0,0,0,0,28,2,1,1,0,1,0,1,0,1,1,0,0,2,2,1,1,2,Primary (1–5),STANDARD,1,False,True
4025703,UTTAR PRADESH,BAREILLY,NAWABGANJ,1,Adhakata Nazrana,1,3,1,5,1,262406,2,2,3,14,8,11,24,18,0,0,0,0,0,0,0,75,5,5,0,0,7,6,1,0,1,1,0,1,2,2,1,1,1,Primary (1–5),STANDARD,1,False,True
8176524,UTTAR PRADESH,BAREILLY,BHUTA,1,Kakra Kala,2,3,1,8,1,243503,2,2,3,22,18,12,26,25,51,69,53,0,0,0,0,276,10,8,2,0,8,4,0,4,2,4,0,0,2,2,1,1,1,Upper Primary (1–8),STANDARD,4,False,True
7182357,UTTAR PRADESH,BAREILLY,BHADPURA,1,Madhu Nagla,1,3,1,5,1,262406,2,2,3,5,0,1,2,3,0,0,0,0,0,0,0,11,2,1,1,0,3,2,0,1,1,1,0,0,2,2,1,1,1,Primary (1–5),STANDARD,1,False,True
8919824,UTTAR PRADESH,BAREILLY,MIRGANJ,1,Sujatpur,1,3,1,5,1,243504,2,2,3,48,22,32,49,41,0,0,0,0,0,0,0,192,7,5,2,0,8,5,3,0,2,2,0,0,2,2,1,1,1,Primary (1–5),STANDARD,3,False,True
2215425,UTTAR PRADESH,BAREILLY,BAHERI,1,Waris Patti,1,3,1,5,1,243201,2,2,3,9,11,5,8,13,0,0,0,0,0,0,0,46,3,2,1,0,6,0,2,4,1,1,0,1,2,2,1,1,2,Primary (1–5),STANDARD,6,False,True
4968725,UTTAR PRADESH,BAREILLY,ALAMPUR,1,Dapta Shyampur,1,3,1,5,1,243402,2,2,3,11,17,12,17,18,0,0,0,0,0,0,0,75,4,2,2,0,6,6,0,0,1,1,0,0,2,2,1,1,1,Primary (1–5),STANDARD,0,False,True
9323351,UTTAR PRADESH,BAREILLY,FATEHGANJ,1,Lohar Nagla,1,3,1,5,1,243501,2,2,3,17,19,15,29,28,0,0,0,0,0,0,0,108,5,3,2,0,5,3,0,2,3,3,0,1,2,2,1,1,1,Primary (1–5),STANDARD,2,False,True
7277471,UTTAR PRADESH,BAREILLY,VITHARI CHAINPUR,1,Kumrah,1,3,1,5,1,243122,2,2,3,7,5,3,5,10,0,0,0,0,0,0,0,30,3,2,1,0,3,1,2,0,1,1,0,0,2,2,1,1,1,Primary (1–5),STANDARD,2,False,True
2977512,UTTAR PRADESH,BAREILLY,KYARA,1,Manpur Chikitia,1,3,1,5,1,243001,2,2,3,36,40,49,49,60,0,0,0,0,0,0,0,234,7,6,1,0,6,3,3,0,2,2,0,0,2,2,1,1,1,Primary (1–5),STANDARD,3,False,True
3770153,UTTAR PRADESH,BAREILLY,RICHHA(DAMKHODA),1,Rohania,1,3,1,5,1,243201,2,2,3,10,3,5,10,10,0,0,0,0,0,0,0,38,2,1,1,0,5,4,0,1,1,1,0,0,2,2,1,1,1,Primary (1–5),STANDARD,1,False,True
8785653,UTTAR PRADESH,BAREILLY,MAJHGAWAN,1,Keona Suratpur,1,3,1,5,1,243302,2,2,3,11,4,5,10,9,0,0,0,0,0,0,0,39,3,2,1,0,2,2,0,0,1,1,0,0,2,1,1,1,1,Primary (1–5),STANDARD,0,True,True
9483172,UTTAR PRADESH,BAREILLY,FATEHGANJ,1,Ballia,1,3,1,5,1,243001,2,2,3,6,11,11,11,15,0,0,0,0,0,0,0,54,4,2,2,0,5,5,0,0,1,1,0,0,2,2,1,1,1,Primary (1–5),STANDARD,0,False,True
4346728,UTTAR PRADESH,BAREILLY,ALAMPUR,1,Chkarpur,1,3,1,5,1,243401,2,2,3,38,30,35,37,42,0,0,0,0,0,0,0,182,6,5,1,0,4,0,4,0,1,1,0,0,0,1,1,1,2,Primary (1–5),STANDARD,4,True,True
6014806,UTTAR PRADESH,BAREILLY,VITHARI CHAINPUR,1,Mohanpur Urf Ram Nager,1,3,1,5,1,243001,2,2,3,19,22,16,23,19,0,0,0,0,0,0,0,99,7,5,2,0,5,5,0,0,2,1,0,0,2,2,1,1,1,Primary (1–5),STANDARD,0,False,True
5640524,UTTAR PRADESH,BAREILLY,MIRGANJ,1,Paraura,1,3,1,5,1,243504,2,2,3,19,13,8,20,31,0,0,0,0,0,0,0,91,3,3,0,0,3,3,0,0,1,1,0,0,2,2,1,1,2,Primary (1–5),STANDARD,0,False,True
7350670,UTTAR PRADESH,BAREILLY,BHADPURA,1,Thiriya Bannojan,1,3,1,5,1,262406,2,2,3,21,21,17,21,41,0,0,0,0,0,0,0,121,5,3,2,0,6,3,2,1,1,1,0,0,2,1,1,1,1,Primary (1–5),STANDARD,3,True,True
7863146,UTTAR PRADESH,BAREILLY,SHERGARH,1,Niamatpur,1,3,1,5,1,243001,2,2,3,6,5,7,8,9,0,0,0,0,0,0,0,35,3,2,1,0,5,3,1,1,1,1,0,0,2,1,1,1,1,Primary (1–5),STANDARD,2,True,True
4650794,UTTAR PRADESH,BAREILLY,SHERGARH,1,Pakhurni,1,3,1,5,1,243203,2,2,3,29,23,20,42,42,0,0,0,0,0,0,0,156,8,4,4,0,7,7,0,0,3,3,0,1,2,1,1,1,1,Primary (1–5),STANDARD,0,True,True
4831007,UTTAR PRADESH,BAREILLY,BAREILLY TOWN,2,,1,3,1,5,1,243122,2,2,3,6,6,9,12,23,0,0,0,0,0,0,0,56,0,0,0,0,1,0,0,1,1,1,0,0,2,1,1,1,1,Primary (1–5),STANDARD,1,True,True
2777224,UTTAR PRADESH,BAREILLY,BHOJIPURA,1,Karampur Thakuran,1,3,1,5,1,243502,2,2,3,14,9,3,8,4,0,0,0,0,0,0,0,38,3,1,2,0,5,2,1,2,1,1,0,0,2,1,1,1,1,Primary (1–5),STANDARD,3,True,True
2903021,UTTAR PRADESH,BAREILLY,BAHERI,1,Ratangarh,8,3,9,10,1,243201,9,2,3,0,0,0,0,0,0,0,0,25,33,0,0,58,5,5,0,0,4,4,0,0,2,2,2,0,1,1,1,1,1,Secondary (9–10),STANDARD,0,True,True
2989510,UTTAR PRADESH,BAREILLY,RAMNAGAR,1,Kasumra,2,3,1,8,1,243301,2,2,3,19,21,35,69,38,41,49,38,0,0,0,0,310,9,5,4,0,14,8,3,3,2,2,11,0,2,2,1,1,1,Upper Primary (1–8),STANDARD,6,False,True
2742018,UTTAR PRADESH,BAREILLY,FATEHGANJ,1,Pachtaur,2,3,1,8,1,243505,2,2,3,15,5,7,16,10,11,14,15,0,0,0,0,93,7,5,2,0,8,7,0,1,1,1,0,2,2,1,1,1,1,Upper Primary (1–8),STANDARD,1,True,True
8896159,UTTAR PRADESH,BAREILLY,ALAMPUR,1,Majnupur,4,3,6,8,1,243301,9,2,3,0,0,0,0,0,36,44,63,0,0,0,0,143,5,3,2,0,5,5,0,0,1,1,0,0,0,1,1,1,2,Upper Primary (6–8),STANDARD,0,True,True
4153752,UTTAR PRADESH,BAREILLY,RAMNAGAR,1,Hardaspur,4,3,6,8,1,243301,9,2,3,0,0,0,0,0,55,62,30,0,0,0,0,147,3,1,1,1,6,3,3,0,1,1,0,0,1,1,1,1,1,Upper Primary (6–8),STANDARD,3,True,True
4734694,UTTAR PRADESH,BAREILLY,KYARA,1,Nabi Nagar,4,3,6,8,1,243001,9,2,3,0,0,0,0,0,61,73,71,0,0,0,0,205,8,6,2,0,4,0,4,0,1,1,0,0,2,2,1,1,1,Upper Primary (6–8),STANDARD,4,False,True
2111095,UTTAR PRADESH,BAREILLY,MIRGANJ,1,Dhantia,2,3,1,8,1,243504,2,2,3,11,9,8,22,14,22,17,14,0,0,0,0,117,7,6,1,0,8,0,8,0,1,2,0,0,2,1,1,1,1,Upper Primary (1–8),STANDARD,8,True,True
5387257,UTTAR PRADESH,BAREILLY,NAWABGANJ,1,Pitttamberpur,2,3,1,8,1,243407,2,2,3,3,4,2,2,5,15,6,10,0,0,0,0,47,3,3,0,0,8,6,0,2,2,2,0,0,2,1,1,1,2,Upper Primary (1–8),STANDARD,2,True,True
3561791,UTTAR PRADESH,BAREILLY,RICHHA(DAMKHODA),1,Gularia Ata Hussian,8,3,9,10,1,243201,9,2,3,0,0,0,0,0,0,0,0,20,14,0,0,34,2,2,0,0,6,4,2,0,2,2,3,3,0,1,1,1,2,Secondary (9–10),STANDARD,2,True,True
3976599,UTTAR PRADESH,BAREILLY,FARIDPUR,1,Pachauni,2,3,1,8,1,243503,2,2,3,70,56,49,94,123,113,138,115,0,0,0,0,758,14,10,4,0,14,7,4,3,2,5,1,0,2,1,1,1,1,Upper Primary (1–8),STANDARD,7,True,True
5143832,UTTAR PRADESH,BAREILLY,RAMNAGAR,1,Meerpurchiti Urf Fundan Nagar,2,3,1,8,1,243301,2,2,3,33,27,25,30,37,31,42,47,0,0,0,0,272,8,6,2,0,11,11,0,0,2,2,0,0,2,1,1,1,2,Upper Primary (1–8),STANDARD,0,True,True
9680092,UTTAR PRADESH,BAREILLY,NAWABGANJ,1,Lava Khera Talib Husain,2,3,1,8,1,262406,2,2,3,5,9,13,10,16,40,39,39,0,0,0,0,171,13,9,1,3,13,4,5,4,2,2,0,0,2,1,1,1,1,Upper Primary (1–8),STANDARD,9,True,True
4028008,UTTAR PRADESH,BAREILLY,RAMNAGAR,1,Dhilwari,4,3,6,8,1,243301,9,2,3,0,0,0,0,0,53,53,32,0,0,0,0,138,5,2,3,0,4,3,1,0,1,1,1,0,0,2,1,1,1,Upper Primary (6–8),STANDARD,1,False,True
5190763,UTTAR PRADESH,BAREILLY,FARIDPUR,1,Bilehra,2,3,1,8,1,243001,2,2,3,18,16,23,28,25,25,46,35,0,0,0,0,216,10,8,2,0,6,3,2,1,2,1,0,0,2,1,1,1,1,Upper Primary (1–8),STANDARD,3,True,True
1461360,UTTAR PRADESH,BAREILLY,BAREILLY TOWN,2,,3,3,1,12,5,243005,1,2,3,233,210,229,235,239,232,251,239,277,226,208,193,2772,144,144,0,0,89,89,0,0,23,23,82,4,0,1,1,1,1,Higher Secondary (1–12),STANDARD,0,True,True
7464285,UTTAR PRADESH,BAREILLY,MAJHGAWAN,1,Gularia Uprala,1,3,1,5,5,243303,1,2,3,20,0,0,0,0,0,0,0,0,0,0,0,20,5,5,0,0,5,5,0,0,6,6,0,0,0,1,1,1,1,Primary (1–5),STANDARD,0,True,True
8008336,UTTAR PRADESH,BAREILLY,BAREILLY TOWN,2,,2,3,1,8,5,243505,1,2,3,69,72,67,50,47,34,31,30,0,0,0,0,400,14,14,0,0,10,10,0,0,3,3,0,0,0,1,1,2,1,Upper Primary (1–8),STANDARD,0,True,False
5513570,UTTAR PRADESH,BAREILLY,NAWABGANJ,1,Labhera Urf Bulland Nagar,1,3,1,5,5,243407,2,2,3,25,14,11,11,19,0,0,0,0,0,0,0,80,3,1,0,2,5,5,0,0,2,2,0,0,0,1,1,1,1,Primary (1–5),STANDARD,0,True,True
8806290,UTTAR PRADESH,BAREILLY,BAREILLY TOWN,2,,2,3,1,8,5,243001,2,2,3,4,12,8,11,9,0,0,0,0,0,0,0,44,3,3,0,0,8,8,0,0,1,1,1,0,0,1,1,2,2,Upper Primary (1–8),STANDARD,0,True,False
1372791,UTTAR PRADESH,BAREILLY,BHUTA,1,Mehtarpur Karor,1,3,1,5,5,243123,2,2,3,25,14,16,12,9,0,0,0,0,0,0,0,76,5,5,0,0,7,7,0,0,3,3,1,1,0,1,1,1,1,Primary (1–5),STANDARD,0,True,True
3927022,UTTAR PRADESH,BAREILLY,RAMNAGAR,1,Anjani Mustkil,1,3,1,5,5,243303,2,2,1,18,16,21,50,33,0,0,0,0,0,0,0,138,6,6,0,0,6,6,0,0,1,1,1,1,0,2,1,1,1,Primary (1–5),STANDARD,0,False,True
5525035,UTTAR PRADESH,BAREILLY,RICHHA(DAMKHODA),2,,2,3,1,8,5,243203,2,2,3,67,44,39,44,30,53,28,21,0,0,0,0,326,9,9,0,0,15,15,0,0,5,3,10,1,0,1,1,1,1,Upper Primary (1–8),STANDARD,0,True,True
5310173,UTTAR PRADESH,BAREILLY,BHOJIPURA,1,Bhairpur Khajuria,1,3,1,5,97,243202,2,2,3,30,17,10,13,9,0,0,0,0,0,0,0,79,7,7,0,0,5,5,0,0,1,1,0,0,1,1,1,2,1,Primary (1–5),STANDARD,0,True,False
5119202,UTTAR PRADESH,BAREILLY,BAREILLY TOWN,2,,2,3,1,8,5,243005,2,2,3,15,18,25,24,29,21,29,30,0,0,0,0,191,7,7,0,0,10,10,0,0,2,2,1,1,0,1,1,1,1,Upper Primary (1–8),STANDARD,0,True,True
3317790,UTTAR PRADESH,BAREILLY,BAREILLY TOWN,2,,8,3,9,10,5,243122,9,2,3,0,0,0,0,0,0,0,0,241,267,0,0,508,4,3,1,0,13,13,0,0,1,1,1,0,0,2,1,2,1,Secondary (9–10),STANDARD,0,False,False
1134976,UTTAR PRADESH,BAREILLY,BAREILLY TOWN,2,,1,3,1,5,5,243003,2,2,3,29,33,21,17,23,0,0,0,0,0,0,0,123,5,5,0,0,6,6,0,0,1,1,0,1,0,1,1,2,2,Primary (1–5),STANDARD,0,True,False
7009956,UTTAR PRADESH,BAREILLY,NAWABGANJ,2,,1,3,1,5,97,243201,1,2,3,27,30,55,52,44,0,0,0,0,0,0,0,208,7,7,0,0,8,8,0,0,2,2,0,1,0,1,1,2,2,Primary (1–5),STANDARD,0,True,False
7060208,UTTAR PRADESH,BAREILLY,BAHERI,1,Vaipur,1,3,1,5,5,243201,2,2,3,13,16,9,11,9,0,0,0,0,0,0,0,58,4,4,0,0,5,5,0,0,1,1,0,0,0,2,2,1,1,Primary (1–5),STANDARD,0,False,True
9925126,UTTAR PRADESH,BAREILLY,BAREILLY TOWN,2,,1,3,1,5,5,243005,2,2,3,0,1,0,0,0,0,0,0,0,0,0,0,1,1,0,1,0,1,1,0,0,1,1,0,0,0,2,2,2,2,Primary (1–5),STANDARD,0,False,False
4936406,UTTAR PRADESH,BAREILLY,SHERGARH,1,Itaua,2,3,1,8,5,243201,2,2,3,25,34,26,23,16,33,38,20,0,0,0,0,215,9,8,1,0,13,13,0,0,3,3,1,1,0,2,1,1,1,Upper Primary (1–8),STANDARD,0,False,True
4666578,UTTAR PRADESH,BAREILLY,MAJHGAWAN,1,Rahtuiya,2,3,1,8,5,243302,2,2,3,31,28,24,31,46,51,62,48,0,0,0,0,321,10,10,0,0,8,8,0,0,2,2,5,1,0,1,1,1,1,Upper Primary (1–8),STANDARD,0,True,True
9300965,UTTAR PRADESH,BAREILLY,MAJHGAWAN,2,,2,3,1,8,5,243302,2,2,3,29,27,24,69,83,112,129,123,0,0,0,0,596,13,8,0,5,8,8,0,0,3,3,0,0,0,2,1,1,2,Upper Primary (1–8),STANDARD,0,False,True
3015627,UTTAR PRADESH,BAREILLY,BAREILLY TOWN,2,,2,3,1,8,5,243005,1,2,3,0,0,0,0,0,4,6,1,0,0,0,0,11,1,1,0,0,8,8,0,0,2,1,3,0,0,1,1,1,1,Upper Primary (1–8),STANDARD,0,True,True
5013810,UTTAR PRADESH,BAREILLY,NAWABGANJ,1,Harhar Matkali,1,3,1,5,5,262406,1,2,3,43,34,25,25,36,0,0,0,0,0,0,0,163,10,1,9,0,8,8,0,0,3,3,1,1,0,1,1,2,1,Primary (1–5),STANDARD,0,True,False
1549684,UTTAR PRADESH,BAREILLY,ALAMPUR,1,Bhartana,1,3,1,5,5,243401,2,2,3,11,17,46,33,22,0,0,0,0,0,0,0,129,4,4,0,0,10,10,0,0,2,2,1,0,0,2,1,1,2,Primary (1–5),STANDARD,0,False,True
1109040,UTTAR PRADESH,BAREILLY,BHUTA,1,Padoli,2,3,1,8,5,243126,2,2,3,13,18,3,5,6,6,2,5,0,0,0,0,58,5,4,1,0,8,8,0,0,2,2,1,1,0,1,1,1,1,Upper Primary (1–8),STANDARD,0,True,True
2765977,UTTAR PRADESH,BAREILLY,VITHARI CHAINPUR,1,Benipur Sadat,2,3,1,8,5,243123,1,2,3,28,15,11,20,27,13,10,9,0,0,0,0,133,7,4,2,1,9,9,0,0,2,2,7,1,0,1,1,2,1,Upper Primary (1–8),STANDARD,0,True,False
9277801,UTTAR PRADESH,BAREILLY,KYARA,1,Kandharpur (Ct),2,3,1,8,5,243001,2,2,3,47,38,47,37,43,42,54,53,0,0,0,0,361,8,0,8,0,10,10,0,0,1,1,15,1,0,1,1,1,1,Upper Primary (1–8),STANDARD,0,True,True
7674077,UTTAR PRADESH,BAREILLY,BAREILLY TOWN,2,,3,3,1,12,5,243001,2,2,3,8,7,6,0,3,12,15,22,75,124,83,172,527,10,5,5,0,18,18,0,0,2,2,2,1,1,1,1,1,1,Higher Secondary (1–12),STANDARD,0,True,True
9597127,UTTAR PRADESH,BAREILLY,BAREILLY TOWN,2,,2,3,1,8,5,243001,2,2,3,30,18,26,41,31,19,19,13,0,0,0,0,197,2,2,0,0,11,11,0,0,4,4,5,0,0,1,1,1,1,Upper Primary (1–8),STANDARD,0,True,True
7479384,UTTAR PRADESH,BAREILLY,FARIDPUR,1,Naugawan,1,3,1,5,5,243503,2,2,3,15,14,21,16,12,0,0,0,0,0,0,0,78,3,3,0,0,5,5,0,0,2,2,0,0,0,1,1,1,1,Primary (1–5),STANDARD,0,True,True
1100812,UTTAR PRADESH,BAREILLY,KYARA,1,Jogither,2,3,1,8,5,243502,2,2,3,44,52,56,63,45,74,55,55,0,0,0,0,444,10,10,0,0,8,8,0,0,6,6,14,11,0,1,1,2,1,Upper Primary (1–8),STANDARD,0,True,False
5949600,UTTAR PRADESH,BAREILLY,FATEHGANJ,1,Sevajwalapur,2,3,1,8,5,243505,2,2,3,51,35,30,30,34,66,73,47,0,0,0,0,366,10,9,0,1,8,8,0,0,2,3,1,0,0,1,1,1,1,Upper Primary (1–8),STANDARD,0,True,True
2700963,UTTAR PRADESH,BAREILLY,RAMNAGAR,1,Mauchand Pur,6,3,1,10,5,243301,2,2,3,0,0,2,2,5,82,42,12,94,77,0,0,316,10,10,0,0,12,12,0,0,1,1,0,1,0,2,2,2,1,Secondary (1–10),STANDARD,0,False,False
4514264,UTTAR PRADESH,BAREILLY,FATEHGANJ,1,Dauli Jawahar Lal,1,3,1,5,5,243505,2,2,3,1,3,6,7,4,0,0,0,0,0,0,0,21,5,5,0,0,4,4,0,0,1,1,0,0,0,2,1,2,1,Primary (1–5),STANDARD,0,False,False
8171577,UTTAR PRADESH,BAREILLY,NAWABGANJ,1,Ladpur Usmanpur,1,3,1,5,97,243407,2,2,3,5,14,15,14,10,0,0,0,0,0,0,0,58,5,5,0,0,5,5,0,0,1,1,0,1,0,1,2,2,2,Primary (1–5),STANDARD,0,True,False
8512657,UTTAR PRADESH,BAREILLY,RICHHA(DAMKHODA),1,Sukatia,4,3,6,8,5,243201,9,2,3,0,0,0,0,0,24,16,23,0,0,0,0,63,5,0,5,0,6,6,0,0,2,2,1,0,0,1,1,2,1,Upper Primary (6–8),STANDARD,0,True,False
7350949,UTTAR PRADESH,BAREILLY,BAHERI,1,Adilpur,1,3,1,5,5,243201,1,2,3,18,7,7,7,8,0,0,0,0,0,0,0,47,7,7,0,0,5,5,0,0,1,2,0,0,0,2,1,1,1,Primary (1–5),STANDARD,0,False,True
2550214,UTTAR PRADESH,BAREILLY,FATEHGANJ,1,,1,3,1,5,5,243505,2,2,3,0,1,1,3,6,0,0,0,0,0,0,0,11,3,2,1,0,8,8,0,0,1,1,0,1,0,1,1,1,1,Primary (1–5),STANDARD,0,True,True
1266207,UTTAR PRADESH,BAREILLY,ALAMPUR,1,Naurangpur,1,3,1,5,1,243402,2,2,3,27,17,18,26,23,0,0,0,0,0,0,0,111,4,3,1,0,5,0,5,0,1,1,0,0,2,1,1,1,2,Primary (1–5),STANDARD,5,True,True
6698064,UTTAR PRADESH,BAREILLY,VITHARI CHAINPUR,1,Udaipur Jasrathpur,1,3,1,5,1,243123,2,2,3,15,16,9,17,7,0,0,0,0,0,0,0,64,2,2,0,0,3,1,2,0,1,1,0,0,2,2,1,1,1,Primary (1–5),STANDARD,2,False,True
8674398,UTTAR PRADESH,BAREILLY,BHADPURA,1,Rampura Tulsi Ram,1,3,1,5,1,262406,2,2,3,22,11,24,33,31,0,0,0,0,0,0,0,121,4,2,2,0,5,4,0,1,1,1,0,0,2,1,1,1,1,Primary (1–5),STANDARD,1,True,True
3257376,UTTAR PRADESH,BAREILLY,RICHHA(DAMKHODA),1,Thiria Banke Udra,1,3,1,5,1,243203,2,2,3,4,8,3,9,9,0,0,0,0,0,0,0,33,3,1,2,0,3,1,0,2,1,1,0,0,2,1,1,1,1,Primary (1–5),STANDARD,2,True,True
8431211,UTTAR PRADESH,BAREILLY,MAJHGAWAN,1,Shahbajpur,1,3,1,5,1,243301,2,2,3,1,4,8,3,2,0,0,0,0,0,0,0,18,3,1,2,0,3,3,0,0,1,1,0,0,2,1,1,1,1,Primary (1–5),STANDARD,0,True,True
2961828,UTTAR PRADESH,BAREILLY,BHADPURA,1,Asua,2,3,1,8,1,262406,2,2,3,7,4,7,16,17,54,34,32,0,0,0,0,171,6,5,1,0,7,7,0,0,2,2,0,0,2,1,1,1,1,Upper Primary (1–8),STANDARD,0,True,True
1659093,UTTAR PRADESH,BAREILLY,BHOJIPURA,1,Ghur Shamashpur,1,3,1,5,1,243202,2,2,3,3,8,5,9,4,0,0,0,0,0,0,0,29,3,1,2,0,4,2,1,1,1,1,0,0,2,2,1,1,1,Primary (1–5),STANDARD,2,False,True
8795101,UTTAR PRADESH,BAREILLY,RICHHA(DAMKHODA),1,Bakainia Swaleh,1,3,1,5,1,243203,2,2,3,21,23,28,27,20,0,0,0,0,0,0,0,119,4,4,0,0,6,5,0,1,1,2,0,1,2,2,1,1,1,Primary (1–5),STANDARD,1,False,True
5537916,UTTAR PRADESH,BAREILLY,RICHHA(DAMKHODA),1,Baikar Shahpur,1,3,1,5,1,243203,2,2,3,5,6,6,15,19,0,0,0,0,0,0,0,51,3,1,2,0,5,5,0,0,1,1,0,1,2,2,1,1,1,Primary (1–5),STANDARD,0,False,True
7402440,UTTAR PRADESH,BAREILLY,RICHHA(DAMKHODA),1,Simra,1,3,1,5,1,243201,2,2,3,3,6,5,2,8,0,0,0,0,0,0,0,24,2,1,1,0,3,3,0,0,1,1,0,1,2,2,1,1,1,Primary (1–5),STANDARD,0,False,True
5633377,UTTAR PRADESH,BAREILLY,BHOJIPURA,1,Pandri Halwa,1,3,1,5,1,243202,2,2,3,8,11,11,13,11,0,0,0,0,0,0,0,54,4,4,0,0,4,2,2,0,1,1,0,0,2,1,1,1,1,Primary (1–5),STANDARD,2,True,True
6228434,UTTAR PRADESH,BAREILLY,RAMNAGAR,1,Shahabaj Pur,1,3,1,5,1,243303,2,2,3,6,0,1,12,9,0,0,0,0,0,0,0,28,4,3,1,0,3,1,1,1,1,1,0,0,0,2,1,1,2,Primary (1–5),STANDARD,2,False,True
7707306,UTTAR PRADESH,BAREILLY,VITHARI CHAINPUR,1,Bhandaria,1,3,1,5,1,243122,2,2,3,20,21,24,31,22,0,0,0,0,0,0,0,118,5,4,1,0,6,3,1,2,1,1,0,0,2,2,1,1,1,Primary (1–5),STANDARD,3,False,True
4068476,UTTAR PRADESH,BAREILLY,NAWABGANJ,1,Ladpur Usmanpur,1,3,1,5,1,243407,2,2,3,9,6,6,12,17,0,0,0,0,0,0,0,50,4,3,1,0,4,0,3,1,2,2,0,1,2,2,1,1,1,Primary (1–5),STANDARD,4,False,True
6203024,UTTAR PRADESH,BAREILLY,VITHARI CHAINPUR,1,Chandpur Bichpuri,1,3,1,5,1,243001,2,2,3,20,35,30,46,38,0,0,0,0,0,0,0,169,8,6,2,0,7,0,7,0,2,2,0,0,2,2,1,1,1,Primary (1–5),STANDARD,7,False,True
5636985,UTTAR PRADESH,BAREILLY,BHADPURA,1,Baboora Baboori,1,3,1,5,1,262406,2,2,3,23,22,18,28,27,0,0,0,0,0,0,0,118,6,3,3,0,5,3,0,2,1,1,0,0,2,1,1,1,2,Primary (1–5),STANDARD,2,True,True
2036445,UTTAR PRADESH,BAREILLY,MIRGANJ,1,Nausna,4,3,6,8,1,243504,9,2,3,0,0,0,0,0,16,38,30,0,0,0,0,84,4,4,0,0,4,3,1,0,2,3,0,0,2,2,1,1,1,Upper Primary (6–8),STANDARD,1,False,True
9412937,UTTAR PRADESH,BAREILLY,BHUTA,1,Chandokha Tondi,1,3,1,5,1,243503,2,2,3,7,9,11,17,14,0,0,0,0,0,0,0,58,3,2,1,0,3,0,3,0,1,1,0,0,2,2,1,1,2,Primary (1–5),STANDARD,3,False,True
7651035,UTTAR PRADESH,BAREILLY,VITHARI CHAINPUR,1,Bhindaulia,4,3,6,8,1,243503,9,2,3,0,0,0,0,0,22,25,38,0,0,0,0,85,6,4,2,0,4,4,0,0,1,1,5,1,2,2,1,1,1,Upper Primary (6–8),STANDARD,0,False,True
5049725,UTTAR PRADESH,BAREILLY,RICHHA(DAMKHODA),1,Abhaypur Mahmoodpur,2,3,1,8,1,243203,2,2,3,28,23,16,29,24,38,45,39,0,0,0,0,242,10,7,0,3,11,7,2,2,2,3,1,0,2,1,1,1,1,Upper Primary (1–8),STANDARD,4,True,True
1830771,UTTAR PRADESH,BAREILLY,RICHHA(DAMKHODA),1,Mundia Nabibaksha,5,3,6,12,1,243203,9,2,3,0,0,0,0,0,5,5,13,54,40,42,29,188,6,6,0,0,14,0,14,0,3,6,1,0,0,1,1,1,2,Higher Secondary (6–12),STANDARD,14,True,True
9997609,UTTAR PRADESH,BAREILLY,FATEHGANJ,1,Kharseni,4,3,6,8,1,243506,9,2,3,0,0,0,0,0,45,37,32,0,0,0,0,114,6,4,2,0,4,0,0,4,1,3,0,0,2,1,1,1,1,Upper Primary (6–8),STANDARD,4,True,True
3418024,UTTAR PRADESH,BAREILLY,BHOJIPURA,1,Nawa Nagla,2,3,1,8,1,243202,2,2,3,14,15,17,25,24,50,28,21,0,0,0,0,194,8,7,1,0,8,8,0,0,2,2,0,0,2,2,1,1,2,Upper Primary (1–8),STANDARD,0,False,True
7123289,UTTAR PRADESH,BAREILLY,NAWABGANJ,1,Tah,2,3,1,8,1,262406,2,2,3,49,46,57,65,67,60,51,57,0,0,0,0,452,10,9,1,0,11,9,0,2,2,3,0,2,2,1,1,1,2,Upper Primary (1–8),STANDARD,2,True,True
9078893,UTTAR PRADESH,BAREILLY,ALAMPUR,1,Sardar Nagar,4,3,6,8,1,243402,9,2,3,0,0,0,0,0,118,104,111,0,0,0,0,333,10,8,0,2,7,5,2,0,2,2,0,0,2,2,1,1,2,Upper Primary (6–8),STANDARD,2,False,True
4120294,UTTAR PRADESH,BAREILLY,RICHHA(DAMKHODA),1,Thiriya Nathmal,2,3,1,8,1,243001,2,2,3,16,17,16,10,18,13,18,12,0,0,0,0,120,6,4,2,0,9,1,6,2,1,1,0,0,2,2,1,1,2,Upper Primary (1–8),STANDARD,8,False,True
3710229,UTTAR PRADESH,BAREILLY,FATEHGANJ,1,Sorha,2,3,1,8,1,243501,2,2,3,42,44,50,39,47,120,110,78,0,0,0,0,530,15,14,1,0,11,7,0,4,2,7,0,2,0,2,1,1,1,Upper Primary (1–8),STANDARD,4,False,True
9517479,UTTAR PRADESH,BAREILLY,ALAMPUR,1,Aonla(Grameen),4,2,6,8,1,243301,9,2,1,0,0,0,0,0,11,15,28,0,0,0,0,54,5,0,5,0,3,3,0,0,0,2,6,0,2,1,1,1,1,Upper Primary (6–8),STANDARD,0,True,True
1343270,UTTAR PRADESH,BAREILLY,ALAMPUR,1,Bheempur,1,3,1,5,1,243301,2,2,3,19,20,16,16,29,0,0,0,0,0,0,0,100,3,2,1,0,5,4,0,1,1,1,0,0,2,1,1,1,2,Primary (1–5),STANDARD,1,True,True
7730801,UTTAR PRADESH,BAREILLY,BHADPURA,1,Adhkata Rabbani Begam,1,3,1,5,1,262406,2,2,3,17,10,11,43,28,0,0,0,0,0,0,0,109,6,3,3,0,7,5,2,0,1,1,0,0,2,2,1,1,1,Primary (1–5),STANDARD,2,False,True
5581162,UTTAR PRADESH,BAREILLY,BAREILLY TOWN,2,,1,3,1,5,1,243001,2,2,3,1,2,3,1,0,0,0,0,0,0,0,0,7,0,0,0,0,2,1,1,0,1,1,0,0,1,2,1,1,2,Primary (1–5),STANDARD,1,False,True
4284450,UTTAR PRADESH,BAREILLY,NAWABGANJ,1,Milak Bamanpuri,1,3,1,5,1,243407,2,2,3,13,9,4,14,12,0,0,0,0,0,0,0,52,4,3,1,0,2,1,0,1,1,1,0,0,2,2,1,1,1,Primary (1–5),STANDARD,1,False,True
5079956,UTTAR PRADESH,BAREILLY,BAREILLY TOWN,2,,5,3,6,12,4,243001,9,2,3,0,0,0,0,0,4,4,10,8,8,5,2,41,3,0,3,0,7,7,0,0,1,1,0,0,0,2,1,1,2,Higher Secondary (6–12),STANDARD,0,False,True
4481473,UTTAR PRADESH,BAREILLY,BAREILLY TOWN,2,,4,3,6,8,5,243002,9,2,3,0,0,0,0,0,0,5,12,0,0,0,0,17,5,5,0,0,3,3,0,0,2,2,1,0,0,1,1,1,1,Upper Primary (6–8),STANDARD,0,True,True
6137824,UTTAR PRADESH,BAREILLY,BAREILLY TOWN,2,,2,3,1,8,5,243004,2,2,3,0,0,3,6,3,1,3,1,0,0,0,0,17,5,5,0,0,8,8,0,0,2,2,2,2,0,1,1,2,2,Upper Primary (1–8),STANDARD,0,True,False
9286438,UTTAR PRADESH,BAREILLY,BAREILLY TOWN,2,,2,3,1,8,5,243001,2,2,3,10,4,10,13,6,9,10,11,0,0,0,0,73,5,4,0,1,6,6,0,0,2,2,1,0,0,1,1,1,1,Upper Primary (1–8),STANDARD,0,True,True
1151547,UTTAR PRADESH,BAREILLY,BAHERI,1,Maksoodanpur,2,3,1,8,5,243201,1,2,3,27,26,35,34,28,33,59,41,0,0,0,0,283,12,12,0,0,8,8,0,0,3,4,5,1,0,1,1,1,1,Upper Primary (1–8),STANDARD,0,True,True
8731382,UTTAR PRADESH,BAREILLY,ALAMPUR,1,Tanda,1,3,1,5,1,243301,2,2,3,18,14,15,31,30,0,0,0,0,0,0,0,108,3,3,0,0,3,3,0,0,2,1,0,0,2,1,1,1,1,Primary (1–5),STANDARD,0,True,True
5083602,UTTAR PRADESH,BAREILLY,BAHERI,1,Chhitaunia,2,3,1,8,5,243201,1,2,3,92,54,65,86,77,64,43,36,0,0,0,0,517,18,18,0,0,22,22,0,0,4,8,1,0,1,1,1,1,1,Upper Primary (1–8),STANDARD,0,True,True
8218979,UTTAR PRADESH,BAREILLY,RICHHA(DAMKHODA),1,Katharra,1,3,1,5,5,243203,2,2,3,10,17,7,7,13,0,0,0,0,0,0,0,54,5,4,1,0,5,5,0,0,1,1,1,1,0,1,1,1,1,Primary (1–5),STANDARD,0,True,True
3047351,UTTAR PRADESH,BAREILLY,SHERGARH,1,,1,3,1,5,5,243505,2,2,1,0,2,4,2,0,0,0,0,0,0,0,0,8,4,4,0,0,5,5,0,0,1,1,0,0,0,1,1,2,2,Primary (1–5),STANDARD,0,True,False
6608959,UTTAR PRADESH,BAREILLY,BAREILLY TOWN,2,,1,3,1,5,5,243502,2,2,3,8,16,16,9,15,0,0,0,0,0,0,0,64,4,0,4,0,5,5,0,0,1,1,0,0,0,2,1,1,1,Primary (1–5),STANDARD,0,False,True
4167122,UTTAR PRADESH,BAREILLY,MIRGANJ,1,Bahadurpur,1,3,1,5,1,243504,2,2,3,32,22,24,16,31,0,0,0,0,0,0,0,125,6,3,3,0,9,4,4,1,2,2,0,0,2,1,1,1,2,Primary (1–5),STANDARD,5,True,True
2384990,UTTAR PRADESH,BAREILLY,BHOJIPURA,1,Ghanghoua Ghanghori,1,3,1,5,5,243202,2,2,3,24,26,18,30,14,0,0,0,0,0,0,0,112,5,4,1,0,5,5,0,0,1,1,0,1,0,1,1,1,1,Primary (1–5),STANDARD,0,True,True
5933374,UTTAR PRADESH,BAREILLY,BAHERI TOWN,2,,1,3,1,5,5,243201,1,2,3,13,41,48,31,18,0,0,0,0,0,0,0,151,5,5,0,0,5,5,0,0,2,2,1,0,0,2,1,2,1,Primary (1–5),STANDARD,0,False,False
8796528,UTTAR PRADESH,BAREILLY,LUCKNOW REGION,2,,3,3,1,12,92,243001,1,2,3,112,124,125,121,124,133,131,151,179,137,153,85,1575,52,52,0,0,43,43,0,0,8,8,80,40,12,1,1,1,1,Higher Secondary (1–12),STANDARD,0,True,True
6720399,UTTAR PRADESH,BAREILLY,BAHERI,1,Jasanpur,1,3,1,5,5,243201,2,2,3,9,9,4,10,22,0,0,0,0,0,0,0,54,4,4,0,0,7,7,0,0,1,1,0,0,0,2,2,1,1,Primary (1–5),STANDARD,0,False,True
8201999,UTTAR PRADESH,BAREILLY,RICHHA(DAMKHODA),2,,1,3,1,5,5,243202,2,2,3,12,2,8,6,6,0,0,0,0,0,0,0,34,4,4,0,0,8,8,0,0,3,3,0,1,0,2,2,1,1,Primary (1–5),STANDARD,0,False,True
8094816,UTTAR PRADESH,BAREILLY,BHADPURA,1,Matkapur,1,3,1,5,5,262406,2,2,3,3,5,5,7,12,0,0,0,0,0,0,0,32,5,5,0,0,5,5,0,0,1,1,0,1,0,2,2,1,1,Primary (1–5),STANDARD,0,False,True
8851286,UTTAR PRADESH,BAREILLY,BAREILLY TOWN,2,,1,3,1,5,5,243001,2,2,3,25,15,19,12,4,0,0,0,0,0,0,0,75,6,6,0,0,6,6,0,0,4,4,1,0,0,2,1,1,1,Primary (1–5),STANDARD,0,False,True
8631980,UTTAR PRADESH,BAREILLY,BAREILLY TOWN,2,,2,3,1,8,5,243122,2,2,3,11,20,23,35,25,19,14,13,0,0,0,0,160,12,5,7,0,8,8,0,0,9,9,17,0,0,1,1,1,1,Upper Primary (1–8),STANDARD,0,True,True
1921979,UTTAR PRADESH,BAREILLY,VITHARI CHAINPUR,2,,1,3,1,5,5,243001,2,2,3,7,15,10,8,21,0,0,0,0,0,0,0,61,5,5,0,0,5,5,0,0,1,1,0,0,0,2,1,2,2,Primary (1–5),STANDARD,0,False,False
4519727,UTTAR PRADESH,BAREILLY,BAHERI TOWN,2,,2,3,1,8,5,243201,2,2,3,32,34,50,37,30,22,22,12,0,0,0,0,239,6,6,0,0,8,8,0,0,2,3,1,1,0,2,1,1,1,Upper Primary (1–8),STANDARD,0,False,True
8657159,UTTAR PRADESH,BAREILLY,BAREILLY TOWN,2,,1,3,1,5,5,243001,2,2,3,26,17,15,20,13,0,0,0,0,0,0,0,91,3,3,0,0,5,5,0,0,2,2,0,0,0,1,1,1,1,Primary (1–5),STANDARD,0,True,True
5566678,UTTAR PRADESH,BAREILLY,BHADPURA,1,Khajuria Shri Ram,1,3,1,5,5,262406,2,2,3,16,4,8,5,7,0,0,0,0,0,0,0,40,2,2,0,0,5,0,3,2,1,1,0,0,0,1,1,1,1,Primary (1–5),STANDARD,5,True,True
6018888,UTTAR PRADESH,BAREILLY,BAREILLY TOWN,2,,1,3,1,5,5,243005,2,2,3,59,61,70,69,43,0,0,0,0,0,0,0,302,6,2,0,4,5,5,0,0,1,1,2,0,0,1,1,1,2,Primary (1–5),STANDARD,0,True,True
6200476,UTTAR PRADESH,BAREILLY,BHUTA,1,Paunagla,4,3,6,8,5,243503,9,2,3,0,0,0,0,0,57,59,39,0,0,0,0,155,3,3,0,0,16,14,2,0,1,1,0,0,0,2,2,2,2,Upper Primary (6–8),STANDARD,2,False,False
4054557,UTTAR PRADESH,BAREILLY,NAWABGANJ,1,Mujhena Santosh,2,3,1,8,5,262406,1,2,3,91,70,67,60,66,63,45,37,0,0,0,0,499,20,1,19,0,18,18,0,0,4,4,8,2,1,1,1,1,1,Upper Primary (1–8),STANDARD,0,True,True
6857985,UTTAR PRADESH,BAREILLY,MIRGANJ,1,Tilmas,1,3,1,5,5,243504,2,2,3,6,9,7,3,4,0,0,0,0,0,0,0,29,5,0,5,0,5,5,0,0,1,1,0,0,0,2,2,2,1,Primary (1–5),STANDARD,0,False,False
4053474,UTTAR PRADESH,BAREILLY,MIRGANJ,2,,2,3,1,8,5,243504,2,2,3,91,84,85,85,97,118,115,110,0,0,0,0,785,25,13,5,7,22,22,0,0,4,2,1,0,0,2,1,1,1,Upper Primary (1–8),STANDARD,0,False,True
5684393,UTTAR PRADESH,BAREILLY,FATEHGANJ,1,Lohar Nagla,1,3,1,5,5,243505,2,2,3,8,10,5,8,12,0,0,0,0,0,0,0,43,4,4,0,0,5,5,0,0,1,2,0,0,1,2,1,2,1,Primary (1–5),STANDARD,0,False,False
5285544,UTTAR PRADESH,BAREILLY,NAWABGANJ,2,,2,3,1,8,5,243001,2,2,1,4,5,3,6,2,4,3,2,0,0,0,0,29,4,1,2,1,15,15,0,0,1,1,0,1,0,1,1,1,1,Upper Primary (1–8),STANDARD,0,True,True
1070568,UTTAR PRADESH,BAREILLY,FARIDPUR,1,Tara Khas,2,3,1,8,5,243506,2,2,3,2,5,10,3,0,100,5,7,0,0,0,0,132,6,6,0,0,8,8,0,0,2,2,1,1,1,2,1,1,1,Upper Primary (1–8),STANDARD,0,False,True
7960813,UTTAR PRADESH,BAREILLY,ALAMPUR,1,Bhamora,8,3,9,10,5,243401,9,2,3,0,0,0,0,0,0,0,0,118,116,0,0,234,12,10,2,0,19,19,0,0,5,5,1,0,0,1,1,1,1,Secondary (9–10),STANDARD,0,True,True
5759731,UTTAR PRADESH,BAREILLY,BAREILLY TOWN,2,,4,3,6,8,5,243003,9,2,3,0,0,0,0,0,10,3,0,0,0,0,0,13,5,5,0,0,5,5,0,0,2,2,1,1,0,1,1,1,1,Upper Primary (6–8),STANDARD,0,True,True
5309055,UTTAR PRADESH,BAREILLY,BAREILLY TOWN,2,,1,3,1,5,5,243001,2,2,3,7,27,18,14,14,0,0,0,0,0,0,0,80,2,2,0,0,10,10,0,0,4,4,2,0,0,2,1,1,1,Primary (1–5),STANDARD,0,False,True
5232435,UTTAR PRADESH,BAREILLY,RICHHA(DAMKHODA),1,Mundia Nabibaksha,1,3,1,5,5,243201,2,2,3,16,18,11,14,9,0,0,0,0,0,0,0,68,7,2,5,0,4,4,0,0,1,1,0,0,0,2,2,2,2,Primary (1–5),STANDARD,0,False,False
5007613,UTTAR PRADESH,BAREILLY,BHOJIPURA,2,,3,3,1,12,5,243122,1,2,3,87,85,90,105,106,154,191,198,197,187,195,186,1781,88,88,0,0,59,59,0,0,29,20,100,1,0,1,1,1,1,Higher Secondary (1–12),STANDARD,0,True,True
6028154,UTTAR PRADESH,BAREILLY,BHOJIPURA,1,Ghanghoua Ghanghori,1,3,1,5,5,243202,2,2,3,15,14,32,17,21,0,0,0,0,0,0,0,99,6,1,5,0,6,6,0,0,2,2,0,0,0,1,2,1,1,Primary (1–5),STANDARD,0,True,True
5613888,UTTAR PRADESH,BAREILLY,VITHARI CHAINPUR,2,,1,3,1,5,5,243001,2,2,3,20,14,6,8,10,0,0,0,0,0,0,0,58,5,5,0,0,5,5,0,0,1,1,0,0,0,2,1,2,2,Primary (1–5),STANDARD,0,False,False
7174659,UTTAR PRADESH,BAREILLY,NAWABGANJ,2,,4,3,6,8,1,262406,9,2,3,0,0,0,0,0,21,26,26,0,0,0,0,73,3,3,0,0,3,0,2,1,1,1,0,0,2,2,1,1,1,Upper Primary (6–8),STANDARD,3,False,True
7500691,UTTAR PRADESH,BAREILLY,MIRGANJ,1,Nandgaon,4,3,6,8,1,243504,9,2,3,0,0,0,0,0,41,64,58,0,0,0,0,163,5,3,2,0,9,5,4,0,1,1,0,0,0,2,1,1,1,Upper Primary (6–8),STANDARD,4,False,True
8537441,UTTAR PRADESH,BAREILLY,BAREILLY TOWN,2,,4,3,6,8,5,243003,9,2,3,0,0,0,0,0,14,12,10,0,0,0,0,36,3,3,0,0,4,4,0,0,2,1,0,1,0,1,1,2,2,Upper Primary (6–8),STANDARD,0,True,False
8877403,UTTAR PRADESH,BAREILLY,FARIDPUR TOWN,2,,5,1,6,12,4,243503,9,2,3,0,0,0,0,0,83,94,95,227,225,64,81,869,15,13,2,0,17,10,3,4,3,0,10,0,0,1,1,1,1,Higher Secondary (6–12),STANDARD,7,True,True
1684233,UTTAR PRADESH,BAREILLY,VITHARI CHAINPUR,2,,4,3,6,8,4,243122,9,2,3,0,0,0,0,0,53,56,58,0,0,0,0,167,5,5,0,0,4,4,0,0,1,1,0,0,0,2,1,1,2,Upper Primary (6–8),STANDARD,0,False,True
5709841,UTTAR PRADESH,BAREILLY,BAREILLY TOWN,2,,1,3,1,5,5,243001,2,2,3,6,6,1,4,10,0,0,0,0,0,0,0,27,4,4,0,0,5,5,0,0,2,2,0,0,0,2,1,2,1,Primary (1–5),STANDARD,0,False,False
3735413,UTTAR PRADESH,BAREILLY,RICHHA(DAMKHODA),1,Jokhanpur,1,3,1,5,97,243201,2,2,3,16,19,31,12,15,0,0,0,0,0,0,0,93,5,5,0,0,8,8,0,0,1,1,0,0,0,2,1,1,2,Primary (1–5),STANDARD,0,False,True
8561963,UTTAR PRADESH,BAREILLY,MAJHGAWAN,1,Rutia,1,3,1,5,1,243301,2,2,3,20,17,16,11,37,0,0,0,0,0,0,0,101,3,3,0,0,5,3,0,2,1,1,0,0,2,1,1,1,1,Primary (1–5),STANDARD,2,True,True
5250407,UTTAR PRADESH,BAREILLY,BHOJIPURA,1,Pachdeora Deoria,1,3,1,5,97,243202,1,2,3,5,1,2,1,1,0,0,0,0,0,0,0,10,5,0,5,0,5,5,0,0,1,1,1,0,0,2,2,2,1,Primary (1–5),STANDARD,0,False,False
5265683,UTTAR PRADESH,BAREILLY,NAWABGANJ,1,Dandia Biram Nagla,4,3,6,8,5,243001,9,2,3,0,0,0,0,0,12,14,7,0,0,0,0,33,3,0,3,0,3,3,0,0,2,2,1,0,0,1,1,2,1,Upper Primary (6–8),STANDARD,0,True,False
9751394,UTTAR PRADESH,BAREILLY,KYARA,1,Paigapur,1,3,1,5,1,243001,2,2,3,5,7,8,11,15,0,0,0,0,0,0,0,46,4,1,3,0,3,1,1,1,1,1,0,0,2,2,1,1,2,Primary (1–5),STANDARD,2,False,True
5103491,UTTAR PRADESH,BAREILLY,BAHERI,1,Jamsavant Shumali,1,3,1,5,1,243201,2,2,3,6,8,7,16,12,0,0,0,0,0,0,0,49,4,2,2,0,5,3,0,2,1,1,0,1,2,2,1,1,2,Primary (1–5),STANDARD,2,False,True
4368557,UTTAR PRADESH,BAREILLY,MAJHGAWAN,1,Bheemlaur Rasulpur,1,3,1,5,1,243302,2,2,3,18,10,16,37,34,0,0,0,0,0,0,0,115,5,3,2,0,5,4,0,1,1,1,1,0,2,2,1,1,2,Primary (1–5),STANDARD,1,False,True
3058303,UTTAR PRADESH,BAREILLY,BHOJIPURA,1,Jadaunpur,1,3,1,5,1,243202,2,2,3,34,27,24,50,51,0,0,0,0,0,0,0,186,7,5,2,0,5,0,2,3,2,1,0,1,2,1,1,1,1,Primary (1–5),STANDARD,5,True,True
6470884,UTTAR PRADESH,BAREILLY,MAJHGAWAN,1,Rajpur Kalan,1,3,1,5,1,243302,2,2,3,11,9,8,20,17,0,0,0,0,0,0,0,65,5,2,3,0,3,1,2,0,1,1,0,0,2,1,1,1,2,Primary (1–5),STANDARD,2,True,True
9758593,UTTAR PRADESH,BAREILLY,MIRGANJ,1,Jauner,1,3,1,5,1,243504,2,2,3,18,15,24,19,33,0,0,0,0,0,0,0,109,5,3,0,2,5,5,0,0,1,1,0,0,0,2,1,1,1,Primary (1–5),STANDARD,0,False,True
6209428,UTTAR PRADESH,BAREILLY,VITHARI CHAINPUR,1,Bhindaulia,1,3,1,5,1,243123,2,2,3,33,30,54,73,72,0,0,0,0,0,0,0,262,10,9,1,0,5,2,0,3,1,1,0,1,0,2,1,1,2,Primary (1–5),STANDARD,3,False,True
3197334,UTTAR PRADESH,BAREILLY,NAWABGANJ,1,Akhriarpur Nawadia,1,3,1,5,1,262406,2,2,3,4,1,0,1,5,0,0,0,0,0,0,0,11,3,1,2,0,3,3,0,0,1,1,0,1,2,2,1,1,1,Primary (1–5),STANDARD,0,False,True
1408317,UTTAR PRADESH,BAREILLY,ALAMPUR,1,Pathree,1,3,1,5,1,243301,2,2,3,27,22,25,26,21,0,0,0,0,0,0,0,121,6,3,3,0,6,4,0,2,2,2,0,0,2,2,1,1,1,Primary (1–5),STANDARD,2,False,True
2300518,UTTAR PRADESH,BAREILLY,BAHERI,1,Gudwara,2,3,1,8,1,243201,2,2,3,19,21,19,29,25,30,33,28,0,0,0,0,204,8,6,2,0,10,10,0,0,2,3,0,0,2,2,1,1,1,Upper Primary (1–8),STANDARD,0,False,True
4916290,UTTAR PRADESH,BAREILLY,BHADPURA,1,Khajuria Shri Ram,2,3,1,8,1,262406,2,2,3,19,21,12,24,26,54,52,54,0,0,0,0,262,11,9,2,0,9,3,2,4,3,3,0,0,2,2,1,1,1,Upper Primary (1–8),STANDARD,6,False,True
5473110,UTTAR PRADESH,BAREILLY,BHOJIPURA,1,Pahladpur,2,3,1,8,1,243001,2,2,3,9,12,20,15,18,43,34,24,0,0,0,0,175,9,7,2,0,11,9,2,0,2,2,0,0,2,1,1,1,2,Upper Primary (1–8),STANDARD,2,True,True
3249371,UTTAR PRADESH,BAREILLY,BAREILLY TOWN,2,,1,3,1,5,1,243005,2,2,3,2,3,8,13,5,0,0,0,0,0,0,0,31,0,0,0,0,2,2,0,0,2,1,0,0,2,1,1,1,2,Primary (1–5),STANDARD,0,True,True
5802125,UTTAR PRADESH,BAREILLY,NAWABGANJ,1,Masit Wali Nagar,1,3,1,5,1,243407,2,2,3,18,5,4,12,14,0,0,0,0,0,0,0,53,4,2,2,0,3,0,0,3,1,1,0,0,2,2,1,1,2,Primary (1–5),STANDARD,3,False,True
4727405,UTTAR PRADESH,BAREILLY,BHADPURA,1,Keyolariya,4,3,6,8,1,262406,9,2,3,0,0,0,0,0,65,89,62,0,0,0,0,216,5,2,1,2,4,4,0,0,1,1,0,0,2,1,1,1,1,Upper Primary (6–8),STANDARD,0,True,True
4226024,UTTAR PRADESH,BAREILLY,BHUTA,1,Singhai Kala,1,3,1,5,1,243503,2,2,3,26,22,15,28,28,0,0,0,0,0,0,0,119,6,3,3,0,5,1,2,2,1,1,0,0,2,2,1,1,1,Primary (1–5),STANDARD,4,False,True
4031560,UTTAR PRADESH,BAREILLY,NAWABGANJ,1,Richhola Kifayatullah,1,3,1,5,1,243001,2,2,3,33,35,54,63,51,0,0,0,0,0,0,0,236,7,3,4,0,5,5,0,0,1,2,0,1,2,2,1,1,2,Primary (1–5),STANDARD,0,False,True
5702023,UTTAR PRADESH,BAREILLY,NAWABGANJ,1,Faridapur Ganga Urf Nawada,1,3,1,5,1,262406,2,2,3,11,13,12,10,10,0,0,0,0,0,0,0,56,5,3,2,0,3,0,0,3,1,1,0,0,2,1,1,1,2,Primary (1–5),STANDARD,3,True,True
5228084,UTTAR PRADESH,BAREILLY,RICHHA(DAMKHODA),1,Jokhanpur,4,3,6,8,1,243201,9,2,3,0,0,0,0,0,73,53,26,0,0,0,0,152,4,3,0,1,4,0,4,0,1,2,0,1,0,2,1,1,1,Upper Primary (6–8),STANDARD,4,False,True
5926281,UTTAR PRADESH,BAREILLY,NAWABGANJ,1,Harhar Matkali,4,3,6,8,1,243407,9,2,3,0,0,0,0,0,105,103,120,0,0,0,0,328,13,11,1,1,5,0,2,3,1,1,0,1,2,2,1,1,1,Upper Primary (6–8),STANDARD,5,False,True
9842781,UTTAR PRADESH,BAREILLY,VITHARI CHAINPUR,1,Kumrah,4,3,6,8,1,243122,9,2,3,0,0,0,0,0,40,47,41,0,0,0,0,128,5,3,2,0,3,3,0,0,1,2,0,1,2,2,1,1,1,Upper Primary (6–8),STANDARD,0,False,True
2903081,UTTAR PRADESH,BAREILLY,ALAMPUR,1,Nogawan Thakuran,4,3,6,8,1,243402,9,2,3,0,0,0,0,0,22,27,35,0,0,0,0,84,3,3,0,0,4,4,0,0,1,1,0,0,2,1,1,1,1,Upper Primary (6–8),STANDARD,0,True,True
6321930,UTTAR PRADESH,BAREILLY,RICHHA(DAMKHODA),2,,4,3,6,8,1,243201,9,2,3,0,0,0,0,0,34,22,27,0,0,0,0,83,2,2,0,0,6,6,0,0,1,1,0,1,1,2,1,1,1,Upper Primary (6–8),STANDARD,0,False,True
3288272,UTTAR PRADESH,BAREILLY,BAHERI,1,Mitapur Jageer,2,3,1,8,1,243201,2,2,3,16,15,14,22,23,19,28,28,0,0,0,0,165,8,6,2,0,9,0,6,3,2,2,0,2,0,1,1,1,2,Upper Primary (1–8),STANDARD,9,True,True
2292951,UTTAR PRADESH,BAREILLY,BAHERI,1,Siyatheri,4,3,6,8,1,243201,9,2,3,0,0,0,0,0,26,21,10,0,0,0,0,57,2,2,0,0,4,3,1,0,1,1,0,1,0,1,1,1,1,Upper Primary (6–8),STANDARD,1,True,True
8797097,UTTAR PRADESH,BAREILLY,FARIDPUR,1,Ruriya,4,3,6,8,1,243503,9,2,3,0,0,0,0,0,53,8,18,0,0,0,0,79,3,3,0,0,3,3,0,0,1,1,0,0,0,1,1,1,1,Upper Primary (6–8),STANDARD,0,True,True
4198072,UTTAR PRADESH,BAREILLY,MIRGANJ,1,Khamaria Azampur,4,3,6,8,1,243504,9,2,3,0,0,0,0,0,12,7,16,0,0,0,0,35,2,2,0,0,3,3,0,0,1,1,0,0,0,2,1,1,1,Upper Primary (6–8),STANDARD,0,False,True
2754489,UTTAR PRADESH,BAREILLY,SHERGARH,1,Bhikampur,4,3,6,8,1,243001,9,2,3,0,0,0,0,0,61,54,27,0,0,0,0,142,4,3,0,1,4,3,1,0,1,1,0,1,2,2,1,1,1,Upper Primary (6–8),STANDARD,1,False,True
6370621,UTTAR PRADESH,BAREILLY,NAWABGANJ,1,Guladia Dhimar,4,3,6,8,1,243201,9,2,3,0,0,0,0,0,9,19,16,0,0,0,0,44,3,3,0,0,4,4,0,0,1,1,0,0,2,2,1,1,1,Upper Primary (6–8),STANDARD,0,False,True
6325190,UTTAR PRADESH,BAREILLY,BAHERI,1,Gopalpur,2,3,1,8,1,243201,2,2,3,9,9,10,21,16,20,26,24,0,0,0,0,135,8,6,2,0,5,0,5,0,2,2,0,0,2,1,1,1,2,Upper Primary (1–8),STANDARD,5,True,True
1899069,UTTAR PRADESH,BAREILLY,BAREILLY TOWN,2,,1,3,1,5,1,243001,2,2,3,1,2,3,4,7,0,0,0,0,0,0,0,17,0,0,0,0,2,0,0,2,1,1,0,0,0,2,1,1,2,Primary (1–5),STANDARD,2,False,True
2484881,UTTAR PRADESH,BAREILLY,BHUTA,1,Dandia Nawzis Ali,1,3,1,5,1,243502,2,2,3,5,5,6,6,6,0,0,0,0,0,0,0,28,2,2,0,0,3,1,2,0,1,1,0,0,2,1,1,1,1,Primary (1–5),STANDARD,2,True,True
3447730,UTTAR PRADESH,BAREILLY,NAWABGANJ,1,Dhakia Khairuddin,2,3,1,8,1,243203,2,2,3,5,4,3,13,6,5,16,13,0,0,0,0,65,7,4,3,0,8,6,0,2,2,2,0,0,2,2,1,1,1,Upper Primary (1–8),STANDARD,2,False,True
7002474,UTTAR PRADESH,BAREILLY,NAWABGANJ,1,Gelatanda,1,3,1,5,1,262406,2,2,3,33,27,27,30,35,0,0,0,0,0,0,0,152,6,3,3,0,9,7,2,0,2,1,0,0,2,2,1,1,1,Primary (1–5),STANDARD,2,False,True
3527827,UTTAR PRADESH,BAREILLY,FARIDPUR,1,Kartauli,1,3,1,5,1,243503,2,2,3,25,26,25,27,44,0,0,0,0,0,0,0,147,4,3,1,0,4,2,2,0,1,1,0,0,2,2,1,1,2,Primary (1–5),STANDARD,2,False,True
4621306,UTTAR PRADESH,BAREILLY,BHADPURA,1,Chaukhandi,1,3,1,5,1,262406,2,2,3,16,6,8,14,17,0,0,0,0,0,0,0,61,4,3,1,0,5,4,0,1,1,1,0,0,2,2,1,1,1,Primary (1–5),STANDARD,1,False,True
1570488,UTTAR PRADESH,BAREILLY,RAMNAGAR,1,Ramppara Bhopat Nagar,1,3,1,5,1,243303,2,2,3,8,6,8,4,5,0,0,0,0,0,0,0,31,2,2,0,0,3,2,0,1,1,1,0,0,2,2,1,1,2,Primary (1–5),STANDARD,1,False,True
7906844,UTTAR PRADESH,BAREILLY,NAWABGANJ,1,Biharipur Pachtaur,1,3,1,5,1,243407,2,2,3,6,3,1,6,3,0,0,0,0,0,0,0,19,4,2,2,0,6,3,2,1,2,2,0,0,2,1,1,1,1,Primary (1–5),STANDARD,3,True,True
4925421,UTTAR PRADESH,BAREILLY,BHUTA,1,Piparthara,1,3,1,5,1,243503,2,2,3,14,18,13,39,42,0,0,0,0,0,0,0,126,4,3,1,0,8,4,4,0,1,1,0,0,2,1,1,1,1,Primary (1–5),STANDARD,4,True,True
6198559,UTTAR PRADESH,BAREILLY,KYARA,1,Sahasia Hasainpur Mustqil,1,3,1,5,1,243502,2,2,3,10,24,20,35,43,0,0,0,0,0,0,0,132,8,6,2,0,6,3,0,3,1,3,0,0,0,2,1,1,1,Primary (1–5),STANDARD,3,False,True
9813557,UTTAR PRADESH,BAREILLY,MAJHGAWAN,1,Antua,1,3,1,5,1,243302,2,2,3,8,4,5,15,7,0,0,0,0,0,0,0,39,3,2,1,0,2,2,0,0,1,1,0,0,2,1,1,1,1,Primary (1–5),STANDARD,0,True,True
1156408,UTTAR PRADESH,BAREILLY,NAWABGANJ,1,Mujhena Jagir,1,3,1,5,1,262406,2,2,3,0,2,0,2,3,0,0,0,0,0,0,0,7,2,2,0,0,5,0,3,2,1,1,0,0,2,1,1,1,2,Primary (1–5),STANDARD,5,True,True
4009055,UTTAR PRADESH,BAREILLY,FATEHGANJ,1,Basavanpur,1,3,1,5,1,243505,2,2,3,10,15,4,13,15,0,0,0,0,0,0,0,57,4,3,1,0,4,2,0,2,1,1,0,0,0,2,1,1,2,Primary (1–5),STANDARD,2,False,True
8424148,UTTAR PRADESH,BAREILLY,VITHARI CHAINPUR,1,Bithri Chainpur,10,3,9,12,5,243001,9,2,3,0,0,0,0,0,0,0,0,71,67,146,230,514,7,5,0,2,17,12,5,0,3,2,1,1,1,1,2,1,1,Higher Secondary (9–12),STANDARD,5,True,True
2215466,UTTAR PRADESH,BAREILLY,NAWABGANJ,1,Indh Jagir,1,3,1,5,5,243001,2,2,3,19,21,31,46,39,0,0,0,0,0,0,0,156,5,2,3,0,7,7,0,0,1,1,2,0,0,2,1,1,1,Primary (1–5),STANDARD,0,False,True
4390653,UTTAR PRADESH,BAREILLY,BHUTA,1,Rawal Kala,1,3,1,5,1,243503,2,2,3,10,9,11,25,12,0,0,0,0,0,0,0,67,4,2,2,0,3,3,0,0,1,1,0,0,2,1,1,1,1,Primary (1–5),STANDARD,0,True,True
5007714,UTTAR PRADESH,BAREILLY,BHADPURA,1,Jyoti Jagir,4,3,6,8,5,262406,9,2,3,0,0,0,0,0,35,39,23,0,0,0,0,97,4,4,0,0,5,5,0,0,1,1,0,0,0,1,1,1,1,Upper Primary (6–8),STANDARD,0,True,True
4644347,UTTAR PRADESH,BAREILLY,VITHARI CHAINPUR,1,Bithri Chainpur,2,3,1,8,5,243001,2,2,3,0,1,1,1,0,0,0,0,0,0,0,0,3,5,1,4,0,8,8,0,0,5,7,1,1,1,1,2,1,2,Upper Primary (1–8),STANDARD,0,True,True
2756736,UTTAR PRADESH,BAREILLY,NAWABGANJ,1,Shahpur Inayatullah,4,3,6,8,5,262406,9,2,3,0,0,0,0,0,11,35,21,0,0,0,0,67,3,0,3,0,4,4,0,0,1,1,0,1,1,2,1,1,1,Upper Primary (6–8),STANDARD,0,False,True
3908854,UTTAR PRADESH,BAREILLY,BAREILLY TOWN,2,,2,3,1,8,5,243001,1,2,3,38,30,29,26,15,17,9,9,0,0,0,0,173,9,9,0,0,12,12,0,0,2,2,4,0,0,1,1,1,1,Upper Primary (1–8),STANDARD,0,True,True
3543726,UTTAR PRADESH,BAREILLY,FATEHGANJ,2,,2,3,1,8,5,243505,1,2,3,28,33,27,25,29,45,39,50,0,0,0,0,276,10,0,10,0,10,10,0,0,5,10,0,0,0,2,1,2,1,Upper Primary (1–8),STANDARD,0,False,False
9112386,UTTAR PRADESH,BAREILLY,BAREILLY TOWN,2,,1,3,1,5,5,243006,2,2,3,21,18,22,17,20,0,0,0,0,0,0,0,98,5,4,1,0,5,5,0,0,4,1,8,0,0,2,1,1,1,Primary (1–5),STANDARD,0,False,True
2482562,UTTAR PRADESH,BAREILLY,BHADPURA,1,Keyolariya,8,3,9,10,5,262406,9,2,3,0,0,0,0,0,0,0,0,152,154,0,0,306,5,5,0,0,5,5,0,0,2,2,0,1,0,1,1,1,1,Secondary (9–10),STANDARD,0,True,True
2170177,UTTAR PRADESH,BAREILLY,BAREILLY TOWN,2,,3,3,1,12,5,243001,2,2,3,220,236,213,206,250,248,191,260,178,229,136,112,2479,78,77,1,0,82,82,0,0,20,20,200,3,3,1,1,1,1,Higher Secondary (1–12),STANDARD,0,True,True
9923671,UTTAR PRADESH,BAREILLY,BAREILLY TOWN,2,,6,3,1,10,95,243001,2,2,3,4,13,19,13,20,25,15,9,5,4,0,0,127,4,4,0,0,11,9,2,0,1,1,0,0,0,2,1,1,1,Secondary (1–10),STANDARD,2,False,True
2245378,UTTAR PRADESH,BAREILLY,AONLA,2,,2,3,1,8,5,243301,2,2,3,17,27,18,25,11,17,13,10,0,0,0,0,138,8,8,0,0,8,8,0,0,2,2,0,0,0,2,1,1,1,Upper Primary (1–8),STANDARD,0,False,True
1537624,UTTAR PRADESH,BAREILLY,MIRGANJ,2,,2,3,1,8,5,243504,1,2,3,42,31,26,31,27,25,19,17,0,0,0,0,218,12,0,12,0,14,14,0,0,3,3,0,1,0,1,1,2,1,Upper Primary (1–8),STANDARD,0,True,False
7043533,UTTAR PRADESH,BAREILLY,ALAMPUR,1,Kuddha,4,3,6,8,5,243401,9,2,3,0,0,0,0,0,13,27,46,0,0,0,0,86,4,3,1,0,10,10,0,0,2,2,1,0,0,2,1,1,1,Upper Primary (6–8),STANDARD,0,False,True
7045322,UTTAR PRADESH,BAREILLY,BAREILLY TOWN,2,,2,3,1,8,5,243003,1,2,3,50,38,45,41,27,27,32,28,0,0,0,0,288,26,16,10,0,9,9,0,0,3,3,20,4,0,1,1,1,1,Upper Primary (1–8),STANDARD,0,True,True
9925987,UTTAR PRADESH,BAREILLY,BAREILLY TOWN,2,,2,3,1,8,5,243001,2,2,3,11,8,12,16,13,11,6,8,0,0,0,0,85,5,5,0,0,8,8,0,0,2,2,1,0,0,1,1,1,1,Upper Primary (1–8),STANDARD,0,True,True
5591477,UTTAR PRADESH,BAREILLY,VITHARI CHAINPUR,1,Saidpur Khajuria (Ct),1,3,1,5,97,243123,2,2,3,0,11,0,0,0,0,0,0,0,0,0,0,11,2,0,2,0,5,5,0,0,1,1,0,1,0,2,1,2,2,Primary (1–5),STANDARD,0,False,False
7539552,UTTAR PRADESH,BAREILLY,NAWABGANJ,1,Indh Jagir,3,3,1,12,5,262406,2,2,3,70,66,72,92,80,91,101,100,113,95,102,75,1057,34,14,20,0,35,35,0,0,14,14,55,1,0,1,1,1,1,Higher Secondary (1–12),STANDARD,0,True,True
7127840,UTTAR PRADESH,BAREILLY,FATEHGANJ,2,,1,3,1,5,5,243501,2,2,3,19,15,5,22,24,0,0,0,0,0,0,0,85,6,0,6,0,5,5,0,0,2,2,1,1,0,1,1,2,1,Primary (1–5),STANDARD,0,True,False
4462373,UTTAR PRADESH,BAREILLY,BHOJIPURA,2,,1,3,1,5,5,243202,2,2,3,10,12,12,5,1,0,0,0,0,0,0,0,40,5,0,5,0,6,6,0,0,2,2,0,0,0,1,1,2,1,Primary (1–5),STANDARD,0,True,False
9724483,UTTAR PRADESH,BAREILLY,BAREILLY TOWN,2,,3,3,1,12,5,243001,2,2,3,169,187,175,189,144,166,165,155,153,136,127,114,1880,33,33,0,0,34,34,0,0,15,11,64,4,0,1,1,1,1,Higher Secondary (1–12),STANDARD,0,True,True
3605021,UTTAR PRADESH,BAREILLY,MIRGANJ,2,,2,3,1,8,5,243504,2,2,3,9,10,11,13,12,22,20,12,0,0,0,0,109,7,7,0,0,11,11,0,0,1,1,0,1,0,1,1,1,1,Upper Primary (1–8),STANDARD,0,True,True
7084457,UTTAR PRADESH,BAREILLY,ALAMPUR,1,Devchara,1,3,1,5,5,243001,2,2,3,28,32,24,49,39,0,0,0,0,0,0,0,172,5,5,0,0,5,5,0,0,1,1,0,0,0,2,1,2,2,Primary (1–5),STANDARD,0,False,False
7417954,UTTAR PRADESH,BAREILLY,BAREILLY TOWN,2,,5,3,6,12,5,243006,9,2,3,0,0,0,0,0,21,31,49,116,109,90,97,513,6,1,5,0,21,21,0,0,2,4,0,0,0,1,1,1,1,Higher Secondary (6–12),STANDARD,0,True,True
7771005,UTTAR PRADESH,BAREILLY,MAJHGAWAN,1,Rampura Khurd,7,3,6,10,5,243302,9,2,3,0,0,0,0,0,60,46,43,92,85,0,0,326,8,7,1,0,9,9,0,0,2,2,0,1,0,2,1,1,1,Secondary (6–10),STANDARD,0,False,True
8482294,UTTAR PRADESH,BAREILLY,BHOJIPURA,1,Pachdeora Deoria,6,3,1,10,97,243202,2,2,3,19,18,18,10,11,12,10,12,0,0,0,0,110,8,0,8,0,11,11,0,0,3,1,0,0,0,1,1,2,1,Secondary (1–10),STANDARD,0,True,False
5180530,UTTAR PRADESH,BAREILLY,SHERGARH,1,Haldikalan,1,3,1,5,5,243505,2,2,3,16,23,22,15,24,0,0,0,0,0,0,0,100,4,0,4,0,6,4,2,0,1,1,0,1,0,2,1,1,1,Primary (1–5),STANDARD,2,False,True
3508217,UTTAR PRADESH,BAREILLY,MAJHGAWAN,2,,2,3,1,8,5,243302,2,2,3,2,12,8,14,9,11,12,24,0,0,0,0,92,5,5,0,0,8,8,0,0,1,1,0,0,0,2,2,2,1,Upper Primary (1–8),STANDARD,0,False,False
7272575,UTTAR PRADESH,BAREILLY,FATEHGANJ,1,,2,3,1,8,5,243505,2,2,3,7,11,9,10,5,22,19,22,0,0,0,0,105,5,5,0,0,6,6,0,0,1,1,0,0,0,2,2,2,1,Upper Primary (1–8),STANDARD,0,False,False
7870543,UTTAR PRADESH,BAREILLY,LUCKNOW REGION,2,,3,3,1,12,92,243001,1,2,3,126,124,136,135,141,150,148,142,169,134,159,107,1671,49,49,0,0,39,39,0,0,6,6,60,0,17,1,1,1,1,Higher Secondary (1–12),STANDARD,0,True,True
5845022,UTTAR PRADESH,BAREILLY,BHUTA,1,Richa,1,3,1,5,5,243126,2,2,3,9,22,23,12,26,0,0,0,0,0,0,0,92,2,2,0,0,5,5,0,0,1,1,0,0,0,2,1,1,1,Primary (1–5),STANDARD,0,False,True
4426425,UTTAR PRADESH,BAREILLY,BAREILLY TOWN,2,,1,3,1,5,5,243001,2,2,3,0,0,1,0,0,0,0,0,0,0,0,0,1,5,5,0,0,5,5,0,0,2,2,0,0,0,1,1,1,1,Primary (1–5),STANDARD,0,True,True
7154680,UTTAR PRADESH,BAREILLY,ALAMPUR,1,Rampur Buzurg,4,3,6,8,5,243001,9,2,3,0,0,0,0,0,66,69,75,0,0,0,0,210,4,4,0,0,4,4,0,0,2,1,10,0,0,1,1,1,1,Upper Primary (6–8),STANDARD,0,True,True
7415009,UTTAR PRADESH,BAREILLY,BAREILLY TOWN,2,,1,3,1,5,5,243001,2,2,3,46,40,37,41,33,0,0,0,0,0,0,0,197,5,5,0,0,5,5,0,0,2,2,1,1,0,1,1,1,1,Primary (1–5),STANDARD,0,True,True
2344796,UTTAR PRADESH,BAREILLY,MAJHGAWAN,1,Fulasi,4,3,6,8,1,243302,9,2,3,0,0,0,0,0,26,14,31,0,0,0,0,71,1,1,0,0,3,3,0,0,1,1,0,0,2,1,1,1,1,Upper Primary (6–8),STANDARD,0,True,True
1680803,UTTAR PRADESH,BAREILLY,AONLA,2,,5,3,6,12,5,243301,9,2,3,0,0,0,0,0,26,10,9,23,19,14,24,125,9,9,0,0,12,12,0,0,4,4,5,0,0,1,1,1,1,Higher Secondary (6–12),STANDARD,0,True,True
8833796,UTTAR PRADESH,BAREILLY,FARIDPUR,1,Aurangabad,8,3,9,10,1,243503,9,2,3,0,0,0,0,0,0,0,0,85,56,0,0,141,5,5,0,0,4,4,0,0,1,1,4,0,0,1,1,1,1,Secondary (9–10),STANDARD,0,True,True
7111994,UTTAR PRADESH,BAREILLY,BAREILLY TOWN,2,,2,3,1,8,1,243122,2,2,3,10,14,13,17,15,18,11,10,0,0,0,0,108,3,3,0,0,6,6,0,0,2,2,0,0,2,1,1,1,1,Upper Primary (1–8),STANDARD,0,True,True
6194341,UTTAR PRADESH,BAREILLY,SHERGARH,2,,6,3,1,10,97,243505,2,2,3,8,7,11,14,6,8,9,11,12,14,0,0,100,6,1,5,0,10,10,0,0,2,2,0,0,0,1,1,1,2,Secondary (1–10),STANDARD,0,True,True
4439326,UTTAR PRADESH,BAREILLY,VITHARI CHAINPUR,1,Mohanpur,8,3,9,10,5,243123,9,2,3,0,0,0,0,0,0,0,0,11,20,0,0,31,3,3,0,0,8,8,0,0,2,2,0,0,0,2,1,1,2,Secondary (9–10),STANDARD,0,False,True
3302753,UTTAR PRADESH,BAREILLY,BHUTA,1,Mahmoodpur,2,3,1,8,1,243503,2,2,3,9,7,10,26,11,23,30,12,0,0,0,0,128,8,6,2,0,9,6,2,1,1,1,0,0,2,1,1,1,1,Upper Primary (1–8),STANDARD,3,True,True
6515227,UTTAR PRADESH,BAREILLY,MIRGANJ,1,Hurhuri,2,3,1,8,1,243504,2,2,3,13,10,13,13,19,44,66,46,0,0,0,0,224,10,6,4,0,12,7,2,3,2,2,0,0,2,2,1,1,1,Upper Primary (1–8),STANDARD,5,False,True
4263790,UTTAR PRADESH,BAREILLY,VITHARI CHAINPUR,2,,4,3,6,8,1,243122,9,2,3,0,0,0,0,0,70,51,32,0,0,0,0,153,9,6,0,3,10,10,0,0,2,2,3,1,2,1,1,1,1,Upper Primary (6–8),STANDARD,0,True,True
1927531,UTTAR PRADESH,BAREILLY,BAREILLY TOWN,2,,5,3,6,12,1,243003,9,2,3,0,0,0,0,0,40,43,83,279,272,417,489,1623,43,43,0,0,40,40,0,0,4,2,10,2,0,1,1,1,1,Higher Secondary (6–12),STANDARD,0,True,True
7054252,UTTAR PRADESH,BAREILLY,MIRGANJ,1,Mankara,4,3,6,8,1,243504,9,2,3,0,0,0,0,0,16,21,16,0,0,0,0,53,3,3,0,0,3,2,1,0,1,1,0,0,2,2,1,1,1,Upper Primary (6–8),STANDARD,1,False,True
5038379,UTTAR PRADESH,BAREILLY,RICHHA(DAMKHODA),1,Gopalpur,1,3,1,5,1,243203,2,2,3,5,4,4,4,6,0,0,0,0,0,0,0,23,3,1,2,0,5,2,1,2,1,1,0,0,2,2,1,1,1,Primary (1–5),STANDARD,3,False,True
9498792,UTTAR PRADESH,BAREILLY,VITHARI CHAINPUR,1,Tirkunia,4,3,6,8,1,243001,9,2,3,0,0,0,0,0,10,12,11,0,0,0,0,33,3,3,0,0,3,3,0,0,1,1,0,0,2,2,1,1,1,Upper Primary (6–8),STANDARD,0,False,True
9173266,UTTAR PRADESH,BAREILLY,MAJHGAWAN,1,Dheerpur,2,3,1,8,1,243302,2,2,3,28,20,19,21,26,49,77,72,0,0,0,0,312,9,7,2,0,9,4,3,2,2,2,0,0,2,1,1,1,1,Upper Primary (1–8),STANDARD,5,True,True
8970855,UTTAR PRADESH,BAREILLY,SHERGARH,1,Pandari,2,3,1,8,1,243201,2,2,3,7,11,13,12,11,16,8,5,0,0,0,0,83,5,4,1,0,7,6,0,1,2,2,0,0,2,1,1,1,1,Upper Primary (1–8),STANDARD,1,True,True
2777250,UTTAR PRADESH,BAREILLY,FATEHGANJ,1,Janak Jagir,1,3,1,5,1,243202,2,2,3,20,17,9,25,33,0,0,0,0,0,0,0,104,5,3,2,0,5,0,0,5,1,1,0,0,2,1,1,1,1,Primary (1–5),STANDARD,5,True,True
8626361,UTTAR PRADESH,BAREILLY,NAWABGANJ,1,Gelatanda,4,3,6,8,1,262406,9,2,3,0,0,0,0,0,40,33,34,0,0,0,0,107,4,4,0,0,4,3,0,1,1,1,0,0,0,2,1,1,1,Upper Primary (6–8),STANDARD,1,False,True
7377978,UTTAR PRADESH,BAREILLY,VITHARI CHAINPUR,1,Meondi Klhurd Kalan,1,3,1,5,1,243122,2,2,3,32,22,28,50,44,0,0,0,0,0,0,0,176,7,5,2,0,5,3,0,2,1,1,0,1,2,1,1,1,1,Primary (1–5),STANDARD,2,True,True
9803091,UTTAR PRADESH,BAREILLY,FARIDPUR,1,Saidpur Mustkil,4,3,6,8,1,243506,9,2,3,0,0,0,0,0,59,68,87,0,0,0,0,214,3,2,1,0,4,4,0,0,1,1,0,0,0,1,1,1,2,Upper Primary (6–8),STANDARD,0,True,True
9495417,UTTAR PRADESH,BAREILLY,BHADPURA,1,Tajpura,1,3,1,5,1,262406,2,2,3,6,6,2,6,6,0,0,0,0,0,0,0,26,2,1,1,0,2,0,2,0,1,1,0,0,2,1,1,1,1,Primary (1–5),STANDARD,2,True,True
6224666,UTTAR PRADESH,BAREILLY,BAHERI,1,Narsua,2,3,1,8,1,243001,2,2,3,4,2,5,5,4,8,1,2,0,0,0,0,31,5,3,2,0,8,0,8,0,1,1,0,0,2,2,1,1,1,Upper Primary (1–8),STANDARD,8,False,True
5676529,UTTAR PRADESH,BAREILLY,RAMNAGAR,1,Manauna,4,3,6,8,1,243301,9,2,3,0,0,0,0,0,31,66,34,0,0,0,0,131,1,1,0,0,5,5,0,0,1,1,5,0,2,1,1,1,1,Upper Primary (6–8),STANDARD,0,True,True
5834167,UTTAR PRADESH,BAREILLY,BHADPURA,1,Bhadpura,4,3,6,8,1,262406,9,2,3,0,0,0,0,0,31,28,22,0,0,0,0,81,3,3,0,0,9,4,3,2,1,1,0,0,2,2,1,1,1,Upper Primary (6–8),STANDARD,5,False,True
7105164,UTTAR PRADESH,BAREILLY,BAHERI TOWN,2,,4,2,6,8,1,243201,9,2,1,0,0,0,0,0,14,28,36,0,0,0,0,78,9,0,9,0,3,3,0,0,0,15,6,0,2,1,1,1,1,Upper Primary (6–8),STANDARD,0,True,True
7975166,UTTAR PRADESH,BAREILLY,FARIDPUR,1,Nawadavan,4,3,6,8,1,243503,9,2,3,0,0,0,0,0,23,20,16,0,0,0,0,59,4,3,1,0,5,4,0,1,1,1,0,0,2,2,1,1,1,Upper Primary (6–8),STANDARD,1,False,True
2377608,UTTAR PRADESH,BAREILLY,BHOJIPURA,1,Milakimam Ganj,1,3,1,5,1,243502,2,2,3,10,4,5,14,19,0,0,0,0,0,0,0,52,5,2,3,0,6,1,1,4,1,1,0,0,2,1,1,1,2,Primary (1–5),STANDARD,5,True,True
6705086,UTTAR PRADESH,BAREILLY,BHOJIPURA,1,Patti Beharipur,1,3,1,5,1,243202,2,2,3,12,10,11,15,9,0,0,0,0,0,0,0,57,5,3,2,0,5,4,0,1,1,1,0,1,2,2,1,1,1,Primary (1–5),STANDARD,1,False,True
8013682,UTTAR PRADESH,BAREILLY,FARIDPUR,1,Ruriya,1,3,1,5,1,243503,2,2,3,8,14,14,27,16,0,0,0,0,0,0,0,79,4,4,0,0,4,0,0,4,1,1,0,0,2,1,1,1,2,Primary (1–5),STANDARD,4,True,True
5082489,UTTAR PRADESH,BAREILLY,FARIDPUR,1,Dagroli,1,3,1,5,1,243506,2,2,3,18,24,17,38,34,0,0,0,0,0,0,0,131,3,3,0,0,5,3,1,1,1,2,0,0,2,1,1,1,2,Primary (1–5),STANDARD,2,True,True
5258437,UTTAR PRADESH,BAREILLY,BHOJIPURA,1,Dabhora Khanjanpur,1,3,1,5,1,243202,2,2,3,13,9,6,10,12,0,0,0,0,0,0,0,50,2,2,0,0,3,1,2,0,1,1,0,0,2,1,1,1,2,Primary (1–5),STANDARD,2,True,True
5074218,UTTAR PRADESH,BAREILLY,VITHARI CHAINPUR,1,Bhagnapur,1,3,1,5,1,243001,2,2,3,20,5,4,13,11,0,0,0,0,0,0,0,53,5,2,3,0,4,2,0,2,1,1,0,0,2,2,1,1,1,Primary (1–5),STANDARD,2,False,True
5182440,UTTAR PRADESH,BAREILLY,BHUTA,1,Gangapur Taluka Damora,1,3,1,5,1,243503,2,2,3,13,16,40,48,35,0,0,0,0,0,0,0,152,6,5,1,0,5,0,5,0,1,2,0,0,2,1,1,1,2,Primary (1–5),STANDARD,5,True,True
1507105,UTTAR PRADESH,BAREILLY,BHADPURA,1,Desh Nagar,1,3,1,5,1,262406,2,2,3,7,6,2,8,1,0,0,0,0,0,0,0,24,3,2,1,0,2,2,0,0,1,1,0,0,0,2,1,1,1,Primary (1–5),STANDARD,0,False,True
1357995,UTTAR PRADESH,BAREILLY,BAREILLY TOWN,2,,1,3,1,5,1,243003,2,2,3,1,1,2,2,4,0,0,0,0,0,0,0,10,1,0,1,0,1,1,0,0,1,1,0,0,0,2,1,1,2,Primary (1–5),STANDARD,0,False,True
7665534,UTTAR PRADESH,BAREILLY,KYARA,1,Karonda,1,3,1,5,1,243001,2,2,3,14,15,8,17,12,0,0,0,0,0,0,0,66,6,3,3,0,4,0,1,3,1,1,0,0,2,1,1,1,1,Primary (1–5),STANDARD,4,True,True
7339379,UTTAR PRADESH,BAREILLY,RICHHA(DAMKHODA),1,Pipra Nankar,1,3,1,5,1,243203,2,2,3,2,3,2,8,4,0,0,0,0,0,0,0,19,3,2,1,0,4,4,0,0,1,1,0,0,2,2,1,1,1,Primary (1–5),STANDARD,0,False,True
4836679,UTTAR PRADESH,BAREILLY,VITHARI CHAINPUR,1,Manehra,1,3,1,5,1,243122,2,2,3,15,16,21,32,17,0,0,0,0,0,0,0,101,6,4,2,0,4,4,0,0,1,1,0,1,2,2,1,1,1,Primary (1–5),STANDARD,0,False,True
5066554,UTTAR PRADESH,BAREILLY,BHOJIPURA,1,Bhairpur Khajuria,1,3,1,5,1,243202,2,2,3,7,13,15,28,24,0,0,0,0,0,0,0,87,5,4,1,0,3,1,1,1,2,2,0,0,2,1,1,1,2,Primary (1–5),STANDARD,2,True,True
4878787,UTTAR PRADESH,BAREILLY,NAWABGANJ,1,Khai Khera,1,3,1,5,1,243122,2,2,3,45,32,34,48,54,0,0,0,0,0,0,0,213,8,7,1,0,5,3,1,1,1,1,0,1,2,2,1,1,1,Primary (1–5),STANDARD,2,False,True
6781936,UTTAR PRADESH,BAREILLY,RICHHA(DAMKHODA),1,Charai Dandi,1,3,1,5,1,243201,2,2,3,13,13,7,23,14,0,0,0,0,0,0,0,70,6,4,2,0,4,2,0,2,1,1,0,0,2,2,1,1,1,Primary (1–5),STANDARD,2,False,True
4520921,UTTAR PRADESH,BAREILLY,BHUTA,1,Bhojpur Ram Nath,1,3,1,5,1,243503,2,2,3,18,7,5,13,20,0,0,0,0,0,0,0,63,5,3,2,0,4,3,0,1,1,1,2,2,1,2,1,1,1,Primary (1–5),STANDARD,1,False,True
9478173,UTTAR PRADESH,BAREILLY,BHOJIPURA,1,Deoria Jagir,1,3,1,5,1,243122,2,2,3,16,15,15,29,33,0,0,0,0,0,0,0,108,6,5,1,0,6,5,0,1,1,1,0,0,2,2,1,1,2,Primary (1–5),STANDARD,1,False,True
8539404,UTTAR PRADESH,BAREILLY,FARIDPUR,1,Maini,1,3,1,5,1,243001,2,2,3,17,13,28,34,25,0,0,0,0,0,0,0,117,6,4,2,0,6,4,2,0,1,1,0,0,2,2,1,1,1,Primary (1–5),STANDARD,2,False,True
1399975,UTTAR PRADESH,BAREILLY,FARIDPUR,1,Rajau Paraspur,1,3,1,5,1,243123,2,2,3,71,51,56,95,85,0,0,0,0,0,0,0,358,11,11,0,0,8,6,1,1,3,3,0,0,2,2,1,1,1,Primary (1–5),STANDARD,2,False,True
3061760,UTTAR PRADESH,BAREILLY,BHUTA,1,Jataua,1,3,1,5,1,243503,2,2,3,5,3,6,9,8,0,0,0,0,0,0,0,31,2,1,1,0,4,4,0,0,1,1,0,0,2,2,1,1,2,Primary (1–5),STANDARD,0,False,True
2709151,UTTAR PRADESH,BAREILLY,NAWABGANJ,1,Gausalpur,1,3,1,5,1,243407,2,2,3,2,3,5,6,5,0,0,0,0,0,0,0,21,4,0,4,0,4,4,0,0,1,1,0,0,2,2,1,1,1,Primary (1–5),STANDARD,0,False,True
7059562,UTTAR PRADESH,BAREILLY,BAHERI,1,Nazargunj,4,3,6,8,5,243001,9,2,3,0,0,0,0,0,2,3,11,0,0,0,0,16,2,2,0,0,4,4,0,0,1,1,0,0,0,2,2,2,1,Upper Primary (6–8),STANDARD,0,False,False
2939874,UTTAR PRADESH,BAREILLY,BHADPURA,1,Bhauwa Bazar,2,3,1,8,5,262406,1,2,3,26,15,15,9,13,36,18,12,0,0,0,0,144,8,7,0,1,12,12,0,0,2,2,0,1,0,1,1,1,1,Upper Primary (1–8),STANDARD,0,True,True
2942900,UTTAR PRADESH,BAREILLY,BAHERI TOWN,2,,1,3,1,5,97,243201,2,2,3,17,5,6,10,4,0,0,0,0,0,0,0,42,4,1,3,0,5,5,0,0,2,2,1,0,0,1,2,2,1,Primary (1–5),STANDARD,0,True,False
6567931,UTTAR PRADESH,BAREILLY,VITHARI CHAINPUR,1,Sari Pur,1,3,1,5,1,243123,2,2,3,13,7,7,14,16,0,0,0,0,0,0,0,57,4,4,0,0,4,2,1,1,1,1,0,0,2,2,1,1,2,Primary (1–5),STANDARD,2,False,True
7281494,UTTAR PRADESH,BAREILLY,BHADPURA,1,Dhakia Barkali Sahib,1,3,1,5,1,262406,2,2,3,18,13,12,21,21,0,0,0,0,0,0,0,85,4,4,0,0,4,0,0,4,1,1,0,0,2,1,1,1,2,Primary (1–5),STANDARD,4,True,True
4240124,UTTAR PRADESH,BAREILLY,BAREILLY TOWN,2,,1,3,1,5,97,243001,2,2,3,0,1,0,0,0,0,0,0,0,0,0,0,1,1,0,1,0,1,1,0,0,1,1,0,0,0,2,2,2,2,Primary (1–5),STANDARD,0,False,False
8761485,UTTAR PRADESH,BAREILLY,BAHERI,1,Girdharpur,2,3,1,8,5,243001,2,2,3,9,21,24,29,33,25,22,24,0,0,0,0,187,8,8,0,0,8,8,0,0,1,2,0,0,0,2,1,1,1,Upper Primary (1–8),STANDARD,0,False,True
4115632,UTTAR PRADESH,BAREILLY,MAJHGAWAN,1,Tigai Dattnagar,1,3,1,5,5,243302,2,2,3,3,7,2,2,8,0,0,0,0,0,0,0,22,4,4,0,0,5,5,0,0,1,1,0,0,0,2,2,2,2,Primary (1–5),STANDARD,0,False,False
1688560,UTTAR PRADESH,BAREILLY,BAREILLY TOWN,2,,1,3,1,5,5,243005,1,2,3,0,27,17,16,18,0,0,0,0,0,0,0,78,7,7,0,0,8,8,0,0,2,3,0,0,1,1,1,1,1,Primary (1–5),STANDARD,0,True,True
2725266,UTTAR PRADESH,BAREILLY,ALAMPUR,1,Nagla,2,3,1,8,5,243401,2,2,3,41,36,38,45,44,52,31,56,0,0,0,0,343,8,3,5,0,7,7,0,0,2,2,0,0,0,1,2,1,1,Upper Primary (1–8),STANDARD,0,True,True
3231779,UTTAR PRADESH,BAREILLY,BHADPURA,1,Barkhan,2,3,1,8,5,262406,2,2,3,18,14,7,5,7,42,24,17,0,0,0,0,134,5,5,0,0,8,8,0,0,1,1,1,1,1,1,2,1,1,Upper Primary (1–8),STANDARD,0,True,True
9076263,UTTAR PRADESH,BAREILLY,BAHERI,1,Narayan Nagla,1,3,1,5,5,243201,1,2,3,60,34,5,14,15,0,0,0,0,0,0,0,128,15,15,0,0,18,18,0,0,5,3,0,0,0,2,1,1,1,Primary (1–5),STANDARD,0,False,True
9412957,UTTAR PRADESH,BAREILLY,BAREILLY TOWN,2,,2,3,1,8,5,243001,2,2,3,54,3,2,9,11,22,2,8,0,0,0,0,111,5,5,0,0,4,4,0,0,2,2,1,1,1,1,1,1,1,Upper Primary (1–8),STANDARD,0,True,True
3297615,UTTAR PRADESH,BAREILLY,ALAMPUR,1,Sardar Nagar,2,3,1,8,5,243402,2,2,3,10,23,32,22,26,31,23,8,0,0,0,0,175,4,4,0,0,8,8,0,0,2,2,0,0,0,2,2,2,1,Upper Primary (1–8),STANDARD,0,False,False
7372376,UTTAR PRADESH,BAREILLY,BAREILLY TOWN,2,,6,3,1,10,5,243502,2,2,3,7,3,8,8,6,4,8,13,13,16,0,0,86,8,7,1,0,14,14,0,0,3,3,15,0,0,2,1,1,1,Secondary (1–10),STANDARD,0,False,True
4267353,UTTAR PRADESH,BAREILLY,BAREILLY TOWN,2,,2,3,1,8,5,243001,2,2,3,25,36,46,32,27,21,34,21,0,0,0,0,242,9,9,0,0,12,12,0,0,3,2,11,1,0,2,1,1,1,Upper Primary (1–8),STANDARD,0,False,True
4737865,UTTAR PRADESH,BAREILLY,FATEHGANJ,2,,1,3,1,5,5,243501,2,2,3,28,0,0,0,0,0,0,0,0,0,0,0,28,7,7,0,0,15,15,0,0,4,2,5,5,0,1,1,1,1,Primary (1–5),STANDARD,0,True,True
4475263,UTTAR PRADESH,BAREILLY,FARIDPUR TOWN,2,,2,3,1,8,5,243503,1,2,3,15,35,21,18,24,18,8,4,0,0,0,0,143,7,4,1,2,8,8,0,0,1,1,1,1,1,1,2,2,2,Upper Primary (1–8),STANDARD,0,True,False
8016219,UTTAR PRADESH,BAREILLY,BHADPURA,1,Madhu Nagla,2,3,1,8,5,262406,1,2,3,14,6,16,17,15,45,19,14,0,0,0,0,146,6,5,0,1,8,7,1,0,1,1,0,1,1,1,2,1,1,Upper Primary (1–8),STANDARD,1,True,True
4556241,UTTAR PRADESH,BAREILLY,MIRGANJ,1,Bahroli,2,3,1,8,5,243504,2,2,3,22,22,21,21,35,41,37,45,0,0,0,0,244,10,3,2,5,12,12,0,0,2,2,0,1,0,1,1,2,1,Upper Primary (1–8),STANDARD,0,True,False
8319659,UTTAR PRADESH,BAREILLY,SHERGARH,2,,1,3,1,5,97,243505,2,2,3,0,8,0,5,4,0,0,0,0,0,0,0,17,5,3,2,0,3,3,0,0,1,1,0,0,0,1,1,2,2,Primary (1–5),STANDARD,0,True,False
9194366,UTTAR PRADESH,BAREILLY,VITHARI CHAINPUR,1,Bithri Chainpur,1,3,1,5,97,243123,2,2,3,6,5,11,6,14,0,0,0,0,0,0,0,42,3,2,1,0,3,3,0,0,1,1,0,0,0,1,1,2,2,Primary (1–5),STANDARD,0,True,False
5923597,UTTAR PRADESH,BAREILLY,BAREILLY TOWN,2,,8,3,9,10,5,243001,9,2,3,0,0,0,0,0,0,0,0,22,42,0,0,64,2,2,0,0,1,1,0,0,1,1,1,0,0,1,1,2,1,Secondary (9–10),STANDARD,0,True,False
6011093,UTTAR PRADESH,BAREILLY,NAWABGANJ,1,Khoh,2,3,1,8,5,243001,2,2,3,23,3,5,8,13,13,17,17,0,0,0,0,99,15,15,0,0,15,15,0,0,10,5,10,5,3,1,1,1,1,Upper Primary (1–8),STANDARD,0,True,True
6791942,UTTAR PRADESH,BAREILLY,SHERGARH,2,,1,3,1,5,97,243505,2,2,3,13,14,9,9,10,0,0,0,0,0,0,0,55,4,4,0,0,6,6,0,0,1,1,0,1,0,2,2,1,1,Primary (1–5),STANDARD,0,False,True
7331305,UTTAR PRADESH,BAREILLY,BAHERI TOWN,2,,1,3,1,5,5,243201,1,2,3,12,9,8,7,1,0,0,0,0,0,0,0,37,2,1,1,0,8,8,0,0,1,1,2,0,0,2,1,1,2,Primary (1–5),STANDARD,0,False,True
9309212,UTTAR PRADESH,BAREILLY,BAREILLY TOWN,2,,2,3,1,8,5,243002,2,2,3,16,11,15,14,23,12,17,17,0,0,0,0,125,7,2,5,0,8,8,0,0,2,2,0,1,0,1,1,1,1,Upper Primary (1–8),STANDARD,0,True,True
2904993,UTTAR PRADESH,BAREILLY,BAREILLY TOWN,2,,1,3,1,5,5,243001,2,2,3,20,31,21,7,17,0,0,0,0,0,0,0,96,4,4,0,0,6,6,0,0,2,2,1,0,0,2,1,1,1,Primary (1–5),STANDARD,0,False,True
2062555,UTTAR PRADESH,BAREILLY,BAREILLY TOWN,2,,1,3,1,5,5,243001,2,2,3,11,5,18,15,14,0,0,0,0,0,0,0,63,10,10,0,0,10,10,0,0,2,2,1,0,0,2,1,1,1,Primary (1–5),STANDARD,0,False,True
8623891,UTTAR PRADESH,BAREILLY,MIRGANJ,1,Nagaria Sadat,2,3,1,8,5,243504,2,1,3,56,49,81,65,73,78,72,66,0,0,0,0,540,9,9,0,0,14,14,0,0,3,2,0,1,1,2,2,1,1,Upper Primary (1–8),STANDARD,0,False,True
2862891,UTTAR PRADESH,BAREILLY,NAWABGANJ,1,Indh Jagir,1,3,1,5,5,262406,2,2,3,15,2,1,3,3,0,0,0,0,0,0,0,24,5,4,0,1,5,5,0,0,2,2,0,1,0,1,1,1,1,Primary (1–5),STANDARD,0,True,True
8507557,UTTAR PRADESH,BAREILLY,SHERGARH,1,Tanda,5,3,6,12,5,243505,9,2,3,0,0,0,0,0,0,10,10,145,271,184,321,941,8,4,3,1,13,13,0,0,5,8,1,0,0,1,1,1,1,Higher Secondary (6–12),STANDARD,0,True,True
6150640,UTTAR PRADESH,BAREILLY,BAREILLY TOWN,2,,3,3,1,12,99,243005,2,2,3,3,7,4,11,9,7,16,10,10,17,12,17,123,13,13,0,0,25,25,0,0,10,10,1,0,0,2,1,1,1,Higher Secondary (1–12),STANDARD,0,False,True
7932052,UTTAR PRADESH,BAREILLY,BAREILLY TOWN,2,,5,2,6,12,4,243005,9,2,3,0,0,0,0,0,62,60,82,104,108,37,45,498,7,7,0,0,12,10,2,0,0,8,2,0,0,1,1,1,2,Higher Secondary (6–12),STANDARD,2,True,True
3933266,UTTAR PRADESH,BAREILLY,BHADPURA,1,Alaiyya,5,3,6,12,1,262406,9,2,3,0,0,0,0,0,30,33,31,85,78,64,67,388,14,12,2,0,16,16,0,0,3,3,13,0,0,2,1,1,1,Higher Secondary (6–12),STANDARD,0,False,True
2772708,UTTAR PRADESH,BAREILLY,AONLA,2,,1,3,1,5,97,243301,2,2,3,1,0,3,4,4,0,0,0,0,0,0,0,12,2,2,0,0,4,4,0,0,1,1,0,0,0,2,1,2,1,Primary (1–5),STANDARD,0,False,False
6309938,UTTAR PRADESH,BAREILLY,FATEHGANJ,1,Aundh,1,3,1,5,1,243001,2,2,3,22,15,16,26,28,0,0,0,0,0,0,0,107,5,5,0,0,5,3,2,0,1,2,0,0,0,2,1,1,2,Primary (1–5),STANDARD,2,False,True
3048258,UTTAR PRADESH,BAREILLY,NAWABGANJ,1,Tumaria,1,3,1,5,1,262406,2,2,3,6,2,7,10,7,0,0,0,0,0,0,0,32,2,2,0,0,3,3,0,0,1,1,0,0,2,1,1,1,1,Primary (1–5),STANDARD,0,True,True
6150967,UTTAR PRADESH,BAREILLY,AONLA,1,Rahtuiya,1,3,1,5,1,243301,2,2,3,9,6,10,13,18,0,0,0,0,0,0,0,56,5,3,2,0,4,3,1,0,1,1,0,0,2,1,1,1,1,Primary (1–5),STANDARD,1,True,True
7080199,UTTAR PRADESH,BAREILLY,BAHERI,1,Muhammadpur,1,3,1,5,1,243201,2,2,3,1,0,2,4,3,0,0,0,0,0,0,0,10,2,1,1,0,2,2,0,0,1,1,0,0,2,1,1,1,1,Primary (1–5),STANDARD,0,True,True
6432966,UTTAR PRADESH,BAREILLY,NAWABGANJ,1,Baraur,4,3,6,8,1,262406,9,2,3,0,0,0,0,0,35,27,31,0,0,0,0,93,2,2,0,0,7,4,3,0,1,1,0,0,2,1,1,1,2,Upper Primary (6–8),STANDARD,3,True,True
9982812,UTTAR PRADESH,BAREILLY,BHUTA,1,Galsthua,2,3,1,8,1,243506,2,2,3,6,6,3,5,9,33,14,16,0,0,0,0,92,5,4,1,0,8,6,2,0,1,1,0,0,2,1,1,1,1,Upper Primary (1–8),STANDARD,2,True,True
9782285,UTTAR PRADESH,BAREILLY,FARIDPUR,1,Haraila,1,3,1,5,1,243506,2,2,3,7,4,6,11,9,0,0,0,0,0,0,0,37,2,1,1,0,4,2,0,2,2,2,0,0,2,2,1,1,1,Primary (1–5),STANDARD,2,False,True
7590578,UTTAR PRADESH,BAREILLY,FARIDPUR,1,Aurangabad,2,3,1,8,1,243503,2,2,3,11,18,21,27,17,36,47,64,0,0,0,0,241,9,8,1,0,10,0,10,0,2,2,0,0,0,1,1,1,2,Upper Primary (1–8),STANDARD,10,True,True
2447596,UTTAR PRADESH,BAREILLY,BHOJIPURA,1,Saiyad Pur Urf Saimudpur,1,3,1,5,1,243202,2,2,3,4,3,1,3,5,0,0,0,0,0,0,0,16,2,1,1,0,3,2,0,1,1,1,0,0,2,1,1,1,1,Primary (1–5),STANDARD,1,True,True
8995222,UTTAR PRADESH,BAREILLY,SHERGARH,1,Sharif Nagar,1,3,1,5,1,243201,2,2,3,1,2,2,3,3,0,0,0,0,0,0,0,11,2,1,1,0,3,3,0,0,1,1,0,0,1,1,1,1,1,Primary (1–5),STANDARD,0,True,True
3357996,UTTAR PRADESH,BAREILLY,BAHERI TOWN,2,,1,3,1,5,1,243201,2,2,3,7,18,19,31,48,0,0,0,0,0,0,0,123,4,1,3,0,5,0,5,0,1,2,0,1,2,2,1,1,2,Primary (1–5),STANDARD,5,False,True
7012369,UTTAR PRADESH,BAREILLY,NAWABGANJ,1,Mundia Bhikampur,2,3,1,8,5,243407,1,2,3,13,2,6,4,11,0,0,0,0,0,0,0,36,5,0,5,0,7,7,0,0,2,2,1,2,1,1,1,1,1,Upper Primary (1–8),STANDARD,0,True,True
5542611,UTTAR PRADESH,BAREILLY,BHUTA,1,Charpur,4,3,6,8,1,243503,9,2,3,0,0,0,0,0,32,30,20,0,0,0,0,82,3,3,0,0,4,4,0,0,2,1,0,0,2,1,1,1,2,Upper Primary (6–8),STANDARD,0,True,True
7914692,UTTAR PRADESH,BAREILLY,FATEHGANJ,1,Bagrau,2,3,1,8,1,243505,2,2,3,23,7,10,28,19,38,44,26,0,0,0,0,195,8,6,2,0,8,4,3,1,4,4,0,0,2,2,1,1,2,Upper Primary (1–8),STANDARD,4,False,True
9683190,UTTAR PRADESH,BAREILLY,FARIDPUR,1,Rampuriya Ilaka Takhari,4,3,6,8,1,243503,9,2,3,0,0,0,0,0,45,41,39,0,0,0,0,125,4,3,0,1,4,3,1,0,1,1,0,0,0,2,1,1,1,Upper Primary (6–8),STANDARD,1,False,True
4010082,UTTAR PRADESH,BAREILLY,FARIDPUR,1,Shivpuri,8,3,9,10,1,243506,9,2,3,0,0,0,0,0,0,0,0,113,113,0,0,226,5,5,0,0,4,3,1,0,2,2,3,0,0,1,1,2,2,Secondary (9–10),STANDARD,1,True,False
6891477,UTTAR PRADESH,BAREILLY,FARIDPUR,1,Rajau Paraspur,2,3,1,8,1,243503,2,2,3,13,14,10,19,21,54,72,50,0,0,0,0,253,10,7,3,0,10,6,1,3,2,2,0,0,2,2,1,1,1,Upper Primary (1–8),STANDARD,4,False,True
8773484,UTTAR PRADESH,BAREILLY,NAWABGANJ,1,Thiriya Saidpur,4,3,6,8,1,262406,9,2,3,0,0,0,0,0,20,27,30,0,0,0,0,77,4,3,0,1,5,3,1,1,1,1,0,0,0,1,1,1,1,Upper Primary (6–8),STANDARD,2,True,True
9246264,UTTAR PRADESH,BAREILLY,BHADPURA,1,Mundia Chowdhari,2,3,1,8,1,262406,2,2,3,2,4,6,6,9,10,10,8,0,0,0,0,55,4,3,1,0,8,4,1,3,1,1,0,0,2,2,1,1,1,Upper Primary (1–8),STANDARD,4,False,True
5422379,UTTAR PRADESH,BAREILLY,KYARA,1,Bari Nagla,4,2,6,8,1,243201,9,2,1,0,0,0,0,0,23,29,43,0,0,0,0,95,8,0,8,0,3,3,0,0,0,10,6,0,2,2,1,1,2,Upper Primary (6–8),STANDARD,0,False,True
5698878,UTTAR PRADESH,BAREILLY,ALAMPUR,1,Daruwapur,4,3,6,8,1,243301,9,2,3,0,0,0,0,0,19,24,10,0,0,0,0,53,2,2,0,0,3,0,3,0,1,1,0,0,2,2,1,1,1,Upper Primary (6–8),STANDARD,3,False,True
5600054,UTTAR PRADESH,BAREILLY,BAHERI,1,Utarasia Mohliya,1,3,1,5,1,243201,2,2,3,0,0,0,1,0,0,0,0,0,0,0,0,1,2,2,0,0,2,2,0,0,1,1,0,0,2,2,2,1,1,Primary (1–5),STANDARD,0,False,True
9105820,UTTAR PRADESH,BAREILLY,MAJHGAWAN,1,Gurganwamustkil,4,3,6,8,1,243302,9,2,3,0,0,0,0,0,66,74,26,0,0,0,0,166,1,1,0,0,3,3,0,0,1,1,0,0,0,1,1,1,1,Upper Primary (6–8),STANDARD,0,True,True
9936585,UTTAR PRADESH,BAREILLY,BAREILLY TOWN,2,,1,3,1,5,1,243003,2,2,3,0,1,0,0,1,0,0,0,0,0,0,0,2,0,0,0,0,1,1,0,0,1,1,0,0,2,2,1,1,2,Primary (1–5),STANDARD,0,False,True
6465715,UTTAR PRADESH,BAREILLY,BAREILLY TOWN,2,,1,3,1,5,1,243502,2,2,3,7,6,12,15,38,0,0,0,0,0,0,0,78,0,0,0,0,3,0,1,2,1,1,0,0,2,1,1,1,1,Primary (1–5),STANDARD,3,True,True
9853940,UTTAR PRADESH,BAREILLY,BHADPURA,1,Nawada Ikramulla,1,3,1,5,1,243001,2,2,3,6,7,3,20,10,0,0,0,0,0,0,0,46,2,1,1,0,4,2,1,1,1,1,0,0,2,2,1,1,2,Primary (1–5),STANDARD,2,False,True
6987606,UTTAR PRADESH,BAREILLY,KYARA,1,Manpur Ahaiyapur,1,3,1,5,1,243001,2,2,3,42,38,61,51,50,0,0,0,0,0,0,0,242,7,7,0,0,5,0,5,0,1,1,0,0,2,2,1,1,2,Primary (1–5),STANDARD,5,False,True
7360002,UTTAR PRADESH,BAREILLY,BHUTA,1,Khardaha Ilaka Kuan Danda,1,3,1,5,1,243503,2,2,3,17,8,12,20,17,0,0,0,0,0,0,0,74,4,3,1,0,6,0,6,0,1,2,0,0,0,2,1,1,1,Primary (1–5),STANDARD,6,False,True
4281899,UTTAR PRADESH,BAREILLY,RICHHA(DAMKHODA),1,Arsiabojh,1,3,1,5,1,243201,2,2,3,1,3,7,4,6,0,0,0,0,0,0,0,21,3,1,2,0,5,5,0,0,1,1,0,0,2,1,2,1,1,Primary (1–5),STANDARD,0,True,True
1112047,UTTAR PRADESH,BAREILLY,RICHHA(DAMKHODA),1,Bhogpur,1,3,1,5,1,243201,2,2,3,14,5,1,8,7,0,0,0,0,0,0,0,35,3,2,1,0,2,2,0,0,2,2,0,0,2,1,1,1,1,Primary (1–5),STANDARD,0,True,True
4698439,UTTAR PRADESH,BAREILLY,BHADPURA,1,Jaspur,1,3,1,5,1,262406,2,2,3,20,14,8,27,21,0,0,0,0,0,0,0,90,3,2,1,0,5,0,0,5,1,1,0,0,2,2,1,1,1,Primary (1–5),STANDARD,5,False,True
9259783,UTTAR PRADESH,BAREILLY,RICHHA(DAMKHODA),1,Bhogpur,1,3,1,5,1,243201,2,2,3,2,5,7,7,5,0,0,0,0,0,0,0,26,2,1,1,0,3,3,0,0,1,1,0,1,2,1,1,1,1,Primary (1–5),STANDARD,0,True,True
2522253,UTTAR PRADESH,BAREILLY,MAJHGAWAN,1,Rajpur Kalan,7,3,6,10,4,243201,9,2,3,0,0,0,0,0,40,37,27,82,60,0,0,246,8,8,0,0,5,5,0,0,1,3,0,0,0,2,3,2,1,Secondary (6–10),STANDARD,0,False,False
7812601,UTTAR PRADESH,BAREILLY,RAMNAGAR,1,Manauna,1,3,1,5,1,243301,2,2,3,47,61,87,151,108,0,0,0,0,0,0,0,454,14,7,7,0,12,6,2,4,2,3,1,0,2,1,1,1,2,Primary (1–5),STANDARD,6,True,True
9430920,UTTAR PRADESH,BAREILLY,BHUTA,1,Rampur Pravin,1,3,1,5,1,243503,2,2,3,16,14,11,30,28,0,0,0,0,0,0,0,99,4,4,0,0,5,2,0,3,1,1,0,0,2,2,1,1,2,Primary (1–5),STANDARD,3,False,True
8166035,UTTAR PRADESH,BAREILLY,FATEHGANJ,1,Unasi,1,3,1,5,1,243501,2,2,3,18,17,24,32,28,0,0,0,0,0,0,0,119,6,5,1,0,5,3,0,2,1,2,0,0,2,2,1,1,1,Primary (1–5),STANDARD,2,False,True
4276438,UTTAR PRADESH,BAREILLY,RAMNAGAR,1,Ram Nagar,1,3,1,5,1,243303,2,2,3,23,23,36,59,66,0,0,0,0,0,0,0,207,8,4,4,0,12,5,3,4,2,2,0,0,2,2,1,1,1,Primary (1–5),STANDARD,7,False,True
4204462,UTTAR PRADESH,BAREILLY,BHUTA,1,Sunaura Murarpur,1,3,1,5,1,243503,2,2,3,12,8,8,25,20,0,0,0,0,0,0,0,73,5,3,2,0,5,4,0,1,1,1,0,0,2,2,1,1,1,Primary (1–5),STANDARD,1,False,True
4802357,UTTAR PRADESH,BAREILLY,BHOJIPURA,1,Maheshpur Shiv Singh,1,3,1,5,1,243202,2,2,3,10,9,4,13,16,0,0,0,0,0,0,0,52,4,3,1,0,6,3,1,2,1,1,0,1,2,2,1,1,1,Primary (1–5),STANDARD,3,False,True
4315031,UTTAR PRADESH,BAREILLY,FATEHGANJ,2,,2,3,1,8,5,243501,2,2,3,5,10,9,2,7,9,5,7,0,0,0,0,54,12,11,1,0,8,8,0,0,3,3,50,5,1,1,1,1,1,Upper Primary (1–8),STANDARD,0,True,True
1236818,UTTAR PRADESH,BAREILLY,BHUTA,1,Umedpur Bhuta,2,3,1,8,5,243126,2,2,3,12,18,19,22,19,42,38,39,0,0,0,0,209,10,6,4,0,9,9,0,0,2,2,0,1,0,1,1,1,1,Upper Primary (1–8),STANDARD,0,True,True
8009878,UTTAR PRADESH,BAREILLY,RICHHA(DAMKHODA),1,Kundara,1,3,1,5,1,243202,2,2,3,15,11,10,9,10,0,0,0,0,0,0,0,55,3,2,1,0,6,3,0,3,1,1,0,0,2,2,1,1,1,Primary (1–5),STANDARD,3,False,True
7703510,UTTAR PRADESH,BAREILLY,BHADPURA,1,Keyolariya,2,3,1,8,5,262406,1,2,3,90,59,65,83,67,51,44,42,0,0,0,0,501,23,23,0,0,19,19,0,0,2,5,11,1,0,1,1,2,1,Upper Primary (1–8),STANDARD,0,True,False
7658194,UTTAR PRADESH,BAREILLY,BHOJIPURA,1,Bhjhia Janoobi,2,3,1,8,5,243202,2,2,3,14,4,6,13,16,23,29,28,0,0,0,0,133,9,4,4,1,10,10,0,0,2,2,0,0,0,2,1,1,1,Upper Primary (1–8),STANDARD,0,False,True
1605054,UTTAR PRADESH,BAREILLY,BAREILLY TOWN,2,,2,3,1,8,5,243001,2,1,3,14,7,16,6,3,3,3,0,0,0,0,0,52,4,4,0,0,8,8,0,0,1,2,1,0,0,2,1,2,1,Upper Primary (1–8),STANDARD,0,False,False
9475058,UTTAR PRADESH,BAREILLY,FATEHGANJ,1,Gohana,1,3,1,5,1,243505,2,2,3,14,14,13,28,15,0,0,0,0,0,0,0,84,6,4,2,0,5,3,0,2,1,2,0,0,2,1,1,1,1,Primary (1–5),STANDARD,2,True,True
6997988,UTTAR PRADESH,BAREILLY,BAREILLY TOWN,2,,4,3,6,8,5,243003,9,2,3,0,0,0,0,0,46,57,80,0,0,0,0,183,3,2,1,0,4,4,0,0,1,1,1,0,0,2,1,2,1,Upper Primary (6–8),STANDARD,0,False,False
9969819,UTTAR PRADESH,BAREILLY,FARIDPUR,1,Tanda Sikandarpur,1,3,1,5,1,243503,2,2,3,10,14,21,29,25,0,0,0,0,0,0,0,99,5,4,1,0,5,0,2,3,1,1,0,0,2,2,1,1,1,Primary (1–5),STANDARD,5,False,True
8652309,UTTAR PRADESH,BAREILLY,ALAMPUR,1,Kemuwa,1,3,1,5,1,243402,2,2,3,17,6,8,8,10,0,0,0,0,0,0,0,49,4,2,2,0,3,3,0,0,2,2,0,0,2,2,1,1,1,Primary (1–5),STANDARD,0,False,True
3344245,UTTAR PRADESH,BAREILLY,RICHHA(DAMKHODA),1,Bhogpur,2,3,1,8,5,243201,1,2,3,10,10,12,11,10,11,11,10,0,0,0,0,85,6,3,3,0,10,8,2,0,2,2,0,0,0,2,1,2,2,Upper Primary (1–8),STANDARD,2,False,False
1724068,UTTAR PRADESH,BAREILLY,BAREILLY TOWN,2,,1,3,1,5,1,243502,2,2,3,13,9,12,14,9,0,0,0,0,0,0,0,57,2,0,2,0,7,7,0,0,1,1,0,0,1,2,1,1,2,Primary (1–5),STANDARD,0,False,True
7341837,UTTAR PRADESH,BAREILLY,BAHERI,1,Bankauli,1,3,1,5,1,243201,2,2,3,3,3,1,2,4,0,0,0,0,0,0,0,13,3,2,1,0,5,4,0,1,1,1,0,0,2,2,1,1,1,Primary (1–5),STANDARD,1,False,True
2776145,UTTAR PRADESH,BAREILLY,VITHARI CHAINPUR,1,Nawadia Harkishan,1,3,1,5,1,243122,2,2,3,8,11,5,11,5,0,0,0,0,0,0,0,40,4,2,2,0,4,4,0,0,1,1,0,0,2,1,1,1,2,Primary (1–5),STANDARD,0,True,True
5149633,UTTAR PRADESH,BAREILLY,VITHARI CHAINPUR,1,Singhai Kayesthan,1,3,1,5,1,243123,2,2,3,17,14,6,15,5,0,0,0,0,0,0,0,57,3,2,1,0,4,1,1,2,2,2,0,0,2,1,1,1,1,Primary (1–5),STANDARD,3,True,True
4734605,UTTAR PRADESH,BAREILLY,MAJHGAWAN,1,Khangawa Shyam,1,3,1,5,1,243301,2,2,3,4,4,3,7,7,0,0,0,0,0,0,0,25,3,1,2,0,3,0,1,2,1,1,0,0,2,1,1,1,1,Primary (1–5),STANDARD,3,True,True
4816762,UTTAR PRADESH,BAREILLY,SHERGARH,1,Lakha,1,3,1,5,1,243505,2,2,3,8,14,13,14,13,0,0,0,0,0,0,0,62,2,2,0,0,6,2,2,2,1,2,0,0,2,2,1,1,1,Primary (1–5),STANDARD,4,False,True
6499304,UTTAR PRADESH,BAREILLY,MIRGANJ,2,,2,3,1,8,5,243301,2,2,3,41,42,22,30,10,10,14,6,0,0,0,0,175,9,9,0,0,10,10,0,0,2,2,0,1,0,2,1,2,1,Upper Primary (1–8),STANDARD,0,False,False
2448376,UTTAR PRADESH,BAREILLY,ALAMPUR,1,Pakhurni,1,3,1,5,5,243401,2,2,3,3,5,8,3,5,0,0,0,0,0,0,0,24,3,1,0,2,5,5,0,0,1,1,0,0,0,2,2,2,1,Primary (1–5),STANDARD,0,False,False
6754924,UTTAR PRADESH,BAREILLY,FARIDPUR TOWN,2,,1,3,1,5,5,243001,2,2,3,26,42,60,60,54,0,0,0,0,0,0,0,242,6,2,4,0,5,5,0,0,2,2,0,1,0,1,1,1,1,Primary (1–5),STANDARD,0,True,True
3856992,UTTAR PRADESH,BAREILLY,BAREILLY TOWN,2,,1,3,1,5,5,243003,2,2,3,18,38,33,45,43,0,0,0,0,0,0,0,177,4,3,1,0,6,6,0,0,1,1,1,0,0,2,1,2,1,Primary (1–5),STANDARD,0,False,False
6458828,UTTAR PRADESH,BAREILLY,MAJHGAWAN,1,Nisoi,1,3,1,5,5,243302,2,2,3,25,24,23,30,24,0,0,0,0,0,0,0,126,7,6,1,0,5,5,0,0,1,1,0,0,0,2,1,1,2,Primary (1–5),STANDARD,0,False,True
5251471,UTTAR PRADESH,BAREILLY,BAREILLY TOWN,2,,1,3,1,5,5,243122,2,2,3,0,6,8,13,7,0,0,0,0,0,0,0,34,1,1,0,0,5,5,0,0,2,2,0,0,0,1,1,2,1,Primary (1–5),STANDARD,0,True,False
6048605,UTTAR PRADESH,BAREILLY,VITHARI CHAINPUR,2,,2,3,1,8,5,243122,1,2,3,54,41,32,29,19,18,8,14,0,0,0,0,215,5,5,0,0,8,8,0,0,2,2,1,1,1,1,1,2,2,Upper Primary (1–8),STANDARD,0,True,False
4198506,UTTAR PRADESH,BAREILLY,BHOJIPURA,1,Bhairpur Khajuria,3,3,1,12,5,243202,1,2,3,71,66,53,64,60,53,37,47,96,103,70,81,801,56,36,20,0,34,34,0,0,9,9,25,3,0,1,1,1,1,Higher Secondary (1–12),STANDARD,0,True,True
1645098,UTTAR PRADESH,BAREILLY,NAWABGANJ,2,,7,3,6,10,5,262406,9,2,3,0,0,0,0,0,58,70,59,51,35,0,0,273,10,0,9,1,7,7,0,0,4,3,14,0,0,1,1,1,1,Secondary (6–10),STANDARD,0,True,True
9524933,UTTAR PRADESH,BAREILLY,VITHARI CHAINPUR,1,Roopapur Barehpura,2,3,1,8,5,243122,1,2,3,30,31,21,30,14,25,20,12,0,0,0,0,183,10,10,0,0,24,24,0,0,4,4,5,1,0,1,1,1,1,Upper Primary (1–8),STANDARD,0,True,True
6342225,UTTAR PRADESH,BAREILLY,BAREILLY TOWN,2,,4,3,6,8,5,243003,9,2,1,0,0,0,0,0,17,9,6,0,0,0,0,32,3,3,0,0,12,12,0,0,1,1,2,1,0,1,1,1,2,Upper Primary (6–8),STANDARD,0,True,True
3009415,UTTAR PRADESH,BAREILLY,BAREILLY TOWN,2,,4,3,6,8,5,262406,9,2,3,0,0,0,0,0,55,64,61,0,0,0,0,180,4,0,4,0,5,5,0,0,3,3,0,0,1,2,1,1,1,Upper Primary (6–8),STANDARD,0,False,True
3320588,UTTAR PRADESH,BAREILLY,RICHHA(DAMKHODA),1,Bahadurpur Urf Bhura,1,3,1,5,5,243201,2,2,3,17,5,6,5,3,0,0,0,0,0,0,0,36,5,5,0,0,5,5,0,0,2,2,1,1,1,2,2,1,1,Primary (1–5),STANDARD,0,False,True
2116310,UTTAR PRADESH,BAREILLY,BAREILLY TOWN,2,,4,3,6,8,5,243001,9,1,3,0,0,0,0,0,25,36,26,0,0,0,0,87,4,4,0,0,4,4,0,0,1,1,2,0,0,1,1,2,2,Upper Primary (6–8),STANDARD,0,True,False
8672637,UTTAR PRADESH,BAREILLY,BHADPURA,1,Kishnapur,2,3,1,8,5,262406,2,1,3,10,14,21,19,13,69,14,34,0,0,0,0,194,9,7,0,2,8,8,0,0,1,1,0,1,1,1,2,1,1,Upper Primary (1–8),STANDARD,0,True,True
8983781,UTTAR PRADESH,BAREILLY,NAWABGANJ,2,,1,3,1,5,97,262406,1,2,3,48,33,36,27,25,0,0,0,0,0,0,0,169,6,3,3,0,7,7,0,0,1,1,1,1,1,1,1,1,1,Primary (1–5),STANDARD,0,True,True
4816087,UTTAR PRADESH,BAREILLY,SHERGARH,1,Kutubpur,1,3,1,5,5,243505,2,2,3,30,20,24,32,24,0,0,0,0,0,0,0,130,5,5,0,0,4,4,0,0,1,1,0,0,0,2,2,2,1,Primary (1–5),STANDARD,0,False,False
1989949,UTTAR PRADESH,BAREILLY,FATEHGANJ,2,,1,3,1,5,5,243501,2,2,3,21,3,12,11,14,0,0,0,0,0,0,0,61,3,3,0,0,5,5,0,0,1,1,1,0,0,2,1,2,2,Primary (1–5),STANDARD,0,False,False
3465181,UTTAR PRADESH,BAREILLY,MAJHGAWAN,1,Shivpuri,2,3,1,8,5,243302,2,2,3,33,0,0,0,0,0,0,0,0,0,0,0,33,16,0,0,16,8,8,0,0,6,6,4,0,0,2,1,1,1,Upper Primary (1–8),STANDARD,0,False,True
9202775,UTTAR PRADESH,BAREILLY,FARIDPUR TOWN,2,,7,3,6,10,5,243001,9,2,3,0,0,0,0,0,143,121,117,97,76,0,0,554,23,23,0,0,13,13,0,0,10,10,21,1,0,1,1,1,1,Secondary (6–10),STANDARD,0,True,True
7033116,UTTAR PRADESH,BAREILLY,MIRGANJ,1,Sisaun Khera,1,3,1,5,97,243504,2,2,3,7,3,8,10,11,0,0,0,0,0,0,0,39,4,0,4,0,5,5,0,0,1,3,0,1,0,1,2,2,1,Primary (1–5),STANDARD,0,True,False
3411415,UTTAR PRADESH,BAREILLY,BAHERI,1,Tiyula,1,3,1,5,5,243201,2,2,3,16,8,19,14,18,0,0,0,0,0,0,0,75,4,4,0,0,5,5,0,0,1,1,0,0,0,2,1,1,1,Primary (1–5),STANDARD,0,False,True
2163153,UTTAR PRADESH,BAREILLY,MIRGANJ,1,Churai Dalpatpur,4,3,6,8,97,243504,9,2,3,0,0,0,0,0,8,6,5,0,0,0,0,19,1,0,1,0,4,4,0,0,1,1,0,0,0,2,1,2,2,Upper Primary (6–8),STANDARD,0,False,False
5185925,UTTAR PRADESH,BAREILLY,ALAMPUR,1,Rampur Buzurg,10,3,9,12,5,243301,9,2,3,0,0,0,0,0,0,0,0,158,137,106,118,519,13,8,2,3,16,16,0,0,4,4,1,1,1,1,1,1,1,Higher Secondary (9–12),STANDARD,0,True,True
5705768,UTTAR PRADESH,BAREILLY,BHUTA,1,Simra Keshopur,1,3,1,5,5,243503,2,2,3,3,0,0,0,0,0,0,0,0,0,0,0,3,2,2,0,0,5,5,0,0,1,1,0,0,0,2,1,2,2,Primary (1–5),STANDARD,0,False,False
4719130,UTTAR PRADESH,BAREILLY,BHOJIPURA,1,Pachdeora Deoria,4,3,6,8,5,243202,9,2,3,0,0,0,0,0,22,16,9,0,0,0,0,47,6,3,1,2,5,5,0,0,2,2,0,0,15,1,1,2,1,Upper Primary (6–8),STANDARD,0,True,False
1792470,UTTAR PRADESH,BAREILLY,BAREILLY TOWN,2,,1,3,1,5,5,243001,2,2,3,51,48,0,0,0,0,0,0,0,0,0,0,99,9,9,0,0,12,12,0,0,2,3,1,1,0,1,1,1,1,Primary (1–5),STANDARD,0,True,True
4704656,UTTAR PRADESH,BAREILLY,SHERGARH,1,Dunka,2,3,1,8,5,243505,2,2,3,31,37,43,45,44,45,38,24,0,0,0,0,307,9,6,1,2,8,8,0,0,3,3,2,0,0,2,1,1,1,Upper Primary (1–8),STANDARD,0,False,True
6613885,UTTAR PRADESH,BAREILLY,ALAMPUR,1,Bhamora,2,3,1,8,5,243001,2,2,3,52,62,80,81,93,91,105,94,0,0,0,0,658,10,10,0,0,14,14,0,0,2,2,1,0,0,1,1,1,1,Upper Primary (1–8),STANDARD,0,True,True
5166081,UTTAR PRADESH,BAREILLY,BHUTA,1,Fatehpur,1,3,1,5,5,243123,2,2,3,4,2,4,4,5,0,0,0,0,0,0,0,19,4,0,2,2,5,5,0,0,1,1,0,0,0,1,2,1,1,Primary (1–5),STANDARD,0,True,True
6814252,UTTAR PRADESH,BAREILLY,BHUTA,1,Dalautpur Karena,5,3,6,12,5,243126,9,2,3,0,0,0,0,0,14,22,9,463,539,162,254,1463,10,0,10,0,17,17,0,0,6,6,2,2,0,1,1,2,1,Higher Secondary (6–12),STANDARD,0,True,False
4380667,UTTAR PRADESH,BAREILLY,VITHARI CHAINPUR,1,Sawer Khera,4,3,6,8,5,243122,9,2,3,0,0,0,0,0,2,4,1,0,0,0,0,7,5,3,2,0,5,5,0,0,2,2,0,0,0,2,1,1,1,Upper Primary (6–8),STANDARD,0,False,True
7528225,UTTAR PRADESH,BAREILLY,RAMNAGAR,1,Tigra Khanpur,1,3,1,5,5,243301,2,2,3,44,64,66,54,68,0,0,0,0,0,0,0,296,7,6,0,1,5,5,0,0,1,1,0,0,0,2,1,1,1,Primary (1–5),STANDARD,0,False,True
8325029,UTTAR PRADESH,BAREILLY,BAREILLY TOWN,2,,2,3,1,8,5,243001,2,2,3,6,10,12,8,15,8,11,7,0,0,0,0,77,8,8,0,0,10,10,0,0,2,2,3,0,0,1,1,2,1,Upper Primary (1–8),STANDARD,0,True,False
4662746,UTTAR PRADESH,BAREILLY,SHERGARH,1,Bilsa,2,3,1,8,5,243505,2,2,3,19,24,36,41,46,73,72,5,0,0,0,0,316,8,5,0,3,8,8,0,0,2,2,0,0,0,2,2,2,2,Upper Primary (1–8),STANDARD,0,False,False
6450289,UTTAR PRADESH,BAREILLY,SHERGARH,1,Sarai,1,3,1,5,5,243505,2,2,3,6,15,5,9,12,0,0,0,0,0,0,0,47,4,4,0,0,6,6,0,0,2,2,0,1,0,1,2,1,1,Primary (1–5),STANDARD,0,True,True
9180997,UTTAR PRADESH,BAREILLY,NAWABGANJ,2,,5,3,6,12,5,262406,9,2,3,0,0,0,0,0,60,102,66,119,150,158,167,822,16,16,0,0,12,12,0,0,4,8,20,2,0,1,1,1,1,Higher Secondary (6–12),STANDARD,0,True,True
9035794,UTTAR PRADESH,BAREILLY,SHERGARH,2,,5,3,6,12,4,243505,9,2,3,0,0,0,0,0,43,53,72,89,79,80,51,467,10,10,0,0,16,16,0,0,5,2,1,1,0,1,1,1,1,Higher Secondary (6–12),STANDARD,0,True,True
8226569,UTTAR PRADESH,BAREILLY,SHERGARH,2,,1,3,1,5,97,243505,2,2,2,16,21,1,37,28,0,0,0,0,0,0,0,103,6,0,6,0,6,5,1,0,2,3,0,0,0,1,1,2,1,Primary (1–5),STANDARD,1,True,False
3779224,UTTAR PRADESH,BAREILLY,BAHERI,1,Dandi Abhay Chand,4,3,6,8,1,243201,9,2,3,0,0,0,0,0,30,28,19,0,0,0,0,77,3,3,0,0,3,0,0,3,1,1,0,1,2,1,1,1,1,Upper Primary (6–8),STANDARD,3,True,True
3416971,UTTAR PRADESH,BAREILLY,BAHERI,1,Pindari Abhay Chandra,2,3,1,8,1,243201,2,2,3,8,2,6,10,11,17,21,18,0,0,0,0,93,5,3,2,0,8,4,1,3,1,1,0,2,2,1,1,1,1,Upper Primary (1–8),STANDARD,4,True,True
5744718,UTTAR PRADESH,BAREILLY,RICHHA(DAMKHODA),1,Sidhaura,2,3,1,8,5,243201,2,2,3,59,55,48,62,39,48,62,41,0,0,0,0,414,12,5,7,0,13,13,0,0,3,3,10,2,0,1,1,1,1,Upper Primary (1–8),STANDARD,0,True,True
3925083,UTTAR PRADESH,BAREILLY,BHOJIPURA,1,Lad Pur,4,3,6,8,1,243001,9,2,3,0,0,0,0,0,15,36,30,0,0,0,0,81,4,4,0,0,4,4,0,0,2,2,0,1,0,2,1,1,1,Upper Primary (6–8),STANDARD,0,False,True
1975140,UTTAR PRADESH,BAREILLY,FARIDPUR,1,Kartauli,8,3,9,10,1,243506,9,2,3,0,0,0,0,0,0,0,0,38,48,0,0,86,4,4,0,0,4,4,0,0,1,1,81,0,0,1,1,1,2,Secondary (9–10),STANDARD,0,True,True
9502074,UTTAR PRADESH,BAREILLY,BHUTA,1,Richa,2,3,1,8,1,243126,2,2,3,21,16,25,36,32,48,58,59,0,0,0,0,295,12,7,5,0,13,7,2,4,2,2,0,0,2,2,1,1,1,Upper Primary (1–8),STANDARD,6,False,True
4536566,UTTAR PRADESH,BAREILLY,SHERGARH,1,Paltha,2,3,1,8,1,243201,2,2,3,17,19,19,25,28,15,24,23,0,0,0,0,170,8,6,2,0,8,8,0,0,2,2,0,0,2,2,1,1,1,Upper Primary (1–8),STANDARD,0,False,True
5007233,UTTAR PRADESH,BAREILLY,BHUTA,1,Amirti,2,3,1,8,1,243503,2,2,3,14,7,9,16,27,56,22,26,0,0,0,0,177,9,5,3,1,12,5,4,3,2,2,0,0,2,1,1,1,1,Upper Primary (1–8),STANDARD,7,True,True
6841224,UTTAR PRADESH,BAREILLY,FATEHGANJ,1,Dauli Jawahar Lal,2,3,1,8,1,243505,2,2,3,18,14,23,28,35,24,31,35,0,0,0,0,208,7,6,1,0,10,5,0,5,2,4,0,2,2,2,1,1,1,Upper Primary (1–8),STANDARD,5,False,True
8286075,UTTAR PRADESH,BAREILLY,RAMNAGAR,1,Gularia Aril,4,3,6,8,1,243303,9,2,3,0,0,0,0,0,17,18,16,0,0,0,0,51,2,2,0,0,3,0,3,0,1,1,0,0,0,2,2,1,1,Upper Primary (6–8),STANDARD,3,False,True
2411382,UTTAR PRADESH,BAREILLY,NAWABGANJ,1,Ladpur Usmanpur,1,3,1,5,1,243407,2,2,3,2,1,1,3,5,0,0,0,0,0,0,0,12,3,1,2,0,3,0,3,0,2,1,0,0,2,1,1,1,1,Primary (1–5),STANDARD,3,True,True
8073228,UTTAR PRADESH,BAREILLY,RICHHA(DAMKHODA),1,Bahadurganj,2,3,1,8,1,243202,2,2,3,9,5,7,8,14,10,10,10,0,0,0,0,73,5,4,1,0,3,3,0,0,2,2,0,0,0,2,1,1,1,Upper Primary (1–8),STANDARD,0,False,True
2442625,UTTAR PRADESH,BAREILLY,MAJHGAWAN,2,,5,3,6,12,1,243302,9,2,3,0,0,0,0,0,21,9,21,59,73,71,75,329,5,5,0,0,14,13,1,0,6,6,10,0,0,2,1,1,1,Higher Secondary (6–12),STANDARD,1,False,True
3091878,UTTAR PRADESH,BAREILLY,NAWABGANJ,1,Lavakhera Badri Prasad,2,3,1,8,1,262406,2,2,3,25,14,9,26,20,31,33,41,0,0,0,0,199,10,9,1,0,7,7,0,0,2,3,0,0,2,2,1,1,1,Upper Primary (1–8),STANDARD,0,False,True
1185246,UTTAR PRADESH,BAREILLY,ALAMPUR,1,Jamalpur,1,3,1,5,1,243401,2,2,3,15,6,17,12,15,0,0,0,0,0,0,0,65,3,3,0,0,4,0,2,2,1,1,0,0,2,2,1,1,1,Primary (1–5),STANDARD,4,False,True
5215701,UTTAR PRADESH,BAREILLY,SHERGARH,1,Kanwar Khas,1,3,1,5,1,243505,2,2,3,40,34,29,46,29,0,0,0,0,0,0,0,178,6,4,2,0,6,3,2,1,1,1,0,1,2,2,1,1,1,Primary (1–5),STANDARD,3,False,True
9820392,UTTAR PRADESH,BAREILLY,RAMNAGAR,1,Jagannathpur,1,3,1,5,1,243303,2,2,3,25,24,37,56,66,0,0,0,0,0,0,0,208,4,3,1,0,5,5,0,0,1,1,0,0,2,2,1,1,2,Primary (1–5),STANDARD,0,False,True
3622703,UTTAR PRADESH,BAREILLY,BHOJIPURA,1,Makrandpur Pitam Rai,1,3,1,5,1,243202,2,2,3,7,5,2,8,4,0,0,0,0,0,0,0,26,3,2,1,0,4,4,0,0,1,1,0,0,1,1,1,1,2,Primary (1–5),STANDARD,0,True,True
8915828,UTTAR PRADESH,BAREILLY,KYARA,1,Saidoopur Lashkariganj,1,3,1,5,1,243123,2,2,3,15,20,18,30,31,0,0,0,0,0,0,0,114,6,3,3,0,6,3,2,1,1,1,0,0,2,1,1,1,1,Primary (1–5),STANDARD,3,True,True
6354785,UTTAR PRADESH,BAREILLY,SHERGARH,1,Nagla,1,3,1,5,1,243203,2,2,3,30,19,22,30,22,0,0,0,0,0,0,0,123,4,4,0,0,5,2,1,2,1,1,0,0,0,1,1,1,1,Primary (1–5),STANDARD,3,True,True
6124065,UTTAR PRADESH,BAREILLY,BAREILLY TOWN,2,,1,3,1,5,1,243005,2,2,3,7,7,15,16,13,0,0,0,0,0,0,0,58,1,1,0,0,3,3,0,0,1,1,0,0,0,2,1,1,2,Primary (1–5),STANDARD,0,False,True
7991193,UTTAR PRADESH,BAREILLY,FARIDPUR,1,Nawadia Kalyanpur,1,3,1,5,1,243503,2,2,3,11,12,9,21,30,0,0,0,0,0,0,0,83,3,3,0,0,4,2,0,2,1,1,0,0,2,2,1,1,2,Primary (1–5),STANDARD,2,False,True
7595843,UTTAR PRADESH,BAREILLY,NAWABGANJ,1,Nawadia Bamanpuri,1,3,1,5,1,243407,2,2,3,11,8,8,7,7,0,0,0,0,0,0,0,41,3,2,1,0,5,5,0,0,1,1,0,0,2,2,1,1,1,Primary (1–5),STANDARD,0,False,True
5164956,UTTAR PRADESH,BAREILLY,FATEHGANJ,1,Darha,1,3,1,5,1,243505,2,2,3,12,9,10,10,9,0,0,0,0,0,0,0,50,4,2,2,0,5,1,2,2,1,1,0,0,2,2,1,1,1,Primary (1–5),STANDARD,4,False,True
2944410,UTTAR PRADESH,BAREILLY,BAREILLY TOWN,2,,3,3,1,12,4,243005,2,2,3,18,22,33,43,63,46,32,48,69,36,27,46,483,15,15,0,0,19,19,0,0,2,3,9,0,0,2,1,2,1,Higher Secondary (1–12),STANDARD,0,False,False
7449398,UTTAR PRADESH,BAREILLY,BAHERI,1,Madhaupur,1,3,1,5,1,243201,2,2,3,1,1,1,2,3,0,0,0,0,0,0,0,8,4,2,2,0,2,1,1,0,1,1,0,0,2,2,1,1,2,Primary (1–5),STANDARD,1,False,True
2598198,UTTAR PRADESH,BAREILLY,ALAMPUR,1,Sirohi,4,3,6,8,4,243001,9,2,3,0,0,0,0,0,54,57,50,0,0,0,0,161,3,3,0,0,3,2,1,0,2,2,0,0,0,2,1,1,1,Upper Primary (6–8),STANDARD,1,False,True
9743984,UTTAR PRADESH,BAREILLY,ALAMPUR,1,Bahanpur,5,3,6,12,4,243001,9,2,3,0,0,0,0,0,75,60,55,115,116,62,59,542,10,10,0,0,8,5,0,3,2,2,0,1,0,1,1,1,1,Higher Secondary (6–12),STANDARD,3,True,True
4417740,UTTAR PRADESH,BAREILLY,BAHERI TOWN,2,,1,3,1,5,1,243201,2,2,3,12,4,7,10,16,0,0,0,0,0,0,0,49,1,0,1,0,3,0,3,0,1,1,0,1,0,2,1,1,1,Primary (1–5),STANDARD,3,False,True
5146188,UTTAR PRADESH,BAREILLY,NAWABGANJ,1,Laikhera,1,3,1,5,1,243407,2,2,3,35,21,22,37,31,0,0,0,0,0,0,0,146,6,4,2,0,6,0,6,0,1,2,0,1,2,2,1,1,1,Primary (1–5),STANDARD,6,False,True
4123876,UTTAR PRADESH,BAREILLY,MAJHGAWAN,1,Naugawan Bhiramnan,1,3,1,5,1,243201,2,2,3,7,24,6,13,5,0,0,0,0,0,0,0,55,2,2,0,0,5,2,1,2,1,1,0,0,2,1,1,1,1,Primary (1–5),STANDARD,3,True,True
6088398,UTTAR PRADESH,BAREILLY,BHUTA,1,Mirzapur,1,3,1,5,1,243503,2,2,3,57,12,24,37,29,0,0,0,0,0,0,0,159,5,3,2,0,7,3,0,4,1,1,0,0,2,2,1,1,1,Primary (1–5),STANDARD,4,False,True
1402491,UTTAR PRADESH,BAREILLY,VITHARI CHAINPUR,1,Rasoola Gulam Abbas,1,3,1,5,1,243123,2,2,3,3,5,3,7,4,0,0,0,0,0,0,0,22,2,1,1,0,3,0,2,1,1,1,0,0,2,2,1,1,1,Primary (1–5),STANDARD,3,False,True
9034743,UTTAR PRADESH,BAREILLY,BAHERI,1,Rajpura,1,3,1,5,1,243201,2,2,3,17,14,16,36,51,0,0,0,0,0,0,0,134,7,3,4,0,6,4,2,0,1,2,0,1,2,2,1,1,2,Primary (1–5),STANDARD,2,False,True
9361222,UTTAR PRADESH,BAREILLY,BAREILLY TOWN,2,,2,3,1,8,5,243001,2,2,3,62,49,59,59,77,26,24,25,0,0,0,0,381,8,0,8,0,12,12,0,0,2,2,4,1,0,1,1,2,1,Upper Primary (1–8),STANDARD,0,True,False
2487960,UTTAR PRADESH,BAREILLY,BHUTA,1,Chathia Faizoo,1,3,1,5,1,243503,2,2,3,5,2,3,5,11,0,0,0,0,0,0,0,26,6,3,3,0,7,4,1,2,1,1,0,0,0,1,1,1,1,Primary (1–5),STANDARD,3,True,True
5375036,UTTAR PRADESH,BAREILLY,BHUTA,1,Umedpur Bhuta,1,3,1,5,5,243126,2,2,3,7,6,10,6,6,0,0,0,0,0,0,0,35,2,0,2,0,10,10,0,0,1,1,0,1,0,1,1,2,1,Primary (1–5),STANDARD,0,True,False
6752089,UTTAR PRADESH,BAREILLY,VITHARI CHAINPUR,1,Dandia,1,3,1,5,1,243123,2,2,3,11,8,8,20,7,0,0,0,0,0,0,0,54,4,3,1,0,4,2,0,2,1,1,0,0,2,2,1,1,2,Primary (1–5),STANDARD,2,False,True
7955715,UTTAR PRADESH,BAREILLY,BAREILLY TOWN,2,,2,3,1,8,5,243003,1,2,3,66,26,31,34,23,13,12,18,0,0,0,0,223,9,0,9,0,11,11,0,0,2,2,2,1,0,1,1,2,1,Upper Primary (1–8),STANDARD,0,True,False
3809515,UTTAR PRADESH,BAREILLY,KYARA,1,Kargaina,2,3,1,8,5,243001,1,2,3,45,10,6,11,1,0,0,0,0,0,0,0,73,5,5,0,0,8,8,0,0,2,2,1,1,0,1,1,1,2,Upper Primary (1–8),STANDARD,0,True,True
3757155,UTTAR PRADESH,BAREILLY,BHOJIPURA,1,Bohit,1,3,1,5,5,243201,2,1,3,40,30,39,35,55,0,0,0,0,0,0,0,199,5,0,5,0,5,5,0,0,4,4,20,2,0,1,1,1,1,Primary (1–5),STANDARD,0,True,True
3209927,UTTAR PRADESH,BAREILLY,BAREILLY TOWN,2,,1,3,1,5,5,243005,2,2,3,52,60,55,54,48,0,0,0,0,0,0,0,269,5,0,5,0,8,8,0,0,1,1,0,1,0,1,1,1,2,Primary (1–5),STANDARD,0,True,True
8864838,UTTAR PRADESH,BAREILLY,MAJHGAWAN,1,Mushrafpur,1,3,1,5,1,243302,2,2,3,13,11,6,38,26,0,0,0,0,0,0,0,94,3,2,1,0,3,3,0,0,2,1,0,0,2,1,1,1,1,Primary (1–5),STANDARD,0,True,True
3250900,UTTAR PRADESH,BAREILLY,SHERGARH,2,,2,3,1,8,5,243505,2,2,3,35,26,25,42,31,72,81,64,0,0,0,0,376,8,8,0,0,10,10,0,0,8,4,0,0,0,2,1,1,1,Upper Primary (1–8),STANDARD,0,False,True
6372479,UTTAR PRADESH,BAREILLY,NAWABGANJ,2,,5,3,6,12,5,262406,9,2,3,0,0,0,0,0,14,25,23,66,76,78,119,401,15,15,0,0,49,49,0,0,10,6,6,0,0,1,1,1,1,Higher Secondary (6–12),STANDARD,0,True,True
2375494,UTTAR PRADESH,BAREILLY,MAJHGAWAN,2,,1,3,1,5,5,243302,2,2,3,43,46,50,63,48,0,0,0,0,0,0,0,250,6,5,0,1,8,8,0,0,2,5,0,0,0,2,1,1,1,Primary (1–5),STANDARD,0,False,True
2162342,UTTAR PRADESH,BAREILLY,MIRGANJ,2,,2,3,1,8,5,243504,2,2,3,14,34,19,24,18,40,21,21,0,0,0,0,191,9,2,7,0,12,12,0,0,1,1,0,3,0,2,1,1,2,Upper Primary (1–8),STANDARD,0,False,True
6316033,UTTAR PRADESH,BAREILLY,BAHERI,1,Unai Makrooka,1,3,1,5,5,243201,2,2,3,5,0,6,6,4,0,0,0,0,0,0,0,21,3,3,0,0,5,5,0,0,1,1,0,0,0,2,2,2,1,Primary (1–5),STANDARD,0,False,False
1062016,UTTAR PRADESH,BAREILLY,MAJHGAWAN,2,,2,3,1,8,5,243302,1,2,3,51,55,53,51,37,58,41,26,0,0,0,0,372,13,13,0,0,8,8,0,0,2,3,1,1,0,2,1,2,1,Upper Primary (1–8),STANDARD,0,False,False
5191807,UTTAR PRADESH,BAREILLY,ALAMPUR,1,,5,3,6,12,5,243401,9,2,3,0,0,0,0,0,0,0,0,24,0,17,0,41,4,4,0,0,2,2,0,0,10,5,2,2,2,1,1,1,1,Higher Secondary (6–12),STANDARD,0,True,True
2626172,UTTAR PRADESH,BAREILLY,FARIDPUR,1,Gausganj Sarai,3,3,1,12,5,243503,2,2,1,0,1,5,6,8,16,18,34,36,49,39,29,241,29,13,16,0,27,27,0,0,115,29,30,20,1,1,1,1,1,Higher Secondary (1–12),STANDARD,0,True,True
1694105,UTTAR PRADESH,BAREILLY,VITHARI CHAINPUR,1,Mohanpur,1,3,1,5,5,243123,2,2,3,8,11,13,9,14,0,0,0,0,0,0,0,55,4,0,4,0,5,5,0,0,1,1,0,0,0,1,1,1,2,Primary (1–5),STANDARD,0,True,True
7625088,UTTAR PRADESH,BAREILLY,NAWABGANJ,1,Sijaulia,1,3,1,5,97,243201,2,2,3,0,0,0,7,5,0,0,0,0,0,0,0,12,4,3,1,0,5,5,0,0,1,1,0,0,0,2,1,2,1,Primary (1–5),STANDARD,0,False,False
7164550,UTTAR PRADESH,BAREILLY,FATEHGANJ,2,,1,3,1,5,5,243501,1,2,3,25,22,30,22,26,0,0,0,0,0,0,0,125,7,7,0,0,6,6,0,0,2,1,0,1,0,2,1,2,1,Primary (1–5),STANDARD,0,False,False
9668525,UTTAR PRADESH,BAREILLY,NAWABGANJ,1,Parothi,5,3,6,12,5,262406,9,2,3,0,0,0,0,0,6,8,8,49,42,43,52,208,5,1,4,0,17,17,0,0,2,2,0,1,0,1,1,1,1,Higher Secondary (6–12),STANDARD,0,True,True
5645993,UTTAR PRADESH,BAREILLY,BAREILLY TOWN,2,,4,3,6,8,5,243001,9,2,3,0,0,0,0,0,45,36,38,0,0,0,0,119,4,4,0,0,16,16,0,0,5,5,1,1,0,1,1,1,1,Upper Primary (6–8),STANDARD,0,True,True
2950670,UTTAR PRADESH,BAREILLY,VITHARI CHAINPUR,1,Mundia Ahmed Nagar,3,3,1,12,5,243122,2,2,3,118,125,143,148,132,127,151,134,122,135,113,109,1557,73,73,0,0,48,48,0,0,12,26,14,56,0,1,1,1,1,Higher Secondary (1–12),STANDARD,0,True,True
3548995,UTTAR PRADESH,BAREILLY,NAWABGANJ,2,,4,3,6,8,5,243001,9,2,3,0,0,0,0,0,37,51,65,0,0,0,0,153,7,7,0,0,7,7,0,0,2,2,0,1,0,1,1,1,1,Upper Primary (6–8),STANDARD,0,True,True
9114801,UTTAR PRADESH,BAREILLY,SHERGARH,1,Rampura,8,3,9,10,5,243505,9,2,3,0,0,0,0,0,0,0,0,68,66,0,0,134,4,4,0,0,13,11,2,0,3,5,0,1,0,1,1,2,1,Secondary (9–10),STANDARD,2,True,False
6089376,UTTAR PRADESH,BAREILLY,BAREILLY TOWN,2,,2,3,1,8,5,243003,2,2,3,21,16,19,18,19,27,22,12,0,0,0,0,154,3,3,0,0,8,8,0,0,2,2,0,1,0,1,1,1,2,Upper Primary (1–8),STANDARD,0,True,True
4448284,UTTAR PRADESH,BAREILLY,FARIDPUR,1,Shivpuri,3,3,1,12,5,243503,2,2,3,6,10,14,10,11,35,36,28,164,203,349,339,1205,13,10,3,0,13,13,0,0,4,3,13,1,0,1,1,1,1,Higher Secondary (1–12),STANDARD,0,True,True
5843741,UTTAR PRADESH,BAREILLY,ALAMPUR,1,Harirampur,1,3,1,5,5,243402,2,2,3,18,12,5,6,15,0,0,0,0,0,0,0,56,4,0,4,0,10,10,0,0,2,2,1,1,0,1,1,1,1,Primary (1–5),STANDARD,0,True,True
9616508,UTTAR PRADESH,BAREILLY,BAHERI,1,Bankauli,1,3,1,5,5,243201,2,2,3,12,10,12,19,34,0,0,0,0,0,0,0,87,5,5,0,0,8,8,0,0,1,1,0,0,0,2,2,2,2,Primary (1–5),STANDARD,0,False,False
7816572,UTTAR PRADESH,BAREILLY,KYARA,1,Kargaina,5,3,6,12,5,243001,9,2,3,0,0,0,0,0,27,28,23,114,110,151,183,636,13,5,0,8,20,20,0,0,4,4,10,5,5,1,1,1,1,Higher Secondary (6–12),STANDARD,0,True,True
2648888,UTTAR PRADESH,BAREILLY,MIRGANJ,2,,5,3,6,12,4,243504,9,2,3,0,0,0,0,0,81,91,135,360,381,480,506,2034,29,25,0,4,33,25,8,0,11,8,5,0,0,1,1,1,1,Higher Secondary (6–12),STANDARD,8,True,True
2457476,UTTAR PRADESH,BAREILLY,ALAMPUR,1,Sardar Nagar,2,3,1,8,5,243402,2,2,3,0,11,9,6,16,13,9,15,0,0,0,0,79,5,5,0,0,8,8,0,0,2,2,0,0,0,1,1,2,2,Upper Primary (1–8),STANDARD,0,True,False
9407363,UTTAR PRADESH,BAREILLY,NAWABGANJ,2,,5,3,6,12,5,243001,9,2,3,0,0,0,0,0,32,31,20,47,68,60,70,328,9,9,0,0,25,25,0,0,3,3,2,1,0,1,1,2,1,Higher Secondary (6–12),STANDARD,0,True,False
8997376,UTTAR PRADESH,BAREILLY,BAREILLY TOWN,2,,5,3,6,12,4,243003,9,2,3,0,0,0,0,0,53,80,116,173,166,164,169,921,30,30,0,0,28,20,0,8,6,1,1,0,0,1,1,1,1,Higher Secondary (6–12),STANDARD,8,True,True
6383328,UTTAR PRADESH,BAREILLY,BHUTA,1,Athana,4,3,6,8,5,243503,9,2,3,0,0,0,0,0,28,26,28,0,0,0,0,82,3,3,0,0,3,3,0,0,1,1,0,0,0,1,2,2,1,Upper Primary (6–8),STANDARD,0,True,False
9180796,UTTAR PRADESH,BAREILLY,SHERGARH,1,Bairamnagar,6,3,1,10,97,243505,2,2,3,8,4,15,22,13,13,7,6,0,0,0,0,88,6,6,0,0,10,7,3,0,1,1,0,0,0,1,2,1,1,Secondary (1–10),STANDARD,3,True,True
4650953,UTTAR PRADESH,BAREILLY,MAJHGAWAN,1,Shivpuri,1,3,1,5,5,243303,2,2,3,0,0,0,0,2,0,0,0,0,0,0,0,2,1,1,0,0,5,5,0,0,1,1,0,0,0,2,1,1,2,Primary (1–5),STANDARD,0,False,True
3775912,UTTAR PRADESH,BAREILLY,SHERGARH,2,,1,3,1,5,97,243505,2,2,3,6,3,0,2,1,0,0,0,0,0,0,0,12,3,3,0,0,4,4,0,0,1,1,0,0,0,2,1,2,2,Primary (1–5),STANDARD,0,False,False
8398406,UTTAR PRADESH,BAREILLY,BAREILLY TOWN,2,,2,3,1,8,5,243005,2,2,3,13,19,17,11,13,9,12,11,0,0,0,0,105,8,4,0,4,8,8,0,0,1,1,1,0,0,1,1,1,1,Upper Primary (1–8),STANDARD,0,True,True
1160285,UTTAR PRADESH,BAREILLY,RAMNAGAR,1,Devkola,4,3,6,8,1,243301,9,2,3,0,0,0,0,0,32,26,33,0,0,0,0,91,1,1,0,0,3,1,2,0,1,1,0,0,2,2,1,1,1,Upper Primary (6–8),STANDARD,2,False,True
5388788,UTTAR PRADESH,BAREILLY,NAWABGANJ,1,Bija Mau,4,3,6,8,1,262406,9,2,3,0,0,0,0,0,50,51,47,0,0,0,0,148,6,4,2,0,7,5,0,2,2,2,0,0,0,2,1,1,1,Upper Primary (6–8),STANDARD,2,False,True
3650328,UTTAR PRADESH,BAREILLY,BHUTA,1,Sunha,4,3,6,8,1,243503,9,2,3,0,0,0,0,0,22,50,41,0,0,0,0,113,4,3,1,0,3,3,0,0,1,1,0,0,2,1,1,1,1,Upper Primary (6–8),STANDARD,0,True,True
8833832,UTTAR PRADESH,BAREILLY,BAHERI,1,Tanda Chhanga,8,3,9,10,1,263148,9,2,3,0,0,0,0,0,0,0,0,16,12,0,0,28,3,3,0,0,4,4,0,0,2,2,0,0,0,1,1,1,1,Secondary (9–10),STANDARD,0,True,True
9655227,UTTAR PRADESH,BAREILLY,BAHERI,1,Shahpur Dandi,2,3,1,8,1,243201,2,2,3,34,34,25,40,44,38,35,34,0,0,0,0,284,13,9,4,0,7,6,1,0,2,4,0,2,2,2,1,1,2,Upper Primary (1–8),STANDARD,1,False,True
6427041,UTTAR PRADESH,BAREILLY,NAWABGANJ,1,Tanda Sadat,8,3,9,10,1,243407,9,2,3,0,0,0,0,0,0,0,0,18,14,0,0,32,3,3,0,0,4,4,0,0,2,2,0,0,0,1,1,1,2,Secondary (9–10),STANDARD,0,True,True
7662807,UTTAR PRADESH,BAREILLY,BHOJIPURA,1,Mohammadpur Thakuran,2,3,1,8,1,243202,2,2,3,6,10,7,12,15,47,52,50,0,0,0,0,199,11,8,3,0,6,6,0,0,1,1,0,0,2,2,1,1,1,Upper Primary (1–8),STANDARD,0,False,True
9822836,UTTAR PRADESH,BAREILLY,BHUTA,1,Bhojpur Ram Nath,4,3,6,8,1,243123,9,2,3,0,0,0,0,0,28,22,28,0,0,0,0,78,4,3,0,1,4,4,0,0,1,1,0,0,2,2,1,1,2,Upper Primary (6–8),STANDARD,0,False,True
7103719,UTTAR PRADESH,BAREILLY,BAREILLY TOWN,2,,2,3,1,8,1,243502,2,2,3,3,4,4,6,12,11,22,17,0,0,0,0,79,0,0,0,0,5,5,0,0,1,1,0,0,0,1,1,1,1,Upper Primary (1–8),STANDARD,0,True,True
6429629,UTTAR PRADESH,BAREILLY,ALAMPUR,1,Rampur Buzurg,10,3,9,12,5,243401,9,2,3,0,0,0,0,0,0,0,0,170,237,248,209,864,11,11,0,0,28,28,0,0,5,5,20,2,0,1,1,1,1,Higher Secondary (9–12),STANDARD,0,True,True
3566641,UTTAR PRADESH,BAREILLY,BHUTA,1,Barnai Keshowpur,1,3,1,5,1,243503,2,2,3,9,10,8,22,13,0,0,0,0,0,0,0,62,3,3,0,0,3,0,0,3,1,1,0,0,2,2,1,1,1,Primary (1–5),STANDARD,3,False,True
8514719,UTTAR PRADESH,BAREILLY,BAREILLY TOWN,2,,1,3,1,5,1,243001,2,1,3,0,0,1,2,1,0,0,0,0,0,0,0,4,0,0,0,0,1,1,0,0,1,1,0,0,0,2,1,1,2,Primary (1–5),STANDARD,0,False,True
5993497,UTTAR PRADESH,BAREILLY,FARIDPUR,1,Khallpur,1,3,1,5,1,243503,2,2,3,51,37,44,75,93,0,0,0,0,0,0,0,300,8,6,2,0,7,2,2,3,1,1,0,0,2,2,1,1,2,Primary (1–5),STANDARD,5,False,True
7888423,UTTAR PRADESH,BAREILLY,BAHERI,1,Fardia Mankara,2,3,1,8,1,243201,2,2,3,1,4,4,2,1,2,10,1,0,0,0,0,25,4,3,1,0,9,2,1,6,1,1,0,0,2,2,1,1,1,Upper Primary (1–8),STANDARD,7,False,True
9969280,UTTAR PRADESH,BAREILLY,FARIDPUR,1,Kuiyan Uganpur,1,3,1,5,1,243503,2,2,3,3,5,11,20,25,0,0,0,0,0,0,0,64,5,4,1,0,3,1,0,2,1,1,0,0,2,2,1,1,1,Primary (1–5),STANDARD,2,False,True
1015637,UTTAR PRADESH,BAREILLY,BHADPURA,1,Abhai Rajpur,5,3,6,12,4,262406,9,2,3,0,0,0,0,0,65,48,47,171,194,136,101,762,16,16,0,0,15,9,0,6,3,3,10,0,0,1,1,1,1,Higher Secondary (6–12),STANDARD,6,True,True
8877251,UTTAR PRADESH,BAREILLY,BAHERI,1,Karim Gunj,1,3,1,5,1,243201,2,2,3,0,0,0,3,0,0,0,0,0,0,0,0,3,2,2,0,0,2,2,0,0,1,1,0,0,2,2,1,1,1,Primary (1–5),STANDARD,0,False,True
7830562,UTTAR PRADESH,BAREILLY,VITHARI CHAINPUR,1,Tirkunia,1,3,1,5,1,243123,2,2,3,8,6,8,8,9,0,0,0,0,0,0,0,39,4,2,2,0,5,2,2,1,1,1,0,0,2,2,1,1,1,Primary (1–5),STANDARD,3,False,True
3353384,UTTAR PRADESH,BAREILLY,FARIDPUR,1,Nagria Kala,1,3,1,5,1,243506,2,2,3,32,23,38,50,43,0,0,0,0,0,0,0,186,3,3,0,0,6,0,5,1,1,1,0,0,0,2,1,1,1,Primary (1–5),STANDARD,6,False,True
2498192,UTTAR PRADESH,BAREILLY,BHOJIPURA,1,Kamuan Maqrooqa,1,3,1,5,1,243202,2,2,3,15,4,8,9,19,0,0,0,0,0,0,0,55,4,2,2,0,3,0,1,2,1,1,0,0,2,1,1,1,1,Primary (1–5),STANDARD,3,True,True
4560098,UTTAR PRADESH,BAREILLY,BHADPURA,1,Nakatia,1,3,1,5,1,262406,2,2,3,2,4,3,12,7,0,0,0,0,0,0,0,28,1,1,0,0,4,2,0,2,1,1,0,0,2,2,1,1,1,Primary (1–5),STANDARD,2,False,True
6547076,UTTAR PRADESH,BAREILLY,KYARA,1,Kareli (Ct),1,3,1,5,1,243004,2,2,3,30,19,32,33,33,0,0,0,0,0,0,0,147,6,4,2,0,5,5,0,0,1,1,0,0,2,1,1,1,2,Primary (1–5),STANDARD,0,True,True
2885347,UTTAR PRADESH,BAREILLY,BHOJIPURA,1,Preva Mohammad Ali,1,3,1,5,1,243001,2,2,3,4,3,8,19,23,0,0,0,0,0,0,0,57,5,3,2,0,2,2,0,0,1,1,0,0,2,1,1,1,1,Primary (1–5),STANDARD,0,True,True
6946032,UTTAR PRADESH,BAREILLY,BHADPURA,1,Chandpur Khyali Ram,1,3,1,5,1,262406,2,2,3,2,2,2,4,2,0,0,0,0,0,0,0,12,2,1,1,0,6,3,0,3,1,1,0,0,2,1,1,1,1,Primary (1–5),STANDARD,3,True,True
7589764,UTTAR PRADESH,BAREILLY,FATEHGANJ,1,Panthara,1,3,1,5,1,243505,2,2,3,16,17,7,17,19,0,0,0,0,0,0,0,76,5,3,2,0,6,5,1,0,1,1,0,0,2,2,1,1,2,Primary (1–5),STANDARD,1,False,True
4745535,UTTAR PRADESH,BAREILLY,ALAMPUR,1,Kuddha,1,3,1,5,1,243401,2,2,3,37,24,25,51,43,0,0,0,0,0,0,0,180,5,3,2,0,5,3,2,0,2,2,0,0,2,2,1,1,1,Primary (1–5),STANDARD,2,False,True
2894326,UTTAR PRADESH,BAREILLY,KYARA,1,Simraboripur,1,3,1,5,1,243001,2,2,3,6,6,9,8,10,0,0,0,0,0,0,0,39,4,2,2,0,2,0,2,0,1,1,0,0,2,2,1,1,1,Primary (1–5),STANDARD,2,False,True
5661216,UTTAR PRADESH,BAREILLY,VITHARI CHAINPUR,1,Tirkunia,1,3,1,5,1,243123,2,2,3,5,0,2,7,7,0,0,0,0,0,0,0,21,3,2,1,0,2,0,2,0,1,1,0,0,2,2,1,1,1,Primary (1–5),STANDARD,2,False,True
7946713,UTTAR PRADESH,BAREILLY,BHADPURA,1,Bauriya Urf Bhau Nagla,1,3,1,5,1,262406,2,2,3,3,6,7,11,11,0,0,0,0,0,0,0,38,2,2,0,0,3,3,0,0,1,1,0,0,2,1,1,1,2,Primary (1–5),STANDARD,0,True,True
9900328,UTTAR PRADESH,BAREILLY,RICHHA(DAMKHODA),1,Thiria Jashoda,1,3,1,5,1,243203,2,2,3,15,10,5,14,11,0,0,0,0,0,0,0,55,3,1,2,0,2,2,0,0,1,1,0,0,2,2,1,1,1,Primary (1–5),STANDARD,0,False,True
7500110,UTTAR PRADESH,BAREILLY,BAREILLY TOWN,2,,1,3,1,5,1,243002,2,2,3,14,12,17,19,26,0,0,0,0,0,0,0,88,2,2,0,0,3,0,3,0,1,1,0,0,1,2,1,1,2,Primary (1–5),STANDARD,3,False,True
5534640,UTTAR PRADESH,BAREILLY,RAMNAGAR,1,Kharagpur,1,3,1,5,1,243303,2,2,3,9,6,7,8,3,0,0,0,0,0,0,0,33,1,1,0,0,1,1,0,0,1,1,0,0,2,2,1,1,2,Primary (1–5),STANDARD,0,False,True
2689500,UTTAR PRADESH,BAREILLY,MAJHGAWAN,1,Kishan Singhpur,1,3,1,5,1,243302,2,2,3,20,16,29,51,30,0,0,0,0,0,0,0,146,7,5,2,0,5,0,2,3,1,1,0,0,2,1,1,1,2,Primary (1–5),STANDARD,5,True,True
7716365,UTTAR PRADESH,BAREILLY,SHERGARH,1,Lakha,1,3,1,5,1,243505,2,2,3,15,8,14,20,17,0,0,0,0,0,0,0,74,3,2,1,0,5,2,1,2,2,1,0,0,2,1,1,1,2,Primary (1–5),STANDARD,3,True,True
8149378,UTTAR PRADESH,BAREILLY,VITHARI CHAINPUR,1,Faridapur Inayat Khan,1,3,1,5,1,243001,2,2,3,12,18,8,18,12,0,0,0,0,0,0,0,68,5,3,2,0,5,3,0,2,2,1,0,0,2,2,1,1,1,Primary (1–5),STANDARD,2,False,True
6673979,UTTAR PRADESH,BAREILLY,BAREILLY TOWN,2,,1,3,1,5,1,243005,2,2,3,5,6,8,6,6,0,0,0,0,0,0,0,31,2,1,1,0,3,2,0,1,1,1,0,0,2,2,1,1,1,Primary (1–5),STANDARD,1,False,True
5588723,UTTAR PRADESH,BAREILLY,BHUTA,1,Malahpur,1,3,1,5,1,243503,2,2,3,42,42,50,75,55,0,0,0,0,0,0,0,264,7,6,1,0,5,2,0,3,2,2,0,0,2,2,1,1,2,Primary (1–5),STANDARD,3,False,True
7938009,UTTAR PRADESH,BAREILLY,MAJHGAWAN,1,Shadinagar,1,3,1,5,1,243301,2,2,3,10,8,21,20,15,0,0,0,0,0,0,0,74,5,3,2,0,3,3,0,0,2,2,0,0,2,2,1,1,1,Primary (1–5),STANDARD,0,False,True
6351312,UTTAR PRADESH,BAREILLY,BHADPURA,1,Naugawan Viran,1,3,1,5,1,262406,2,2,3,6,5,6,7,7,0,0,0,0,0,0,0,31,2,1,1,0,3,3,0,0,1,1,0,0,2,2,1,1,1,Primary (1–5),STANDARD,0,False,True
7551545,UTTAR PRADESH,BAREILLY,VITHARI CHAINPUR,1,Bhoora,1,3,1,5,97,243122,2,2,3,0,2,0,0,0,0,0,0,0,0,0,0,2,4,3,1,0,3,3,0,0,1,1,0,0,0,2,2,2,2,Primary (1–5),STANDARD,0,False,False
6696542,UTTAR PRADESH,BAREILLY,ALAMPUR,1,Karuatal,1,3,1,5,1,243301,2,2,3,24,27,23,41,34,0,0,0,0,0,0,0,149,6,3,3,0,8,4,0,4,1,1,0,0,2,1,1,1,1,Primary (1–5),STANDARD,4,True,True
6526252,UTTAR PRADESH,BAREILLY,BHUTA,1,Khardaha Ilaka Kuan Danda,1,3,1,5,1,243503,2,2,3,7,6,4,5,8,0,0,0,0,0,0,0,30,2,1,1,0,5,4,0,1,1,1,0,0,2,2,1,1,1,Primary (1–5),STANDARD,1,False,True
9355404,UTTAR PRADESH,BAREILLY,BHADPURA,1,Keyolariya,1,3,1,5,5,262406,2,2,3,30,4,4,22,14,0,0,0,0,0,0,0,74,2,2,0,0,7,7,0,0,1,1,0,1,0,1,1,1,1,Primary (1–5),STANDARD,0,True,True
3569132,UTTAR PRADESH,BAREILLY,BAREILLY TOWN,2,,2,3,1,8,5,243122,2,2,3,25,45,39,34,48,42,65,47,0,0,0,0,345,11,10,1,0,8,8,0,0,5,10,5,0,0,1,1,1,1,Upper Primary (1–8),STANDARD,0,True,True
2539455,UTTAR PRADESH,BAREILLY,NAWABGANJ,2,,1,3,1,5,97,243201,2,2,3,0,7,0,3,3,0,0,0,0,0,0,0,13,5,3,2,0,5,5,0,0,1,1,0,0,0,1,1,2,1,Primary (1–5),STANDARD,0,True,False
7012106,UTTAR PRADESH,BAREILLY,BAREILLY TOWN,2,,2,3,1,8,5,243001,1,2,3,18,9,10,12,9,4,0,1,0,0,0,0,63,6,1,4,1,12,12,0,0,3,2,6,0,0,2,1,1,2,Upper Primary (1–8),STANDARD,0,False,True
4039635,UTTAR PRADESH,BAREILLY,ALAMPUR,1,Rampur Buzurg,3,3,1,12,5,243001,1,2,3,32,38,36,42,40,49,41,43,258,249,135,115,1078,16,2,14,0,29,29,0,0,9,6,30,5,0,1,1,1,1,Higher Secondary (1–12),STANDARD,0,True,True
4088093,UTTAR PRADESH,BAREILLY,MIRGANJ,1,Simaria,1,3,1,5,5,243504,2,2,3,22,9,6,12,11,0,0,0,0,0,0,0,60,5,0,5,0,6,6,0,0,1,1,0,1,0,1,1,2,1,Primary (1–5),STANDARD,0,True,False
6840753,UTTAR PRADESH,BAREILLY,BAREILLY TOWN,2,,1,3,1,5,5,243122,2,2,3,7,14,3,4,3,0,0,0,0,0,0,0,31,4,4,0,0,6,6,0,0,2,2,0,0,0,2,1,2,1,Primary (1–5),STANDARD,0,False,False
8581744,UTTAR PRADESH,BAREILLY,BHUTA,1,Dhakni Rajpuri,4,3,6,8,5,243503,9,2,3,0,0,0,0,0,4,4,4,0,0,0,0,12,2,2,0,0,4,4,0,0,1,1,0,0,0,2,2,1,1,Upper Primary (6–8),STANDARD,0,False,True
7608377,UTTAR PRADESH,BAREILLY,SHERGARH,1,Tanda,1,3,1,5,97,243201,2,2,3,2,2,14,9,11,0,0,0,0,0,0,0,38,4,4,0,0,5,5,0,0,2,2,1,0,0,1,1,1,1,Primary (1–5),STANDARD,0,True,True
8118344,UTTAR PRADESH,BAREILLY,BAREILLY TOWN,2,,2,3,1,8,5,243005,2,2,3,8,8,7,10,8,7,5,8,0,0,0,0,61,6,5,1,0,8,8,0,0,2,2,0,1,1,1,1,2,1,Upper Primary (1–8),STANDARD,0,True,False
3484594,UTTAR PRADESH,BAREILLY,BAREILLY TOWN,2,,2,3,1,8,5,243003,1,1,3,10,3,1,2,2,0,0,0,0,0,0,0,18,5,5,0,0,8,8,0,0,1,1,0,0,0,2,1,2,1,Upper Primary (1–8),STANDARD,0,False,False
3264238,UTTAR PRADESH,BAREILLY,BAREILLY TOWN,2,,1,3,1,5,97,243005,2,2,2,19,15,16,7,4,0,0,0,0,0,0,0,61,5,1,4,0,5,5,0,0,1,1,1,0,0,1,1,2,2,Primary (1–5),STANDARD,0,True,False
7201235,UTTAR PRADESH,BAREILLY,VITHARI CHAINPUR,1,Bhoora,1,3,1,5,5,243202,2,2,3,11,7,9,3,7,0,0,0,0,0,0,0,37,3,3,0,0,6,6,0,0,2,1,0,0,0,2,1,2,2,Primary (1–5),STANDARD,0,False,False
5738044,UTTAR PRADESH,BAREILLY,MIRGANJ,2,,2,3,1,8,5,243504,2,2,3,6,4,6,8,6,5,6,2,0,0,0,0,43,5,5,0,0,8,8,0,0,1,1,0,0,0,2,1,1,2,Upper Primary (1–8),STANDARD,0,False,True
8492557,UTTAR PRADESH,BAREILLY,BAREILLY TOWN,2,,3,3,1,12,99,243003,2,2,2,7,10,7,11,6,5,12,21,52,60,54,44,289,15,12,3,0,20,20,0,0,6,6,3,0,0,1,1,1,2,Higher Secondary (1–12),STANDARD,0,True,True
5261122,UTTAR PRADESH,BAREILLY,BAREILLY TOWN,2,,2,3,1,8,5,243001,2,2,3,11,11,7,8,5,8,3,5,0,0,0,0,58,6,6,0,0,8,8,0,0,2,2,1,1,0,2,1,1,1,Upper Primary (1–8),STANDARD,0,False,True
1527515,UTTAR PRADESH,BAREILLY,SHERGARH,1,Basai,2,3,1,8,5,243505,2,2,3,15,10,16,7,14,10,6,7,0,0,0,0,85,5,5,0,0,8,8,0,0,2,1,0,1,0,2,1,1,1,Upper Primary (1–8),STANDARD,0,False,True
8182609,UTTAR PRADESH,BAREILLY,BAREILLY TOWN,2,,1,3,1,5,5,243001,2,1,3,17,13,7,11,8,0,0,0,0,0,0,0,56,1,1,0,0,5,5,0,0,2,2,2,0,0,2,1,1,2,Primary (1–5),STANDARD,0,False,True
9874259,UTTAR PRADESH,BAREILLY,SHERGARH,2,,2,3,1,8,5,243505,2,2,3,20,0,0,0,0,7,15,18,0,0,0,0,60,7,1,6,0,10,10,0,0,1,2,0,1,0,1,2,1,1,Upper Primary (1–8),STANDARD,0,True,True
7811282,UTTAR PRADESH,BAREILLY,BAREILLY TOWN,2,,4,3,6,8,5,243001,9,2,3,0,0,0,0,0,42,47,42,0,0,0,0,131,4,4,0,0,10,10,0,0,1,1,2,0,0,2,1,1,1,Upper Primary (6–8),STANDARD,0,False,True
3745558,UTTAR PRADESH,BAREILLY,FATEHGANJ,1,Dauli Jawahar Lal,2,3,1,8,5,243505,2,2,3,18,6,19,15,18,19,13,21,0,0,0,0,129,18,14,1,3,8,8,0,0,3,2,10,1,0,1,1,1,1,Upper Primary (1–8),STANDARD,0,True,True
4561545,UTTAR PRADESH,BAREILLY,RAMNAGAR,1,Barser Sikandrapur,4,3,6,8,5,243303,9,2,3,0,0,0,0,0,26,32,32,0,0,0,0,90,6,4,2,0,6,6,0,0,1,1,0,0,0,2,2,1,1,Upper Primary (6–8),STANDARD,0,False,True
3823288,UTTAR PRADESH,BAREILLY,BAREILLY TOWN,2,,10,3,9,12,5,243005,9,2,3,0,0,0,0,0,0,0,0,56,58,28,32,174,4,1,3,0,7,7,0,0,2,2,0,1,0,1,1,1,2,Higher Secondary (9–12),STANDARD,0,True,True
4057425,UTTAR PRADESH,BAREILLY,BHOJIPURA,1,Jadaunpur,1,3,1,5,97,243202,2,2,3,11,25,13,29,13,0,0,0,0,0,0,0,91,3,0,3,0,5,5,0,0,1,1,0,0,0,1,1,2,1,Primary (1–5),STANDARD,0,True,False
8165497,UTTAR PRADESH,BAREILLY,BAREILLY TOWN,2,,2,3,1,8,5,243122,1,2,3,6,5,11,5,10,26,27,32,0,0,0,0,122,10,7,1,2,8,8,0,0,2,2,1,2,0,1,1,1,1,Upper Primary (1–8),STANDARD,0,True,True
7234461,UTTAR PRADESH,BAREILLY,MIRGANJ,1,Haldikhurd,2,3,1,8,1,243504,2,2,3,13,12,7,27,31,31,31,23,0,0,0,0,175,8,7,1,0,10,2,1,7,1,1,0,0,0,2,1,1,2,Upper Primary (1–8),STANDARD,8,False,True
7245499,UTTAR PRADESH,BAREILLY,MAJHGAWAN,1,Rajpur Kalan,6,3,1,10,97,243302,2,2,3,0,5,5,0,4,4,15,14,15,10,0,0,72,7,6,1,0,12,12,0,0,2,2,5,2,0,2,1,1,1,Secondary (1–10),STANDARD,0,False,True
7965117,UTTAR PRADESH,BAREILLY,BHOJIPURA,1,Bohit,5,3,6,12,5,243202,9,2,3,0,0,0,0,0,89,91,66,218,213,222,441,1340,15,14,1,0,15,15,0,0,2,3,20,30,0,1,1,1,1,Higher Secondary (6–12),STANDARD,0,True,True
5414307,UTTAR PRADESH,BAREILLY,BAHERI,1,Jasanpur,1,3,1,5,97,243505,2,2,3,1,4,0,4,5,0,0,0,0,0,0,0,14,3,3,0,0,5,5,0,0,1,1,0,0,0,2,1,2,2,Primary (1–5),STANDARD,0,False,False
2360656,UTTAR PRADESH,BAREILLY,BAHERI,1,Mandanpur Shumali,3,3,1,12,5,243201,1,2,3,106,66,46,77,59,48,46,59,49,73,88,88,805,33,31,2,0,26,26,0,0,16,12,25,1,0,1,1,1,1,Higher Secondary (1–12),STANDARD,0,True,True
5525648,UTTAR PRADESH,BAREILLY,BAHERI,1,Girdharpur,2,3,1,8,1,243201,2,2,3,23,28,24,37,28,39,37,18,0,0,0,0,234,10,5,5,0,5,4,0,1,3,3,3,2,2,2,1,1,1,Upper Primary (1–8),STANDARD,1,False,True
8938642,UTTAR PRADESH,BAREILLY,BAHERI,1,Bhakawa,2,3,1,8,1,243201,2,2,3,6,6,3,9,12,22,20,14,0,0,0,0,92,6,2,4,0,9,7,1,1,1,1,0,1,2,1,1,1,1,Upper Primary (1–8),STANDARD,2,True,True
6007981,UTTAR PRADESH,BAREILLY,KYARA,1,Dauli Raghuber Dayal,2,3,1,8,1,243001,2,2,3,41,33,35,41,61,95,114,106,0,0,0,0,526,13,10,2,1,8,3,5,0,3,3,4,0,2,1,1,1,2,Upper Primary (1–8),STANDARD,5,True,True
2670859,UTTAR PRADESH,BAREILLY,SHERGARH,1,Dunka,4,3,6,8,5,243505,9,2,3,0,0,0,0,0,22,26,16,0,0,0,0,64,3,0,3,0,4,4,0,0,1,1,0,0,0,2,1,1,1,Upper Primary (6–8),STANDARD,0,False,True
5452531,UTTAR PRADESH,BAREILLY,BHOJIPURA,1,Chaupara Shumali,4,3,6,8,1,243202,9,2,3,0,0,0,0,0,90,117,113,0,0,0,0,320,11,9,0,2,5,4,1,0,2,2,1,1,0,2,1,1,1,Upper Primary (6–8),STANDARD,1,False,True
6965027,UTTAR PRADESH,BAREILLY,FATEHGANJ,1,Khanpur,2,3,1,8,1,243202,2,2,3,11,15,19,38,21,63,101,54,0,0,0,0,322,10,8,2,0,16,15,1,0,1,4,16,2,2,2,1,1,1,Upper Primary (1–8),STANDARD,1,False,True
1218608,UTTAR PRADESH,BAREILLY,KYARA,1,Angori,4,3,6,8,1,243001,9,2,3,0,0,0,0,0,71,58,71,0,0,0,0,200,6,3,3,0,3,3,0,0,1,1,0,0,0,2,1,1,2,Upper Primary (6–8),STANDARD,0,False,True
8026930,UTTAR PRADESH,BAREILLY,MAJHGAWAN,1,Rahtuiya,4,3,6,8,1,243301,9,2,3,0,0,0,0,0,36,45,32,0,0,0,0,113,4,4,0,0,3,1,2,0,1,1,0,0,2,2,1,1,1,Upper Primary (6–8),STANDARD,2,False,True
4521765,UTTAR PRADESH,BAREILLY,BHUTA,1,Tisuwa,4,3,6,8,1,243506,9,2,3,0,0,0,0,0,48,54,57,0,0,0,0,159,5,5,0,0,5,0,0,5,1,1,0,0,2,1,1,1,1,Upper Primary (6–8),STANDARD,5,True,True
7543244,UTTAR PRADESH,BAREILLY,RAMNAGAR,1,Gurwa,2,3,1,8,1,243303,2,2,3,13,9,15,30,16,10,17,21,0,0,0,0,131,6,4,2,0,11,7,2,2,2,2,0,0,2,1,1,1,1,Upper Primary (1–8),STANDARD,4,True,True
4117386,UTTAR PRADESH,BAREILLY,BAREILLY TOWN,2,,2,3,1,8,1,243001,2,2,3,6,5,17,24,30,35,36,29,0,0,0,0,182,2,2,0,0,10,2,5,3,3,3,0,0,2,2,1,1,1,Upper Primary (1–8),STANDARD,8,False,True
6209111,UTTAR PRADESH,BAREILLY,NAWABGANJ,1,Aspur Hasan Ali,4,3,6,8,1,243407,9,2,3,0,0,0,0,0,61,30,42,0,0,0,0,133,5,5,0,0,4,4,0,0,2,2,0,0,2,1,1,1,1,Upper Primary (6–8),STANDARD,0,True,True
9041765,UTTAR PRADESH,BAREILLY,BHUTA,1,Ladpur Mudia,2,3,1,8,1,243503,2,2,3,7,6,6,17,17,18,22,17,0,0,0,0,110,6,6,0,0,6,0,4,2,2,2,0,0,2,1,1,1,1,Upper Primary (1–8),STANDARD,6,True,True
8578270,UTTAR PRADESH,BAREILLY,BHOJIPURA,1,Ghanghoua Ghanghori,4,3,6,8,1,243001,9,2,3,0,0,0,0,0,64,126,75,0,0,0,0,265,7,4,2,1,4,4,0,0,2,2,0,1,1,1,1,1,2,Upper Primary (6–8),STANDARD,0,True,True
4439580,UTTAR PRADESH,BAREILLY,MIRGANJ,1,Sidhauli,5,2,6,12,1,243504,9,2,1,0,0,0,0,0,41,22,36,38,25,6,0,168,7,0,6,1,7,7,0,0,0,13,6,0,2,1,1,1,1,Higher Secondary (6–12),STANDARD,0,True,True
4523255,UTTAR PRADESH,BAREILLY,BHUTA,1,Padoli,6,3,1,10,5,243503,2,2,3,26,31,25,24,35,34,23,19,21,17,0,0,255,18,10,8,0,8,8,0,0,4,8,10,2,0,1,1,1,1,Secondary (1–10),STANDARD,0,True,True
4090519,UTTAR PRADESH,BAREILLY,FATEHGANJ,1,Narafaridpur,8,3,9,10,1,243505,9,2,3,0,0,0,0,0,0,0,0,13,20,0,0,33,4,4,0,0,4,4,0,0,2,2,0,0,0,1,1,1,1,Secondary (9–10),STANDARD,0,True,True
2567453,UTTAR PRADESH,BAREILLY,NAWABGANJ,1,Pipra Nighai,4,3,6,8,1,262406,9,2,3,0,0,0,0,0,14,16,12,0,0,0,0,42,1,1,0,0,3,3,0,0,1,2,0,1,2,2,1,1,1,Upper Primary (6–8),STANDARD,0,False,True
9840199,UTTAR PRADESH,BAREILLY,BAREILLY TOWN,2,,2,3,1,8,5,243502,2,2,3,2,12,15,19,16,39,33,51,0,0,0,0,187,5,5,0,0,8,8,0,0,2,2,0,0,0,1,1,2,1,Upper Primary (1–8),STANDARD,0,True,False
7236008,UTTAR PRADESH,BAREILLY,MAJHGAWAN,1,Khateta,1,3,1,5,1,243302,2,2,3,18,12,23,35,32,0,0,0,0,0,0,0,120,5,3,2,0,6,2,2,2,1,1,0,0,2,2,1,1,1,Primary (1–5),STANDARD,4,False,True
8696827,UTTAR PRADESH,BAREILLY,BHOJIPURA,1,Mundia Chetram,7,3,6,10,4,243202,9,2,3,0,0,0,0,0,65,73,70,73,53,0,0,334,5,2,3,0,9,9,0,0,1,1,0,1,0,2,2,1,1,Secondary (6–10),STANDARD,0,False,True
3066747,UTTAR PRADESH,BAREILLY,BHUTA,1,Angadpur Khamria,1,3,1,5,1,243503,2,2,3,3,6,3,11,6,0,0,0,0,0,0,0,29,2,2,0,0,4,2,0,2,2,2,0,0,2,2,1,1,1,Primary (1–5),STANDARD,2,False,True
7656946,UTTAR PRADESH,BAREILLY,FARIDPUR,1,Raipur Hans,1,3,1,5,1,243001,2,2,3,29,22,22,43,31,0,0,0,0,0,0,0,147,6,5,1,0,4,4,0,0,2,1,0,0,2,1,1,1,2,Primary (1–5),STANDARD,0,True,True
7181251,UTTAR PRADESH,BAREILLY,ALAMPUR,1,Makrandpur Dharajit,1,3,1,5,1,243201,2,2,3,17,8,6,11,11,0,0,0,0,0,0,0,53,4,2,2,0,2,2,0,0,1,1,0,0,0,2,1,1,1,Primary (1–5),STANDARD,0,False,True
5632818,UTTAR PRADESH,BAREILLY,BAHERI,1,Sukatia,1,3,1,5,1,243201,2,2,3,12,12,8,7,18,0,0,0,0,0,0,0,57,3,2,1,0,4,1,3,0,1,1,0,0,2,2,1,1,1,Primary (1–5),STANDARD,3,False,True
8415932,UTTAR PRADESH,BAREILLY,NAWABGANJ,1,Dandia Faizulla,1,3,1,5,1,243407,2,2,3,2,3,7,6,5,0,0,0,0,0,0,0,23,4,3,1,0,3,1,1,1,1,1,0,0,1,2,1,1,1,Primary (1–5),STANDARD,2,False,True
8628718,UTTAR PRADESH,BAREILLY,BHADPURA,1,Phulwaiya,1,3,1,5,1,262406,2,2,3,22,18,13,28,30,0,0,0,0,0,0,0,111,5,3,2,0,5,0,2,3,1,1,0,0,2,1,3,1,2,Primary (1–5),STANDARD,5,True,True
8167937,UTTAR PRADESH,BAREILLY,KYARA,1,Angori,1,3,1,5,1,243001,2,2,3,24,27,30,33,23,0,0,0,0,0,0,0,137,7,5,2,0,5,3,0,2,1,2,0,0,2,1,1,1,1,Primary (1–5),STANDARD,2,True,True
7193701,UTTAR PRADESH,BAREILLY,SHERGARH,1,Biharipur Istamarar,1,3,1,5,1,243202,2,2,3,16,12,6,22,17,0,0,0,0,0,0,0,73,4,3,1,0,2,2,0,0,1,1,0,1,2,1,1,1,1,Primary (1–5),STANDARD,0,True,True
6915279,UTTAR PRADESH,BAREILLY,RAMNAGAR,1,Shahpur Mustkil,1,3,1,5,1,243303,2,2,3,2,5,5,9,4,0,0,0,0,0,0,0,25,1,1,0,0,3,2,1,0,2,1,0,0,2,2,1,1,2,Primary (1–5),STANDARD,1,False,True
3832210,UTTAR PRADESH,BAREILLY,SHERGARH,1,Ghatgaon,1,3,1,5,1,243505,2,2,3,20,21,19,19,24,0,0,0,0,0,0,0,103,3,3,0,0,3,1,1,1,1,2,0,0,2,2,1,1,2,Primary (1–5),STANDARD,2,False,True
2246091,UTTAR PRADESH,BAREILLY,KYARA,1,Chandur Jogian,1,3,1,5,1,243001,2,2,3,29,24,19,32,49,0,0,0,0,0,0,0,153,8,6,2,0,4,0,2,2,1,1,0,0,2,2,1,1,1,Primary (1–5),STANDARD,4,False,True
1225114,UTTAR PRADESH,BAREILLY,BAHERI,1,Utarasia Mohliya,1,3,1,5,1,243201,2,2,3,11,11,6,16,10,0,0,0,0,0,0,0,54,2,1,1,0,5,5,0,0,2,2,0,0,2,2,1,1,1,Primary (1–5),STANDARD,0,False,True
8417764,UTTAR PRADESH,BAREILLY,BAREILLY TOWN,2,,1,3,1,5,1,243003,2,2,3,4,14,8,15,13,0,0,0,0,0,0,0,54,2,0,2,0,3,3,0,0,1,1,0,0,2,1,1,1,2,Primary (1–5),STANDARD,0,True,True
6066667,UTTAR PRADESH,BAREILLY,BHADPURA,1,Jagi Dandi,1,3,1,5,1,262406,2,2,3,0,1,1,2,1,0,0,0,0,0,0,0,5,2,1,1,0,3,1,0,2,1,1,0,0,2,2,1,1,2,Primary (1–5),STANDARD,2,False,True
7998027,UTTAR PRADESH,BAREILLY,BAREILLY TOWN,2,,1,3,1,5,1,243003,2,1,3,3,3,2,2,5,0,0,0,0,0,0,0,15,0,0,0,0,4,4,0,0,1,1,0,0,0,2,1,1,2,Primary (1–5),STANDARD,0,False,True
2173725,UTTAR PRADESH,BAREILLY,SHERGARH,1,Buchanpur,1,3,1,5,1,243001,2,2,3,11,10,11,17,15,0,0,0,0,0,0,0,64,3,3,0,0,6,3,2,1,2,2,0,1,0,2,1,1,1,Primary (1–5),STANDARD,3,False,True
8931630,UTTAR PRADESH,BAREILLY,BAHERI,1,Bahapur,1,3,1,5,1,243201,2,2,3,4,9,6,13,11,0,0,0,0,0,0,0,43,5,2,3,0,2,0,0,2,1,1,0,0,2,1,1,1,2,Primary (1–5),STANDARD,2,True,True
9394373,UTTAR PRADESH,BAREILLY,NAWABGANJ,1,Himkara,1,3,1,5,1,243407,2,2,3,11,11,5,8,7,0,0,0,0,0,0,0,42,2,1,1,0,4,0,3,1,1,1,0,0,2,2,1,1,1,Primary (1–5),STANDARD,4,False,True
4743087,UTTAR PRADESH,BAREILLY,NAWABGANJ,1,Gajraula,1,3,1,5,1,262406,2,2,3,12,8,12,12,7,0,0,0,0,0,0,0,51,4,2,2,0,2,0,1,1,1,1,0,0,2,1,1,1,1,Primary (1–5),STANDARD,2,True,True
9188701,UTTAR PRADESH,BAREILLY,RICHHA(DAMKHODA),1,Abhaypur Mahmoodpur,1,3,1,5,1,243203,2,2,3,4,8,6,5,5,0,0,0,0,0,0,0,28,2,1,1,0,3,3,0,0,1,1,0,0,2,1,1,1,1,Primary (1–5),STANDARD,0,True,True
7668212,UTTAR PRADESH,BAREILLY,KYARA,1,Manpur Chikitia,1,3,1,5,1,243001,2,2,3,15,16,8,15,11,0,0,0,0,0,0,0,65,4,2,2,0,4,2,2,0,1,1,0,0,2,1,1,1,1,Primary (1–5),STANDARD,2,True,True
7093473,UTTAR PRADESH,BAREILLY,SHERGARH,1,Sahora,1,3,1,5,1,243505,2,2,3,16,17,8,14,7,0,0,0,0,0,0,0,62,4,2,2,0,5,3,0,2,1,1,0,0,2,1,1,1,1,Primary (1–5),STANDARD,2,True,True
1316988,UTTAR PRADESH,BAREILLY,BHADPURA,1,Karua Sahab Ganj,1,3,1,5,1,262406,2,2,3,8,0,6,5,2,0,0,0,0,0,0,0,21,2,2,0,0,3,3,0,0,1,1,0,0,2,1,1,1,1,Primary (1–5),STANDARD,0,True,True
8864785,UTTAR PRADESH,BAREILLY,ALAMPUR,1,Sikora,1,3,1,5,1,243301,2,2,3,27,18,18,46,22,0,0,0,0,0,0,0,131,5,4,1,0,4,2,0,2,1,1,0,0,2,1,1,1,2,Primary (1–5),STANDARD,2,True,True
9120107,UTTAR PRADESH,BAREILLY,VITHARI CHAINPUR,1,Balipur Ahmedpur,1,3,1,5,1,243123,2,2,3,4,4,7,5,12,0,0,0,0,0,0,0,32,3,2,1,0,4,0,2,2,2,2,0,0,0,2,1,1,1,Primary (1–5),STANDARD,4,False,True
1625471,UTTAR PRADESH,BAREILLY,KYARA,1,Kiara Mustqil,1,3,1,5,1,243001,2,2,3,35,35,38,45,38,0,0,0,0,0,0,0,191,6,6,0,0,6,1,3,2,1,2,0,0,0,1,1,1,1,Primary (1–5),STANDARD,5,True,True
7394843,UTTAR PRADESH,BAREILLY,BHOJIPURA,1,Surla,1,3,1,5,1,243202,2,2,3,12,15,14,21,17,0,0,0,0,0,0,0,79,5,3,2,0,7,2,2,3,1,1,0,0,2,2,1,1,1,Primary (1–5),STANDARD,5,False,True
5307315,UTTAR PRADESH,BAREILLY,VITHARI CHAINPUR,1,Dogharia,1,3,1,5,5,243123,2,2,3,19,19,12,16,15,0,0,0,0,0,0,0,81,6,6,0,0,5,5,0,0,2,2,1,1,1,2,1,1,2,Primary (1–5),STANDARD,0,False,True
8680860,UTTAR PRADESH,BAREILLY,KYARA,1,Chandur Jogian,10,3,9,12,5,243502,9,2,1,0,0,0,0,0,0,0,0,29,272,78,71,450,9,9,0,0,6,6,0,0,3,3,3,2,5,1,1,1,1,Higher Secondary (9–12),STANDARD,0,True,True
3980212,UTTAR PRADESH,BAREILLY,BHADPURA,1,Baragaon,1,3,1,5,1,262406,2,2,3,10,4,10,22,8,0,0,0,0,0,0,0,54,3,3,0,0,8,5,3,0,1,1,0,0,2,1,1,1,1,Primary (1–5),STANDARD,3,True,True
3551184,UTTAR PRADESH,BAREILLY,BAREILLY TOWN,2,,1,3,1,5,5,243005,2,2,3,29,29,16,24,22,0,0,0,0,0,0,0,120,6,0,6,0,6,6,0,0,2,2,3,0,0,1,1,2,2,Primary (1–5),STANDARD,0,True,False
7960036,UTTAR PRADESH,BAREILLY,RAMNAGAR,2,,1,3,1,5,5,243303,2,2,3,25,17,26,18,19,0,0,0,0,0,0,0,105,8,8,0,0,5,5,0,0,1,1,4,1,0,1,1,1,1,Primary (1–5),STANDARD,0,True,True
9801321,UTTAR PRADESH,BAREILLY,NAWABGANJ,1,Tumaria,2,3,1,8,5,262406,1,2,3,39,22,8,18,13,18,24,12,0,0,0,0,154,12,6,0,6,11,11,0,0,3,6,0,1,4,2,1,1,1,Upper Primary (1–8),STANDARD,0,False,True
9733675,UTTAR PRADESH,BAREILLY,NAWABGANJ,1,Aurangabad,7,3,6,10,5,262406,9,2,3,0,0,0,0,0,31,28,28,23,23,0,0,133,7,7,0,0,13,13,0,0,3,3,17,1,0,1,1,1,1,Secondary (6–10),STANDARD,0,True,True
5382577,UTTAR PRADESH,BAREILLY,VITHARI CHAINPUR,1,Bhagnapur,4,3,6,8,1,243122,9,2,3,0,0,0,0,0,28,26,32,0,0,0,0,86,3,3,0,0,3,2,1,0,1,1,0,0,2,2,1,1,1,Upper Primary (6–8),STANDARD,1,False,True
8085591,UTTAR PRADESH,BAREILLY,BAREILLY TOWN,2,,10,3,9,12,5,243001,9,2,3,0,0,0,0,0,0,0,0,54,70,230,263,617,7,3,0,4,10,6,4,0,2,2,1,1,2,1,1,1,1,Higher Secondary (9–12),STANDARD,4,True,True
5323423,UTTAR PRADESH,BAREILLY,BAHERI,1,Raju Nagala,5,3,6,12,5,243201,9,2,3,0,0,0,0,0,56,62,58,283,221,220,233,1133,17,17,0,0,9,9,0,0,3,10,1,1,0,1,2,1,1,Higher Secondary (6–12),STANDARD,0,True,True
9369134,UTTAR PRADESH,BAREILLY,BAREILLY TOWN,2,,4,3,6,8,5,243005,9,2,3,0,0,0,0,0,33,22,12,0,0,0,0,67,3,1,0,2,3,3,0,0,1,1,2,0,0,1,1,1,2,Upper Primary (6–8),STANDARD,0,True,True
4559564,UTTAR PRADESH,BAREILLY,BAREILLY TOWN,2,,2,3,1,8,5,243005,1,2,3,1,7,7,3,1,2,0,3,0,0,0,0,24,5,5,0,0,8,8,0,0,4,4,2,0,0,2,1,1,1,Upper Primary (1–8),STANDARD,0,False,True
2790175,UTTAR PRADESH,BAREILLY,FATEHGANJ,1,Sukali,1,3,1,5,97,243505,2,2,3,4,6,9,33,20,0,0,0,0,0,0,0,72,8,1,7,0,5,5,0,0,3,2,0,1,0,1,2,2,1,Primary (1–5),STANDARD,0,True,False
2164280,UTTAR PRADESH,BAREILLY,VITHARI CHAINPUR,2,,2,3,1,8,5,243122,2,2,3,0,0,0,0,0,9,11,21,0,0,0,0,41,4,4,0,0,8,8,0,0,1,2,0,1,0,2,1,2,2,Upper Primary (1–8),STANDARD,0,False,False
8617226,UTTAR PRADESH,BAREILLY,BAREILLY TOWN,2,,2,3,1,8,5,243122,2,2,3,0,0,0,0,0,37,23,8,0,0,0,0,68,3,3,0,0,8,8,0,0,2,2,1,0,0,1,1,2,1,Upper Primary (1–8),STANDARD,0,True,False
8177974,UTTAR PRADESH,BAREILLY,VITHARI CHAINPUR,1,Mohanpur,2,3,1,8,5,243203,2,2,3,4,10,6,3,6,4,3,1,0,0,0,0,37,4,4,0,0,7,7,0,0,1,1,0,0,0,1,1,2,2,Upper Primary (1–8),STANDARD,0,True,False
9555296,UTTAR PRADESH,BAREILLY,BAREILLY TOWN,2,,3,3,1,12,5,243003,1,2,3,106,79,88,102,86,66,44,60,49,54,37,37,808,62,62,0,0,37,37,0,0,9,10,51,0,0,1,1,1,1,Higher Secondary (1–12),STANDARD,0,True,True
9725799,UTTAR PRADESH,BAREILLY,ALAMPUR,1,Ballia,5,3,6,12,5,243402,9,2,3,0,0,0,0,0,92,71,122,156,166,161,187,955,16,3,12,1,15,15,0,0,4,3,10,2,2,1,1,1,1,Higher Secondary (6–12),STANDARD,0,True,True
3475509,UTTAR PRADESH,BAREILLY,BAREILLY TOWN,2,,1,3,1,5,5,243122,1,2,3,5,6,4,9,8,0,0,0,0,0,0,0,32,6,6,0,0,8,8,0,0,1,1,2,1,0,1,1,2,1,Primary (1–5),STANDARD,0,True,False
4881218,UTTAR PRADESH,BAREILLY,NAWABGANJ,2,,1,3,1,5,5,243001,2,2,3,26,19,19,18,17,0,0,0,0,0,0,0,99,6,0,6,0,5,5,0,0,3,3,6,1,1,1,1,2,1,Primary (1–5),STANDARD,0,True,False
5394510,UTTAR PRADESH,BAREILLY,BAREILLY TOWN,2,,1,3,1,5,5,243003,1,2,3,56,55,29,26,27,0,0,0,0,0,0,0,193,18,8,5,5,19,19,0,0,2,2,0,1,0,1,1,1,1,Primary (1–5),STANDARD,0,True,True
8707729,UTTAR PRADESH,BAREILLY,MIRGANJ,2,,1,3,1,5,5,243504,2,2,3,2,5,0,6,6,0,0,0,0,0,0,0,19,3,3,0,0,4,4,0,0,1,1,0,0,0,2,1,2,1,Primary (1–5),STANDARD,0,False,False
6154234,UTTAR PRADESH,BAREILLY,BAREILLY TOWN,2,,1,3,1,5,5,243001,2,2,3,11,27,28,18,17,0,0,0,0,0,0,0,101,6,6,0,0,6,6,0,0,1,1,1,0,0,2,1,2,2,Primary (1–5),STANDARD,0,False,False
8317165,UTTAR PRADESH,BAREILLY,BHUTA,1,Khajuria Shampat,2,3,1,8,5,243503,1,2,3,7,8,2,5,1,14,9,8,0,0,0,0,54,3,3,0,0,10,10,0,0,1,1,0,0,0,2,1,1,1,Upper Primary (1–8),STANDARD,0,False,True
2536401,UTTAR PRADESH,BAREILLY,VITHARI CHAINPUR,1,Kalari,2,3,1,8,5,243122,2,2,3,5,10,11,7,13,22,24,31,0,0,0,0,123,5,1,4,0,7,7,0,0,4,3,0,1,0,1,1,2,2,Upper Primary (1–8),STANDARD,0,True,False
9589225,UTTAR PRADESH,BAREILLY,BAREILLY TOWN,2,,10,3,9,12,5,243001,9,2,3,0,0,0,0,0,0,0,0,78,66,47,57,248,8,8,0,0,14,14,0,0,5,5,1,0,0,1,1,1,1,Higher Secondary (9–12),STANDARD,0,True,True
6880445,UTTAR PRADESH,BAREILLY,BAHERI,1,Ruppur,2,3,1,8,5,243201,1,2,3,2,1,1,4,5,31,0,3,0,0,0,0,47,3,3,0,0,8,8,0,0,1,1,1,1,0,1,1,1,1,Upper Primary (1–8),STANDARD,0,True,True
9199071,UTTAR PRADESH,BAREILLY,NAWABGANJ,1,Richhola Kifayatullah,1,3,1,5,97,262406,2,2,3,0,2,4,1,5,0,0,0,0,0,0,0,12,4,4,0,0,5,5,0,0,1,1,0,0,0,2,2,2,1,Primary (1–5),STANDARD,0,False,False
2829775,UTTAR PRADESH,BAREILLY,BAREILLY TOWN,2,,5,3,6,12,4,243005,9,2,3,0,0,0,0,0,22,31,47,84,104,106,124,518,30,28,0,2,20,20,0,0,4,2,1,0,0,1,1,1,1,Higher Secondary (6–12),STANDARD,0,True,True
1365323,UTTAR PRADESH,BAREILLY,FATEHGANJ,2,,1,3,1,5,97,243201,2,2,3,0,4,0,11,2,0,0,0,0,0,0,0,17,3,3,0,0,3,3,0,0,3,6,0,0,0,1,2,2,2,Primary (1–5),STANDARD,0,True,False
5626376,UTTAR PRADESH,BAREILLY,KYARA,1,Simraboripur,2,3,1,8,1,243001,2,2,3,6,6,5,14,11,53,37,34,0,0,0,0,166,8,6,2,0,10,7,0,3,2,2,2,0,2,1,1,1,1,Upper Primary (1–8),STANDARD,3,True,True
4611982,UTTAR PRADESH,BAREILLY,BAHERI TOWN,2,,1,3,1,5,5,243201,2,2,3,4,20,15,10,5,0,0,0,0,0,0,0,54,3,3,0,0,5,5,0,0,2,2,0,0,0,2,1,1,1,Primary (1–5),STANDARD,0,False,True
2544415,UTTAR PRADESH,BAREILLY,SHERGARH,1,Manpur,2,3,1,8,5,243201,2,2,3,10,24,18,22,26,63,101,68,0,0,0,0,332,8,8,0,0,8,8,0,0,2,2,0,0,0,1,2,1,1,Upper Primary (1–8),STANDARD,0,True,True
5373632,UTTAR PRADESH,BAREILLY,BAREILLY TOWN,2,,1,3,1,5,5,243001,2,2,3,43,39,10,41,16,0,0,0,0,0,0,0,149,6,6,0,0,7,7,0,0,2,2,0,1,0,1,1,1,1,Primary (1–5),STANDARD,0,True,True
2993400,UTTAR PRADESH,BAREILLY,BAREILLY TOWN,2,,1,3,1,5,5,243003,2,2,3,10,10,13,12,11,0,0,0,0,0,0,0,56,2,2,0,0,6,6,0,0,2,2,6,3,0,1,1,2,1,Primary (1–5),STANDARD,0,True,False
2045027,UTTAR PRADESH,BAREILLY,SHERGARH,1,Kamalpur,2,3,1,8,1,243203,2,2,3,22,17,18,33,29,33,32,35,0,0,0,0,219,8,6,2,0,11,11,0,0,3,2,0,2,0,2,1,1,1,Upper Primary (1–8),STANDARD,0,False,True
1939905,UTTAR PRADESH,BAREILLY,VITHARI CHAINPUR,1,Parataspur,4,3,6,8,1,243123,9,2,3,0,0,0,0,0,20,32,25,0,0,0,0,77,3,3,0,0,4,2,1,1,2,2,5,0,1,2,1,1,1,Upper Primary (6–8),STANDARD,2,False,True
7869635,UTTAR PRADESH,BAREILLY,BHADPURA,1,Abdala,2,3,1,8,1,262406,2,2,3,18,18,10,24,25,76,61,36,0,0,0,0,268,7,6,1,0,7,4,1,2,2,2,0,0,2,2,1,1,1,Upper Primary (1–8),STANDARD,3,False,True
4637520,UTTAR PRADESH,BAREILLY,BAHERI,1,Juva Jawaharpur,2,3,1,8,1,243201,2,2,3,40,25,20,56,28,34,21,25,0,0,0,0,249,4,2,2,0,7,5,0,2,1,4,0,2,2,2,1,1,2,Upper Primary (1–8),STANDARD,2,False,True
8301039,UTTAR PRADESH,BAREILLY,BHOJIPURA,1,Harbanspur Urf Lachhmipur,2,3,1,8,1,243202,2,2,3,33,28,26,45,54,122,171,129,0,0,0,0,608,15,10,5,0,13,0,13,0,5,4,16,2,2,1,1,1,2,Upper Primary (1–8),STANDARD,13,True,True
4572956,UTTAR PRADESH,BAREILLY,ALAMPUR,1,Bihat,2,3,1,8,1,243201,2,2,3,13,20,27,20,20,15,26,15,0,0,0,0,156,7,6,1,0,8,6,2,0,1,1,0,0,2,2,1,1,1,Upper Primary (1–8),STANDARD,2,False,True
4936599,UTTAR PRADESH,BAREILLY,NAWABGANJ,1,Inayatpur,4,3,6,8,1,243201,9,2,3,0,0,0,0,0,9,12,10,0,0,0,0,31,3,3,0,0,3,3,0,0,2,2,0,0,0,2,1,1,2,Upper Primary (6–8),STANDARD,0,False,True
5002749,UTTAR PRADESH,BAREILLY,BHUTA,1,Khanpur,4,3,6,8,1,243503,9,2,3,0,0,0,0,0,26,21,19,0,0,0,0,66,2,2,0,0,5,2,1,2,1,1,0,0,2,1,1,1,2,Upper Primary (6–8),STANDARD,3,True,True
6198910,UTTAR PRADESH,BAREILLY,VITHARI CHAINPUR,1,Manpuria Delel,4,3,6,8,1,243123,9,2,3,0,0,0,0,0,35,40,41,0,0,0,0,116,5,3,1,1,3,2,1,0,1,1,0,1,2,1,1,1,1,Upper Primary (6–8),STANDARD,1,True,True
2401869,UTTAR PRADESH,BAREILLY,BHUTA,1,Bhadpura,1,3,1,5,1,243503,2,2,3,30,20,25,39,33,0,0,0,0,0,0,0,147,5,4,1,0,5,1,4,0,1,1,0,0,2,2,1,1,2,Primary (1–5),STANDARD,4,False,True
9072184,UTTAR PRADESH,BAREILLY,VITHARI CHAINPUR,1,Rajpuri Nawada,2,3,1,8,1,243123,2,2,3,16,4,9,21,30,30,40,43,0,0,0,0,193,8,8,0,0,7,0,0,7,2,2,0,0,2,2,1,1,1,Upper Primary (1–8),STANDARD,7,False,True
8760539,UTTAR PRADESH,BAREILLY,MIRGANJ,1,Sidhauli,2,3,1,8,1,243504,2,2,3,30,45,37,49,48,55,81,59,0,0,0,0,404,12,12,0,0,11,10,0,1,2,2,0,0,2,2,1,1,1,Upper Primary (1–8),STANDARD,1,False,True
6360523,UTTAR PRADESH,BAREILLY,SHERGARH,1,Padmi,1,3,1,5,1,243505,2,2,3,22,16,16,23,27,0,0,0,0,0,0,0,104,4,3,1,0,7,5,0,2,1,1,0,0,2,1,1,1,2,Primary (1–5),STANDARD,2,True,True
6654005,UTTAR PRADESH,BAREILLY,BAREILLY TOWN,2,,5,3,6,12,4,243001,9,2,3,0,0,0,0,0,51,71,80,209,227,110,97,845,11,11,0,0,16,15,1,0,10,8,22,0,0,1,1,1,1,Higher Secondary (6–12),STANDARD,1,True,True
4217207,UTTAR PRADESH,BAREILLY,BHADPURA,1,Baboora Baboori,4,3,6,8,1,243001,9,2,3,0,0,0,0,0,45,40,15,0,0,0,0,100,2,2,0,0,4,2,2,0,1,1,0,0,2,2,1,1,1,Upper Primary (6–8),STANDARD,2,False,True
1143520,UTTAR PRADESH,BAREILLY,ALAMPUR,1,Singha,2,3,1,8,1,243201,2,2,3,22,22,16,43,37,41,49,34,0,0,0,0,264,8,6,0,2,9,7,0,2,2,2,0,0,2,1,1,1,1,Upper Primary (1–8),STANDARD,2,True,True
8036284,UTTAR PRADESH,BAREILLY,FATEHGANJ,1,Fatehpur Durga Prasad,1,3,1,5,1,243505,2,2,3,19,10,9,26,29,0,0,0,0,0,0,0,93,5,4,1,0,4,1,1,2,1,1,0,1,2,1,1,1,1,Primary (1–5),STANDARD,3,True,True
6422415,UTTAR PRADESH,BAREILLY,BHUTA,1,Kali Nagla,1,3,1,5,1,243503,2,2,3,18,27,27,25,26,0,0,0,0,0,0,0,123,6,5,1,0,7,5,2,0,1,1,0,0,2,2,1,1,1,Primary (1–5),STANDARD,2,False,True
2936721,UTTAR PRADESH,BAREILLY,SHERGARH,1,Raghunathpur Urf Jagdish,1,3,1,5,1,243001,2,2,3,3,5,5,5,9,0,0,0,0,0,0,0,27,2,1,1,0,2,2,0,0,1,1,0,0,2,1,1,1,1,Primary (1–5),STANDARD,0,True,True
5706581,UTTAR PRADESH,BAREILLY,BAREILLY TOWN,2,,1,3,1,5,1,243001,2,2,3,7,9,8,4,7,0,0,0,0,0,0,0,35,1,1,0,0,3,3,0,0,2,2,0,0,2,1,1,1,2,Primary (1–5),STANDARD,0,True,True
8305490,UTTAR PRADESH,BAREILLY,BAHERI,1,Jasai Nagar,1,3,1,5,1,243201,2,2,3,7,1,4,10,7,0,0,0,0,0,0,0,29,4,2,2,0,3,3,0,0,2,2,0,0,2,2,1,1,1,Primary (1–5),STANDARD,0,False,True
3652749,UTTAR PRADESH,BAREILLY,RAMNAGAR,1,Chakarpur Gahi,1,3,1,5,1,243303,2,2,3,23,21,24,26,16,0,0,0,0,0,0,0,110,5,3,2,0,5,5,0,0,2,2,0,0,0,2,1,1,1,Primary (1–5),STANDARD,0,False,True
1341616,UTTAR PRADESH,BAREILLY,MAJHGAWAN,1,Khangawa Shyam,1,3,1,5,1,243303,2,2,3,28,49,50,48,36,0,0,0,0,0,0,0,211,7,4,3,0,7,4,3,0,2,2,0,0,2,1,1,1,1,Primary (1–5),STANDARD,3,True,True
7717771,UTTAR PRADESH,BAREILLY,NAWABGANJ,1,Jogi Ther,1,3,1,5,1,243001,2,2,3,23,16,27,15,23,0,0,0,0,0,0,0,104,5,3,2,0,5,0,2,3,1,1,0,0,2,2,1,1,2,Primary (1–5),STANDARD,5,False,True
7054456,UTTAR PRADESH,BAREILLY,ALAMPUR,1,Bhojpur,1,3,1,5,1,243401,2,2,3,15,14,14,35,27,0,0,0,0,0,0,0,105,6,3,3,0,4,2,0,2,1,1,0,0,2,2,1,1,2,Primary (1–5),STANDARD,2,False,True
7026494,UTTAR PRADESH,BAREILLY,MIRGANJ,1,Mohammadganj Mustakil,1,3,1,5,1,243504,2,2,3,12,14,14,14,9,0,0,0,0,0,0,0,63,5,3,0,2,3,1,1,1,1,1,0,0,2,2,1,1,2,Primary (1–5),STANDARD,2,False,True
8817206,UTTAR PRADESH,BAREILLY,NAWABGANJ,1,Roop Pur,1,3,1,5,1,262406,2,2,3,33,26,22,48,48,0,0,0,0,0,0,0,177,9,7,2,0,4,3,0,1,1,1,0,0,2,1,1,1,2,Primary (1–5),STANDARD,1,True,True
5309887,UTTAR PRADESH,BAREILLY,ALAMPUR,1,Sikrora,1,3,1,5,1,243402,2,2,3,26,25,21,31,28,0,0,0,0,0,0,0,131,4,3,1,0,5,2,2,1,1,2,0,0,2,1,1,1,2,Primary (1–5),STANDARD,3,True,True
9938227,UTTAR PRADESH,BAREILLY,SHERGARH,1,Biharipur,1,3,1,5,1,243505,2,2,3,17,15,17,33,12,0,0,0,0,0,0,0,94,3,2,1,0,4,0,2,2,1,1,0,1,0,2,1,1,1,Primary (1–5),STANDARD,4,False,True
1980468,UTTAR PRADESH,BAREILLY,SHERGARH,1,Takia,1,3,1,5,1,243203,2,2,3,6,3,6,7,3,0,0,0,0,0,0,0,25,2,1,1,0,5,4,0,1,1,1,0,0,2,2,1,1,1,Primary (1–5),STANDARD,1,False,True
5865520,UTTAR PRADESH,BAREILLY,BAHERI,1,Mirzapur Ranjeet,1,3,1,5,1,243201,2,2,3,7,8,7,18,11,0,0,0,0,0,0,0,51,5,3,2,0,5,3,2,0,1,1,0,0,2,2,1,1,1,Primary (1–5),STANDARD,2,False,True
5025542,UTTAR PRADESH,BAREILLY,SHERGARH,1,Kasbapur,1,3,1,5,1,243505,2,2,3,22,20,22,18,25,0,0,0,0,0,0,0,107,4,3,1,0,6,3,1,2,1,1,0,0,2,1,1,1,1,Primary (1–5),STANDARD,3,True,True
4973568,UTTAR PRADESH,BAREILLY,KYARA,1,Sarai Talfi Mustqil,1,3,1,5,1,243001,2,2,3,15,9,14,24,37,0,0,0,0,0,0,0,99,8,7,1,0,0,0,0,0,1,1,0,0,2,2,1,1,2,Primary (1–5),STANDARD,0,False,True
6417580,UTTAR PRADESH,BAREILLY,BAREILLY TOWN,2,,1,3,1,5,1,243001,2,2,3,12,14,10,16,9,0,0,0,0,0,0,0,61,2,2,0,0,2,0,0,2,1,1,0,0,2,2,1,1,2,Primary (1–5),STANDARD,2,False,True
3479501,UTTAR PRADESH,BAREILLY,RAMNAGAR,1,Chandupur,1,3,1,5,1,243303,2,2,3,15,15,23,25,25,0,0,0,0,0,0,0,103,4,3,1,0,4,4,0,0,1,1,0,0,2,1,1,1,1,Primary (1–5),STANDARD,0,True,True
3999335,UTTAR PRADESH,BAREILLY,BAREILLY TOWN,2,,1,3,1,5,3,243001,2,2,3,0,0,5,11,17,0,0,0,0,0,0,0,33,4,3,1,0,8,8,0,0,1,1,1,0,0,1,1,2,1,Primary (1–5),STANDARD,0,True,False
6085633,UTTAR PRADESH,BAREILLY,MAJHGAWAN,1,Mugalpur,1,3,1,5,5,243302,2,2,1,10,18,11,21,11,0,0,0,0,0,0,0,71,5,5,0,0,5,5,0,0,4,3,0,0,0,2,2,1,1,Primary (1–5),STANDARD,0,False,True
9999798,UTTAR PRADESH,BAREILLY,ALAMPUR,1,Ballia,2,3,1,8,5,243301,1,2,3,51,63,69,57,41,48,16,13,0,0,0,0,358,9,6,0,3,21,21,0,0,3,3,9,2,1,1,2,2,1,Upper Primary (1–8),STANDARD,0,True,False
4814753,UTTAR PRADESH,BAREILLY,BAREILLY TOWN,2,,1,3,1,5,5,243005,2,2,3,79,144,88,72,80,0,0,0,0,0,0,0,463,12,12,0,0,12,12,0,0,1,9,16,0,0,1,1,1,1,Primary (1–5),STANDARD,0,True,True
5554279,UTTAR PRADESH,BAREILLY,BHOJIPURA,1,Bhoji Pura,2,3,1,8,1,243202,2,2,3,30,17,18,36,42,89,112,106,0,0,0,0,450,15,9,4,2,11,11,0,0,2,2,0,1,2,2,1,1,2,Upper Primary (1–8),STANDARD,0,False,True
7160452,UTTAR PRADESH,BAREILLY,AONLA,2,,1,3,1,5,97,243301,2,2,3,16,22,21,8,9,0,0,0,0,0,0,0,76,5,5,0,0,6,6,0,0,1,1,1,0,0,1,1,2,1,Primary (1–5),STANDARD,0,True,False
8823600,UTTAR PRADESH,BAREILLY,SHERGARH,2,,1,3,1,5,5,243505,2,2,3,11,27,17,12,20,0,0,0,0,0,0,0,87,4,4,0,0,8,8,0,0,1,1,0,0,0,1,1,1,1,Primary (1–5),STANDARD,0,True,True
4956023,UTTAR PRADESH,BAREILLY,RICHHA(DAMKHODA),1,Kanman,2,3,1,8,5,243201,2,2,3,28,40,29,23,40,73,75,49,0,0,0,0,357,13,2,11,0,9,9,0,0,1,5,0,0,0,1,1,1,1,Upper Primary (1–8),STANDARD,0,True,True
6654107,UTTAR PRADESH,BAREILLY,BAREILLY TOWN,2,,10,3,9,12,5,243005,9,2,3,0,0,0,0,0,0,0,0,164,135,100,134,533,13,13,0,0,15,15,0,0,0,22,3,1,0,1,1,1,1,Higher Secondary (9–12),STANDARD,0,True,True
9844575,UTTAR PRADESH,BAREILLY,VITHARI CHAINPUR,1,Mohanpur,3,3,1,12,5,243001,2,2,3,23,30,32,45,28,27,42,40,66,64,71,65,533,12,12,0,0,14,14,0,0,1,2,3,6,0,1,1,1,2,Higher Secondary (1–12),STANDARD,0,True,True
7046556,UTTAR PRADESH,BAREILLY,MAJHGAWAN,1,Rahtuiya,2,3,1,8,5,243301,2,2,3,12,9,20,22,19,21,18,17,0,0,0,0,138,10,3,7,0,7,7,0,0,2,2,0,0,0,2,2,2,1,Upper Primary (1–8),STANDARD,0,False,False
8832303,UTTAR PRADESH,BAREILLY,ALAMPUR,1,Siholia,1,3,1,5,5,243301,2,2,3,17,27,35,33,28,0,0,0,0,0,0,0,140,4,4,0,0,6,6,0,0,2,1,0,0,0,2,3,2,1,Primary (1–5),STANDARD,0,False,False
5248744,UTTAR PRADESH,BAREILLY,MIRGANJ,2,,2,3,1,8,5,243001,2,1,3,53,58,59,70,45,0,0,0,0,0,0,0,285,10,6,4,0,9,9,0,0,6,5,1,1,1,1,1,2,1,Upper Primary (1–8),STANDARD,0,True,False
7396922,UTTAR PRADESH,BAREILLY,RAMNAGAR,1,Barser Sikandrapur,1,3,1,5,5,243303,2,2,3,32,42,24,35,35,0,0,0,0,0,0,0,168,7,7,0,0,5,5,0,0,1,1,0,0,0,2,2,1,2,Primary (1–5),STANDARD,0,False,True
9365378,UTTAR PRADESH,BAREILLY,NAWABGANJ,1,Ladpur Usmanpur,1,3,1,5,5,243407,2,2,3,6,15,27,17,16,0,0,0,0,0,0,0,81,8,8,0,0,8,8,0,0,3,2,9,1,0,2,1,1,1,Primary (1–5),STANDARD,0,False,True
9084901,UTTAR PRADESH,BAREILLY,BAREILLY TOWN,2,,8,3,9,10,5,243502,9,2,3,0,0,0,0,0,0,0,0,20,18,0,0,38,5,5,0,0,4,4,0,0,1,1,2,0,0,2,2,1,2,Secondary (9–10),STANDARD,0,False,True
2110600,UTTAR PRADESH,BAREILLY,BAREILLY TOWN,2,,2,3,1,8,5,243005,1,2,3,20,19,19,15,18,15,12,12,0,0,0,0,130,10,1,9,0,11,11,0,0,6,4,20,2,0,1,1,1,2,Upper Primary (1–8),STANDARD,0,True,True
3678431,UTTAR PRADESH,BAREILLY,BHUTA,1,Kali Nagla,1,3,1,5,1,243503,2,2,3,16,6,11,15,13,0,0,0,0,0,0,0,61,3,3,0,0,4,4,0,0,1,1,0,0,2,2,1,1,1,Primary (1–5),STANDARD,0,False,True
5864734,UTTAR PRADESH,BAREILLY,RICHHA(DAMKHODA),2,,1,3,1,5,5,243201,2,2,3,39,52,34,32,29,0,0,0,0,0,0,0,186,5,1,4,0,5,5,0,0,2,2,1,2,0,2,1,2,2,Primary (1–5),STANDARD,0,False,False
5500461,UTTAR PRADESH,BAREILLY,SHERGARH,1,Jaferpur,1,3,1,5,5,243505,2,2,3,6,10,25,13,10,0,0,0,0,0,0,0,64,4,4,0,0,5,5,0,0,1,1,0,0,0,1,1,2,1,Primary (1–5),STANDARD,0,True,False
3607800,UTTAR PRADESH,BAREILLY,BAREILLY TOWN,2,,2,3,1,8,5,243122,1,2,3,42,38,19,37,28,27,27,23,0,0,0,0,241,15,2,12,1,8,8,0,0,1,2,0,0,0,2,1,2,1,Upper Primary (1–8),STANDARD,0,False,False
7396178,UTTAR PRADESH,BAREILLY,NAWABGANJ,1,Richhola Tara Chand,1,3,1,5,97,243201,2,2,3,3,2,4,13,6,0,0,0,0,0,0,0,28,4,4,0,0,5,5,0,0,1,1,0,0,0,1,2,2,2,Primary (1–5),STANDARD,0,True,False
1629230,UTTAR PRADESH,BAREILLY,BHOJIPURA,2,,6,3,1,10,97,243202,2,2,3,34,26,25,22,27,16,14,16,4,3,0,0,187,10,0,10,0,10,10,0,0,2,2,0,0,0,2,1,1,1,Secondary (1–10),STANDARD,0,False,True
1979881,UTTAR PRADESH,BAREILLY,VITHARI CHAINPUR,1,Kalari,10,3,9,12,5,243122,9,2,3,0,0,0,0,0,0,0,0,74,119,52,100,345,10,10,0,0,18,18,0,0,4,4,1,1,0,1,1,1,2,Higher Secondary (9–12),STANDARD,0,True,True
7093899,UTTAR PRADESH,BAREILLY,VITHARI CHAINPUR,1,Bhagwanpur Dhimri,2,3,1,8,5,243123,1,2,3,9,8,2,12,8,10,7,3,0,0,0,0,59,9,9,0,0,8,8,0,0,4,2,5,3,0,1,2,1,1,Upper Primary (1–8),STANDARD,0,True,True
6337980,UTTAR PRADESH,BAREILLY,VITHARI CHAINPUR,1,Parsona (Ct),1,3,1,5,5,243001,2,2,3,20,12,18,14,7,0,0,0,0,0,0,0,71,5,5,0,0,4,4,0,0,1,1,0,0,0,2,1,1,2,Primary (1–5),STANDARD,0,False,True
5286432,UTTAR PRADESH,BAREILLY,NAWABGANJ,2,,2,3,1,8,5,262406,2,2,3,21,38,29,29,21,12,13,6,0,0,0,0,169,6,5,0,1,12,12,0,0,2,2,1,1,0,1,2,1,1,Upper Primary (1–8),STANDARD,0,True,True
7002259,UTTAR PRADESH,BAREILLY,FATEHGANJ,1,Tiliya Pur,2,3,1,8,5,243502,2,2,3,18,21,23,44,30,21,23,30,0,0,0,0,210,5,5,0,0,8,8,0,0,2,2,5,2,0,1,1,1,1,Upper Primary (1–8),STANDARD,0,True,True
1745766,UTTAR PRADESH,BAREILLY,BAREILLY TOWN,2,,2,3,1,8,5,243122,1,2,3,40,22,19,24,15,13,10,16,0,0,0,0,159,4,3,1,0,14,14,0,0,2,3,7,0,0,1,1,1,2,Upper Primary (1–8),STANDARD,0,True,True
7649612,UTTAR PRADESH,BAREILLY,MAJHGAWAN,1,Sisona,1,3,1,5,5,243201,2,2,3,6,3,4,7,3,0,0,0,0,0,0,0,23,3,3,0,0,5,5,0,0,1,1,0,0,0,2,1,1,1,Primary (1–5),STANDARD,0,False,True
4072893,UTTAR PRADESH,BAREILLY,BAREILLY TOWN,2,,2,3,1,8,5,243001,2,2,3,16,19,24,27,13,20,7,11,0,0,0,0,137,4,4,0,0,10,10,0,0,1,1,1,0,0,1,1,2,1,Upper Primary (1–8),STANDARD,0,True,False
4822490,UTTAR PRADESH,BAREILLY,BAREILLY TOWN,2,,2,3,1,8,99,243005,2,2,3,4,2,9,8,13,6,8,4,0,0,0,0,54,3,3,0,0,8,8,0,0,2,2,1,0,0,1,1,1,1,Upper Primary (1–8),STANDARD,0,True,True
5847327,UTTAR PRADESH,BAREILLY,KYARA,1,Chaneti,1,3,1,5,5,243001,2,2,3,11,13,15,9,10,0,0,0,0,0,0,0,58,4,4,0,0,5,5,0,0,1,1,1,0,0,2,1,2,1,Primary (1–5),STANDARD,0,False,False
3787446,UTTAR PRADESH,BAREILLY,BHUTA,1,Dhakni Rajpuri,1,3,1,5,5,243503,2,2,3,0,2,2,2,4,0,0,0,0,0,0,0,10,2,2,0,0,4,4,0,0,1,1,0,0,0,2,2,1,1,Primary (1–5),STANDARD,0,False,True
3242662,UTTAR PRADESH,BAREILLY,MAJHGAWAN,1,Shivpuri,2,3,1,8,5,243302,2,2,3,21,29,16,16,10,0,0,0,0,0,0,0,92,6,0,6,0,10,10,0,0,1,1,1,1,1,1,1,1,1,Upper Primary (1–8),STANDARD,0,True,True
5157055,UTTAR PRADESH,BAREILLY,BHOJIPURA,2,,2,3,1,8,5,243202,2,2,3,5,11,5,15,21,12,14,12,0,0,0,0,95,8,0,8,0,8,8,0,0,1,2,0,1,0,2,2,2,1,Upper Primary (1–8),STANDARD,0,False,False
4066723,UTTAR PRADESH,BAREILLY,FATEHGANJ,1,,1,3,1,5,5,243505,2,2,3,3,6,11,10,7,0,0,0,0,0,0,0,37,4,2,2,0,5,5,0,0,1,1,0,1,0,2,2,2,1,Primary (1–5),STANDARD,0,False,False
4198310,UTTAR PRADESH,BAREILLY,BHUTA,1,Kuan Danda,4,3,6,8,1,243503,9,2,3,0,0,0,0,0,60,70,61,0,0,0,0,191,5,3,2,0,7,0,0,7,1,1,0,0,2,1,1,1,2,Upper Primary (6–8),STANDARD,7,True,True
1196839,UTTAR PRADESH,BAREILLY,MIRGANJ,1,Saijana,4,3,6,8,1,243504,9,2,3,0,0,0,0,0,30,28,24,0,0,0,0,82,3,3,0,0,4,3,1,0,1,1,0,0,2,2,1,1,2,Upper Primary (6–8),STANDARD,1,False,True
1123877,UTTAR PRADESH,BAREILLY,MIRGANJ,1,Deoria Abdullaganj,4,3,6,8,1,243504,9,2,3,0,0,0,0,0,23,44,27,0,0,0,0,94,5,3,1,1,4,4,0,0,1,1,0,0,0,2,1,1,1,Upper Primary (6–8),STANDARD,0,False,True
3150269,UTTAR PRADESH,BAREILLY,RAMNAGAR,1,Udaybhanpur Urf Anandpur,4,3,6,8,1,243303,9,2,3,0,0,0,0,0,22,41,38,0,0,0,0,101,3,1,2,0,3,0,0,3,1,1,1,0,1,1,1,1,1,Upper Primary (6–8),STANDARD,3,True,True
5067628,UTTAR PRADESH,BAREILLY,SHERGARH,1,Muhammadpur,2,3,1,8,1,243505,2,2,3,10,14,21,22,25,30,41,39,0,0,0,0,202,8,5,3,0,9,7,0,2,2,4,0,2,0,1,1,1,1,Upper Primary (1–8),STANDARD,2,True,True
5776013,UTTAR PRADESH,BAREILLY,ALAMPUR,1,Langura,4,3,6,8,1,243402,9,2,3,0,0,0,0,0,43,55,26,0,0,0,0,124,6,3,3,0,4,4,0,0,1,1,0,0,0,2,1,1,1,Upper Primary (6–8),STANDARD,0,False,True
1401216,UTTAR PRADESH,BAREILLY,FARIDPUR,1,Jerh,4,3,6,8,1,243503,9,2,3,0,0,0,0,0,139,124,106,0,0,0,0,369,8,8,0,0,3,0,3,0,2,2,0,0,2,2,1,1,2,Upper Primary (6–8),STANDARD,3,False,True
1980808,UTTAR PRADESH,BAREILLY,BAREILLY TOWN,2,,4,3,6,8,5,243122,9,2,3,0,0,0,0,0,43,55,53,0,0,0,0,151,3,1,2,0,3,3,0,0,1,1,10,0,0,2,1,1,1,Upper Primary (6–8),STANDARD,0,False,True
4760043,UTTAR PRADESH,BAREILLY,VITHARI CHAINPUR,2,,2,3,1,8,5,243122,1,2,3,40,27,25,27,27,21,18,14,0,0,0,0,199,11,0,11,0,11,11,0,0,2,2,4,1,4,1,1,1,2,Upper Primary (1–8),STANDARD,0,True,True
5299472,UTTAR PRADESH,BAREILLY,VITHARI CHAINPUR,1,Uganpur,1,3,1,5,1,243122,2,2,3,1,4,1,3,5,0,0,0,0,0,0,0,14,1,1,0,0,4,4,0,0,2,3,0,0,2,2,1,1,1,Primary (1–5),STANDARD,0,False,True
9778518,UTTAR PRADESH,BAREILLY,FARIDPUR,1,Nagaria Vikram,1,3,1,5,5,243503,1,2,3,3,9,5,26,20,0,0,0,0,0,0,0,63,6,0,0,6,7,7,0,0,2,1,2,0,0,2,1,1,1,Primary (1–5),STANDARD,0,False,True
4743806,UTTAR PRADESH,BAREILLY,BAHERI,1,Guwari,2,3,1,8,5,243201,2,2,3,9,18,26,19,9,7,9,9,0,0,0,0,106,8,8,0,0,8,8,0,0,2,2,2,0,0,2,1,1,1,Upper Primary (1–8),STANDARD,0,False,True
2126670,UTTAR PRADESH,BAREILLY,ALAMPUR,1,Karpia Khas,1,3,1,5,5,243301,2,2,3,3,2,6,24,12,0,0,0,0,0,0,0,47,4,2,2,0,5,5,0,0,2,2,0,0,0,2,2,2,1,Primary (1–5),STANDARD,0,False,False
7517069,UTTAR PRADESH,BAREILLY,NAWABGANJ,1,Mujhena Jagir,5,3,6,12,5,262406,9,2,3,0,0,0,0,0,33,39,45,100,107,95,112,531,11,11,0,0,20,20,0,0,1,4,2,0,0,1,2,1,1,Higher Secondary (6–12),STANDARD,0,True,True
7010483,UTTAR PRADESH,BAREILLY,MIRGANJ,1,Bahadurpur,2,3,1,8,5,243504,2,2,3,3,2,1,4,3,6,2,1,0,0,0,0,22,7,0,7,0,10,10,0,0,1,1,0,0,0,1,1,2,1,Upper Primary (1–8),STANDARD,0,True,False
4365746,UTTAR PRADESH,BAREILLY,VITHARI CHAINPUR,1,Chandpur Bichpuri,4,3,6,8,1,243006,9,2,3,0,0,0,0,0,69,64,52,0,0,0,0,185,9,6,2,1,5,3,2,0,1,1,0,1,2,2,1,1,1,Upper Primary (6–8),STANDARD,2,False,True
6491126,UTTAR PRADESH,BAREILLY,RAMNAGAR,1,Prathvipur,2,3,1,8,1,243303,2,2,3,11,7,11,6,14,19,29,30,0,0,0,0,127,5,5,0,0,8,4,2,2,2,1,0,0,2,2,1,1,1,Upper Primary (1–8),STANDARD,4,False,True
9021430,UTTAR PRADESH,BAREILLY,BAREILLY TOWN,2,,2,3,1,8,5,243001,2,2,3,14,19,9,2,14,10,11,13,0,0,0,0,92,4,4,0,0,13,13,0,0,2,2,2,0,0,2,1,1,1,Upper Primary (1–8),STANDARD,0,False,True
2432506,UTTAR PRADESH,BAREILLY,BAREILLY TOWN,2,,4,3,6,8,5,243001,9,2,3,0,0,0,0,0,13,8,13,0,0,0,0,34,3,3,0,0,3,3,0,0,2,2,0,1,0,1,1,1,1,Upper Primary (6–8),STANDARD,0,True,True
5999569,UTTAR PRADESH,BAREILLY,BHADPURA,1,Baboora Baboori,1,3,1,5,1,262406,2,2,3,12,5,13,18,10,0,0,0,0,0,0,0,58,3,3,0,0,2,2,0,0,1,1,0,0,2,2,1,1,1,Primary (1–5),STANDARD,0,False,True
8121670,UTTAR PRADESH,BAREILLY,SHERGARH,1,Sarai,1,3,1,5,1,243505,2,2,3,2,5,2,8,6,0,0,0,0,0,0,0,23,3,1,2,0,2,0,2,0,1,1,0,0,1,1,1,1,1,Primary (1–5),STANDARD,2,True,True
4404855,UTTAR PRADESH,BAREILLY,MIRGANJ,1,Ballia,1,3,1,5,1,243504,2,2,3,7,2,9,15,22,0,0,0,0,0,0,0,55,3,3,0,0,4,0,2,2,1,1,0,0,0,2,1,1,1,Primary (1–5),STANDARD,4,False,True
7263686,UTTAR PRADESH,BAREILLY,MIRGANJ,1,Masihabad,1,3,1,5,1,243504,2,2,3,18,15,14,24,21,0,0,0,0,0,0,0,92,3,2,1,0,6,3,1,2,1,1,0,0,2,2,1,1,1,Primary (1–5),STANDARD,3,False,True
6601004,UTTAR PRADESH,BAREILLY,ALAMPUR,1,Katsari,1,3,1,5,1,243001,2,2,3,8,8,15,9,17,0,0,0,0,0,0,0,57,2,1,1,0,6,4,0,2,1,1,0,0,2,2,1,1,1,Primary (1–5),STANDARD,2,False,True
7608113,UTTAR PRADESH,BAREILLY,ALAMPUR,1,Himmatpur Taharpur,1,3,1,5,1,243401,2,2,3,9,4,7,18,19,0,0,0,0,0,0,0,57,5,3,2,0,4,0,0,4,1,1,0,0,2,2,1,1,2,Primary (1–5),STANDARD,4,False,True
7712140,UTTAR PRADESH,BAREILLY,KYARA,1,Kiara Mustqil,1,3,1,5,1,243001,2,2,3,48,51,43,60,53,0,0,0,0,0,0,0,255,10,7,3,0,7,4,0,3,1,1,0,0,2,1,1,1,1,Primary (1–5),STANDARD,3,True,True
8045425,UTTAR PRADESH,BAREILLY,BHADPURA,1,Methi Nawadia,1,3,1,5,1,262406,2,2,3,4,1,2,9,10,0,0,0,0,0,0,0,26,2,2,0,0,4,2,1,1,1,1,0,0,2,2,1,1,2,Primary (1–5),STANDARD,2,False,True
8601676,UTTAR PRADESH,BAREILLY,BHADPURA,1,Nakti Narianpur,1,3,1,5,1,262406,2,2,3,23,11,11,23,19,0,0,0,0,0,0,0,87,5,2,3,0,6,5,0,1,1,1,0,0,2,1,1,1,2,Primary (1–5),STANDARD,1,True,True
7820609,UTTAR PRADESH,BAREILLY,FARIDPUR,1,Mohanpur,1,3,1,5,1,243503,2,2,3,14,15,15,23,19,0,0,0,0,0,0,0,86,7,5,2,0,4,0,2,2,1,1,0,0,2,2,1,1,2,Primary (1–5),STANDARD,4,False,True
9306240,UTTAR PRADESH,BAREILLY,BHUTA,1,Mahmoodpur,1,3,1,5,1,243503,2,2,3,4,4,0,2,3,0,0,0,0,0,0,0,13,2,2,0,0,4,4,0,0,1,1,0,0,2,2,1,1,1,Primary (1–5),STANDARD,0,False,True
2821571,UTTAR PRADESH,BAREILLY,FATEHGANJ,1,Neodhana,1,3,1,5,1,243202,2,2,3,11,7,4,5,5,0,0,0,0,0,0,0,32,2,1,1,0,4,1,2,1,1,1,0,1,2,2,1,1,1,Primary (1–5),STANDARD,3,False,True
3545359,UTTAR PRADESH,BAREILLY,MIRGANJ,1,Khamaria Azampur,1,3,1,5,1,243504,2,2,3,8,11,9,22,11,0,0,0,0,0,0,0,61,4,2,2,0,1,1,0,0,2,1,0,0,2,2,1,1,2,Primary (1–5),STANDARD,0,False,True
6425402,UTTAR PRADESH,BAREILLY,KYARA,1,Thiria Thakuran,1,3,1,5,1,243502,2,2,3,26,21,21,32,22,0,0,0,0,0,0,0,122,6,4,2,0,6,5,1,0,1,1,0,0,2,2,1,1,1,Primary (1–5),STANDARD,1,False,True
5482648,UTTAR PRADESH,BAREILLY,FARIDPUR,1,Gopalpur,1,3,1,5,1,243001,2,2,3,35,12,15,38,38,0,0,0,0,0,0,0,138,9,3,6,0,8,6,0,2,1,1,0,0,2,1,1,1,1,Primary (1–5),STANDARD,2,True,True
2079419,UTTAR PRADESH,BAREILLY,ALAMPUR,1,Nakatpur,1,3,1,5,1,243401,2,2,3,22,8,13,21,17,0,0,0,0,0,0,0,81,4,3,1,0,6,2,0,4,1,1,0,0,2,2,1,1,1,Primary (1–5),STANDARD,4,False,True
3639612,UTTAR PRADESH,BAREILLY,ALAMPUR,1,Biharipur,1,3,1,5,1,243001,2,2,3,24,23,19,22,23,0,0,0,0,0,0,0,111,4,3,1,0,4,2,1,1,1,1,0,0,2,2,1,1,2,Primary (1–5),STANDARD,2,False,True
8520332,UTTAR PRADESH,BAREILLY,FARIDPUR,1,Sitarganj,1,3,1,5,1,243503,2,2,3,12,25,16,26,21,0,0,0,0,0,0,0,100,5,3,2,0,6,2,0,4,1,1,0,0,1,1,1,1,1,Primary (1–5),STANDARD,4,True,True
5967695,UTTAR PRADESH,BAREILLY,ALAMPUR,1,Chigari Wal Kishanpur,1,3,1,5,1,243302,2,2,3,25,10,12,30,33,0,0,0,0,0,0,0,110,3,3,0,0,6,2,0,4,1,1,0,0,2,2,1,1,1,Primary (1–5),STANDARD,4,False,True
2254295,UTTAR PRADESH,BAREILLY,RICHHA(DAMKHODA),1,Khamaria Gopa Dandi,1,3,1,5,1,243203,2,2,3,14,17,14,14,21,0,0,0,0,0,0,0,80,3,3,0,0,3,0,1,2,1,2,0,1,2,1,1,1,1,Primary (1–5),STANDARD,3,True,True
8911359,UTTAR PRADESH,BAREILLY,BHOJIPURA,1,Ghanghora Piparia,1,3,1,5,1,243001,2,2,3,12,8,14,35,23,0,0,0,0,0,0,0,92,5,3,2,0,4,0,0,4,1,1,0,1,2,2,1,1,1,Primary (1–5),STANDARD,4,False,True
5896542,UTTAR PRADESH,BAREILLY,BAHERI,1,Itavadhura,1,3,1,5,1,243201,2,2,3,2,1,4,6,15,0,0,0,0,0,0,0,28,3,2,1,0,5,3,1,1,1,1,0,0,2,2,1,1,2,Primary (1–5),STANDARD,2,False,True
9728153,UTTAR PRADESH,BAREILLY,RICHHA(DAMKHODA),1,Damkhoda,1,3,1,5,1,243201,2,2,3,21,21,25,35,28,0,0,0,0,0,0,0,130,6,3,3,0,6,4,2,0,1,2,0,1,2,1,1,1,2,Primary (1–5),STANDARD,2,True,True
9334698,UTTAR PRADESH,BAREILLY,RAMNAGAR,1,Paltha,1,3,1,5,1,243303,2,2,3,19,23,16,36,31,0,0,0,0,0,0,0,125,3,3,0,0,5,4,0,1,1,1,0,0,2,2,1,1,1,Primary (1–5),STANDARD,1,False,True
9439285,UTTAR PRADESH,BAREILLY,SHERGARH,1,Delpur,1,3,1,5,1,243505,2,2,3,14,9,9,10,13,0,0,0,0,0,0,0,55,4,2,2,0,4,3,1,0,1,1,0,1,1,1,1,1,1,Primary (1–5),STANDARD,1,True,True
7703426,UTTAR PRADESH,BAREILLY,VITHARI CHAINPUR,1,Sakatpur,1,3,1,5,1,243122,2,2,3,1,7,10,8,6,0,0,0,0,0,0,0,32,3,1,2,0,4,2,0,2,1,1,0,0,0,1,1,1,1,Primary (1–5),STANDARD,2,True,True
6810263,UTTAR PRADESH,BAREILLY,MIRGANJ,1,Nausna,1,3,1,5,1,243504,2,2,3,23,21,15,29,31,0,0,0,0,0,0,0,119,6,4,2,0,5,4,1,0,1,1,0,0,2,1,1,1,1,Primary (1–5),STANDARD,1,True,True
3864693,UTTAR PRADESH,BAREILLY,NAWABGANJ,1,Bithri,1,3,1,5,1,243001,2,2,3,35,24,30,19,31,0,0,0,0,0,0,0,139,5,3,2,0,7,4,0,3,1,1,0,0,2,2,1,1,1,Primary (1–5),STANDARD,3,False,True
3595017,UTTAR PRADESH,BAREILLY,NAWABGANJ,1,Prampur Murarpur,1,3,1,5,1,243407,2,2,3,9,8,4,23,9,0,0,0,0,0,0,0,53,3,2,1,0,4,0,0,4,2,1,0,0,2,1,1,1,2,Primary (1–5),STANDARD,4,True,True
7439585,UTTAR PRADESH,BAREILLY,RICHHA(DAMKHODA),1,Gotha,1,3,1,5,1,243201,2,2,3,5,4,6,7,12,0,0,0,0,0,0,0,34,2,1,1,0,5,3,0,2,1,1,0,0,2,1,1,1,1,Primary (1–5),STANDARD,2,True,True
6259268,UTTAR PRADESH,BAREILLY,BAREILLY TOWN,2,,1,3,1,5,1,243502,2,2,3,17,19,25,42,26,0,0,0,0,0,0,0,129,0,0,0,0,6,4,2,0,2,1,0,0,0,1,1,1,1,Primary (1–5),STANDARD,2,True,True
2234223,UTTAR PRADESH,BAREILLY,BHUTA,1,Shora Khurd,1,3,1,5,1,243503,2,2,3,19,15,23,24,31,0,0,0,0,0,0,0,112,7,4,3,0,5,5,0,0,1,2,0,0,2,1,1,1,1,Primary (1–5),STANDARD,0,True,True
8069875,UTTAR PRADESH,BAREILLY,ALAMPUR,1,Alinagar,1,3,1,5,1,243301,2,2,3,34,12,27,27,29,0,0,0,0,0,0,0,129,4,3,1,0,4,4,0,0,1,1,0,0,2,2,1,1,1,Primary (1–5),STANDARD,0,False,True
3118133,UTTAR PRADESH,BAREILLY,NAWABGANJ,2,,2,3,1,8,5,243001,2,2,3,20,22,19,19,33,20,17,22,0,0,0,0,172,11,4,7,0,9,9,0,0,1,2,2,1,0,1,1,2,1,Upper Primary (1–8),STANDARD,0,True,False
7424109,UTTAR PRADESH,BAREILLY,MIRGANJ,1,Balehi,1,3,1,5,1,243505,2,2,3,5,5,1,8,5,0,0,0,0,0,0,0,24,1,1,0,0,4,0,0,4,1,1,0,0,2,2,1,1,2,Primary (1–5),STANDARD,4,False,True
5974425,UTTAR PRADESH,BAREILLY,RICHHA(DAMKHODA),2,,10,3,9,12,5,243203,9,2,3,0,0,0,0,0,0,0,0,288,295,361,287,1231,8,5,3,0,15,15,0,0,5,14,5,1,0,1,1,1,1,Higher Secondary (9–12),STANDARD,0,True,True
4746401,UTTAR PRADESH,BAREILLY,VITHARI CHAINPUR,1,Mundia Ahmed Nagar,2,3,1,8,5,243123,2,2,3,15,23,13,30,16,14,17,12,0,0,0,0,140,8,8,0,0,8,8,0,0,2,2,0,0,0,2,1,2,1,Upper Primary (1–8),STANDARD,0,False,False
7141672,UTTAR PRADESH,BAREILLY,BAHERI TOWN,2,,1,3,1,5,5,243201,2,2,3,29,38,24,33,30,0,0,0,0,0,0,0,154,6,5,0,1,5,5,0,0,1,1,5,0,0,1,1,1,1,Primary (1–5),STANDARD,0,True,True
8436848,UTTAR PRADESH,BAREILLY,VITHARI CHAINPUR,1,Mohanpur,1,3,1,5,5,243122,2,2,3,25,39,16,24,12,0,0,0,0,0,0,0,116,5,1,4,0,5,5,0,0,2,1,5,0,0,2,1,1,1,Primary (1–5),STANDARD,0,False,True
7410607,UTTAR PRADESH,BAREILLY,BAHERI,1,Girdharpur,6,3,1,10,97,243201,2,2,3,39,46,37,35,13,0,0,0,0,0,0,0,170,7,4,3,0,10,10,0,0,1,2,0,0,0,2,1,1,2,Secondary (1–10),STANDARD,0,False,True
6298807,UTTAR PRADESH,BAREILLY,BAREILLY TOWN,2,,1,3,1,5,5,243122,2,2,3,13,21,32,24,32,0,0,0,0,0,0,0,122,4,4,0,0,6,6,0,0,2,2,0,0,0,1,1,1,2,Primary (1–5),STANDARD,0,True,True
6710626,UTTAR PRADESH,BAREILLY,BHUTA,1,Dhakni Rajpuri,1,3,1,5,5,243503,2,2,3,0,4,3,5,5,0,0,0,0,0,0,0,17,3,3,0,0,5,5,0,0,2,2,0,0,0,1,2,1,1,Primary (1–5),STANDARD,0,True,True
1429420,UTTAR PRADESH,BAREILLY,MAJHGAWAN,1,Mandora,10,3,9,12,5,243302,9,2,3,0,0,0,0,0,0,0,0,214,266,158,193,831,9,4,5,0,24,24,0,0,4,5,1,1,0,1,2,1,1,Higher Secondary (9–12),STANDARD,0,True,True
2059673,UTTAR PRADESH,BAREILLY,BAREILLY TOWN,2,,2,3,1,8,5,243001,1,2,3,78,80,65,0,0,0,0,0,0,0,0,0,223,12,12,0,0,11,11,0,0,2,2,6,2,0,1,1,1,1,Upper Primary (1–8),STANDARD,0,True,True
4020205,UTTAR PRADESH,BAREILLY,BAREILLY TOWN,2,,1,3,1,5,5,243122,1,2,3,30,62,38,30,26,0,0,0,0,0,0,0,186,5,0,5,0,5,5,0,0,1,2,0,1,0,2,1,1,1,Primary (1–5),STANDARD,0,False,True
5355136,UTTAR PRADESH,BAREILLY,BAHERI,1,Mandanpur Shumali,2,3,1,8,5,243201,1,2,3,34,29,36,34,41,45,42,37,0,0,0,0,298,18,17,1,0,11,11,0,0,4,5,10,2,2,1,1,1,1,Upper Primary (1–8),STANDARD,0,True,True
3964235,UTTAR PRADESH,BAREILLY,FARIDPUR TOWN,2,,2,3,1,8,5,243503,1,2,3,142,106,114,141,134,0,0,0,0,0,0,0,637,38,37,1,0,28,28,0,0,11,11,25,0,0,1,1,1,1,Upper Primary (1–8),STANDARD,0,True,True
4768134,UTTAR PRADESH,BAREILLY,SHERGARH,1,Dunka,1,3,1,5,5,243505,2,2,3,24,31,27,21,21,0,0,0,0,0,0,0,124,5,5,0,0,5,5,0,0,2,1,0,1,0,2,2,1,1,Primary (1–5),STANDARD,0,False,True
3057121,UTTAR PRADESH,BAREILLY,BHOJIPURA,1,Makrandpur Pitam Rai,2,3,1,8,5,243202,1,2,3,32,28,49,40,45,33,21,19,0,0,0,0,267,9,0,9,0,11,11,0,0,2,2,4,3,0,1,1,2,1,Upper Primary (1–8),STANDARD,0,True,False
5893070,UTTAR PRADESH,BAREILLY,KYARA,1,Behti Deh Jagir,2,3,1,8,5,243001,1,2,3,11,0,0,0,7,2,4,3,0,0,0,0,27,7,0,0,7,8,8,0,0,2,2,0,0,0,1,1,2,1,Upper Primary (1–8),STANDARD,0,True,False
2179786,UTTAR PRADESH,BAREILLY,NAWABGANJ,1,Sethel,2,3,1,8,5,243407,1,2,3,24,25,21,22,16,15,10,7,0,0,0,0,140,5,1,4,0,14,14,0,0,2,2,4,2,0,1,1,1,1,Upper Primary (1–8),STANDARD,0,True,True
7131079,UTTAR PRADESH,BAREILLY,BAREILLY TOWN,2,,2,3,1,8,5,243003,1,2,3,23,16,25,14,14,13,9,13,0,0,0,0,127,8,1,7,0,16,16,0,0,3,3,18,0,0,1,1,1,1,Upper Primary (1–8),STANDARD,0,True,True
7303193,UTTAR PRADESH,BAREILLY,VITHARI CHAINPUR,1,Keeratpur,5,3,6,12,5,243123,9,2,3,0,0,0,0,0,32,20,32,119,146,238,239,826,11,11,0,0,25,25,0,0,1,15,1,1,0,1,1,1,1,Higher Secondary (6–12),STANDARD,0,True,True
3574010,UTTAR PRADESH,BAREILLY,FARIDPUR,1,Nagaria Vikram,1,3,1,5,5,243503,1,2,3,25,29,22,35,32,0,0,0,0,0,0,0,143,6,6,0,0,11,11,0,0,2,2,1,1,0,1,1,1,1,Primary (1–5),STANDARD,0,True,True
1983940,UTTAR PRADESH,BAREILLY,KYARA,1,Manpur Chikitia,1,3,1,5,5,243002,2,2,3,17,6,11,7,5,0,0,0,0,0,0,0,46,3,3,0,0,5,5,0,0,1,1,0,0,0,1,2,2,1,Primary (1–5),STANDARD,0,True,False
1079730,UTTAR PRADESH,BAREILLY,BAHERI,1,Jamsavant Janubi,1,3,1,5,97,243201,2,2,3,12,12,6,12,17,0,0,0,0,0,0,0,59,2,0,2,0,5,5,0,0,2,2,0,0,0,2,1,1,2,Primary (1–5),STANDARD,0,False,True
4035948,UTTAR PRADESH,BAREILLY,VITHARI CHAINPUR,2,,2,3,1,8,5,243001,2,2,3,0,0,1,1,2,26,25,28,0,0,0,0,83,6,6,0,0,8,8,0,0,1,1,2,0,0,1,1,1,2,Upper Primary (1–8),STANDARD,0,True,True
4799070,UTTAR PRADESH,BAREILLY,BAREILLY TOWN,2,,4,3,6,8,5,243122,9,2,3,0,0,0,0,0,0,7,9,0,0,0,0,16,11,11,0,0,3,3,0,0,2,2,2,0,0,2,1,1,1,Upper Primary (6–8),STANDARD,0,False,True
1353288,UTTAR PRADESH,BAREILLY,VITHARI CHAINPUR,1,Parsona (Ct),1,3,1,5,5,243123,2,2,3,6,6,2,8,5,0,0,0,0,0,0,0,27,4,4,0,0,5,5,0,0,1,1,1,0,0,1,2,1,2,Primary (1–5),STANDARD,0,True,True
6522565,UTTAR PRADESH,BAREILLY,MIRGANJ,1,Churai Dalpatpur,1,3,1,5,5,243504,2,2,3,25,16,19,19,22,0,0,0,0,0,0,0,101,5,4,1,0,9,9,0,0,2,2,0,0,0,2,1,1,1,Primary (1–5),STANDARD,0,False,True
8428423,UTTAR PRADESH,BAREILLY,VITHARI CHAINPUR,1,Padarathpur (Ct),1,3,1,5,5,243123,2,2,3,9,3,6,4,4,0,0,0,0,0,0,0,26,5,0,5,0,5,5,0,0,1,2,0,0,0,2,1,1,2,Primary (1–5),STANDARD,0,False,True
7575252,UTTAR PRADESH,BAREILLY,BHOJIPURA,1,Atapatti Janubi,5,3,6,12,4,243202,9,2,3,0,0,0,0,0,76,86,62,217,143,183,177,944,20,20,0,0,15,15,0,0,5,2,5,1,0,1,1,1,1,Higher Secondary (6–12),STANDARD,0,True,True
8190671,UTTAR PRADESH,BAREILLY,FATEHGANJ,1,Rahpura Jagir,1,3,1,5,5,243501,2,2,3,4,1,5,3,8,0,0,0,0,0,0,0,21,4,4,0,0,5,5,0,0,2,2,0,0,0,2,1,2,1,Primary (1–5),STANDARD,0,False,False
9193030,UTTAR PRADESH,BAREILLY,BAHERI TOWN,2,,5,3,6,12,4,243201,9,2,3,0,0,0,0,0,43,38,76,119,110,63,78,527,8,8,0,0,9,9,0,0,0,16,0,0,0,1,1,2,2,Higher Secondary (6–12),STANDARD,0,True,False
3741705,UTTAR PRADESH,BAREILLY,KYARA,1,Sarai Talfi Mustqil,4,3,6,8,1,243001,9,2,3,0,0,0,0,0,21,33,31,0,0,0,0,85,6,3,3,0,5,1,4,0,1,1,0,0,2,2,1,1,1,Upper Primary (6–8),STANDARD,4,False,True
1652962,UTTAR PRADESH,BAREILLY,BAREILLY TOWN,2,,1,3,1,5,1,243001,2,2,3,10,7,11,21,43,0,0,0,0,0,0,0,92,2,1,1,0,3,2,0,1,1,1,0,0,2,2,1,1,2,Primary (1–5),STANDARD,1,False,True
8363592,UTTAR PRADESH,BAREILLY,NAWABGANJ,1,Indh Jagir,1,3,1,5,97,243201,2,2,3,43,27,56,45,55,0,0,0,0,0,0,0,226,8,7,1,0,6,6,0,0,1,3,0,0,0,2,2,2,2,Primary (1–5),STANDARD,0,False,False
3776740,UTTAR PRADESH,BAREILLY,SHERGARH,1,Dhanua,1,3,1,5,1,243203,2,2,3,22,11,13,26,12,0,0,0,0,0,0,0,84,5,3,2,0,5,1,2,2,1,1,0,1,2,1,1,1,1,Primary (1–5),STANDARD,4,True,True
6463175,UTTAR PRADESH,BAREILLY,BAREILLY TOWN,2,,4,3,6,8,4,243001,9,2,3,0,0,0,0,0,10,25,10,0,0,0,0,45,2,2,0,0,3,3,0,0,1,1,0,0,0,2,1,2,1,Upper Primary (6–8),STANDARD,0,False,False
5387413,UTTAR PRADESH,BAREILLY,FARIDPUR,1,Pandhera,5,3,6,12,4,243001,9,2,3,0,0,0,0,0,89,79,60,118,136,53,54,589,10,10,0,0,14,14,0,0,2,2,9,0,0,1,1,1,1,Higher Secondary (6–12),STANDARD,0,True,True
1356414,UTTAR PRADESH,BAREILLY,BAHERI TOWN,2,,5,3,6,12,5,243201,9,2,3,0,0,0,0,0,52,39,41,75,76,71,59,413,12,12,0,0,12,12,0,0,4,6,1,0,0,1,3,1,1,Higher Secondary (6–12),STANDARD,0,True,True
2482767,UTTAR PRADESH,BAREILLY,ALAMPUR,1,Daleep Pur,4,3,6,8,1,243301,9,2,3,0,0,0,0,0,46,84,74,0,0,0,0,204,4,4,0,0,4,0,0,4,1,1,0,0,0,1,1,1,1,Upper Primary (6–8),STANDARD,4,True,True
9262661,UTTAR PRADESH,BAREILLY,KYARA,1,Kargaina,2,3,1,8,5,243001,2,2,3,11,16,29,18,8,12,15,0,0,0,0,0,109,3,3,0,0,9,9,0,0,2,2,0,0,0,2,1,2,1,Upper Primary (1–8),STANDARD,0,False,False
6156237,UTTAR PRADESH,BAREILLY,FARIDPUR,1,Naugawan,1,3,1,5,1,243503,2,2,3,24,24,27,50,45,0,0,0,0,0,0,0,170,8,6,2,0,3,0,0,3,1,1,0,0,2,2,1,1,1,Primary (1–5),STANDARD,3,False,True
6106141,UTTAR PRADESH,BAREILLY,MAJHGAWAN,1,Bajhera,4,3,6,8,5,243302,9,2,3,0,0,0,0,0,73,4,0,0,0,0,0,77,3,1,2,0,3,3,0,0,1,1,1,1,0,2,1,1,1,Upper Primary (6–8),STANDARD,0,False,True
3068563,UTTAR PRADESH,BAREILLY,BAREILLY TOWN,2,,1,3,1,5,5,243003,2,2,3,36,21,20,22,16,0,0,0,0,0,0,0,115,2,1,0,1,8,8,0,0,2,2,0,1,0,1,1,1,1,Primary (1–5),STANDARD,0,True,True
9349585,UTTAR PRADESH,BAREILLY,BAREILLY TOWN,2,,2,3,1,8,5,243006,2,2,3,0,2,0,0,0,0,1,0,0,0,0,0,3,2,2,0,0,5,5,0,0,2,2,0,0,0,2,1,1,1,Upper Primary (1–8),STANDARD,0,False,True
2536650,UTTAR PRADESH,BAREILLY,ALAMPUR,1,Majhaoa,4,3,6,8,1,243401,9,2,3,0,0,0,0,0,28,13,22,0,0,0,0,63,3,3,0,0,6,4,1,1,1,1,0,0,2,2,1,1,1,Upper Primary (6–8),STANDARD,2,False,True
8351932,UTTAR PRADESH,BAREILLY,BAREILLY TOWN,2,,2,3,1,8,5,243004,2,2,3,45,40,38,42,44,42,22,29,0,0,0,0,302,14,14,0,0,11,11,0,0,2,3,6,0,0,1,1,1,1,Upper Primary (1–8),STANDARD,0,True,True
2879595,UTTAR PRADESH,BAREILLY,VITHARI CHAINPUR,1,Bhartaul,1,3,1,5,5,243123,1,2,3,19,6,6,10,7,0,0,0,0,0,0,0,48,10,7,2,1,12,12,0,0,1,1,1,1,1,1,1,1,1,Primary (1–5),STANDARD,0,True,True
5452750,UTTAR PRADESH,BAREILLY,MIRGANJ,1,Kapoorpur,4,3,6,8,1,243504,9,2,3,0,0,0,0,0,19,25,24,0,0,0,0,68,4,3,1,0,4,0,4,0,1,1,0,0,2,2,1,1,2,Upper Primary (6–8),STANDARD,4,False,True
2476084,UTTAR PRADESH,BAREILLY,SHERGARH,1,Masla Khera,2,3,1,8,1,243505,2,2,3,29,14,15,24,35,18,24,28,0,0,0,0,187,8,6,2,0,9,9,0,0,2,2,0,2,2,1,1,1,2,Upper Primary (1–8),STANDARD,0,True,True
2830007,UTTAR PRADESH,BAREILLY,MIRGANJ,1,Pahuncha Buzurg Mustakil,2,3,1,8,1,243504,2,2,3,9,7,8,12,14,19,25,30,0,0,0,0,124,6,5,1,0,11,3,0,8,2,2,0,0,2,2,1,1,1,Upper Primary (1–8),STANDARD,8,False,True
9994937,UTTAR PRADESH,BAREILLY,BHUTA,1,Simra Keshopur,4,3,6,8,1,243503,9,2,3,0,0,0,0,0,33,22,28,0,0,0,0,83,1,1,0,0,3,0,0,3,1,1,0,0,2,1,1,1,1,Upper Primary (6–8),STANDARD,3,True,True
5330092,UTTAR PRADESH,BAREILLY,NAWABGANJ,1,Aurangabad,4,3,6,8,1,262406,9,2,3,0,0,0,0,0,22,30,36,0,0,0,0,88,5,3,2,0,3,2,1,0,2,3,0,0,2,2,1,1,1,Upper Primary (6–8),STANDARD,1,False,True
4059069,UTTAR PRADESH,BAREILLY,SHERGARH,1,Mawai Jarail,2,3,1,8,1,243201,2,2,3,4,7,5,2,7,2,4,3,0,0,0,0,34,5,2,3,0,6,2,2,2,1,1,0,0,2,1,1,1,1,Upper Primary (1–8),STANDARD,4,True,True
9641561,UTTAR PRADESH,BAREILLY,ALAMPUR,1,Katka Raman,4,3,6,8,1,243402,9,2,3,0,0,0,0,0,32,26,15,0,0,0,0,73,3,3,0,0,4,4,0,0,1,1,0,0,0,2,1,1,1,Upper Primary (6–8),STANDARD,0,False,True
7224082,UTTAR PRADESH,BAREILLY,SHERGARH,1,Manpur,1,3,1,5,97,243201,2,2,3,42,32,51,45,51,0,0,0,0,0,0,0,221,7,7,0,0,7,7,0,0,4,4,0,1,0,1,1,1,1,Primary (1–5),STANDARD,0,True,True
3458733,UTTAR PRADESH,BAREILLY,RAMNAGAR,1,Tigra Khanpur,7,3,6,10,5,243303,9,2,3,0,0,0,0,0,6,6,6,153,131,0,0,302,8,8,0,0,5,5,0,0,2,2,0,0,0,2,1,1,2,Secondary (6–10),STANDARD,0,False,True
1737747,UTTAR PRADESH,BAREILLY,ALAMPUR,1,Usaita,2,3,1,8,1,243401,2,2,3,11,7,19,15,24,23,23,20,0,0,0,0,142,5,4,1,0,9,4,0,5,3,2,0,0,2,2,1,1,2,Upper Primary (1–8),STANDARD,5,False,True
3739221,UTTAR PRADESH,BAREILLY,VITHARI CHAINPUR,1,Nathoo Rampura,2,3,1,8,1,243001,2,2,3,15,17,21,23,17,22,20,11,0,0,0,0,146,9,7,2,0,8,0,4,4,3,2,0,0,2,1,1,1,1,Upper Primary (1–8),STANDARD,8,True,True
7676585,UTTAR PRADESH,BAREILLY,MAJHGAWAN,1,Gainee,4,3,6,8,5,243302,9,2,3,0,0,0,0,0,25,9,12,0,0,0,0,46,1,1,0,0,5,5,0,0,4,4,0,0,0,2,1,1,2,Upper Primary (6–8),STANDARD,0,False,True
3725151,UTTAR PRADESH,BAREILLY,SHERGARH,1,Tanda,1,3,1,5,97,243505,2,2,3,0,0,4,9,7,0,0,0,0,0,0,0,20,3,3,0,0,5,5,0,0,1,1,0,0,0,1,2,2,1,Primary (1–5),STANDARD,0,True,False
8985565,UTTAR PRADESH,BAREILLY,RAMNAGAR,1,Prathvipur,1,3,1,5,1,243303,2,2,3,1,3,4,11,8,0,0,0,0,0,0,0,27,4,1,3,0,4,0,4,0,1,1,0,0,2,2,1,1,1,Primary (1–5),STANDARD,4,False,True
3605760,UTTAR PRADESH,BAREILLY,BAREILLY TOWN,2,,2,3,1,8,5,243001,1,2,3,107,101,95,108,89,72,69,51,0,0,0,0,692,43,43,0,0,29,29,0,0,8,11,20,5,0,1,1,1,1,Upper Primary (1–8),STANDARD,0,True,True
4399614,UTTAR PRADESH,BAREILLY,RICHHA(DAMKHODA),1,Mundia Nabibaksha,2,3,1,8,5,243201,2,2,3,20,13,18,24,29,39,34,30,0,0,0,0,207,8,4,4,0,10,10,0,0,2,2,0,0,2,2,2,2,2,Upper Primary (1–8),STANDARD,0,False,False
1486787,UTTAR PRADESH,BAREILLY,MAJHGAWAN,1,Bajhera,4,3,6,8,5,243303,9,2,3,0,0,0,0,0,55,29,15,0,0,0,0,99,3,3,0,0,8,8,0,0,3,2,0,2,0,2,1,1,2,Upper Primary (6–8),STANDARD,0,False,True
2701262,UTTAR PRADESH,BAREILLY,BHADPURA,1,Barsia,4,3,6,8,5,262406,9,2,3,0,0,0,0,0,13,22,27,0,0,0,0,62,3,2,0,1,3,2,1,0,1,1,0,0,0,2,2,2,1,Upper Primary (6–8),STANDARD,1,False,False
6792736,UTTAR PRADESH,BAREILLY,BHOJIPURA,1,Rampura Mafi,1,3,1,5,97,243202,2,2,3,9,1,0,5,4,0,0,0,0,0,0,0,19,3,1,2,0,5,5,0,0,1,1,0,0,0,1,1,2,1,Primary (1–5),STANDARD,0,True,False
3692983,UTTAR PRADESH,BAREILLY,RICHHA(DAMKHODA),1,Arsiabojh,10,3,9,12,5,243201,9,1,3,0,0,0,0,0,0,0,0,250,400,354,638,1642,14,13,0,1,16,16,0,0,10,14,4,1,1,1,1,1,1,Higher Secondary (9–12),STANDARD,0,True,True
4510244,UTTAR PRADESH,BAREILLY,MAJHGAWAN,1,Rajpur Kalan,2,3,1,8,5,243302,2,2,3,16,30,17,21,19,45,38,23,0,0,0,0,209,7,7,0,0,8,8,0,0,1,1,0,0,0,2,1,2,1,Upper Primary (1–8),STANDARD,0,False,False
2820012,UTTAR PRADESH,BAREILLY,BAHERI TOWN,2,,6,3,1,10,97,243201,2,2,3,0,0,0,0,3,2,12,8,5,21,0,0,51,6,1,4,1,10,10,0,0,1,1,1,0,0,2,1,1,1,Secondary (1–10),STANDARD,0,False,True
6479841,UTTAR PRADESH,BAREILLY,VITHARI CHAINPUR,1,Mohrania,2,3,1,8,5,243123,2,2,3,11,13,10,6,10,14,6,0,0,0,0,0,70,4,3,1,0,8,8,0,0,1,1,1,1,0,2,1,1,2,Upper Primary (1–8),STANDARD,0,False,True
6608086,UTTAR PRADESH,BAREILLY,MIRGANJ,2,,2,3,1,8,5,243504,2,2,3,4,3,8,19,5,3,10,4,0,0,0,0,56,8,8,0,0,8,8,0,0,1,1,0,6,0,2,1,1,2,Upper Primary (1–8),STANDARD,0,False,True
9720532,UTTAR PRADESH,BAREILLY,BHUTA,1,Chathia Faizoo,1,3,1,5,5,243506,2,2,3,0,7,7,4,1,0,0,0,0,0,0,0,19,5,5,0,0,6,6,0,0,10,10,2,2,0,1,1,1,1,Primary (1–5),STANDARD,0,True,True
3129834,UTTAR PRADESH,BAREILLY,FARIDPUR TOWN,2,,1,3,1,5,5,243001,2,2,3,61,116,100,90,79,0,0,0,0,0,0,0,446,11,4,7,0,8,8,0,0,4,4,11,0,0,2,1,1,1,Primary (1–5),STANDARD,0,False,True
2340468,UTTAR PRADESH,BAREILLY,NAWABGANJ,1,Sijaulia,2,3,1,8,5,262406,1,2,3,41,8,24,16,6,11,11,12,0,0,0,0,129,11,0,11,0,11,11,0,0,4,4,1,0,0,2,2,2,2,Upper Primary (1–8),STANDARD,0,False,False
3941565,UTTAR PRADESH,BAREILLY,NAWABGANJ,2,,1,3,1,5,5,262406,2,2,3,20,19,13,15,13,0,0,0,0,0,0,0,80,3,3,0,0,4,4,0,0,1,1,0,1,1,1,1,2,2,Primary (1–5),STANDARD,0,True,False
8413498,UTTAR PRADESH,BAREILLY,BAREILLY TOWN,2,,2,3,1,8,5,243002,1,2,3,15,25,12,10,3,7,1,5,0,0,0,0,78,7,7,0,0,8,8,0,0,1,1,3,1,0,2,1,2,2,Upper Primary (1–8),STANDARD,0,False,False
4646284,UTTAR PRADESH,BAREILLY,BAREILLY TOWN,2,,2,3,1,8,5,243502,2,2,3,7,7,12,7,5,10,18,19,0,0,0,0,85,5,5,0,0,10,10,0,0,2,2,0,1,1,1,1,2,1,Upper Primary (1–8),STANDARD,0,True,False
1402935,UTTAR PRADESH,BAREILLY,NAWABGANJ,2,,8,3,9,10,5,262406,9,2,3,0,0,0,0,0,0,0,0,2,5,0,0,7,4,4,0,0,4,4,0,0,1,1,1,1,0,1,1,1,1,Secondary (9–10),STANDARD,0,True,True
3726308,UTTAR PRADESH,BAREILLY,ALAMPUR,1,Kohani Pratappur,1,3,1,5,5,243402,2,2,3,8,12,8,10,7,0,0,0,0,0,0,0,45,2,2,0,0,2,2,0,0,1,1,0,0,0,2,1,1,2,Primary (1–5),STANDARD,0,False,True
7168059,UTTAR PRADESH,BAREILLY,KYARA,1,Nabi Nagar,8,3,9,10,1,243001,9,2,3,0,0,0,0,0,0,0,0,81,64,0,0,145,7,7,0,0,4,4,0,0,2,2,7,0,0,1,1,1,2,Secondary (9–10),STANDARD,0,True,True
9531278,UTTAR PRADESH,BAREILLY,BAREILLY TOWN,2,,1,3,1,5,5,243006,2,2,3,21,34,25,41,31,0,0,0,0,0,0,0,152,5,0,5,0,4,4,0,0,1,1,0,0,0,2,1,2,2,Primary (1–5),STANDARD,0,False,False
7778569,UTTAR PRADESH,BAREILLY,BAREILLY TOWN,2,,6,3,1,10,97,243006,2,2,3,5,9,6,11,9,7,10,10,6,7,0,0,80,6,6,0,0,10,10,0,0,2,2,2,1,0,1,1,1,1,Secondary (1–10),STANDARD,0,True,True
3997636,UTTAR PRADESH,BAREILLY,BHUTA,1,Richa,5,3,6,12,5,243126,9,2,3,0,0,0,0,0,37,57,53,223,257,270,273,1170,21,3,12,6,17,17,0,0,4,2,5,4,1,1,1,1,1,Higher Secondary (6–12),STANDARD,0,True,True
1352780,UTTAR PRADESH,BAREILLY,BHOJIPURA,1,Bohit,2,3,1,8,5,243502,1,2,3,12,6,6,9,11,41,19,7,0,0,0,0,111,10,9,1,0,11,11,0,0,2,2,0,1,0,1,1,2,1,Upper Primary (1–8),STANDARD,0,True,False
9717320,UTTAR PRADESH,BAREILLY,BHOJIPURA,1,Gopalpur Azizpur,3,3,1,12,90,243001,2,1,1,0,0,0,0,0,129,109,105,47,30,22,11,453,15,1,13,1,10,10,0,0,40,1,21,0,34,1,1,1,1,Higher Secondary (1–12),STANDARD,0,True,True
4600316,UTTAR PRADESH,BAREILLY,BAREILLY TOWN,2,,1,3,1,5,5,243001,2,2,3,20,9,14,7,10,0,0,0,0,0,0,0,60,1,1,0,0,5,5,0,0,2,2,2,0,0,2,1,1,1,Primary (1–5),STANDARD,0,False,True
2148030,UTTAR PRADESH,BAREILLY,BAREILLY TOWN,2,,1,3,1,5,5,243502,2,2,3,0,0,0,10,8,0,0,0,0,0,0,0,18,5,5,0,0,5,5,0,0,2,2,0,0,0,1,1,2,2,Primary (1–5),STANDARD,0,True,False
8749557,UTTAR PRADESH,BAREILLY,BAREILLY TOWN,2,,3,3,1,12,5,243003,2,2,3,10,15,6,6,4,10,14,20,66,30,25,35,241,8,7,0,1,20,20,0,0,5,4,7,0,0,2,1,1,1,Higher Secondary (1–12),STANDARD,0,False,True
9096228,UTTAR PRADESH,BAREILLY,AONLA,2,,2,3,1,8,5,243301,2,2,3,28,29,20,26,26,38,57,43,0,0,0,0,267,11,11,0,0,13,13,0,0,1,1,1,1,0,1,1,2,1,Upper Primary (1–8),STANDARD,0,True,False
1278505,UTTAR PRADESH,BAREILLY,ALAMPUR,1,Makrandpur Dharajit,1,3,1,5,5,243001,2,2,3,4,14,18,34,25,0,0,0,0,0,0,0,95,2,0,2,0,5,5,0,0,2,2,1,1,0,1,1,1,1,Primary (1–5),STANDARD,0,True,True
4058732,UTTAR PRADESH,BAREILLY,MIRGANJ,1,Narkhera,8,3,9,10,5,243501,9,1,3,0,0,0,0,0,0,0,0,83,78,0,0,161,9,9,0,0,4,4,0,0,3,3,0,1,1,2,2,1,1,Secondary (9–10),STANDARD,0,False,True
2062024,UTTAR PRADESH,BAREILLY,FARIDPUR,1,Aurangabad,1,3,1,5,5,243502,2,2,3,5,2,6,3,3,0,0,0,0,0,0,0,19,2,2,0,0,5,5,0,0,2,1,0,0,0,1,1,1,1,Primary (1–5),STANDARD,0,True,True
5402556,UTTAR PRADESH,BAREILLY,AONLA,2,,2,3,1,8,5,243301,2,2,3,21,22,19,22,28,36,39,27,0,0,0,0,214,9,9,0,0,10,10,0,0,5,2,3,0,0,1,1,2,1,Upper Primary (1–8),STANDARD,0,True,False
6090189,UTTAR PRADESH,BAREILLY,SHERGARH,1,Baripura,1,3,1,5,1,243201,2,2,3,11,14,18,21,25,0,0,0,0,0,0,0,89,5,3,2,0,7,5,1,1,1,1,0,1,2,1,1,1,2,Primary (1–5),STANDARD,2,True,True
5591150,UTTAR PRADESH,BAREILLY,BAHERI,1,Sili Jagir,2,3,1,8,5,243201,1,2,3,39,33,20,27,19,22,18,17,0,0,0,0,195,8,6,2,0,10,10,0,0,2,2,1,2,2,1,1,1,1,Upper Primary (1–8),STANDARD,0,True,True
4040146,UTTAR PRADESH,BAREILLY,BAREILLY TOWN,2,,4,3,6,8,5,243005,9,2,1,0,0,0,0,0,45,57,58,0,0,0,0,160,5,5,0,0,3,3,0,0,3,3,3,2,5,1,1,1,1,Upper Primary (6–8),STANDARD,0,True,True
3992192,UTTAR PRADESH,BAREILLY,RICHHA(DAMKHODA),1,Kundara,5,3,6,12,5,262406,9,2,3,0,0,0,0,0,88,76,81,94,132,144,143,758,15,11,0,4,16,16,0,0,5,6,5,1,0,1,1,1,1,Higher Secondary (6–12),STANDARD,0,True,True
4691416,UTTAR PRADESH,BAREILLY,FATEHGANJ,1,Chitauli,1,3,1,5,1,243501,2,2,3,13,16,19,32,22,0,0,0,0,0,0,0,102,9,5,4,0,7,5,0,2,2,2,0,0,2,2,1,1,2,Primary (1–5),STANDARD,2,False,True
3398957,UTTAR PRADESH,BAREILLY,RAMNAGAR,1,Ram Nagar,1,3,1,5,1,243303,2,2,3,30,21,31,24,23,0,0,0,0,0,0,0,129,5,3,2,0,9,6,0,3,1,1,0,0,2,2,1,1,1,Primary (1–5),STANDARD,3,False,True
5019629,UTTAR PRADESH,BAREILLY,VITHARI CHAINPUR,1,Parataspur,1,3,1,5,1,243123,2,2,3,16,7,15,32,13,0,0,0,0,0,0,0,83,6,3,3,0,4,4,0,0,1,1,0,0,2,1,1,1,1,Primary (1–5),STANDARD,0,True,True
5324049,UTTAR PRADESH,BAREILLY,FARIDPUR,1,Osar,1,3,1,5,1,243503,2,2,3,7,19,13,22,40,0,0,0,0,0,0,0,101,6,3,3,0,7,7,0,0,1,1,0,0,2,2,1,1,1,Primary (1–5),STANDARD,0,False,True
2130043,UTTAR PRADESH,BAREILLY,FATEHGANJ,1,Khatola Hulas Kunwer,1,3,1,5,1,243202,2,2,3,17,14,6,14,21,0,0,0,0,0,0,0,72,5,3,2,0,3,0,3,0,2,2,0,1,2,1,1,1,1,Primary (1–5),STANDARD,3,True,True
2278590,UTTAR PRADESH,BAREILLY,SHERGARH,1,Simrawa,1,3,1,5,1,243505,2,2,3,49,31,38,67,65,0,0,0,0,0,0,0,250,10,8,2,0,6,5,0,1,1,3,0,0,2,2,1,1,1,Primary (1–5),STANDARD,1,False,True
7449789,UTTAR PRADESH,BAREILLY,BHOJIPURA,1,Dabhora Khanjanpur,1,3,1,5,1,243202,2,2,3,8,6,8,9,9,0,0,0,0,0,0,0,40,2,1,1,0,4,1,3,0,1,1,0,1,2,1,1,1,1,Primary (1–5),STANDARD,3,True,True
7960365,UTTAR PRADESH,BAREILLY,RICHHA(DAMKHODA),1,Gularia Mohammad Hussain,1,3,1,5,1,243203,2,2,3,8,7,18,17,18,0,0,0,0,0,0,0,68,6,3,3,0,5,4,1,0,1,1,0,0,2,2,1,1,1,Primary (1–5),STANDARD,1,False,True
8270295,UTTAR PRADESH,BAREILLY,BAHERI,1,Firozpur,1,3,1,5,1,243201,2,2,3,7,19,9,20,9,0,0,0,0,0,0,0,64,3,2,1,0,4,0,4,0,1,1,0,0,2,1,1,1,1,Primary (1–5),STANDARD,4,True,True
5744745,UTTAR PRADESH,BAREILLY,ALAMPUR,1,Sirohi,1,3,1,5,1,243301,2,2,3,28,36,31,42,35,0,0,0,0,0,0,0,172,5,3,2,0,4,4,0,0,1,1,0,0,2,2,1,1,2,Primary (1–5),STANDARD,0,False,True
7532590,UTTAR PRADESH,BAREILLY,NAWABGANJ,1,Rasoola Talib Husain,1,3,1,5,1,262406,2,2,3,7,5,6,24,14,0,0,0,0,0,0,0,56,3,3,0,0,4,2,0,2,1,1,0,1,2,1,1,1,1,Primary (1–5),STANDARD,2,True,True
7691533,UTTAR PRADESH,BAREILLY,SHERGARH,1,Chathia,1,3,1,5,1,243203,2,2,3,13,4,9,6,9,0,0,0,0,0,0,0,41,3,2,1,0,6,4,1,1,1,1,0,0,2,1,1,1,2,Primary (1–5),STANDARD,2,True,True
8676726,UTTAR PRADESH,BAREILLY,BHUTA,1,Khateli,1,3,1,5,1,243503,2,2,3,42,23,31,60,64,0,0,0,0,0,0,0,220,3,3,0,0,6,3,1,2,1,1,0,0,2,2,1,1,1,Primary (1–5),STANDARD,3,False,True
8454599,UTTAR PRADESH,BAREILLY,BHOJIPURA,2,,1,3,1,5,1,243202,2,2,3,18,9,17,31,26,0,0,0,0,0,0,0,101,5,3,2,0,4,4,0,0,1,1,0,1,2,1,1,1,1,Primary (1–5),STANDARD,0,True,True
4830039,UTTAR PRADESH,BAREILLY,MAJHGAWAN,1,Pandi,1,3,1,5,1,243302,2,2,3,7,11,10,27,13,0,0,0,0,0,0,0,68,3,3,0,0,2,2,0,0,1,1,0,0,2,1,1,1,1,Primary (1–5),STANDARD,0,True,True
4190878,UTTAR PRADESH,BAREILLY,NAWABGANJ,1,Bakainia,1,3,1,5,1,243407,2,2,3,24,25,23,36,49,0,0,0,0,0,0,0,157,7,5,2,0,5,4,1,0,1,1,0,1,2,1,1,1,1,Primary (1–5),STANDARD,1,True,True
7329944,UTTAR PRADESH,BAREILLY,KYARA,1,Ajampur Mustaqil,1,3,1,5,1,243502,2,2,3,31,33,32,41,39,0,0,0,0,0,0,0,176,7,5,2,0,5,4,0,1,1,1,0,0,2,2,1,1,2,Primary (1–5),STANDARD,1,False,True
7649677,UTTAR PRADESH,BAREILLY,BAREILLY TOWN,2,,1,3,1,5,1,243001,2,2,3,12,7,13,18,26,0,0,0,0,0,0,0,76,1,0,1,0,3,3,0,0,1,1,0,0,1,2,1,1,2,Primary (1–5),STANDARD,0,False,True
8973315,UTTAR PRADESH,BAREILLY,AONLA,2,,1,3,1,5,1,243301,2,2,3,4,8,7,11,12,0,0,0,0,0,0,0,42,1,0,1,0,0,0,0,0,1,1,0,0,0,2,2,1,1,Primary (1–5),STANDARD,0,False,True
4411056,UTTAR PRADESH,BAREILLY,ALAMPUR,1,Hazratpur,1,3,1,5,1,243401,2,2,3,20,7,3,5,1,0,0,0,0,0,0,0,36,3,1,2,0,3,2,1,0,1,1,0,0,2,2,1,1,1,Primary (1–5),STANDARD,1,False,True
6379126,UTTAR PRADESH,BAREILLY,BAREILLY TOWN,2,,1,3,1,5,1,243001,2,2,3,12,12,24,35,27,0,0,0,0,0,0,0,110,3,3,0,0,2,2,0,0,1,1,0,0,2,1,1,1,2,Primary (1–5),STANDARD,0,True,True
7449860,UTTAR PRADESH,BAREILLY,BHOJIPURA,1,Nawa Nagla,1,3,1,5,1,243202,2,2,3,11,9,26,20,17,0,0,0,0,0,0,0,83,4,4,0,0,5,2,0,3,1,1,0,0,2,2,1,1,1,Primary (1–5),STANDARD,3,False,True
2138470,UTTAR PRADESH,BAREILLY,MAJHGAWAN,1,Maholia,1,3,1,5,1,243302,2,2,3,20,15,24,28,25,0,0,0,0,0,0,0,112,3,2,1,0,6,5,0,1,1,1,0,0,2,2,1,1,2,Primary (1–5),STANDARD,1,False,True
6293547,UTTAR PRADESH,BAREILLY,VITHARI CHAINPUR,1,Mohanpur,4,3,6,8,1,243123,9,2,3,0,0,0,0,0,112,82,74,0,0,0,0,268,10,9,1,0,4,4,0,0,4,5,3,1,2,2,1,1,1,Upper Primary (6–8),STANDARD,0,False,True
6656023,UTTAR PRADESH,BAREILLY,BHOJIPURA,1,Atapatti Shumali,1,3,1,5,1,243202,2,2,3,15,12,13,21,18,0,0,0,0,0,0,0,79,4,3,1,0,4,4,0,0,1,1,0,0,2,2,1,1,1,Primary (1–5),STANDARD,0,False,True
8912431,UTTAR PRADESH,BAREILLY,AONLA,1,Nisoi,1,3,1,5,1,243302,2,2,3,8,6,3,5,4,0,0,0,0,0,0,0,26,3,2,1,0,2,2,0,0,2,2,0,0,2,1,1,1,1,Primary (1–5),STANDARD,0,True,True
7747099,UTTAR PRADESH,BAREILLY,BHOJIPURA,1,Hamirpur,1,3,1,5,1,243502,2,2,3,21,16,13,16,26,0,0,0,0,0,0,0,92,5,3,2,0,4,0,2,2,2,2,0,0,2,1,1,1,1,Primary (1–5),STANDARD,4,True,True
5248076,UTTAR PRADESH,BAREILLY,BHUTA,1,Khardaha Ilaka Kuan Danda,1,3,1,5,1,243503,2,2,3,21,23,20,21,16,0,0,0,0,0,0,0,101,4,3,1,0,4,3,1,0,1,1,0,0,2,2,1,1,1,Primary (1–5),STANDARD,1,False,True
5670952,UTTAR PRADESH,BAREILLY,BAREILLY TOWN,2,,7,1,6,10,4,243001,9,2,3,0,0,0,0,0,27,19,23,23,14,0,0,106,7,7,0,0,7,7,0,0,4,0,1,0,0,2,1,1,1,Secondary (6–10),STANDARD,0,False,True
6363417,UTTAR PRADESH,BAREILLY,BAREILLY TOWN,2,,5,3,6,12,4,243001,9,2,3,0,0,0,0,0,43,65,58,73,69,49,67,424,12,12,0,0,16,16,0,0,2,6,0,0,0,1,1,1,2,Higher Secondary (6–12),STANDARD,0,True,True
7848523,UTTAR PRADESH,BAREILLY,RAMNAGAR,2,,2,3,1,8,5,243303,1,2,3,31,39,27,29,21,20,7,6,0,0,0,0,180,10,10,0,0,11,11,0,0,2,2,2,1,0,1,1,2,2,Upper Primary (1–8),STANDARD,0,True,False
9778277,UTTAR PRADESH,BAREILLY,FATEHGANJ,1,Satuiya Khas,1,3,1,5,1,243501,2,2,3,17,15,15,29,23,0,0,0,0,0,0,0,99,5,4,1,0,6,4,0,2,2,2,0,0,2,1,1,1,1,Primary (1–5),STANDARD,2,True,True
4790055,UTTAR PRADESH,BAREILLY,FATEHGANJ,1,Haunspur,1,3,1,5,1,243001,2,2,3,6,2,2,1,2,0,0,0,0,0,0,0,13,2,2,0,0,3,2,0,1,1,1,0,0,2,2,1,1,1,Primary (1–5),STANDARD,1,False,True
6544283,UTTAR PRADESH,BAREILLY,BAREILLY TOWN,2,,1,3,1,5,5,243002,1,2,3,29,17,23,28,19,0,0,0,0,0,0,0,116,6,6,0,0,6,6,0,0,2,1,1,0,0,2,1,2,1,Primary (1–5),STANDARD,0,False,False
9439072,UTTAR PRADESH,BAREILLY,FARIDPUR,1,Saidpur Ahatmali,1,3,1,5,1,243506,2,2,3,26,13,26,44,43,0,0,0,0,0,0,0,152,3,3,0,0,7,0,0,7,1,1,0,0,2,1,1,1,1,Primary (1–5),STANDARD,7,True,True
8030998,UTTAR PRADESH,BAREILLY,SHERGARH,2,,1,3,1,5,97,243505,2,2,3,12,13,1,22,14,0,0,0,0,0,0,0,62,6,1,5,0,10,10,0,0,2,2,0,0,0,2,1,2,1,Primary (1–5),STANDARD,0,False,False
6122877,UTTAR PRADESH,BAREILLY,ALAMPUR,1,Panwaria,4,3,6,8,1,243301,9,2,3,0,0,0,0,0,23,19,16,0,0,0,0,58,2,2,0,0,3,0,0,3,2,2,0,0,2,2,1,1,2,Upper Primary (6–8),STANDARD,3,False,True
9205866,UTTAR PRADESH,BAREILLY,BAREILLY TOWN,2,,4,3,6,8,5,243001,9,2,3,0,0,0,0,0,19,9,7,0,0,0,0,35,2,1,0,1,8,8,0,0,4,4,2,0,0,2,1,1,1,Upper Primary (6–8),STANDARD,0,False,True
2058499,UTTAR PRADESH,BAREILLY,KYARA,1,Itawa Sukhdevpur,1,3,1,5,5,243001,2,2,3,5,8,4,8,4,0,0,0,0,0,0,0,29,3,3,0,0,5,5,0,0,1,1,0,0,0,2,1,2,1,Primary (1–5),STANDARD,0,False,False
2951554,UTTAR PRADESH,BAREILLY,SHERGARH,1,Ghatgaon,2,3,1,8,1,243505,2,2,3,17,20,18,31,22,73,69,38,0,0,0,0,288,9,7,2,0,11,6,4,1,2,2,0,0,2,1,1,1,1,Upper Primary (1–8),STANDARD,5,True,True
8427685,UTTAR PRADESH,BAREILLY,ALAMPUR,1,Pakhurni,2,3,1,8,1,243401,2,2,3,48,31,39,65,50,36,46,29,0,0,0,0,344,10,7,3,0,12,9,0,3,3,3,0,0,2,2,1,1,2,Upper Primary (1–8),STANDARD,3,False,True
1636445,UTTAR PRADESH,BAREILLY,ALAMPUR,1,Tanda,2,3,1,8,1,243301,2,2,3,26,30,28,36,40,120,129,86,0,0,0,0,495,9,6,3,0,12,12,0,0,2,2,11,0,2,1,1,1,2,Upper Primary (1–8),STANDARD,0,True,True
1038423,UTTAR PRADESH,BAREILLY,ALAMPUR,1,Firozpur,4,3,6,8,1,243201,9,2,3,0,0,0,0,0,21,40,26,0,0,0,0,87,3,3,0,0,4,4,0,0,1,1,0,0,0,2,1,1,1,Upper Primary (6–8),STANDARD,0,False,True
5446861,UTTAR PRADESH,BAREILLY,BHOJIPURA,1,Majhawa Gangapur,2,3,1,8,1,243202,2,2,3,21,14,16,19,24,48,53,46,0,0,0,0,241,13,8,2,3,8,8,0,0,4,4,0,1,2,2,1,1,1,Upper Primary (1–8),STANDARD,0,False,True
7789177,UTTAR PRADESH,BAREILLY,BAREILLY TOWN,2,,2,3,1,8,5,243006,2,2,3,42,47,32,44,39,35,36,30,0,0,0,0,305,22,22,0,0,16,16,0,0,2,2,4,0,0,2,1,1,1,Upper Primary (1–8),STANDARD,0,False,True
4478250,UTTAR PRADESH,BAREILLY,MAJHGAWAN,1,Mohammad Ganj,4,2,6,8,1,243001,9,2,1,0,0,0,0,0,26,44,30,0,0,0,0,100,7,0,7,0,3,3,0,0,0,8,7,0,2,2,1,1,1,Upper Primary (6–8),STANDARD,0,False,True
4147740,UTTAR PRADESH,BAREILLY,VITHARI CHAINPUR,1,Kunwerpur Banjaria,4,3,6,8,1,243122,9,2,3,0,0,0,0,0,58,43,66,0,0,0,0,167,5,5,0,0,3,3,0,0,1,1,0,1,0,2,1,1,1,Upper Primary (6–8),STANDARD,0,False,True
8933767,UTTAR PRADESH,BAREILLY,KYARA,1,Bukhara,2,3,1,8,1,243001,2,2,3,33,17,26,29,44,33,38,31,0,0,0,0,251,10,8,2,0,12,10,0,2,2,2,2,0,2,2,1,1,1,Upper Primary (1–8),STANDARD,2,False,True
8007293,UTTAR PRADESH,BAREILLY,BHOJIPURA,1,Pipalsana Khatian,2,3,1,8,1,243202,2,2,3,17,7,10,42,33,32,36,30,0,0,0,0,207,7,5,2,0,8,3,0,5,2,2,0,2,2,2,1,1,2,Upper Primary (1–8),STANDARD,5,False,True
9870705,UTTAR PRADESH,BAREILLY,KYARA,1,Karonda,4,3,6,8,1,243001,9,2,3,0,0,0,0,0,97,82,80,0,0,0,0,259,7,7,0,0,4,4,0,0,2,2,0,0,0,2,1,1,1,Upper Primary (6–8),STANDARD,0,False,True
9005970,UTTAR PRADESH,BAREILLY,BHOJIPURA,1,Surla,4,3,6,8,1,243202,9,2,3,0,0,0,0,0,29,38,27,0,0,0,0,94,3,3,0,0,3,3,0,0,1,1,0,0,2,1,1,1,1,Upper Primary (6–8),STANDARD,0,True,True
8336839,UTTAR PRADESH,BAREILLY,BHUTA,1,Kalyanpur Ilaka Bilihawa,4,3,6,8,1,243503,9,2,3,0,0,0,0,0,64,65,51,0,0,0,0,180,3,3,0,0,4,4,0,0,1,1,0,2,0,2,1,1,2,Upper Primary (6–8),STANDARD,0,False,True
4847294,UTTAR PRADESH,BAREILLY,RAMNAGAR,1,Lelaur Sahasa,4,3,6,8,1,243303,9,2,3,0,0,0,0,0,27,13,12,0,0,0,0,52,2,2,0,0,1,1,0,0,1,1,0,0,2,2,1,1,1,Upper Primary (6–8),STANDARD,0,False,True
7641321,UTTAR PRADESH,BAREILLY,MAJHGAWAN,1,Gidaolee,2,3,1,8,1,243302,2,2,3,21,11,11,33,25,26,30,37,0,0,0,0,194,8,6,2,0,9,7,1,1,2,1,0,0,2,1,1,1,1,Upper Primary (1–8),STANDARD,2,True,True
4222019,UTTAR PRADESH,BAREILLY,RICHHA(DAMKHODA),1,Musapur Urf Ghatgawn,4,3,6,8,1,243201,9,2,3,0,0,0,0,0,29,14,14,0,0,0,0,57,1,1,0,0,6,6,0,0,1,1,0,0,1,2,1,1,1,Upper Primary (6–8),STANDARD,0,False,True
6895622,UTTAR PRADESH,BAREILLY,VITHARI CHAINPUR,1,Mundia Ahmed Nagar,4,3,6,8,1,243122,9,2,3,0,0,0,0,0,69,47,49,0,0,0,0,165,4,4,0,0,4,4,0,0,1,1,0,0,2,2,1,1,1,Upper Primary (6–8),STANDARD,0,False,True
1252762,UTTAR PRADESH,BAREILLY,BAREILLY TOWN,2,,5,2,6,12,4,243003,9,2,3,0,0,0,0,0,106,120,139,341,430,408,452,1996,22,5,14,3,35,20,9,6,0,10,1,1,0,1,1,1,1,Higher Secondary (6–12),STANDARD,15,True,True
5256058,UTTAR PRADESH,BAREILLY,BHUTA,1,Angadpur Khamria,7,3,6,10,4,243503,9,2,3,0,0,0,0,0,51,51,52,144,113,0,0,411,11,5,6,0,17,17,0,0,2,2,1,1,1,1,1,1,1,Secondary (6–10),STANDARD,0,True,True
7307451,UTTAR PRADESH,BAREILLY,RICHHA(DAMKHODA),1,Pipra Nankar,1,3,1,5,5,243202,2,2,3,23,28,30,36,31,0,0,0,0,0,0,0,148,7,7,0,0,8,8,0,0,2,2,0,1,0,2,2,1,1,Primary (1–5),STANDARD,0,False,True
1628626,UTTAR PRADESH,BAREILLY,FARIDPUR,1,Mastipur,4,3,6,8,1,243506,9,2,3,0,0,0,0,0,11,18,10,0,0,0,0,39,1,1,0,0,4,2,2,0,1,1,0,0,2,2,1,1,1,Upper Primary (6–8),STANDARD,2,False,True
9683904,UTTAR PRADESH,BAREILLY,BAREILLY TOWN,2,,5,2,6,12,4,243005,9,2,3,0,0,0,0,0,80,106,129,229,219,204,227,1194,28,28,0,0,20,20,0,0,0,11,1,0,0,1,1,1,2,Higher Secondary (6–12),STANDARD,0,True,True
8509439,UTTAR PRADESH,BAREILLY,BAREILLY TOWN,2,,2,3,1,8,5,243006,2,2,3,13,13,11,7,9,5,4,4,0,0,0,0,66,5,4,0,1,8,8,0,0,2,2,1,0,0,1,1,1,1,Upper Primary (1–8),STANDARD,0,True,True
9463152,UTTAR PRADESH,BAREILLY,SHERGARH,1,Bairamnagar,6,3,1,10,97,243505,2,2,3,7,47,45,57,49,121,98,70,13,1,0,0,508,9,1,8,0,13,13,0,0,2,3,3,1,0,1,2,1,1,Secondary (1–10),STANDARD,0,True,True
7329199,UTTAR PRADESH,BAREILLY,BAREILLY TOWN,2,,1,3,1,5,5,243005,2,2,3,9,10,18,17,16,0,0,0,0,0,0,0,70,5,5,0,0,5,5,0,0,1,2,1,0,0,2,1,1,1,Primary (1–5),STANDARD,0,False,True
1062683,UTTAR PRADESH,BAREILLY,VITHARI CHAINPUR,2,,6,3,1,10,97,243123,2,2,1,29,12,7,10,5,10,9,8,0,0,0,0,90,6,6,0,0,9,9,0,0,1,1,1,0,2,1,1,2,1,Secondary (1–10),STANDARD,0,True,False
7464371,UTTAR PRADESH,BAREILLY,BAREILLY TOWN,2,,2,3,1,8,5,243001,2,2,3,13,17,20,15,22,23,32,28,0,0,0,0,170,6,6,0,0,8,8,0,0,1,1,0,0,0,2,1,2,1,Upper Primary (1–8),STANDARD,0,False,False
5883558,UTTAR PRADESH,BAREILLY,RICHHA(DAMKHODA),1,Paiga,3,3,1,12,97,243203,2,2,3,0,0,0,0,1,18,18,7,0,0,0,0,44,8,3,5,0,12,12,0,0,2,2,0,0,0,2,2,2,1,Higher Secondary (1–12),STANDARD,0,False,False
6061287,UTTAR PRADESH,BAREILLY,BAREILLY TOWN,2,,1,3,1,5,5,243502,2,2,3,56,81,58,54,46,0,0,0,0,0,0,0,295,4,1,3,0,6,6,0,0,1,1,10,1,0,2,1,1,1,Primary (1–5),STANDARD,0,False,True
9292214,UTTAR PRADESH,BAREILLY,FARIDPUR TOWN,2,,1,3,1,5,97,243503,2,2,3,0,10,9,7,0,0,0,0,0,0,0,0,26,3,3,0,0,10,10,0,0,2,2,0,1,0,2,1,2,1,Primary (1–5),STANDARD,0,False,False
9919529,UTTAR PRADESH,BAREILLY,RICHHA(DAMKHODA),1,Madhaupur,1,3,1,5,1,243202,2,2,3,13,8,9,18,16,0,0,0,0,0,0,0,64,5,3,2,0,5,5,0,0,1,2,0,0,1,2,1,1,1,Primary (1–5),STANDARD,0,False,True
4409032,UTTAR PRADESH,BAREILLY,VITHARI CHAINPUR,1,Urla Jagir,1,3,1,5,1,243123,2,2,3,54,34,39,52,76,0,0,0,0,0,0,0,255,9,7,2,0,4,4,0,0,1,2,0,0,2,2,1,1,1,Primary (1–5),STANDARD,0,False,True
8918645,UTTAR PRADESH,BAREILLY,MAJHGAWAN,1,Gurganwamustkil,1,3,1,5,5,243303,2,2,3,20,13,13,10,6,0,0,0,0,0,0,0,62,5,5,0,0,5,5,0,0,1,2,0,0,0,2,1,1,1,Primary (1–5),STANDARD,0,False,True
9709356,UTTAR PRADESH,BAREILLY,RICHHA(DAMKHODA),1,Ainthpura,1,3,1,5,1,243201,2,2,3,9,2,2,3,5,0,0,0,0,0,0,0,21,2,1,1,0,3,2,0,1,1,1,0,0,2,2,1,1,1,Primary (1–5),STANDARD,1,False,True
1233131,UTTAR PRADESH,BAREILLY,BHOJIPURA,1,Keshonpur,1,3,1,5,1,243502,2,2,3,28,14,21,20,18,0,0,0,0,0,0,0,101,6,3,3,0,5,3,1,1,1,1,0,0,2,1,1,1,1,Primary (1–5),STANDARD,2,True,True
1923319,UTTAR PRADESH,BAREILLY,MIRGANJ,1,Narelirasulpur,2,3,1,8,5,243505,2,2,3,29,52,21,31,26,49,49,35,0,0,0,0,292,10,10,0,0,8,8,0,0,1,1,0,0,0,2,2,1,1,Upper Primary (1–8),STANDARD,0,False,True
3171878,UTTAR PRADESH,BAREILLY,ALAMPUR,1,Langura,1,3,1,5,5,243402,2,2,3,10,13,10,11,13,0,0,0,0,0,0,0,57,3,3,0,0,5,3,2,0,2,2,0,0,0,1,2,2,2,Primary (1–5),STANDARD,2,True,False
6443337,UTTAR PRADESH,BAREILLY,RICHHA(DAMKHODA),1,Rampura,2,3,1,8,5,243201,2,2,3,38,19,23,20,36,88,38,25,0,0,0,0,287,8,2,6,0,8,8,0,0,4,3,0,0,0,2,1,1,1,Upper Primary (1–8),STANDARD,0,False,True
5556990,UTTAR PRADESH,BAREILLY,BHADPURA,1,Keyolariya,1,3,1,5,5,262406,2,2,3,41,22,20,15,16,0,0,0,0,0,0,0,114,4,4,0,0,5,5,0,0,1,1,0,1,0,1,1,1,1,Primary (1–5),STANDARD,0,True,True
1261638,UTTAR PRADESH,BAREILLY,MAJHGAWAN,1,Gularia Uprala,5,3,6,12,5,243303,9,1,3,0,0,0,0,0,31,12,47,227,101,129,82,629,19,19,0,0,9,9,0,0,2,9,0,0,0,2,1,1,1,Higher Secondary (6–12),STANDARD,0,False,True
1881485,UTTAR PRADESH,BAREILLY,NAWABGANJ,1,Tanda Sadat,1,3,1,5,1,243407,2,2,3,47,32,35,30,32,0,0,0,0,0,0,0,176,6,3,3,0,7,3,2,2,1,1,0,1,2,1,1,1,1,Primary (1–5),STANDARD,4,True,True
5529998,UTTAR PRADESH,BAREILLY,BHADPURA,1,Katiya Atmaram,1,3,1,5,1,262406,2,2,3,16,17,16,23,24,0,0,0,0,0,0,0,96,4,3,1,0,3,1,1,1,1,1,0,0,2,2,1,1,2,Primary (1–5),STANDARD,2,False,True
2012395,UTTAR PRADESH,BAREILLY,MAJHGAWAN,1,Shivnagar Champatpur,10,3,9,12,5,243001,9,2,3,0,0,0,0,0,0,0,0,52,59,15,23,149,9,9,0,0,4,4,0,0,1,2,1,1,0,1,1,1,1,Higher Secondary (9–12),STANDARD,0,True,True
4049463,UTTAR PRADESH,BAREILLY,BHUTA,1,Khandsara,1,3,1,5,1,243503,2,2,3,8,15,15,18,20,0,0,0,0,0,0,0,76,4,3,1,0,6,5,1,0,1,1,0,0,2,2,1,1,1,Primary (1–5),STANDARD,1,False,True
1723054,UTTAR PRADESH,BAREILLY,KYARA,1,Kandharpur (Ct),2,3,1,8,5,243001,2,2,3,13,12,13,5,5,7,2,4,0,0,0,0,61,7,7,0,0,8,8,0,0,2,2,0,0,0,2,1,2,2,Upper Primary (1–8),STANDARD,0,False,False
7053889,UTTAR PRADESH,BAREILLY,FARIDPUR,1,Naugawan,1,3,1,5,1,243503,2,2,3,8,5,10,21,15,0,0,0,0,0,0,0,59,6,4,2,0,5,3,2,0,2,1,0,0,2,2,1,1,1,Primary (1–5),STANDARD,2,False,True
9739614,UTTAR PRADESH,BAREILLY,NAWABGANJ,1,Satuiya Kalan,1,3,1,5,1,262406,2,2,3,8,8,7,10,11,0,0,0,0,0,0,0,44,2,1,1,0,4,0,4,0,1,1,0,1,0,2,1,1,2,Primary (1–5),STANDARD,4,False,True
3430787,UTTAR PRADESH,BAREILLY,BHADPURA,1,Nakti Narianpur,4,3,6,8,5,262406,9,2,3,0,0,0,0,0,74,52,43,0,0,0,0,169,4,4,0,0,4,4,0,0,2,2,4,1,0,1,1,1,1,Upper Primary (6–8),STANDARD,0,True,True
4038848,UTTAR PRADESH,BAREILLY,FARIDPUR,1,Jerh,1,3,1,5,5,243502,2,2,3,4,8,6,7,3,0,0,0,0,0,0,0,28,5,5,0,0,3,3,0,0,1,1,0,1,0,1,1,1,1,Primary (1–5),STANDARD,0,True,True
8678716,UTTAR PRADESH,BAREILLY,BAHERI,1,Nadeli,4,3,6,8,5,243201,9,2,3,0,0,0,0,0,26,33,27,0,0,0,0,86,5,5,0,0,8,8,0,0,2,2,1,1,1,1,1,1,1,Upper Primary (6–8),STANDARD,0,True,True
2520645,UTTAR PRADESH,BAREILLY,FATEHGANJ,2,,1,3,1,5,5,243505,2,2,3,19,18,16,16,12,0,0,0,0,0,0,0,81,4,4,0,0,6,6,0,0,1,1,0,0,0,2,1,2,1,Primary (1–5),STANDARD,0,False,False
5038408,UTTAR PRADESH,BAREILLY,BHUTA,1,Sunaura Murarpur,1,3,1,5,1,243503,2,2,3,17,11,8,11,6,0,0,0,0,0,0,0,53,2,2,0,0,5,5,0,0,1,1,0,0,2,1,1,1,1,Primary (1–5),STANDARD,0,True,True
9662789,UTTAR PRADESH,BAREILLY,RICHHA(DAMKHODA),1,Kundara,2,3,1,8,5,243201,2,2,3,44,77,52,44,40,0,0,0,0,0,0,0,257,11,8,0,3,8,8,0,0,5,6,0,1,0,1,1,1,1,Upper Primary (1–8),STANDARD,0,True,True
3789440,UTTAR PRADESH,BAREILLY,RICHHA(DAMKHODA),1,Katharra,1,3,1,5,5,243203,1,2,3,20,25,29,15,13,0,0,0,0,0,0,0,102,5,5,0,0,8,8,0,0,2,2,4,1,0,1,2,1,1,Primary (1–5),STANDARD,0,True,True
1721552,UTTAR PRADESH,BAREILLY,BAREILLY TOWN,2,,2,3,1,8,5,243005,2,2,3,8,15,21,14,9,18,13,17,0,0,0,0,115,6,6,0,0,7,7,0,0,2,2,1,0,0,1,1,2,2,Upper Primary (1–8),STANDARD,0,True,False
6890448,UTTAR PRADESH,BAREILLY,MIRGANJ,1,Paraura,5,3,6,12,5,243504,9,2,3,0,0,0,0,0,0,0,0,203,190,166,205,764,31,17,0,14,20,20,0,0,4,4,1,1,0,1,1,1,1,Higher Secondary (6–12),STANDARD,0,True,True
8175481,UTTAR PRADESH,BAREILLY,MAJHGAWAN,1,Peparia Uprala,2,3,1,8,5,243303,2,2,3,36,39,28,30,34,30,20,19,0,0,0,0,236,10,10,0,0,8,8,0,0,1,1,1,0,0,2,1,1,1,Upper Primary (1–8),STANDARD,0,False,True
7264607,UTTAR PRADESH,BAREILLY,BAREILLY TOWN,2,,6,3,1,10,97,243005,2,2,3,24,1,4,7,6,10,6,7,7,7,0,0,79,6,6,0,0,10,10,0,0,2,2,2,1,0,1,1,1,1,Secondary (1–10),STANDARD,0,True,True
8442519,UTTAR PRADESH,BAREILLY,VITHARI CHAINPUR,2,,1,3,1,5,5,243122,2,2,3,15,35,31,24,16,0,0,0,0,0,0,0,121,4,0,4,0,5,5,0,0,1,1,0,0,0,1,1,1,1,Primary (1–5),STANDARD,0,True,True
1138943,UTTAR PRADESH,BAREILLY,VITHARI CHAINPUR,1,Sahua,2,3,1,8,5,243122,1,2,3,0,24,13,8,15,0,0,0,0,0,0,0,60,5,5,0,0,6,6,0,0,1,2,1,1,0,1,1,1,1,Upper Primary (1–8),STANDARD,0,True,True
7352150,UTTAR PRADESH,BAREILLY,VITHARI CHAINPUR,1,Mohanpur Urf Ram Nager,3,3,1,12,5,243123,2,2,3,26,26,17,29,31,28,33,19,32,37,39,63,380,23,23,0,0,17,17,0,0,8,8,20,0,0,1,2,1,1,Higher Secondary (1–12),STANDARD,0,True,True
4506983,UTTAR PRADESH,BAREILLY,BAREILLY TOWN,2,,2,3,1,8,5,243003,1,2,3,35,20,23,28,14,15,14,11,0,0,0,0,160,7,7,0,0,17,17,0,0,4,4,4,1,0,1,1,1,1,Upper Primary (1–8),STANDARD,0,True,True
6729427,UTTAR PRADESH,BAREILLY,BAREILLY TOWN,2,,8,3,9,10,5,243005,9,2,3,0,0,0,0,0,0,0,0,59,63,0,0,122,6,6,0,0,8,8,0,0,2,2,2,1,0,1,1,1,2,Secondary (9–10),STANDARD,0,True,True
7175825,UTTAR PRADESH,BAREILLY,MIRGANJ,1,Asad Nagar,2,3,1,8,5,243505,2,2,1,39,46,44,43,33,68,47,32,0,0,0,0,352,10,10,0,0,12,12,0,0,3,3,0,0,0,2,2,2,1,Upper Primary (1–8),STANDARD,0,False,False
9558408,UTTAR PRADESH,BAREILLY,VITHARI CHAINPUR,1,Kamuan Kalan,1,3,1,5,1,243001,2,2,3,15,13,16,15,23,0,0,0,0,0,0,0,82,5,5,0,0,7,2,3,2,1,1,0,0,0,2,1,1,1,Primary (1–5),STANDARD,5,False,True
6507586,UTTAR PRADESH,BAREILLY,BHOJIPURA,1,Memaur,1,3,1,5,1,243202,2,2,3,48,39,20,50,51,0,0,0,0,0,0,0,208,7,6,1,0,5,2,1,2,1,1,0,0,2,1,1,1,1,Primary (1–5),STANDARD,3,True,True
8902396,UTTAR PRADESH,BAREILLY,ALAMPUR,1,Chandowa,1,3,1,5,1,243402,2,2,3,17,9,7,11,9,0,0,0,0,0,0,0,53,2,2,0,0,4,2,0,2,1,1,0,0,2,2,1,1,1,Primary (1–5),STANDARD,2,False,True
2182802,UTTAR PRADESH,BAREILLY,NAWABGANJ,1,Jamunia,1,3,1,5,1,262406,2,2,3,1,1,2,4,1,0,0,0,0,0,0,0,9,2,1,1,0,3,3,0,0,1,1,0,0,2,1,1,1,1,Primary (1–5),STANDARD,0,True,True
2137569,UTTAR PRADESH,BAREILLY,FARIDPUR,1,Kesharpur,1,3,1,5,1,243123,2,2,3,15,16,19,13,16,0,0,0,0,0,0,0,79,5,3,2,0,3,0,3,0,2,1,0,0,2,2,1,1,2,Primary (1–5),STANDARD,3,False,True
4576709,UTTAR PRADESH,BAREILLY,BHADPURA,1,Gopalpur,1,3,1,5,1,262406,2,2,3,1,1,2,4,2,0,0,0,0,0,0,0,10,3,2,1,0,4,2,0,2,1,1,0,0,2,1,1,1,1,Primary (1–5),STANDARD,2,True,True
4282047,UTTAR PRADESH,BAREILLY,NAWABGANJ,1,Kamua,1,3,1,5,1,243407,2,2,3,15,4,8,16,7,0,0,0,0,0,0,0,50,4,3,1,0,6,3,0,3,1,2,0,0,2,2,1,1,1,Primary (1–5),STANDARD,3,False,True
2281626,UTTAR PRADESH,BAREILLY,SHERGARH,2,,1,3,1,5,1,243505,2,2,3,24,31,46,30,22,0,0,0,0,0,0,0,153,6,3,3,0,5,0,5,0,1,2,0,1,2,1,1,1,2,Primary (1–5),STANDARD,5,True,True
8068214,UTTAR PRADESH,BAREILLY,RICHHA(DAMKHODA),1,Gargaiya,2,3,1,8,5,243203,1,2,3,63,29,29,31,19,20,25,23,0,0,0,0,239,12,9,3,0,15,15,0,0,2,4,10,1,0,2,1,1,1,Upper Primary (1–8),STANDARD,0,False,True
4054022,UTTAR PRADESH,BAREILLY,RAMNAGAR,1,Taha,1,3,1,5,1,243301,2,2,3,3,3,5,3,1,0,0,0,0,0,0,0,15,3,1,2,0,3,3,0,0,1,1,0,0,0,1,1,1,2,Primary (1–5),STANDARD,0,True,True
3768756,UTTAR PRADESH,BAREILLY,RICHHA(DAMKHODA),1,Baikarnanda,4,3,6,8,1,243201,9,2,3,0,0,0,0,0,12,18,12,0,0,0,0,42,2,2,0,0,5,0,5,0,1,1,0,0,0,1,1,1,1,Upper Primary (6–8),STANDARD,5,True,True
9288654,UTTAR PRADESH,BAREILLY,BHUTA,1,Madhia Bhagwantapur,4,3,6,8,1,243503,9,2,3,0,0,0,0,0,43,96,25,0,0,0,0,164,3,3,0,0,4,0,0,4,1,1,0,0,2,2,1,1,2,Upper Primary (6–8),STANDARD,4,False,True
8675564,UTTAR PRADESH,BAREILLY,BAHERI,1,Harsoo Nagla,1,3,1,5,1,243201,2,2,3,0,2,1,1,1,0,0,0,0,0,0,0,5,2,1,1,0,2,0,0,2,1,1,0,0,2,1,1,1,1,Primary (1–5),STANDARD,2,True,True
7410413,UTTAR PRADESH,BAREILLY,AONLA,2,,1,3,1,5,1,243301,2,2,3,11,11,18,22,22,0,0,0,0,0,0,0,84,2,1,1,0,5,5,0,0,1,1,0,0,0,2,1,1,1,Primary (1–5),STANDARD,0,False,True
8501086,UTTAR PRADESH,BAREILLY,BAREILLY TOWN,2,,1,3,1,5,5,243502,2,2,3,7,8,10,5,6,0,0,0,0,0,0,0,36,4,3,0,1,5,5,0,0,1,1,1,1,0,1,1,1,1,Primary (1–5),STANDARD,0,True,True
3671776,UTTAR PRADESH,BAREILLY,BAREILLY TOWN,2,,1,3,1,5,5,243003,1,2,1,2,0,4,1,0,0,0,0,0,0,0,0,7,7,7,0,0,7,7,0,0,5,5,0,2,0,1,1,2,2,Primary (1–5),STANDARD,0,True,False
7594240,UTTAR PRADESH,BAREILLY,BHOJIPURA,1,Karampur Chaudhary,1,3,1,5,97,243202,2,2,3,1,20,12,20,17,0,0,0,0,0,0,0,70,5,0,5,0,5,5,0,0,1,1,1,0,0,1,1,2,1,Primary (1–5),STANDARD,0,True,False
4055981,UTTAR PRADESH,BAREILLY,RAMNAGAR,1,Siroli Mustkil,1,3,1,5,5,243303,2,2,3,30,19,12,22,41,0,0,0,0,0,0,0,124,5,2,3,0,8,8,0,0,1,1,0,0,0,2,2,1,1,Primary (1–5),STANDARD,0,False,True
5909127,UTTAR PRADESH,BAREILLY,MAJHGAWAN,1,Balaibhagvantpur,8,3,9,10,1,243001,9,2,3,0,0,0,0,0,0,0,0,70,47,0,0,117,4,4,0,0,4,3,1,0,2,2,3,0,0,1,1,1,1,Secondary (9–10),STANDARD,1,True,True
7537006,UTTAR PRADESH,BAREILLY,VITHARI CHAINPUR,1,Mundia Ahmed Nagar,1,3,1,5,5,243123,2,2,3,4,9,2,4,7,0,0,0,0,0,0,0,26,3,1,2,0,4,4,0,0,1,1,1,0,1,1,1,1,1,Primary (1–5),STANDARD,0,True,True
5249246,UTTAR PRADESH,BAREILLY,FARIDPUR,1,Kartauli,4,3,6,8,1,243001,9,2,3,0,0,0,0,0,23,21,25,0,0,0,0,69,1,1,0,0,3,3,0,0,1,1,0,0,0,2,1,1,1,Upper Primary (6–8),STANDARD,0,False,True
8150633,UTTAR PRADESH,BAREILLY,MAJHGAWAN,1,Rukhara,4,3,6,8,1,243302,9,2,3,0,0,0,0,0,33,44,25,0,0,0,0,102,1,1,0,0,3,0,2,1,1,1,4,0,2,2,1,1,1,Upper Primary (6–8),STANDARD,3,False,True
2637444,UTTAR PRADESH,BAREILLY,FATEHGANJ,1,Aundh,4,3,6,8,1,243505,9,2,3,0,0,0,0,0,22,29,21,0,0,0,0,72,2,2,0,0,4,0,0,4,1,1,0,0,0,2,1,1,1,Upper Primary (6–8),STANDARD,4,False,True
5797362,UTTAR PRADESH,BAREILLY,SHERGARH,1,Parchai,2,3,1,8,1,243505,2,2,3,25,29,21,47,36,41,43,50,0,0,0,0,292,10,7,3,0,12,7,3,2,2,4,3,2,2,2,1,1,1,Upper Primary (1–8),STANDARD,5,False,True
1231502,UTTAR PRADESH,BAREILLY,NAWABGANJ,1,Satuiya Khurd,4,3,6,8,1,262406,9,2,3,0,0,0,0,0,25,22,21,0,0,0,0,68,4,4,0,0,4,2,2,0,1,1,0,1,0,2,1,1,1,Upper Primary (6–8),STANDARD,2,False,True
3160398,UTTAR PRADESH,BAREILLY,VITHARI CHAINPUR,1,Padarathpur (Ct),4,3,6,8,1,243001,9,2,3,0,0,0,0,0,28,46,30,0,0,0,0,104,4,4,0,0,3,0,2,1,1,1,4,0,0,2,1,1,1,Upper Primary (6–8),STANDARD,3,False,True
9736862,UTTAR PRADESH,BAREILLY,FATEHGANJ,1,Dhantiya,2,3,1,8,1,243502,2,2,3,33,30,28,39,38,76,67,56,0,0,0,0,367,14,11,3,0,13,0,11,2,4,5,0,3,2,2,1,1,1,Upper Primary (1–8),STANDARD,13,False,True
3125311,UTTAR PRADESH,BAREILLY,SHERGARH,1,Rampura,4,3,6,8,1,243001,9,2,3,0,0,0,0,0,39,23,19,0,0,0,0,81,3,3,0,0,4,3,1,0,1,1,0,1,2,2,1,1,2,Upper Primary (6–8),STANDARD,1,False,True
2180648,UTTAR PRADESH,BAREILLY,KYARA,1,Manpur Ahaiyapur,4,3,6,8,1,243001,9,2,3,0,0,0,0,0,40,45,48,0,0,0,0,133,4,4,0,0,4,4,0,0,1,2,0,0,2,2,1,1,1,Upper Primary (6–8),STANDARD,0,False,True
9203362,UTTAR PRADESH,BAREILLY,BHUTA,1,Barkhera,4,3,6,8,1,243503,9,2,3,0,0,0,0,0,25,32,34,0,0,0,0,91,4,3,1,0,3,0,0,3,1,1,0,0,2,2,1,1,2,Upper Primary (6–8),STANDARD,3,False,True
8970947,UTTAR PRADESH,BAREILLY,VITHARI CHAINPUR,1,Bithri Chainpur,8,3,9,10,1,243123,9,2,3,0,0,0,0,0,0,0,0,126,92,0,0,218,5,5,0,0,4,4,0,0,2,2,3,0,0,1,1,1,1,Secondary (9–10),STANDARD,0,True,True
7676278,UTTAR PRADESH,BAREILLY,MIRGANJ,1,Ballia,8,3,9,10,1,243504,9,2,3,0,0,0,0,0,0,0,0,59,65,0,0,124,4,4,0,0,7,0,5,2,3,3,3,0,0,1,1,2,1,Secondary (9–10),STANDARD,7,True,False
5881061,UTTAR PRADESH,BAREILLY,BHOJIPURA,1,Kalara,1,3,1,5,5,243202,2,2,3,23,23,7,1,3,0,0,0,0,0,0,0,57,3,2,1,0,5,5,0,0,1,1,0,1,0,1,1,2,1,Primary (1–5),STANDARD,0,True,False
3222928,UTTAR PRADESH,BAREILLY,NAWABGANJ,1,Pirthivipur Nawadia,4,3,6,8,1,243407,9,2,3,0,0,0,0,0,31,37,33,0,0,0,0,101,5,3,0,2,3,0,2,1,2,2,0,1,2,1,1,1,1,Upper Primary (6–8),STANDARD,3,True,True
5260445,UTTAR PRADESH,BAREILLY,MAJHGAWAN,2,,1,3,1,5,97,243302,2,2,3,1,2,2,22,14,0,0,0,0,0,0,0,41,4,4,0,0,4,4,0,0,1,1,0,0,0,2,1,2,2,Primary (1–5),STANDARD,0,False,False
3888859,UTTAR PRADESH,BAREILLY,BAREILLY TOWN,2,,4,3,6,8,5,243003,9,2,3,0,0,0,0,0,13,20,16,0,0,0,0,49,2,2,0,0,4,4,0,0,1,1,1,0,0,1,1,1,2,Upper Primary (6–8),STANDARD,0,True,True
8474956,UTTAR PRADESH,BAREILLY,BAREILLY TOWN,2,,1,3,1,5,5,243001,2,1,3,32,13,16,14,8,0,0,0,0,0,0,0,83,3,3,0,0,7,7,0,0,2,2,0,0,0,1,1,2,2,Primary (1–5),STANDARD,0,True,False
2088319,UTTAR PRADESH,BAREILLY,FARIDPUR TOWN,2,,1,3,1,5,5,243503,2,2,3,0,6,2,13,1,0,0,0,0,0,0,0,22,1,1,0,0,5,5,0,0,1,1,0,0,0,1,1,1,1,Primary (1–5),STANDARD,0,True,True
1554621,UTTAR PRADESH,BAREILLY,BAREILLY TOWN,2,,1,3,1,5,5,243001,2,2,3,0,1,0,0,0,0,0,0,0,0,0,0,1,2,0,2,0,5,5,0,0,1,1,0,0,0,2,1,2,2,Primary (1–5),STANDARD,0,False,False
2342534,UTTAR PRADESH,BAREILLY,RICHHA(DAMKHODA),2,,6,2,1,10,97,243201,2,2,3,0,0,0,0,1,8,9,11,7,12,0,0,48,11,11,0,0,12,12,0,0,0,5,0,0,0,2,3,1,2,Secondary (1–10),STANDARD,0,False,True
9840587,UTTAR PRADESH,BAREILLY,BAREILLY TOWN,2,,1,3,1,5,5,243122,2,2,3,9,0,0,0,0,0,0,0,0,0,0,0,9,4,1,0,3,1,1,0,0,1,1,0,0,0,2,2,2,2,Primary (1–5),STANDARD,0,False,False
2898795,UTTAR PRADESH,BAREILLY,BAREILLY TOWN,2,,2,3,1,8,5,243001,2,2,3,77,84,83,105,99,86,98,104,0,0,0,0,736,10,2,8,0,20,20,0,0,10,10,25,2,0,1,1,1,1,Upper Primary (1–8),STANDARD,0,True,True
4117748,UTTAR PRADESH,BAREILLY,BAREILLY TOWN,2,,1,3,1,5,5,243001,2,2,3,18,12,12,17,9,0,0,0,0,0,0,0,68,2,2,0,0,5,5,0,0,2,2,0,1,0,1,1,1,1,Primary (1–5),STANDARD,0,True,True
6128989,UTTAR PRADESH,BAREILLY,BAREILLY TOWN,2,,2,3,1,8,5,243122,2,2,3,0,0,24,5,5,32,30,17,0,0,0,0,113,4,4,0,0,6,6,0,0,2,2,0,1,0,1,1,1,1,Upper Primary (1–8),STANDARD,0,True,True
7848933,UTTAR PRADESH,BAREILLY,RICHHA(DAMKHODA),1,Rampura,1,3,1,5,5,243203,2,2,3,5,15,14,9,16,0,0,0,0,0,0,0,59,6,2,4,0,5,5,0,0,2,2,0,0,0,1,1,1,1,Primary (1–5),STANDARD,0,True,True
7682599,UTTAR PRADESH,BAREILLY,BAHERI,1,Utarasia Mohliya,1,3,1,5,5,263148,2,2,3,3,6,7,16,21,0,0,0,0,0,0,0,53,5,5,0,0,5,5,0,0,1,1,1,1,0,1,1,1,1,Primary (1–5),STANDARD,0,True,True
1810277,UTTAR PRADESH,BAREILLY,KYARA,1,Sarai Talfi Mustqil,1,3,1,5,5,243001,1,2,3,27,14,12,15,14,0,0,0,0,0,0,0,82,5,5,0,0,5,5,0,0,1,1,1,1,0,1,1,2,1,Primary (1–5),STANDARD,0,True,False
6986721,UTTAR PRADESH,BAREILLY,BAREILLY TOWN,2,,4,3,6,8,5,243001,9,2,3,0,0,0,0,0,8,5,7,0,0,0,0,20,5,5,0,0,5,5,0,0,2,2,4,2,0,1,1,1,1,Upper Primary (6–8),STANDARD,0,True,True
7569554,UTTAR PRADESH,BAREILLY,ALAMPUR,1,Kallia,1,3,1,5,97,243201,2,2,3,2,2,1,11,7,0,0,0,0,0,0,0,23,3,1,2,0,5,5,0,0,1,1,0,0,0,2,1,2,2,Primary (1–5),STANDARD,0,False,False
1245188,UTTAR PRADESH,BAREILLY,BAREILLY TOWN,2,,1,3,1,5,5,243502,2,2,3,21,53,34,29,22,0,0,0,0,0,0,0,159,6,6,0,0,5,5,0,0,1,2,1,0,0,2,1,1,1,Primary (1–5),STANDARD,0,False,True
8922106,UTTAR PRADESH,BAREILLY,FATEHGANJ,1,Amaur,1,3,1,5,5,243501,2,2,3,11,22,13,14,22,0,0,0,0,0,0,0,82,7,1,2,4,5,5,0,0,1,1,1,0,0,1,1,1,1,Primary (1–5),STANDARD,0,True,True
3227371,UTTAR PRADESH,BAREILLY,VITHARI CHAINPUR,1,Dogharia,3,3,1,12,5,243006,1,2,3,199,193,204,238,259,251,279,263,274,274,217,199,2850,129,129,0,0,102,102,0,0,25,15,95,2,90,1,1,1,1,Higher Secondary (1–12),STANDARD,0,True,True
3605759,UTTAR PRADESH,BAREILLY,BAHERI,1,Muhammadpur,1,3,1,5,1,243505,2,2,3,12,5,7,12,10,0,0,0,0,0,0,0,46,3,2,1,0,7,4,2,1,1,1,0,1,1,1,1,1,1,Primary (1–5),STANDARD,3,True,True
1938209,UTTAR PRADESH,BAREILLY,RICHHA(DAMKHODA),2,,2,3,1,8,5,243201,2,2,3,78,95,52,64,57,67,51,56,0,0,0,0,520,11,1,10,0,12,12,0,0,4,4,0,0,0,1,1,1,1,Upper Primary (1–8),STANDARD,0,True,True
4812981,UTTAR PRADESH,BAREILLY,BHOJIPURA,1,Jadaunpur,1,3,1,5,5,243202,2,2,3,11,28,18,18,17,0,0,0,0,0,0,0,92,4,4,0,0,6,6,0,0,1,1,0,0,0,1,1,1,1,Primary (1–5),STANDARD,0,True,True
7531771,UTTAR PRADESH,BAREILLY,BAREILLY TOWN,2,,1,3,1,5,97,243006,2,2,3,0,0,4,9,5,0,0,0,0,0,0,0,18,3,2,1,0,7,7,0,0,1,1,0,0,0,2,2,2,2,Primary (1–5),STANDARD,0,False,False
8547489,UTTAR PRADESH,BAREILLY,BHUTA,1,Rashulpur Bahanpur,1,3,1,5,5,243201,2,2,3,24,14,18,16,12,0,0,0,0,0,0,0,84,3,3,0,0,4,4,0,0,1,1,2,0,0,2,1,2,1,Primary (1–5),STANDARD,0,False,False
8640837,UTTAR PRADESH,BAREILLY,SHERGARH,1,Jaferpur,1,3,1,5,97,243505,2,2,3,11,9,9,5,13,0,0,0,0,0,0,0,47,8,5,3,0,5,5,0,0,2,2,0,0,0,2,1,2,2,Primary (1–5),STANDARD,0,False,False
2359355,UTTAR PRADESH,BAREILLY,BHOJIPURA,1,Kamuan Maqrooqa,6,3,1,10,5,243202,2,2,3,32,21,17,17,26,38,43,33,89,108,0,0,424,12,1,11,0,17,17,0,0,3,2,10,1,0,1,1,1,1,Secondary (1–10),STANDARD,0,True,True
2424832,UTTAR PRADESH,BAREILLY,BHUTA,1,Nand Anagni,1,3,1,5,97,243503,2,2,3,21,3,26,13,9,0,0,0,0,0,0,0,72,5,0,5,0,5,5,0,0,1,1,0,1,0,2,2,2,2,Primary (1–5),STANDARD,0,False,False
1951761,UTTAR PRADESH,BAREILLY,BHOJIPURA,1,Atapatti Janubi,1,3,1,5,5,243202,2,2,3,34,25,19,12,15,0,0,0,0,0,0,0,105,5,1,4,0,7,7,0,0,2,2,0,1,0,1,1,1,1,Primary (1–5),STANDARD,0,True,True
3135872,UTTAR PRADESH,BAREILLY,BAREILLY TOWN,2,,2,3,1,8,5,243003,2,2,3,9,9,12,17,15,43,17,26,0,0,0,0,148,8,8,0,0,8,8,0,0,1,1,0,1,0,1,1,1,1,Upper Primary (1–8),STANDARD,0,True,True
6879391,UTTAR PRADESH,BAREILLY,FATEHGANJ,1,Mirzapur,2,3,1,8,5,243505,2,2,3,36,23,14,29,17,54,41,47,0,0,0,0,261,9,9,0,0,8,8,0,0,5,10,0,0,0,1,1,1,1,Upper Primary (1–8),STANDARD,0,True,True
6036334,UTTAR PRADESH,BAREILLY,BHOJIPURA,1,Ghanghoua Ghanghori,1,3,1,5,5,243202,2,2,3,16,22,23,44,37,0,0,0,0,0,0,0,142,6,6,0,0,12,12,0,0,1,1,2,0,0,1,1,2,1,Primary (1–5),STANDARD,0,True,False
2381296,UTTAR PRADESH,BAREILLY,SHERGARH,1,Balli,1,3,1,5,5,243505,2,2,3,12,7,13,16,7,0,0,0,0,0,0,0,55,5,5,0,0,5,5,0,0,2,2,0,0,0,2,2,2,1,Primary (1–5),STANDARD,0,False,False
6455179,UTTAR PRADESH,BAREILLY,BAHERI,1,Nandpur,1,3,1,5,1,243201,2,2,3,17,13,8,13,11,0,0,0,0,0,0,0,62,2,2,0,0,4,3,0,1,1,1,0,1,2,1,1,1,2,Primary (1–5),STANDARD,1,True,True
6792204,UTTAR PRADESH,BAREILLY,BAREILLY TOWN,2,,2,3,1,8,5,243001,2,2,3,11,5,11,1,6,4,3,5,0,0,0,0,46,4,0,4,0,8,8,0,0,2,2,0,0,0,1,1,1,1,Upper Primary (1–8),STANDARD,0,True,True
8773309,UTTAR PRADESH,BAREILLY,NAWABGANJ,1,Hardua Kifayatullah,1,3,1,5,1,262406,2,2,3,13,18,16,15,11,0,0,0,0,0,0,0,73,4,3,1,0,4,2,0,2,1,1,0,1,2,2,1,1,2,Primary (1–5),STANDARD,2,False,True
4506445,UTTAR PRADESH,BAREILLY,FARIDPUR,1,Bhagwanpur Kundan,1,3,1,5,5,243506,2,2,3,3,11,10,10,2,0,0,0,0,0,0,0,36,4,4,0,0,7,7,0,0,1,1,0,0,0,2,1,2,1,Primary (1–5),STANDARD,0,False,False
9923605,UTTAR PRADESH,BAREILLY,BHADPURA,1,Naugawan Bhagawantpur,1,3,1,5,1,262406,2,2,3,23,27,13,28,39,0,0,0,0,0,0,0,130,5,3,2,0,2,0,2,0,1,1,0,0,2,1,1,1,1,Primary (1–5),STANDARD,2,True,True
2802355,UTTAR PRADESH,BAREILLY,FARIDPUR TOWN,2,,1,3,1,5,1,243503,2,2,3,43,58,57,82,29,0,0,0,0,0,0,0,269,3,2,1,0,4,4,0,0,1,1,0,1,2,1,1,1,1,Primary (1–5),STANDARD,0,True,True
6099582,UTTAR PRADESH,BAREILLY,MAJHGAWAN,1,Hazipur,1,3,1,5,1,243302,2,2,3,12,24,15,12,29,0,0,0,0,0,0,0,92,4,3,0,1,4,1,2,1,2,2,0,0,2,1,1,1,1,Primary (1–5),STANDARD,3,True,True
7447722,UTTAR PRADESH,BAREILLY,BHUTA,1,Amirta Ilaka Budholi,1,3,1,5,5,243503,2,2,3,18,15,5,8,11,0,0,0,0,0,0,0,57,3,3,0,0,4,4,0,0,1,1,0,0,0,1,2,2,2,Primary (1–5),STANDARD,0,True,False
2952729,UTTAR PRADESH,BAREILLY,SHERGARH,2,,6,3,1,10,97,243505,2,2,3,3,3,4,6,13,36,12,7,13,10,0,0,107,7,7,0,0,10,10,0,0,1,1,0,1,0,1,1,2,1,Secondary (1–10),STANDARD,0,True,False
5389380,UTTAR PRADESH,BAREILLY,KYARA,1,Kandharpur (Ct),2,3,1,8,5,243001,2,2,3,26,23,22,19,15,22,26,21,0,0,0,0,174,12,9,0,3,10,10,0,0,1,1,2,1,0,1,1,2,1,Upper Primary (1–8),STANDARD,0,True,False
1275224,UTTAR PRADESH,BAREILLY,BAREILLY TOWN,2,,3,3,1,12,97,243001,1,2,1,0,0,0,1,0,1,4,0,12,9,8,6,41,9,4,5,0,12,12,0,0,5,1,1,0,0,1,1,1,2,Higher Secondary (1–12),STANDARD,0,True,True
8143620,UTTAR PRADESH,BAREILLY,FARIDPUR TOWN,2,,2,3,1,8,5,243503,2,2,3,74,61,48,46,57,48,22,34,0,0,0,0,390,10,2,8,0,10,10,0,0,4,4,2,5,0,1,1,1,1,Upper Primary (1–8),STANDARD,0,True,True
4913707,UTTAR PRADESH,BAREILLY,BAREILLY TOWN,2,,6,3,1,10,5,243001,2,2,3,10,3,9,3,7,8,6,4,2,7,0,0,59,4,0,3,1,12,12,0,0,2,2,0,0,0,1,1,1,1,Secondary (1–10),STANDARD,0,True,True
2314003,UTTAR PRADESH,BAREILLY,BAREILLY TOWN,2,,3,3,1,12,5,243003,1,2,3,61,60,56,62,71,71,92,76,119,98,109,107,982,54,53,1,0,35,35,0,0,5,5,40,2,0,1,1,1,2,Higher Secondary (1–12),STANDARD,0,True,True
8548723,UTTAR PRADESH,BAREILLY,NAWABGANJ,1,Gular Dandi,1,3,1,5,1,262406,2,2,3,0,5,3,9,5,0,0,0,0,0,0,0,22,2,2,0,0,4,2,0,2,2,2,0,0,2,1,1,1,1,Primary (1–5),STANDARD,2,True,True
1814172,UTTAR PRADESH,BAREILLY,MIRGANJ,1,Pahuncha Khurd,1,3,1,5,1,243504,2,2,3,11,8,9,8,13,0,0,0,0,0,0,0,49,2,2,0,0,4,3,0,1,1,1,0,0,2,2,1,1,2,Primary (1–5),STANDARD,1,False,True
5322523,UTTAR PRADESH,BAREILLY,BHOJIPURA,1,Patti Beharipur,1,3,1,5,5,243202,2,2,3,3,7,0,3,2,0,0,0,0,0,0,0,15,4,0,4,0,6,6,0,0,1,1,1,1,0,1,1,1,1,Primary (1–5),STANDARD,0,True,True
4087146,UTTAR PRADESH,BAREILLY,BHADPURA,1,Gangapur,1,3,1,5,1,262406,2,2,3,5,3,1,11,7,0,0,0,0,0,0,0,27,2,1,1,0,2,0,2,0,1,1,0,0,2,2,1,1,2,Primary (1–5),STANDARD,2,False,True
6169671,UTTAR PRADESH,BAREILLY,ALAMPUR,1,Nitoi,1,3,1,5,1,243401,2,2,3,24,21,17,20,22,0,0,0,0,0,0,0,104,4,4,0,0,3,2,0,1,1,1,0,0,2,2,1,1,2,Primary (1–5),STANDARD,1,False,True
6841558,UTTAR PRADESH,BAREILLY,KYARA,1,Kargaina,1,3,1,5,1,243001,2,2,3,38,44,39,47,44,0,0,0,0,0,0,0,212,8,6,2,0,4,3,1,0,2,2,0,0,2,1,1,1,2,Primary (1–5),STANDARD,1,True,True
3977496,UTTAR PRADESH,BAREILLY,BHADPURA,1,Sitihaura,1,3,1,5,1,262406,2,2,3,16,12,17,36,17,0,0,0,0,0,0,0,98,6,3,3,0,5,3,0,2,1,1,0,0,2,2,1,1,1,Primary (1–5),STANDARD,2,False,True
5470221,UTTAR PRADESH,BAREILLY,BHUTA,1,Magrasha,1,3,1,5,1,243503,2,2,3,2,3,5,9,8,0,0,0,0,0,0,0,27,3,1,2,0,4,1,0,3,1,1,0,0,2,2,1,1,2,Primary (1–5),STANDARD,3,False,True
5586245,UTTAR PRADESH,BAREILLY,BHOJIPURA,1,Dalpatpur,1,3,1,5,1,243202,2,2,3,8,9,6,12,13,0,0,0,0,0,0,0,48,4,2,2,0,5,2,2,1,1,1,0,0,2,1,1,1,1,Primary (1–5),STANDARD,3,True,True
7379794,UTTAR PRADESH,BAREILLY,MAJHGAWAN,1,Gurganwa Ahatmali,1,3,1,5,1,243303,2,2,3,23,8,8,20,21,0,0,0,0,0,0,0,80,4,3,1,0,7,2,0,5,1,1,0,0,2,1,1,1,1,Primary (1–5),STANDARD,5,True,True
8952204,UTTAR PRADESH,BAREILLY,RICHHA(DAMKHODA),1,Singtara,1,3,1,5,1,243203,2,2,3,39,29,43,53,50,0,0,0,0,0,0,0,214,9,4,5,0,10,10,0,0,1,3,0,1,0,2,1,1,1,Primary (1–5),STANDARD,0,False,True
3012268,UTTAR PRADESH,BAREILLY,RICHHA(DAMKHODA),1,Katharra,1,3,1,5,1,243203,2,2,3,19,28,20,30,32,0,0,0,0,0,0,0,129,11,5,6,0,7,3,1,3,1,2,0,0,2,2,1,1,1,Primary (1–5),STANDARD,4,False,True
1669326,UTTAR PRADESH,BAREILLY,FARIDPUR TOWN,2,,1,3,1,5,1,243503,2,2,3,23,26,54,58,50,0,0,0,0,0,0,0,211,4,2,2,0,4,4,0,0,1,1,0,1,2,1,1,1,1,Primary (1–5),STANDARD,0,True,True
4198782,UTTAR PRADESH,BAREILLY,BAREILLY TOWN,2,,3,3,1,12,5,243003,1,2,2,114,121,94,132,145,160,162,178,204,226,167,174,1877,76,76,0,0,55,55,0,0,28,50,101,1,0,1,1,1,1,Higher Secondary (1–12),STANDARD,0,True,True
7822345,UTTAR PRADESH,BAREILLY,BAREILLY TOWN,2,,2,3,1,8,5,243502,2,2,3,4,4,4,10,9,23,17,11,0,0,0,0,82,3,3,0,0,8,8,0,0,2,2,2,0,0,2,1,1,1,Upper Primary (1–8),STANDARD,0,False,True
2547093,UTTAR PRADESH,BAREILLY,BAREILLY TOWN,2,,1,3,1,5,5,243005,2,2,3,40,47,29,32,21,0,0,0,0,0,0,0,169,7,6,0,1,6,6,0,0,3,3,10,0,0,1,1,2,1,Primary (1–5),STANDARD,0,True,False
9562275,UTTAR PRADESH,BAREILLY,BAREILLY TOWN,2,,2,3,1,8,5,243005,1,2,3,24,32,30,23,24,19,16,16,0,0,0,0,184,14,14,0,0,11,11,0,0,3,3,17,0,0,1,1,1,1,Upper Primary (1–8),STANDARD,0,True,True
6395960,UTTAR PRADESH,BAREILLY,BAREILLY TOWN,2,,2,3,1,8,1,243122,2,2,3,14,24,33,46,48,66,53,57,0,0,0,0,341,6,3,2,1,10,5,0,5,1,1,1,0,2,1,1,1,1,Upper Primary (1–8),STANDARD,5,True,True
8478257,UTTAR PRADESH,BAREILLY,BAHERI,1,Pachpera,4,3,6,8,1,243201,9,2,3,0,0,0,0,0,25,36,20,0,0,0,0,81,3,3,0,0,5,5,0,0,1,1,0,1,2,2,1,1,1,Upper Primary (6–8),STANDARD,0,False,True
9448376,UTTAR PRADESH,BAREILLY,BAHERI,1,Nauli,2,3,1,8,1,243201,2,2,3,1,3,7,8,11,30,22,21,0,0,0,0,103,6,5,1,0,4,0,4,0,1,1,0,0,2,2,1,1,1,Upper Primary (1–8),STANDARD,4,False,True
3064753,UTTAR PRADESH,BAREILLY,RICHHA(DAMKHODA),1,Mundia Nabibaksha,4,3,6,8,4,243201,9,2,3,0,0,0,0,0,32,45,42,0,0,0,0,119,2,2,0,0,5,5,0,0,2,2,0,0,0,2,2,2,1,Upper Primary (6–8),STANDARD,0,False,False
5683485,UTTAR PRADESH,BAREILLY,RAMNAGAR,1,Kishanpur,4,3,6,8,1,243301,9,2,3,0,0,0,0,0,16,18,16,0,0,0,0,50,1,1,0,0,4,1,3,0,1,1,0,0,2,2,1,1,1,Upper Primary (6–8),STANDARD,3,False,True
1057585,UTTAR PRADESH,BAREILLY,BHADPURA,1,Mohammadpur,4,3,6,8,1,262406,9,2,3,0,0,0,0,0,27,39,44,0,0,0,0,110,3,3,0,0,3,3,0,0,2,2,0,0,2,2,1,1,1,Upper Primary (6–8),STANDARD,0,False,True
7479189,UTTAR PRADESH,BAREILLY,RICHHA(DAMKHODA),1,Singothi,2,3,1,8,1,243201,2,2,3,10,12,11,25,23,21,26,15,0,0,0,0,143,8,6,2,0,12,8,2,2,2,2,0,2,2,2,1,1,2,Upper Primary (1–8),STANDARD,4,False,True
9734646,UTTAR PRADESH,BAREILLY,MIRGANJ,1,Asad Nagar,2,3,1,8,1,243504,2,2,3,20,16,23,20,24,32,45,47,0,0,0,0,227,9,7,2,0,8,4,2,2,2,2,0,0,2,2,1,1,2,Upper Primary (1–8),STANDARD,4,False,True
9918252,UTTAR PRADESH,BAREILLY,NAWABGANJ,1,Richhola Kifayatullah,4,3,6,8,1,243201,9,2,3,0,0,0,0,0,52,44,27,0,0,0,0,123,3,3,0,0,4,3,1,0,1,1,0,1,2,2,1,1,1,Upper Primary (6–8),STANDARD,1,False,True
1526204,UTTAR PRADESH,BAREILLY,ALAMPUR,1,Milak Majhara,2,3,1,8,1,243402,2,2,3,74,41,64,80,67,77,84,77,0,0,0,0,564,11,9,2,0,8,0,3,5,5,5,1,0,2,2,1,1,1,Upper Primary (1–8),STANDARD,8,False,True
2525104,UTTAR PRADESH,BAREILLY,BAHERI,1,Sabaraha,2,3,1,8,1,243201,2,2,3,10,2,4,9,5,17,17,19,0,0,0,0,83,3,3,0,0,8,8,0,0,1,2,0,0,2,1,1,1,1,Upper Primary (1–8),STANDARD,0,True,True
4791844,UTTAR PRADESH,BAREILLY,RICHHA(DAMKHODA),1,Mundia Nabibaksha,4,2,6,8,1,243201,9,2,1,0,0,0,0,0,21,35,36,0,0,0,0,92,7,0,7,0,6,6,0,0,0,9,7,0,0,1,1,1,1,Upper Primary (6–8),STANDARD,0,True,True
7888253,UTTAR PRADESH,BAREILLY,BHUTA,1,Budhauli,2,3,1,8,1,243503,2,2,3,13,13,22,28,30,26,19,31,0,0,0,0,182,8,6,2,0,13,5,4,4,4,4,0,0,2,1,1,1,2,Upper Primary (1–8),STANDARD,8,True,True
5867292,UTTAR PRADESH,BAREILLY,MAJHGAWAN,1,Mohammad Ganj,8,3,9,10,1,243001,9,2,3,0,0,0,0,0,0,0,0,44,25,0,0,69,4,4,0,0,4,4,0,0,1,1,0,0,1,1,1,1,1,Secondary (9–10),STANDARD,0,True,True
6712615,UTTAR PRADESH,BAREILLY,ALAMPUR,1,Sendha,8,3,9,10,5,243301,9,2,3,0,0,0,0,0,0,0,0,186,169,0,0,355,8,3,5,0,10,10,0,0,2,2,1,0,0,1,1,1,1,Secondary (9–10),STANDARD,0,True,True
2956063,UTTAR PRADESH,BAREILLY,FARIDPUR,1,Rampura Ratan,4,3,6,8,1,243503,9,2,3,0,0,0,0,0,21,34,20,0,0,0,0,75,2,2,0,0,4,4,0,0,1,1,0,0,2,1,1,1,1,Upper Primary (6–8),STANDARD,0,True,True
8083197,UTTAR PRADESH,BAREILLY,NAWABGANJ,1,Hafiz Ganj,4,3,6,8,1,243407,9,2,3,0,0,0,0,0,57,23,27,0,0,0,0,107,4,4,0,0,3,1,0,2,1,1,4,0,0,1,1,1,1,Upper Primary (6–8),STANDARD,2,True,True
9897671,UTTAR PRADESH,BAREILLY,SHERGARH,1,Jaferpur,6,3,1,10,97,243505,2,2,3,11,28,42,38,39,40,27,16,1,3,0,0,245,10,10,0,0,10,10,0,0,2,2,0,0,0,1,1,1,1,Secondary (1–10),STANDARD,0,True,True
7214096,UTTAR PRADESH,BAREILLY,BHADPURA,1,Atanga Chandpur,1,3,1,5,97,262406,2,2,3,9,6,14,18,15,0,0,0,0,0,0,0,62,4,2,2,0,6,6,0,0,1,1,0,0,0,2,2,1,1,Primary (1–5),STANDARD,0,False,True
2309196,UTTAR PRADESH,BAREILLY,FATEHGANJ,1,Abhai Raj Pur,2,3,1,8,1,243202,2,2,3,2,5,1,5,8,32,69,29,0,0,0,0,151,6,4,2,0,8,7,1,0,2,2,0,0,0,2,1,1,1,Upper Primary (1–8),STANDARD,1,False,True
2395370,UTTAR PRADESH,BAREILLY,BAHERI,1,Bhilaiya,5,3,6,12,5,243201,9,2,3,0,0,0,0,0,21,36,40,313,321,491,441,1663,18,17,1,0,17,16,1,0,2,17,3,3,0,1,1,1,1,Higher Secondary (6–12),STANDARD,1,True,True
5183912,UTTAR PRADESH,BAREILLY,BHUTA,1,Ahrola,2,3,1,8,5,243503,1,2,3,43,30,37,28,47,55,42,44,0,0,0,0,326,10,4,6,0,12,12,0,0,2,2,1,1,1,1,1,1,1,Upper Primary (1–8),STANDARD,0,True,True
8085747,UTTAR PRADESH,BAREILLY,BHUTA,1,Chathia Faizoo,10,3,9,12,5,243506,9,2,3,0,0,0,0,0,0,0,0,28,52,54,51,185,19,19,0,0,18,18,0,0,10,10,8,3,0,1,1,1,1,Higher Secondary (9–12),STANDARD,0,True,True
6856900,UTTAR PRADESH,BAREILLY,BHADPURA,1,Keyolariya,1,3,1,5,5,262406,2,2,3,15,21,15,17,22,0,0,0,0,0,0,0,90,5,5,0,0,6,6,0,0,1,1,0,1,0,1,1,1,1,Primary (1–5),STANDARD,0,True,True
7010624,UTTAR PRADESH,BAREILLY,RICHHA(DAMKHODA),1,Mundia Nabibaksha,2,3,1,8,5,243201,2,2,3,0,7,5,10,6,23,18,15,0,0,0,0,84,6,6,0,0,9,9,0,0,1,1,0,0,0,2,3,2,2,Upper Primary (1–8),STANDARD,0,False,False
5288705,UTTAR PRADESH,BAREILLY,RICHHA(DAMKHODA),1,Sukatia,4,3,6,8,5,243201,9,2,3,0,0,0,0,0,33,23,22,0,0,0,0,78,6,2,4,0,4,4,0,0,2,2,0,0,0,2,1,1,1,Upper Primary (6–8),STANDARD,0,False,True
5770979,UTTAR PRADESH,BAREILLY,NAWABGANJ,1,Bija Mau,1,3,1,5,5,262406,2,2,3,6,6,11,4,14,0,0,0,0,0,0,0,41,5,5,0,0,7,7,0,0,1,1,0,1,0,1,1,2,1,Primary (1–5),STANDARD,0,True,False
6684132,UTTAR PRADESH,BAREILLY,BAREILLY TOWN,2,,2,3,1,8,5,243003,1,2,3,90,100,89,98,77,79,70,60,0,0,0,0,663,42,42,0,0,31,31,0,0,5,6,17,4,0,1,1,1,1,Upper Primary (1–8),STANDARD,0,True,True
7190350,UTTAR PRADESH,BAREILLY,BAREILLY TOWN,2,,10,3,9,12,5,243001,9,2,3,0,0,0,0,0,0,0,0,6,4,42,88,140,5,5,0,0,8,8,0,0,1,1,1,0,0,1,1,2,1,Higher Secondary (9–12),STANDARD,0,True,False
7636599,UTTAR PRADESH,BAREILLY,NAWABGANJ,1,Saidpur,2,3,1,8,5,262406,1,2,3,27,33,25,21,27,19,15,20,0,0,0,0,187,17,17,0,0,7,7,0,0,2,2,0,1,0,1,1,2,1,Upper Primary (1–8),STANDARD,0,True,False
8334103,UTTAR PRADESH,BAREILLY,BHOJIPURA,1,Atapatti Janubi,5,3,6,12,5,243202,9,2,3,0,0,0,0,0,17,16,10,26,20,15,10,114,6,4,2,0,14,14,0,0,2,1,0,0,0,1,1,1,1,Higher Secondary (6–12),STANDARD,0,True,True
1288054,UTTAR PRADESH,BAREILLY,VITHARI CHAINPUR,1,Saidpur Khajuria (Ct),2,3,1,8,5,243001,2,2,3,32,27,11,26,11,12,7,5,0,0,0,0,131,5,4,1,0,8,8,0,0,1,1,0,0,0,2,1,2,1,Upper Primary (1–8),STANDARD,0,False,False
5280810,UTTAR PRADESH,BAREILLY,BAHERI,1,Tulsampur,1,3,1,5,5,243201,2,2,3,3,7,11,12,9,0,0,0,0,0,0,0,42,6,6,0,0,5,5,0,0,1,1,0,0,0,2,2,2,2,Primary (1–5),STANDARD,0,False,False
2153530,UTTAR PRADESH,BAREILLY,MIRGANJ,2,,2,3,1,8,5,243505,2,2,3,22,17,21,21,26,61,76,49,0,0,0,0,293,8,4,4,0,9,4,4,1,2,2,0,1,0,2,2,1,1,Upper Primary (1–8),STANDARD,5,False,True
6607453,UTTAR PRADESH,BAREILLY,FARIDPUR,1,Bhagwanpur Kundan,6,3,1,10,97,243506,2,2,3,8,1,0,2,5,16,12,4,0,1,0,0,49,10,10,0,0,5,5,0,0,1,1,0,1,0,1,1,2,2,Secondary (1–10),STANDARD,0,True,False
3882821,UTTAR PRADESH,BAREILLY,BAREILLY TOWN,2,,2,3,1,8,5,243001,2,2,3,37,30,15,14,22,18,10,3,0,0,0,0,149,16,16,0,0,15,15,0,0,2,2,12,0,0,1,1,2,1,Upper Primary (1–8),STANDARD,0,True,False
2141237,UTTAR PRADESH,BAREILLY,MAJHGAWAN,1,Kedona,1,3,1,5,5,243502,2,2,3,20,20,18,12,8,0,0,0,0,0,0,0,78,4,4,0,0,5,5,0,0,1,1,1,0,0,2,1,1,1,Primary (1–5),STANDARD,0,False,True
8749433,UTTAR PRADESH,BAREILLY,BAREILLY TOWN,2,,2,3,1,8,5,243001,2,2,3,0,0,0,0,0,8,3,2,0,0,0,0,13,3,3,0,0,10,10,0,0,2,2,0,1,0,1,1,1,1,Upper Primary (1–8),STANDARD,0,True,True
9178113,UTTAR PRADESH,BAREILLY,RICHHA(DAMKHODA),1,Balpur,2,3,1,8,5,262406,1,2,3,36,28,38,43,45,61,55,32,0,0,0,0,338,16,8,8,0,11,11,0,0,4,3,0,1,10,2,1,1,1,Upper Primary (1–8),STANDARD,0,False,True
6018349,UTTAR PRADESH,BAREILLY,FARIDPUR TOWN,2,,5,3,6,12,5,243503,9,2,3,0,0,0,0,0,53,79,78,168,192,125,134,829,7,4,3,0,8,8,0,0,10,2,15,0,0,1,1,1,1,Higher Secondary (6–12),STANDARD,0,True,True
6244693,UTTAR PRADESH,BAREILLY,SHERGARH,1,Kanakpuri,4,3,6,8,5,243505,9,2,3,0,0,0,0,0,17,8,11,0,0,0,0,36,2,2,0,0,4,4,0,0,1,1,0,0,0,1,2,2,1,Upper Primary (6–8),STANDARD,0,True,False
4109244,UTTAR PRADESH,BAREILLY,VITHARI CHAINPUR,1,Urla Jagir,1,3,1,5,5,243123,2,2,3,24,29,40,30,25,0,0,0,0,0,0,0,148,6,6,0,0,5,5,0,0,1,2,1,1,0,1,1,2,2,Primary (1–5),STANDARD,0,True,False
3632372,UTTAR PRADESH,BAREILLY,NAWABGANJ,1,Hardua Kifayatullah,2,3,1,8,5,262406,1,1,3,2,1,7,3,6,0,0,0,0,0,0,0,19,2,2,0,0,16,16,0,0,5,5,2,2,4,1,1,1,1,Upper Primary (1–8),STANDARD,0,True,True
2935978,UTTAR PRADESH,BAREILLY,BAREILLY TOWN,2,,1,3,1,5,5,243502,2,2,3,53,36,52,38,62,0,0,0,0,0,0,0,241,5,0,5,0,6,6,0,0,4,4,0,1,0,2,1,1,1,Primary (1–5),STANDARD,0,False,True
9823915,UTTAR PRADESH,BAREILLY,NAWABGANJ,1,Richhola Kifayatullah,2,3,1,8,5,262406,2,2,3,2,10,7,10,11,2,2,6,0,0,0,0,50,4,4,0,0,10,10,0,0,2,1,0,0,0,2,1,1,1,Upper Primary (1–8),STANDARD,0,False,True
3296860,UTTAR PRADESH,BAREILLY,SHERGARH,1,Bairamnagar,1,3,1,5,97,243505,2,2,3,13,31,15,11,8,0,0,0,0,0,0,0,78,4,0,4,0,5,5,0,0,1,1,0,0,0,2,2,2,1,Primary (1–5),STANDARD,0,False,False
7060309,UTTAR PRADESH,BAREILLY,BAHERI TOWN,2,,1,3,1,5,97,243201,2,2,3,2,38,8,10,10,0,0,0,0,0,0,0,68,5,3,2,0,5,5,0,0,1,1,1,1,1,1,1,1,2,Primary (1–5),STANDARD,0,True,True
6897171,UTTAR PRADESH,BAREILLY,BAREILLY TOWN,2,,2,3,1,8,5,243502,1,2,1,5,3,1,3,7,1,3,0,0,0,0,0,23,9,9,0,0,5,5,0,0,3,3,0,0,0,2,1,1,1,Upper Primary (1–8),STANDARD,0,False,True
9801916,UTTAR PRADESH,BAREILLY,RAMNAGAR,1,Behari Pur,1,3,1,5,1,243303,2,2,3,5,8,10,14,13,0,0,0,0,0,0,0,50,5,3,2,0,4,2,0,2,1,1,0,0,1,2,1,1,1,Primary (1–5),STANDARD,2,False,True
4094138,UTTAR PRADESH,BAREILLY,BAREILLY TOWN,2,,6,3,1,10,97,243005,2,2,3,18,15,12,13,24,7,1,1,0,0,0,0,91,15,14,1,0,10,10,0,0,11,3,8,0,0,2,1,1,1,Secondary (1–10),STANDARD,0,False,True
8529094,UTTAR PRADESH,BAREILLY,FARIDPUR,1,Gopalpur,1,3,1,5,1,243001,2,2,3,8,12,4,21,12,0,0,0,0,0,0,0,57,3,2,1,0,4,4,0,0,1,1,0,0,0,2,1,1,1,Primary (1–5),STANDARD,0,False,True
7316548,UTTAR PRADESH,BAREILLY,BHADPURA,1,Barkhana Harchandpur,1,3,1,5,1,262406,2,2,3,9,8,10,14,13,0,0,0,0,0,0,0,54,4,1,3,0,5,4,0,1,1,1,0,0,2,2,1,1,1,Primary (1–5),STANDARD,1,False,True
6419657,UTTAR PRADESH,BAREILLY,BAREILLY TOWN,2,,1,3,1,5,5,243001,2,2,3,11,21,15,12,6,0,0,0,0,0,0,0,65,4,4,0,0,6,6,0,0,2,2,1,0,0,1,1,2,1,Primary (1–5),STANDARD,0,True,False
1966837,UTTAR PRADESH,BAREILLY,BHADPURA,1,Barsia,1,3,1,5,5,262406,1,2,3,5,16,19,10,10,0,0,0,0,0,0,0,60,7,5,2,0,7,7,0,0,1,1,0,1,0,1,2,1,1,Primary (1–5),STANDARD,0,True,True
6660471,UTTAR PRADESH,BAREILLY,MAJHGAWAN,1,Para Bhauddenpur,1,3,1,5,1,243302,2,2,3,13,18,16,28,25,0,0,0,0,0,0,0,100,5,3,2,0,6,2,2,2,1,1,0,0,2,1,1,1,2,Primary (1–5),STANDARD,4,True,True
2610364,UTTAR PRADESH,BAREILLY,VITHARI CHAINPUR,1,Udaipur Jasrathpur,1,3,1,5,1,243123,2,2,3,9,19,19,26,19,0,0,0,0,0,0,0,92,7,5,2,0,4,2,1,1,1,1,0,0,2,1,1,1,1,Primary (1–5),STANDARD,2,True,True
3471922,UTTAR PRADESH,BAREILLY,RICHHA(DAMKHODA),1,Khara Ramnagar,1,3,1,5,97,243203,2,2,3,0,0,3,4,3,0,0,0,0,0,0,0,10,1,1,0,0,4,4,0,0,1,1,0,0,0,1,2,2,1,Primary (1–5),STANDARD,0,True,False
2307957,UTTAR PRADESH,BAREILLY,MAJHGAWAN,1,Khailam Dehajagir,1,3,1,5,1,243302,2,2,3,22,22,30,61,61,0,0,0,0,0,0,0,196,4,3,1,0,5,4,0,1,1,1,0,0,2,2,1,1,2,Primary (1–5),STANDARD,1,False,True
3383723,UTTAR PRADESH,BAREILLY,NAWABGANJ,1,Tanda Sadat,6,3,1,10,97,262406,2,2,3,10,16,17,12,14,6,10,16,0,0,0,0,101,11,6,5,0,12,12,0,0,1,2,0,0,0,2,2,1,2,Secondary (1–10),STANDARD,0,False,True
2053570,UTTAR PRADESH,BAREILLY,MIRGANJ,1,Anandpur,2,3,1,8,5,243505,1,2,3,9,21,10,16,20,27,7,8,0,0,0,0,118,11,11,0,0,11,11,0,0,5,5,5,1,1,1,1,2,1,Upper Primary (1–8),STANDARD,0,True,False
8054626,UTTAR PRADESH,BAREILLY,BAHERI TOWN,2,,10,3,9,12,5,243201,9,2,3,0,0,0,0,0,0,0,0,102,129,161,168,560,16,16,0,0,24,24,0,0,5,5,2,1,0,1,1,1,1,Higher Secondary (9–12),STANDARD,0,True,True
5960800,UTTAR PRADESH,BAREILLY,BHOJIPURA,1,Ramiapur Urf Ramipur,1,3,1,5,1,243202,2,2,3,14,9,8,15,17,0,0,0,0,0,0,0,63,3,2,1,0,3,0,3,0,1,1,0,1,2,1,1,1,1,Primary (1–5),STANDARD,3,True,True
2687973,UTTAR PRADESH,BAREILLY,BAREILLY TOWN,2,,1,3,1,5,5,243006,2,2,3,36,36,28,21,24,0,0,0,0,0,0,0,145,3,0,3,0,5,5,0,0,2,2,1,1,0,2,1,1,1,Primary (1–5),STANDARD,0,False,True
8018628,UTTAR PRADESH,BAREILLY,SHERGARH,1,Madnapur,1,3,1,5,97,243505,2,2,3,5,5,12,28,9,0,0,0,0,0,0,0,59,4,3,1,0,5,5,0,0,1,1,0,0,0,2,2,1,2,Primary (1–5),STANDARD,0,False,True
6947045,UTTAR PRADESH,BAREILLY,BAREILLY TOWN,2,,2,3,1,8,5,243122,1,2,3,10,12,11,12,8,7,10,10,0,0,0,0,80,6,6,0,0,8,8,0,0,2,2,1,1,0,1,1,1,1,Upper Primary (1–8),STANDARD,0,True,True
9467622,UTTAR PRADESH,BAREILLY,BAREILLY TOWN,2,,1,3,1,5,1,243001,2,2,3,1,1,1,0,1,0,0,0,0,0,0,0,4,0,0,0,0,4,4,0,0,1,1,0,0,2,2,1,1,2,Primary (1–5),STANDARD,0,False,True
1327188,UTTAR PRADESH,BAREILLY,RAMNAGAR,1,Manauna,1,3,1,5,5,243301,2,2,3,21,26,38,30,35,0,0,0,0,0,0,0,150,4,4,0,0,6,6,0,0,1,1,1,1,0,2,2,1,1,Primary (1–5),STANDARD,0,False,True
5609437,UTTAR PRADESH,BAREILLY,RICHHA(DAMKHODA),1,Yakubganj,1,3,1,5,1,243201,2,2,3,7,1,1,6,8,0,0,0,0,0,0,0,23,3,2,1,0,5,5,0,0,1,1,0,0,2,2,1,1,1,Primary (1–5),STANDARD,0,False,True
9582345,UTTAR PRADESH,BAREILLY,BHUTA,1,Barnai Keshowpur,1,3,1,5,1,243503,2,2,3,14,12,6,21,13,0,0,0,0,0,0,0,66,4,3,1,0,5,2,0,3,1,1,0,0,2,2,1,1,1,Primary (1–5),STANDARD,3,False,True
1765511,UTTAR PRADESH,BAREILLY,BHADPURA,1,Kitkapur Urf Kutubpur,1,3,1,5,1,262406,2,2,3,5,3,10,8,6,0,0,0,0,0,0,0,32,2,2,0,0,3,3,0,0,1,1,0,0,2,2,1,1,1,Primary (1–5),STANDARD,0,False,True
3003302,UTTAR PRADESH,BAREILLY,BAHERI,1,Mundia Mukarrampur,1,3,1,5,1,243201,2,2,3,19,22,22,25,21,0,0,0,0,0,0,0,109,5,5,0,0,3,0,3,0,1,1,0,1,2,2,1,1,2,Primary (1–5),STANDARD,3,False,True
8811078,UTTAR PRADESH,BAREILLY,AONLA,2,,10,3,9,12,5,243301,9,2,3,0,0,0,0,0,0,0,0,204,207,201,216,828,19,19,0,0,12,12,0,0,3,3,16,2,0,1,1,1,2,Higher Secondary (9–12),STANDARD,0,True,True
7317257,UTTAR PRADESH,BAREILLY,ALAMPUR,1,Firozpur,1,3,1,5,1,243001,2,2,3,19,18,14,26,25,0,0,0,0,0,0,0,102,6,3,3,0,6,5,1,0,1,1,0,0,2,2,1,1,1,Primary (1–5),STANDARD,1,False,True
4683303,UTTAR PRADESH,BAREILLY,MAJHGAWAN,1,Rajpur Kalan,2,3,1,8,5,243302,2,2,3,44,39,42,68,63,65,102,105,0,0,0,0,528,9,4,5,0,8,8,0,0,1,4,0,1,0,2,1,1,1,Upper Primary (1–8),STANDARD,0,False,True
7109772,UTTAR PRADESH,BAREILLY,SHERGARH,1,Rampura,2,3,1,8,5,243505,2,2,3,32,36,52,40,36,89,80,92,0,0,0,0,457,7,6,0,1,8,8,0,0,3,2,0,0,0,2,2,1,1,Upper Primary (1–8),STANDARD,0,False,True
3288918,UTTAR PRADESH,BAREILLY,BAHERI,1,Piparia Kanak,1,3,1,5,1,243201,2,2,3,1,3,5,6,3,0,0,0,0,0,0,0,18,2,2,0,0,2,2,0,0,1,1,0,0,2,1,1,1,1,Primary (1–5),STANDARD,0,True,True
7288502,UTTAR PRADESH,BAREILLY,BHADPURA,1,Nirandapur,1,3,1,5,1,262406,2,2,3,10,10,5,15,12,0,0,0,0,0,0,0,52,4,3,1,0,4,3,0,1,1,1,0,0,2,2,1,1,1,Primary (1–5),STANDARD,1,False,True
6534910,UTTAR PRADESH,BAREILLY,BHUTA,1,Bhadurpur Karor,1,3,1,5,1,243123,2,2,3,16,14,13,14,20,0,0,0,0,0,0,0,77,6,5,1,0,4,0,0,4,1,1,0,1,2,2,1,1,2,Primary (1–5),STANDARD,4,False,True
7120968,UTTAR PRADESH,BAREILLY,FARIDPUR,1,Sarkara,1,3,1,5,1,243503,2,2,3,13,8,11,13,12,0,0,0,0,0,0,0,57,5,2,3,0,4,1,2,1,1,1,0,0,2,2,1,1,1,Primary (1–5),STANDARD,3,False,True
4471163,UTTAR PRADESH,BAREILLY,SHERGARH,1,Jianagla,1,3,1,5,1,243505,2,2,3,30,16,23,24,23,0,0,0,0,0,0,0,116,4,3,1,0,4,2,2,0,1,2,0,0,2,1,1,1,2,Primary (1–5),STANDARD,2,True,True
2230808,UTTAR PRADESH,BAREILLY,MAJHGAWAN,1,Rajpur Kalan,1,3,1,5,1,243302,2,2,3,10,8,15,16,8,0,0,0,0,0,0,0,57,3,2,1,0,4,4,0,0,1,1,0,0,2,1,1,1,1,Primary (1–5),STANDARD,0,True,True
2302327,UTTAR PRADESH,BAREILLY,BHUTA,1,Angadpur Khamria,1,3,1,5,1,243503,2,2,3,3,5,4,9,9,0,0,0,0,0,0,0,30,3,1,2,0,4,2,0,2,2,2,0,0,2,1,1,1,2,Primary (1–5),STANDARD,2,True,True
2095406,UTTAR PRADESH,BAREILLY,FATEHGANJ,1,Bikrampur,1,3,1,5,1,243505,2,2,3,14,7,6,17,18,0,0,0,0,0,0,0,62,5,4,1,0,5,5,0,0,1,1,0,1,2,1,1,1,1,Primary (1–5),STANDARD,0,True,True
9568809,UTTAR PRADESH,BAREILLY,BHUTA,1,Galsthua,1,3,1,5,1,243506,2,2,3,3,5,2,5,7,0,0,0,0,0,0,0,22,2,1,1,0,3,2,1,0,1,1,0,0,2,1,1,1,1,Primary (1–5),STANDARD,1,True,True
8024506,UTTAR PRADESH,BAREILLY,RAMNAGAR,1,Takha Urf Sukatia,1,3,1,5,1,243303,2,2,3,14,8,16,37,29,0,0,0,0,0,0,0,104,3,2,1,0,5,0,0,5,1,2,0,0,2,2,1,1,1,Primary (1–5),STANDARD,5,False,True
4179318,UTTAR PRADESH,BAREILLY,NAWABGANJ,1,Akhriarpur Nawadia,1,3,1,5,1,262406,2,2,3,21,8,8,7,9,0,0,0,0,0,0,0,53,3,2,1,0,3,2,1,0,1,1,0,0,2,1,1,1,2,Primary (1–5),STANDARD,1,True,True
3426294,UTTAR PRADESH,BAREILLY,BAREILLY TOWN,2,,3,3,1,12,5,243502,1,2,3,37,40,40,40,40,57,55,73,119,119,95,100,815,33,32,1,0,24,24,0,0,3,3,23,0,0,1,1,1,1,Higher Secondary (1–12),STANDARD,0,True,True
3751915,UTTAR PRADESH,BAREILLY,SHERGARH,1,Salar Nagla,1,3,1,5,1,243203,2,2,3,8,3,9,6,12,0,0,0,0,0,0,0,38,2,1,1,0,6,0,1,5,1,1,0,1,2,2,1,1,1,Primary (1–5),STANDARD,6,False,True
9231676,UTTAR PRADESH,BAREILLY,VITHARI CHAINPUR,1,Balipur Ahmedpur,1,3,1,5,1,243123,2,2,3,10,0,6,6,4,0,0,0,0,0,0,0,26,4,2,2,0,4,3,1,0,1,1,0,1,2,1,1,1,1,Primary (1–5),STANDARD,1,True,True
2797338,UTTAR PRADESH,BAREILLY,BAHERI,1,Nazargunj,1,3,1,5,5,243201,2,2,3,16,35,9,8,15,0,0,0,0,0,0,0,83,4,4,0,0,5,5,0,0,1,1,0,0,0,2,2,1,1,Primary (1–5),STANDARD,0,False,True
9985209,UTTAR PRADESH,BAREILLY,KYARA,1,Jitaur Mustqil,4,3,6,8,1,243001,9,2,3,0,0,0,0,0,21,28,32,0,0,0,0,81,3,3,0,0,4,0,0,4,2,2,1,0,2,2,1,1,1,Upper Primary (6–8),STANDARD,4,False,True
1592395,UTTAR PRADESH,BAREILLY,RICHHA(DAMKHODA),1,Paiga,4,3,6,8,1,243201,9,2,3,0,0,0,0,0,34,37,34,0,0,0,0,105,3,3,0,0,4,0,0,4,1,1,0,1,2,2,1,1,2,Upper Primary (6–8),STANDARD,4,False,True
8212066,UTTAR PRADESH,BAREILLY,SHERGARH,1,Mohanpur,1,3,1,5,1,243505,2,2,3,19,9,15,13,9,0,0,0,0,0,0,0,65,2,2,0,0,5,5,0,0,1,1,0,0,2,1,1,1,1,Primary (1–5),STANDARD,0,True,True
5251824,UTTAR PRADESH,BAREILLY,KYARA,1,Hadauria,4,3,6,8,1,243001,9,2,3,0,0,0,0,0,72,77,64,0,0,0,0,213,6,6,0,0,4,4,0,0,1,1,0,0,0,2,1,1,1,Upper Primary (6–8),STANDARD,0,False,True
3863604,UTTAR PRADESH,BAREILLY,BHADPURA,1,Naugawan Bhagawantpur,4,3,6,8,1,262406,9,2,3,0,0,0,0,0,38,50,47,0,0,0,0,135,3,3,0,0,4,0,4,0,1,1,0,0,2,1,1,1,1,Upper Primary (6–8),STANDARD,4,True,True
1735448,UTTAR PRADESH,BAREILLY,RAMNAGAR,1,Beudhan Khurd,2,3,1,8,1,243303,2,2,3,12,11,25,25,37,69,85,89,0,0,0,0,353,5,3,2,0,11,4,3,4,3,2,0,0,1,2,1,1,1,Upper Primary (1–8),STANDARD,7,False,True
4874069,UTTAR PRADESH,BAREILLY,MAJHGAWAN,1,Rampura Khurd,2,3,1,8,1,243301,2,2,3,12,7,13,33,24,17,41,23,0,0,0,0,170,6,6,0,0,9,4,3,2,1,1,0,0,2,1,1,1,1,Upper Primary (1–8),STANDARD,5,True,True
3825256,UTTAR PRADESH,BAREILLY,SHERGARH,1,Pareva,2,3,1,8,1,243505,2,2,3,17,19,17,17,28,12,9,12,0,0,0,0,131,9,7,1,1,10,9,0,1,1,2,0,1,2,1,1,1,2,Upper Primary (1–8),STANDARD,1,True,True
2291098,UTTAR PRADESH,BAREILLY,FARIDPUR,1,Nawada Bilshandi,2,3,1,8,1,243503,2,2,3,15,12,18,36,46,50,95,45,0,0,0,0,317,13,8,4,1,12,0,11,1,3,3,0,0,2,2,1,1,1,Upper Primary (1–8),STANDARD,12,False,True
1861808,UTTAR PRADESH,BAREILLY,FATEHGANJ,1,Bhur Marhauli,2,3,1,8,1,243502,2,2,3,13,22,23,54,46,66,51,74,0,0,0,0,349,12,9,3,0,11,7,0,4,1,5,0,0,2,1,1,1,1,Upper Primary (1–8),STANDARD,4,True,True
7693456,UTTAR PRADESH,BAREILLY,FARIDPUR,1,Rajau Paraspur,1,3,1,5,5,243503,2,2,3,6,6,1,1,3,0,0,0,0,0,0,0,17,5,5,0,0,5,5,0,0,2,1,0,0,0,1,1,1,1,Primary (1–5),STANDARD,0,True,True
5835312,UTTAR PRADESH,BAREILLY,MAJHGAWAN,1,Kaini Shivnagar,4,3,6,8,1,243302,9,2,3,0,0,0,0,0,44,21,14,0,0,0,0,79,2,2,0,0,4,4,0,0,2,2,0,0,0,1,1,1,1,Upper Primary (6–8),STANDARD,0,True,True
6193737,UTTAR PRADESH,BAREILLY,KYARA,1,Kargaina,2,3,1,8,5,243001,2,2,3,4,0,7,6,3,4,8,2,0,0,0,0,34,5,5,0,0,8,8,0,0,1,1,0,0,0,2,1,2,1,Upper Primary (1–8),STANDARD,0,False,False
7045076,UTTAR PRADESH,BAREILLY,NAWABGANJ,2,,5,3,6,12,5,262406,9,2,3,0,0,0,0,0,44,41,42,113,125,68,117,550,7,7,0,0,11,11,0,0,4,6,2,2,0,1,1,2,1,Higher Secondary (6–12),STANDARD,0,True,False
6941687,UTTAR PRADESH,BAREILLY,BHADPURA,1,Keyolariya,4,3,6,8,5,262406,9,2,3,0,0,0,0,0,38,20,30,0,0,0,0,88,2,2,0,0,5,5,0,0,1,1,0,1,0,1,1,2,1,Upper Primary (6–8),STANDARD,0,True,False
2851742,UTTAR PRADESH,BAREILLY,BAREILLY TOWN,2,,8,3,9,10,5,243122,9,2,3,0,0,0,0,0,0,0,0,2,4,0,0,6,3,2,1,0,2,2,0,0,2,2,4,0,0,1,1,1,1,Secondary (9–10),STANDARD,0,True,True
8050130,UTTAR PRADESH,BAREILLY,FATEHGANJ,2,,4,3,6,8,5,243501,9,2,3,0,0,0,0,0,42,31,35,0,0,0,0,108,7,3,2,2,7,7,0,0,3,3,0,0,0,1,1,1,1,Upper Primary (6–8),STANDARD,0,True,True
6851447,UTTAR PRADESH,BAREILLY,FARIDPUR,1,Gopalpur,1,3,1,5,5,243503,2,2,3,12,20,19,25,26,0,0,0,0,0,0,0,102,2,2,0,0,6,6,0,0,1,1,0,0,0,2,1,1,1,Primary (1–5),STANDARD,0,False,True
8891231,UTTAR PRADESH,BAREILLY,BAREILLY TOWN,2,,6,3,1,10,97,243001,2,2,2,2,8,2,4,5,2,5,8,10,3,0,0,49,12,12,0,0,10,10,0,0,4,4,1,1,1,1,1,1,1,Secondary (1–10),STANDARD,0,True,True
8087466,UTTAR PRADESH,BAREILLY,BAREILLY TOWN,2,,1,3,1,5,5,243006,1,2,3,44,81,80,62,66,0,0,0,0,0,0,0,333,8,8,0,0,9,9,0,0,3,2,2,1,2,2,1,2,1,Primary (1–5),STANDARD,0,False,False
1787142,UTTAR PRADESH,BAREILLY,BHOJIPURA,1,Pipalsana Chaudhari (Ct),1,3,1,5,1,243001,2,2,3,19,22,21,35,44,0,0,0,0,0,0,0,141,8,7,1,0,4,0,2,2,1,2,0,1,2,1,1,1,2,Primary (1–5),STANDARD,4,True,True
4361336,UTTAR PRADESH,BAREILLY,BAHERI,1,Mirzapur Aurangabad,1,3,1,5,1,243201,2,2,3,15,10,5,13,6,0,0,0,0,0,0,0,49,4,2,2,0,4,1,0,3,1,1,0,0,2,2,1,1,2,Primary (1–5),STANDARD,3,False,True
2358135,UTTAR PRADESH,BAREILLY,NAWABGANJ,1,Kashipur,1,3,1,5,1,243407,2,2,3,12,7,14,14,20,0,0,0,0,0,0,0,67,6,4,2,0,4,3,0,1,1,1,0,0,2,2,1,1,1,Primary (1–5),STANDARD,1,False,True
4334349,UTTAR PRADESH,BAREILLY,FARIDPUR TOWN,2,,2,3,1,8,5,243503,2,2,3,37,29,31,27,27,22,12,13,0,0,0,0,198,8,4,4,0,8,8,0,0,3,1,0,0,0,1,1,1,1,Upper Primary (1–8),STANDARD,0,True,True
2272251,UTTAR PRADESH,BAREILLY,KYARA,1,Saidoopur Lashkariganj,1,3,1,5,1,243001,2,2,3,22,23,19,35,15,0,0,0,0,0,0,0,114,6,4,2,0,6,4,0,2,2,2,0,0,2,2,1,1,1,Primary (1–5),STANDARD,2,False,True
7870001,UTTAR PRADESH,BAREILLY,VITHARI CHAINPUR,1,Kalapur,1,3,1,5,1,243001,2,2,3,6,4,1,7,3,0,0,0,0,0,0,0,21,2,2,0,0,2,2,0,0,1,1,0,0,2,2,1,1,1,Primary (1–5),STANDARD,0,False,True
7889314,UTTAR PRADESH,BAREILLY,BHADPURA,1,Gularhi,1,3,1,5,1,262406,2,2,3,17,8,4,16,13,0,0,0,0,0,0,0,58,3,3,0,0,4,1,0,3,1,1,0,0,2,1,1,1,2,Primary (1–5),STANDARD,3,True,True
3492011,UTTAR PRADESH,BAREILLY,ALAMPUR,1,Majhaoa,1,3,1,5,1,243401,2,2,3,15,9,19,25,19,0,0,0,0,0,0,0,87,6,4,2,0,3,3,0,0,1,1,0,0,2,2,1,1,2,Primary (1–5),STANDARD,0,False,True
7723064,UTTAR PRADESH,BAREILLY,MAJHGAWAN,1,Gurganwamustkil,1,3,1,5,1,243302,2,2,3,27,17,17,21,17,0,0,0,0,0,0,0,99,6,2,4,0,5,1,0,4,2,2,0,0,2,2,1,1,2,Primary (1–5),STANDARD,4,False,True
9574634,UTTAR PRADESH,BAREILLY,BHOJIPURA,1,Kasampur,1,3,1,5,1,243502,2,2,3,11,19,24,24,30,0,0,0,0,0,0,0,108,6,4,2,0,3,3,0,0,1,1,0,1,2,2,1,1,2,Primary (1–5),STANDARD,0,False,True
7731069,UTTAR PRADESH,BAREILLY,FATEHGANJ,1,Rampura,1,3,1,5,1,243505,2,2,3,12,6,4,11,25,0,0,0,0,0,0,0,58,2,2,0,0,5,3,0,2,1,1,0,1,0,2,1,1,1,Primary (1–5),STANDARD,2,False,True
5430243,UTTAR PRADESH,BAREILLY,SHERGARH,1,Gularia,2,3,1,8,5,243505,2,2,1,23,29,27,27,32,31,42,18,0,0,0,0,229,7,7,0,0,9,9,0,0,2,2,0,0,0,2,2,1,1,Upper Primary (1–8),STANDARD,0,False,True
9677817,UTTAR PRADESH,BAREILLY,BHADPURA,1,Dandua,1,3,1,5,1,262406,2,2,3,0,0,2,2,9,0,0,0,0,0,0,0,13,2,1,1,0,2,0,1,1,1,1,0,0,2,2,1,1,1,Primary (1–5),STANDARD,2,False,True
3404690,UTTAR PRADESH,BAREILLY,ALAMPUR,1,Bhagwanpur,1,3,1,5,1,243401,2,2,3,23,15,17,25,17,0,0,0,0,0,0,0,97,3,2,1,0,4,0,4,0,1,1,0,0,2,2,1,1,1,Primary (1–5),STANDARD,4,False,True
9886399,UTTAR PRADESH,BAREILLY,FATEHGANJ,2,,1,3,1,5,5,243501,2,2,3,40,37,48,52,52,0,0,0,0,0,0,0,229,4,4,0,0,8,8,0,0,2,2,0,1,0,2,1,1,1,Primary (1–5),STANDARD,0,False,True
8999332,UTTAR PRADESH,BAREILLY,BAREILLY TOWN,2,,3,3,1,12,5,243006,1,2,3,127,119,114,115,94,87,102,106,127,105,104,67,1267,64,64,0,0,56,56,0,0,16,18,58,1,1,1,1,1,1,Higher Secondary (1–12),STANDARD,0,True,True
1171860,UTTAR PRADESH,BAREILLY,MAJHGAWAN,1,Shivpuri,5,3,6,12,5,243303,9,2,3,0,0,0,0,0,58,66,43,115,155,155,198,790,13,0,4,9,20,20,0,0,4,10,1,1,1,1,1,1,1,Higher Secondary (6–12),STANDARD,0,True,True
7712238,UTTAR PRADESH,BAREILLY,FARIDPUR,1,Bilpur,2,3,1,8,5,243506,2,2,3,17,13,10,18,20,43,22,23,0,0,0,0,166,8,8,0,0,8,8,0,0,1,1,0,1,0,1,1,1,1,Upper Primary (1–8),STANDARD,0,True,True
2845061,UTTAR PRADESH,BAREILLY,NAWABGANJ,2,,10,3,9,12,5,243001,9,2,3,0,0,0,0,0,0,0,0,15,9,73,139,236,10,5,5,0,18,18,0,0,2,4,1,1,0,1,1,1,1,Higher Secondary (9–12),STANDARD,0,True,True
4428411,UTTAR PRADESH,BAREILLY,BAREILLY TOWN,2,,2,3,1,8,5,243001,2,2,3,0,6,7,5,8,3,4,2,0,0,0,0,35,1,1,0,0,8,8,0,0,4,4,2,0,0,1,1,1,1,Upper Primary (1–8),STANDARD,0,True,True
1554371,UTTAR PRADESH,BAREILLY,KYARA,1,Kargaina,2,3,1,8,5,243001,1,2,3,170,137,107,88,93,68,77,59,0,0,0,0,799,12,12,0,0,12,12,0,0,2,2,2,0,0,2,1,1,1,Upper Primary (1–8),STANDARD,0,False,True
5369555,UTTAR PRADESH,BAREILLY,RICHHA(DAMKHODA),1,Katharra,1,3,1,5,97,243201,2,2,3,45,22,22,10,11,0,0,0,0,0,0,0,110,8,7,1,0,8,8,0,0,2,2,1,1,0,1,1,1,1,Primary (1–5),STANDARD,0,True,True
6803388,UTTAR PRADESH,BAREILLY,BAREILLY TOWN,2,,1,3,1,5,5,243001,2,2,3,0,1,0,3,3,0,0,0,0,0,0,0,7,3,3,0,0,5,5,0,0,2,2,0,1,0,1,1,1,1,Primary (1–5),STANDARD,0,True,True
3180023,UTTAR PRADESH,BAREILLY,KYARA,1,Nabi Nagar,2,3,1,8,5,243001,2,2,3,27,39,40,34,31,33,35,23,0,0,0,0,262,7,5,0,2,8,8,0,0,1,1,0,0,0,2,1,2,1,Upper Primary (1–8),STANDARD,0,False,False
9227227,UTTAR PRADESH,BAREILLY,VITHARI CHAINPUR,2,,1,3,1,5,1,243122,2,2,3,36,30,33,42,41,0,0,0,0,0,0,0,182,9,7,2,0,6,4,0,2,1,1,0,0,2,2,1,1,2,Primary (1–5),STANDARD,2,False,True
7600560,UTTAR PRADESH,BAREILLY,MAJHGAWAN,1,Jainpur Kadarabad,1,3,1,5,5,243001,2,2,3,36,38,22,51,43,0,0,0,0,0,0,0,190,7,1,6,0,5,5,0,0,1,1,0,0,0,2,1,1,2,Primary (1–5),STANDARD,0,False,True
5422243,UTTAR PRADESH,BAREILLY,SHERGARH,1,Nagaria Kalan,1,3,1,5,97,243505,2,2,3,3,2,6,8,2,0,0,0,0,0,0,0,21,5,4,1,0,6,6,0,0,1,1,0,0,0,2,2,2,2,Primary (1–5),STANDARD,0,False,False
6268026,UTTAR PRADESH,BAREILLY,AONLA,1,Mirjapur,1,3,1,5,1,243302,2,2,3,15,13,16,19,23,0,0,0,0,0,0,0,86,5,2,3,0,3,2,0,1,1,1,0,0,2,2,1,1,2,Primary (1–5),STANDARD,1,False,True
8520644,UTTAR PRADESH,BAREILLY,BHADPURA,1,Nakatpur,1,3,1,5,1,262406,2,2,3,2,3,4,10,12,0,0,0,0,0,0,0,31,2,2,0,0,2,0,0,2,1,1,0,0,2,1,1,1,1,Primary (1–5),STANDARD,2,True,True
5584649,UTTAR PRADESH,BAREILLY,BAREILLY TOWN,2,,2,3,1,8,5,243005,1,2,3,9,5,5,9,5,5,3,6,0,0,0,0,47,6,6,0,0,8,8,0,0,1,1,0,0,0,1,1,1,1,Upper Primary (1–8),STANDARD,0,True,True
6798040,UTTAR PRADESH,BAREILLY,VITHARI CHAINPUR,1,Nagaria Kalan,1,3,1,5,5,243123,2,2,3,22,7,12,5,9,0,0,0,0,0,0,0,55,3,2,1,0,4,4,0,0,1,1,1,0,0,1,1,1,1,Primary (1–5),STANDARD,0,True,True
6272275,UTTAR PRADESH,BAREILLY,VITHARI CHAINPUR,2,,7,3,6,10,5,243122,9,2,3,0,0,0,0,0,15,35,54,66,81,0,0,251,5,5,0,0,8,8,0,0,2,2,1,1,0,1,1,2,2,Secondary (6–10),STANDARD,0,True,False
5836287,UTTAR PRADESH,BAREILLY,NAWABGANJ,1,Ahamdabad,1,3,1,5,97,243407,2,2,1,19,15,23,17,25,0,0,0,0,0,0,0,99,7,7,0,0,0,0,0,0,1,1,0,0,0,2,2,2,2,Primary (1–5),STANDARD,0,False,False
1341285,UTTAR PRADESH,BAREILLY,BHOJIPURA,1,Gopalpur Azizpur,1,3,1,5,1,243122,2,2,3,9,13,14,26,18,0,0,0,0,0,0,0,80,6,5,1,0,3,3,0,0,1,1,0,0,2,1,1,1,1,Primary (1–5),STANDARD,0,True,True
6509570,UTTAR PRADESH,BAREILLY,FATEHGANJ,1,Narafaridpur,1,3,1,5,1,243505,2,2,3,17,14,15,16,14,0,0,0,0,0,0,0,76,5,3,2,0,4,2,1,1,1,1,0,0,2,1,1,1,1,Primary (1–5),STANDARD,2,True,True
3841866,UTTAR PRADESH,BAREILLY,BAREILLY TOWN,2,,1,3,1,5,1,243003,2,2,3,12,9,8,6,10,0,0,0,0,0,0,0,45,2,1,1,0,3,0,1,2,1,1,0,0,2,2,1,1,2,Primary (1–5),STANDARD,3,False,True
9024043,UTTAR PRADESH,BAREILLY,NAWABGANJ,2,,10,3,9,12,5,262406,9,2,3,0,0,0,0,0,0,0,0,16,30,0,0,46,6,5,1,0,8,8,0,0,1,1,4,0,0,1,1,1,2,Higher Secondary (9–12),STANDARD,0,True,True
5545462,UTTAR PRADESH,BAREILLY,SHERGARH,1,Parasrampur,1,3,1,5,1,243201,2,2,3,4,2,1,8,13,0,0,0,0,0,0,0,28,3,2,1,0,3,3,0,0,1,1,0,0,2,1,1,1,1,Primary (1–5),STANDARD,0,True,True
4912326,UTTAR PRADESH,BAREILLY,NAWABGANJ,1,Sundiyava,1,3,1,5,1,243407,2,2,3,18,10,10,14,10,0,0,0,0,0,0,0,62,4,4,0,0,4,4,0,0,1,1,0,0,2,2,1,1,2,Primary (1–5),STANDARD,0,False,True
7370269,UTTAR PRADESH,BAREILLY,BHUTA,1,Dalpura,4,3,6,8,1,243503,9,2,3,0,0,0,0,0,64,61,75,0,0,0,0,200,8,8,0,0,5,5,0,0,1,1,0,0,0,1,1,1,2,Upper Primary (6–8),STANDARD,0,True,True
2822518,UTTAR PRADESH,BAREILLY,KYARA,1,Jitaur Mustqil,1,3,1,5,1,243001,2,2,3,12,14,14,20,10,0,0,0,0,0,0,0,70,4,4,0,0,4,2,1,1,1,1,0,0,2,2,1,1,2,Primary (1–5),STANDARD,2,False,True
4398159,UTTAR PRADESH,BAREILLY,VITHARI CHAINPUR,1,Mohanpur,2,3,1,8,5,243123,2,2,3,32,23,29,28,19,20,31,23,0,0,0,0,205,7,0,7,0,8,8,0,0,1,2,0,0,0,2,1,1,2,Upper Primary (1–8),STANDARD,0,False,True
2770637,UTTAR PRADESH,BAREILLY,BAREILLY TOWN,2,,4,3,6,8,5,243502,9,2,3,0,0,0,0,0,46,60,32,0,0,0,0,138,5,5,0,0,10,10,0,0,3,3,2,0,0,2,1,1,1,Upper Primary (6–8),STANDARD,0,False,True
2218081,UTTAR PRADESH,BAREILLY,BHUTA,1,Kair Shadi,1,3,1,5,1,243503,2,2,3,7,10,4,7,8,0,0,0,0,0,0,0,36,2,2,0,0,5,0,2,3,1,1,0,0,2,1,1,1,1,Primary (1–5),STANDARD,5,True,True
1565340,UTTAR PRADESH,BAREILLY,RICHHA(DAMKHODA),1,Labedi,1,3,1,5,1,243201,2,2,3,6,6,5,11,8,0,0,0,0,0,0,0,36,2,1,1,0,3,0,3,0,1,1,0,0,2,2,1,1,2,Primary (1–5),STANDARD,3,False,True
1077233,UTTAR PRADESH,BAREILLY,BAREILLY TOWN,2,,2,3,1,8,5,243001,2,2,3,15,19,9,5,2,5,2,4,0,0,0,0,61,6,5,0,1,8,8,0,0,1,1,0,0,0,2,1,1,1,Upper Primary (1–8),STANDARD,0,False,True
6487377,UTTAR PRADESH,BAREILLY,BHADPURA,1,Keyolariya,1,3,1,5,5,262406,1,2,3,79,61,49,74,59,0,0,0,0,0,0,0,322,13,2,3,8,8,8,0,0,2,2,0,1,0,1,1,1,1,Primary (1–5),STANDARD,0,True,True
4062592,UTTAR PRADESH,BAREILLY,SHERGARH,1,Sheeshgarh,2,3,1,8,5,243505,1,2,3,39,26,27,23,24,52,68,59,0,0,0,0,318,10,0,10,0,12,12,0,0,1,1,1,1,0,1,1,1,2,Upper Primary (1–8),STANDARD,0,True,True
7077081,UTTAR PRADESH,BAREILLY,BAHERI,1,Khataula,2,3,1,8,1,243201,2,2,3,8,9,7,5,9,18,19,27,0,0,0,0,102,7,5,2,0,5,3,1,1,2,2,0,1,2,1,1,1,1,Upper Primary (1–8),STANDARD,2,True,True
1513351,UTTAR PRADESH,BAREILLY,BAREILLY TOWN,2,,2,3,1,8,5,243003,1,2,3,17,23,25,10,8,8,9,2,0,0,0,0,102,11,3,8,0,10,10,0,0,2,2,10,1,0,1,1,2,1,Upper Primary (1–8),STANDARD,0,True,False
7941804,UTTAR PRADESH,BAREILLY,BHUTA,1,Mehtarpur Tej Singh,2,3,1,8,5,243503,2,2,3,18,10,21,19,24,41,46,25,0,0,0,0,204,5,5,0,0,3,3,0,0,1,1,0,0,0,2,2,2,2,Upper Primary (1–8),STANDARD,0,False,False
9271510,UTTAR PRADESH,BAREILLY,MIRGANJ,1,Deoria Abdullaganj,2,3,1,8,1,243504,2,2,3,13,8,7,15,11,18,24,7,0,0,0,0,103,8,5,3,0,11,0,11,0,3,3,0,0,2,2,1,1,1,Upper Primary (1–8),STANDARD,11,False,True
7141074,UTTAR PRADESH,BAREILLY,MIRGANJ,1,Thiria Buzurg,2,3,1,8,1,243301,2,2,3,9,15,9,7,13,18,24,13,0,0,0,0,108,6,5,1,0,10,4,5,1,2,2,0,0,2,1,1,1,1,Upper Primary (1–8),STANDARD,6,True,True
1990763,UTTAR PRADESH,BAREILLY,RICHHA(DAMKHODA),1,Singtara,4,3,6,8,1,243203,9,2,3,0,0,0,0,0,36,46,37,0,0,0,0,119,3,3,0,0,4,4,0,0,1,2,0,0,2,2,1,1,1,Upper Primary (6–8),STANDARD,0,False,True
7612900,UTTAR PRADESH,BAREILLY,VITHARI CHAINPUR,1,Dogharia,4,3,6,8,1,262402,9,2,3,0,0,0,0,0,36,36,42,0,0,0,0,114,6,3,0,3,5,5,0,0,2,2,0,1,2,2,1,1,1,Upper Primary (6–8),STANDARD,0,False,True
6354971,UTTAR PRADESH,BAREILLY,MAJHGAWAN,1,Kishan Singhpur,4,3,6,8,1,243302,9,2,3,0,0,0,0,0,76,68,69,0,0,0,0,213,4,4,0,0,4,0,4,0,1,1,0,0,2,1,1,1,1,Upper Primary (6–8),STANDARD,4,True,True
1194160,UTTAR PRADESH,BAREILLY,VITHARI CHAINPUR,1,Singhai Kayesthan,2,3,1,8,5,243122,1,2,3,27,28,17,20,17,24,19,12,0,0,0,0,164,9,9,0,0,16,16,0,0,12,12,8,0,0,1,1,1,1,Upper Primary (1–8),STANDARD,0,True,True
5509156,UTTAR PRADESH,BAREILLY,RICHHA(DAMKHODA),1,Rath,4,3,6,8,1,243201,9,2,3,0,0,0,0,0,76,54,39,0,0,0,0,169,3,3,0,0,4,1,1,2,1,2,0,1,0,2,1,1,1,Upper Primary (6–8),STANDARD,3,False,True
9525220,UTTAR PRADESH,BAREILLY,NAWABGANJ,1,Mirzapur Jagir,4,3,6,8,1,243202,9,2,3,0,0,0,0,0,35,42,37,0,0,0,0,114,4,4,0,0,4,0,0,4,1,1,4,0,2,1,1,1,1,Upper Primary (6–8),STANDARD,4,True,True
9313816,UTTAR PRADESH,BAREILLY,VITHARI CHAINPUR,1,Goonga,2,3,1,8,1,243123,2,2,3,26,13,18,20,30,18,23,24,0,0,0,0,172,9,7,2,0,5,3,2,0,1,1,0,0,0,2,1,1,1,Upper Primary (1–8),STANDARD,2,False,True
3728320,UTTAR PRADESH,BAREILLY,NAWABGANJ,2,,1,3,1,5,5,262406,1,2,3,27,9,9,13,9,0,0,0,0,0,0,0,67,2,2,0,0,5,5,0,0,2,2,0,1,0,2,1,2,1,Primary (1–5),STANDARD,0,False,False
9974497,UTTAR PRADESH,BAREILLY,VITHARI CHAINPUR,1,Mundia Ahmed Nagar,1,3,1,5,97,243122,2,2,3,14,12,17,9,10,0,0,0,0,0,0,0,62,4,3,1,0,5,5,0,0,1,2,0,0,0,2,2,2,2,Primary (1–5),STANDARD,0,False,False
3907662,UTTAR PRADESH,BAREILLY,VITHARI CHAINPUR,1,Bhoora,1,3,1,5,97,243123,2,2,3,0,11,8,6,6,0,0,0,0,0,0,0,31,4,4,0,0,5,5,0,0,2,3,0,0,0,1,2,2,2,Primary (1–5),STANDARD,0,True,False
6635247,UTTAR PRADESH,BAREILLY,BAREILLY TOWN,2,,5,3,6,12,4,243001,9,2,3,0,0,0,0,0,61,63,76,153,155,238,217,963,20,20,0,0,16,16,0,0,0,10,1,0,0,2,1,1,1,Higher Secondary (6–12),STANDARD,0,False,True
6992343,UTTAR PRADESH,BAREILLY,KYARA,1,Dharoopur Thakuran,1,3,1,5,5,243123,2,2,3,0,0,0,2,0,0,0,0,0,0,0,0,2,5,5,0,0,6,6,0,0,1,1,0,0,0,2,1,2,2,Primary (1–5),STANDARD,0,False,False
8409744,UTTAR PRADESH,BAREILLY,BAHERI,1,Muhammadpur,1,3,1,5,1,243201,2,2,3,5,7,3,10,1,0,0,0,0,0,0,0,26,3,1,2,0,3,2,0,1,1,1,0,0,2,1,1,1,1,Primary (1–5),STANDARD,1,True,True
8409290,UTTAR PRADESH,BAREILLY,ALAMPUR,1,Khuli,4,3,6,8,1,243401,9,2,3,0,0,0,0,0,93,107,80,0,0,0,0,280,4,4,0,0,4,1,0,3,1,1,0,0,2,1,1,1,1,Upper Primary (6–8),STANDARD,3,True,True
3341042,UTTAR PRADESH,BAREILLY,BHOJIPURA,1,Ghanghora Piparia,1,3,1,5,1,243202,2,2,3,41,48,40,65,51,0,0,0,0,0,0,0,245,12,10,2,0,8,4,4,0,1,1,0,0,2,1,1,1,1,Primary (1–5),STANDARD,4,True,True
3858235,UTTAR PRADESH,BAREILLY,NAWABGANJ,1,Rasoola Qamrul Nisan,1,3,1,5,1,243407,2,2,3,13,10,4,8,11,0,0,0,0,0,0,0,46,3,2,1,0,3,0,3,0,1,1,0,0,2,1,1,1,1,Primary (1–5),STANDARD,3,True,True
3451424,UTTAR PRADESH,BAREILLY,RICHHA(DAMKHODA),1,Gargaiya,1,3,1,5,1,243203,2,2,3,20,25,23,24,22,0,0,0,0,0,0,0,114,3,2,1,0,6,0,4,2,1,2,4,0,1,2,1,1,1,Primary (1–5),STANDARD,6,False,True
2233577,UTTAR PRADESH,BAREILLY,BHADPURA,1,Jagrajpur,1,3,1,5,1,262406,2,2,3,6,1,5,4,6,0,0,0,0,0,0,0,22,2,2,0,0,4,0,0,4,1,1,0,0,2,1,1,2,1,Primary (1–5),STANDARD,4,True,False
4311341,UTTAR PRADESH,BAREILLY,BAREILLY TOWN,2,,3,3,1,12,5,243001,1,2,3,195,188,190,186,205,195,217,211,209,203,169,155,2323,85,63,22,0,81,81,0,0,20,20,50,20,0,1,1,1,1,Higher Secondary (1–12),STANDARD,0,True,True
9725778,UTTAR PRADESH,BAREILLY,FATEHGANJ,2,,2,3,1,8,5,243501,2,2,3,2,4,5,5,5,13,26,11,0,0,0,0,71,7,7,0,0,8,8,0,0,2,2,2,1,0,2,1,2,1,Upper Primary (1–8),STANDARD,0,False,False
1746089,UTTAR PRADESH,BAREILLY,BHADPURA,1,Barkhan,4,3,6,8,5,262406,9,2,3,0,0,0,0,0,19,8,12,0,0,0,0,39,2,1,1,0,3,3,0,0,1,1,0,0,0,2,2,1,2,Upper Primary (6–8),STANDARD,0,False,True
9592845,UTTAR PRADESH,BAREILLY,NAWABGANJ,1,Dhaunrera,5,3,6,12,5,262406,9,2,3,0,0,0,0,0,21,9,13,75,48,92,32,290,22,2,0,20,20,20,0,0,7,7,9,1,0,1,1,1,1,Higher Secondary (6–12),STANDARD,0,True,True
2586004,UTTAR PRADESH,BAREILLY,FATEHGANJ,2,,1,3,1,5,5,243501,2,2,3,1,0,6,5,7,0,0,0,0,0,0,0,19,3,0,3,0,5,5,0,0,2,2,0,0,0,2,1,2,1,Primary (1–5),STANDARD,0,False,False
8520138,UTTAR PRADESH,BAREILLY,RICHHA(DAMKHODA),2,,2,3,1,8,97,243203,2,2,3,12,0,0,7,1,43,5,12,0,0,0,0,80,6,2,4,0,8,8,0,0,1,1,0,0,0,2,1,2,2,Upper Primary (1–8),STANDARD,0,False,False
3954172,UTTAR PRADESH,BAREILLY,BAREILLY TOWN,2,,1,3,1,5,5,243003,1,2,3,18,13,14,0,0,0,0,0,0,0,0,0,45,3,3,0,0,10,10,0,0,9,6,14,0,0,1,1,1,1,Primary (1–5),STANDARD,0,True,True
7252244,UTTAR PRADESH,BAREILLY,BAREILLY TOWN,2,,1,3,1,5,5,243001,2,2,3,8,12,9,8,14,0,0,0,0,0,0,0,51,5,5,0,0,5,5,0,0,2,2,4,2,0,1,1,1,1,Primary (1–5),STANDARD,0,True,True
6015575,UTTAR PRADESH,BAREILLY,SHERGARH,1,Nagaria Khurd,1,3,1,5,1,243505,2,2,3,25,19,16,31,16,0,0,0,0,0,0,0,107,3,3,0,0,5,5,0,0,1,1,0,1,2,1,1,1,2,Primary (1–5),STANDARD,0,True,True
7469388,UTTAR PRADESH,BAREILLY,BAREILLY TOWN,2,,2,3,1,8,5,243122,1,2,3,47,29,25,13,15,6,15,7,0,0,0,0,157,12,12,0,0,19,19,0,0,6,6,13,0,0,1,1,1,1,Upper Primary (1–8),STANDARD,0,True,True
8176106,UTTAR PRADESH,BAREILLY,ALAMPUR,1,Ballia,1,3,1,5,5,243301,2,2,3,24,47,47,36,51,0,0,0,0,0,0,0,205,5,0,5,0,6,6,0,0,4,4,2,2,1,1,1,1,1,Primary (1–5),STANDARD,0,True,True
1380194,UTTAR PRADESH,BAREILLY,BAREILLY TOWN,2,,7,3,6,10,5,243005,9,2,3,0,0,0,0,0,34,61,42,83,51,0,0,271,7,7,0,0,14,14,0,0,5,5,1,1,0,1,1,1,1,Secondary (6–10),STANDARD,0,True,True
5525929,UTTAR PRADESH,BAREILLY,BHADPURA,1,Bhauwa Bazar,1,3,1,5,1,262406,2,2,3,36,25,22,64,56,0,0,0,0,0,0,0,203,7,6,1,0,5,2,2,1,1,1,0,0,2,1,1,1,2,Primary (1–5),STANDARD,3,True,True
5299270,UTTAR PRADESH,BAREILLY,BAHERI,1,Ruppur,1,3,1,5,1,243201,2,2,3,2,1,1,4,2,0,0,0,0,0,0,0,10,4,1,3,0,2,2,0,0,1,1,0,0,2,2,1,1,2,Primary (1–5),STANDARD,0,False,True
8892575,UTTAR PRADESH,BAREILLY,FARIDPUR TOWN,2,,2,3,1,8,5,243503,1,2,3,43,46,39,67,67,17,10,3,0,0,0,0,292,10,2,8,0,10,10,0,0,4,4,1,0,0,2,1,1,1,Upper Primary (1–8),STANDARD,0,False,True
7588357,UTTAR PRADESH,BAREILLY,VITHARI CHAINPUR,1,Kesarpur,5,3,6,12,5,243123,9,2,3,0,0,0,0,0,105,118,91,122,111,116,78,741,13,8,5,0,20,14,6,0,12,15,1,0,0,1,1,2,1,Higher Secondary (6–12),STANDARD,6,True,False
3675008,UTTAR PRADESH,BAREILLY,BHUTA,1,Kuan Danda,1,3,1,5,1,243503,2,2,3,14,7,4,18,14,0,0,0,0,0,0,0,57,4,2,2,0,5,3,1,1,1,1,0,0,2,1,1,1,2,Primary (1–5),STANDARD,2,True,True
1070901,UTTAR PRADESH,BAREILLY,BAHERI,1,Ratvara,1,3,1,5,1,243201,2,2,3,3,2,0,3,2,0,0,0,0,0,0,0,10,4,2,2,0,3,0,3,0,1,1,0,0,2,1,1,1,1,Primary (1–5),STANDARD,3,True,True
9891112,UTTAR PRADESH,BAREILLY,NAWABGANJ,1,Madhkar Pur,1,3,1,5,1,243407,2,2,3,11,2,3,5,5,0,0,0,0,0,0,0,26,2,2,0,0,3,2,0,1,1,1,0,1,2,1,1,1,1,Primary (1–5),STANDARD,1,True,True
5384495,UTTAR PRADESH,BAREILLY,BHADPURA,1,Kishanpur Kuniya,1,3,1,5,1,262406,2,2,3,7,3,5,13,11,0,0,0,0,0,0,0,39,2,2,0,0,2,0,1,1,2,1,0,0,2,1,1,1,1,Primary (1–5),STANDARD,2,True,True
2811691,UTTAR PRADESH,BAREILLY,RICHHA(DAMKHODA),1,Dandiya Nagla,1,3,1,5,1,243201,2,2,3,15,3,8,11,24,0,0,0,0,0,0,0,61,5,3,2,0,5,2,0,3,1,1,0,0,1,1,1,1,1,Primary (1–5),STANDARD,3,True,True
1330572,UTTAR PRADESH,BAREILLY,MIRGANJ,1,Hurhuri,1,3,1,5,1,243504,2,2,3,14,12,5,10,17,0,0,0,0,0,0,0,58,5,3,2,0,3,0,2,1,1,1,0,0,2,2,1,1,2,Primary (1–5),STANDARD,3,False,True
5315581,UTTAR PRADESH,BAREILLY,BAREILLY TOWN,2,,2,3,1,8,5,243005,1,2,3,6,3,6,1,8,7,3,2,0,0,0,0,36,8,8,0,0,9,9,0,0,2,2,2,1,0,2,1,1,1,Upper Primary (1–8),STANDARD,0,False,True
7139462,UTTAR PRADESH,BAREILLY,Central Air Command,2,,3,3,1,12,5,243002,2,2,3,43,57,74,46,67,75,52,61,66,52,41,37,671,36,35,1,0,35,35,0,0,9,6,45,1,80,1,1,1,1,Higher Secondary (1–12),STANDARD,0,True,True
3270311,UTTAR PRADESH,BAREILLY,NAWABGANJ,1,Basenga,1,3,1,5,1,262406,2,2,3,16,10,12,9,14,0,0,0,0,0,0,0,61,3,3,0,0,5,2,3,0,1,1,0,1,1,2,1,1,1,Primary (1–5),STANDARD,3,False,True
4833596,UTTAR PRADESH,BAREILLY,ALAMPUR,1,Bheempur,1,3,1,5,5,243301,2,2,3,14,16,18,17,24,0,0,0,0,0,0,0,89,6,0,6,0,11,11,0,0,1,1,0,0,0,2,2,1,1,Primary (1–5),STANDARD,0,False,True
8296925,UTTAR PRADESH,BAREILLY,BAHERI,1,Khutia,1,3,1,5,1,243201,2,2,3,3,5,6,9,5,0,0,0,0,0,0,0,28,2,2,0,0,2,2,0,0,2,2,0,0,0,1,1,1,2,Primary (1–5),STANDARD,0,True,True
9210851,UTTAR PRADESH,BAREILLY,ALAMPUR,1,Rasoola,2,3,1,8,5,243001,2,2,3,6,9,10,18,11,32,32,22,0,0,0,0,140,9,4,5,0,9,9,0,0,1,1,0,0,0,2,2,1,1,Upper Primary (1–8),STANDARD,0,False,True
1757882,UTTAR PRADESH,BAREILLY,FATEHGANJ,2,,2,3,1,8,5,243501,1,2,3,8,2,3,1,3,3,0,0,0,0,0,0,20,7,7,0,0,12,12,0,0,2,2,3,1,0,1,1,1,1,Upper Primary (1–8),STANDARD,0,True,True
1089821,UTTAR PRADESH,BAREILLY,MIRGANJ,1,Mohammadganj Ehatmali,1,3,1,5,1,243504,2,2,3,4,7,3,5,6,0,0,0,0,0,0,0,25,2,1,1,0,6,0,4,2,1,1,0,0,0,2,1,1,2,Primary (1–5),STANDARD,6,False,True
2609397,UTTAR PRADESH,BAREILLY,BHUTA,1,Umedpur Bhuta,10,3,9,12,5,243001,9,2,3,0,0,0,0,0,0,0,0,107,67,47,72,293,7,3,4,0,10,10,0,0,1,1,0,1,1,1,1,1,1,Higher Secondary (9–12),STANDARD,0,True,True
8726532,UTTAR PRADESH,BAREILLY,FATEHGANJ,1,Satuiapatti,1,3,1,5,1,243501,2,2,3,10,6,12,20,23,0,0,0,0,0,0,0,71,4,3,1,0,3,0,2,1,2,2,0,0,2,2,1,1,2,Primary (1–5),STANDARD,3,False,True
3766955,UTTAR PRADESH,BAREILLY,MAJHGAWAN,1,Gularia Uprala,1,3,1,5,5,243302,2,2,3,23,7,6,5,8,0,0,0,0,0,0,0,49,6,6,0,0,7,7,0,0,1,1,0,0,0,2,1,1,1,Primary (1–5),STANDARD,0,False,True
7863663,UTTAR PRADESH,BAREILLY,BHUTA,1,Paunagla,1,3,1,5,1,243503,2,2,3,10,11,8,24,21,0,0,0,0,0,0,0,74,5,3,2,0,7,0,4,3,1,1,0,0,2,2,1,1,2,Primary (1–5),STANDARD,7,False,True
9101621,UTTAR PRADESH,BAREILLY,VITHARI CHAINPUR,1,Uganpur,1,3,1,5,1,243123,2,2,3,8,4,5,8,9,0,0,0,0,0,0,0,34,5,2,3,0,3,0,1,2,1,1,0,0,2,2,1,1,1,Primary (1–5),STANDARD,3,False,True
1941296,UTTAR PRADESH,BAREILLY,BAHERI,1,Rasoolpur,1,3,1,5,1,243201,2,2,3,3,5,2,6,6,0,0,0,0,0,0,0,22,2,1,1,0,3,0,3,0,1,1,0,0,2,2,1,1,2,Primary (1–5),STANDARD,3,False,True
6497970,UTTAR PRADESH,BAREILLY,BAHERI,1,Daulatpur,1,3,1,5,1,243201,2,2,3,6,5,3,10,3,0,0,0,0,0,0,0,27,3,1,2,0,4,4,0,0,1,1,0,1,2,1,1,1,1,Primary (1–5),STANDARD,0,True,True
2365600,UTTAR PRADESH,BAREILLY,ALAMPUR,1,Bhartana,1,3,1,5,1,243401,2,2,3,11,4,12,14,8,0,0,0,0,0,0,0,49,4,3,1,0,4,4,0,0,1,1,0,0,2,2,1,1,1,Primary (1–5),STANDARD,0,False,True
2946876,UTTAR PRADESH,BAREILLY,FATEHGANJ,1,Dauli Jawahar Lal,3,3,1,12,5,243505,2,2,3,17,26,11,23,14,52,61,70,92,109,72,97,644,9,3,5,1,18,18,0,0,2,2,2,1,0,1,3,1,1,Higher Secondary (1–12),STANDARD,0,True,True
4597400,UTTAR PRADESH,BAREILLY,BAREILLY TOWN,2,,8,3,9,10,5,243001,9,2,3,0,0,0,0,0,0,0,0,6,9,0,0,15,3,1,2,0,2,2,0,0,2,2,1,1,0,2,1,2,1,Secondary (9–10),STANDARD,0,False,False
5047656,UTTAR PRADESH,BAREILLY,AONLA,2,,1,3,1,5,1,243301,2,2,3,10,9,11,21,17,0,0,0,0,0,0,0,68,2,0,2,0,3,3,0,0,2,2,0,0,0,2,1,1,1,Primary (1–5),STANDARD,0,False,True
7153516,UTTAR PRADESH,BAREILLY,BAREILLY TOWN,2,,1,3,1,5,1,243006,2,2,3,24,31,44,50,35,0,0,0,0,0,0,0,184,2,1,1,0,1,1,0,0,1,1,0,0,2,1,1,1,2,Primary (1–5),STANDARD,0,True,True
6512225,UTTAR PRADESH,BAREILLY,NAWABGANJ,2,,1,3,1,5,5,262406,1,2,3,55,39,44,43,40,0,0,0,0,0,0,0,221,7,7,0,0,7,7,0,0,2,2,1,1,0,1,2,2,1,Primary (1–5),STANDARD,0,True,False
5383392,UTTAR PRADESH,BAREILLY,RAMNAGAR,1,Lelaur Buzurg,1,3,1,5,5,243303,2,2,3,16,31,25,21,26,0,0,0,0,0,0,0,119,5,5,0,0,5,5,0,0,1,1,0,0,0,2,1,1,1,Primary (1–5),STANDARD,0,False,True
1780247,UTTAR PRADESH,BAREILLY,ALAMPUR,1,Bilauri,1,3,1,5,1,243001,2,2,3,13,12,19,14,15,0,0,0,0,0,0,0,73,3,3,0,0,3,3,0,0,2,2,0,0,2,2,1,1,1,Primary (1–5),STANDARD,0,False,True
3992811,UTTAR PRADESH,BAREILLY,BAREILLY TOWN,2,,1,3,1,5,5,243001,2,2,3,48,36,38,34,32,0,0,0,0,0,0,0,188,5,0,1,4,5,5,0,0,1,1,4,1,0,1,1,1,1,Primary (1–5),STANDARD,0,True,True
6645105,UTTAR PRADESH,BAREILLY,NAWABGANJ,2,,1,3,1,5,5,243001,2,2,3,12,8,9,14,10,0,0,0,0,0,0,0,53,4,3,1,0,5,5,0,0,1,1,0,1,0,2,1,1,2,Primary (1–5),STANDARD,0,False,True
6638271,UTTAR PRADESH,BAREILLY,NAWABGANJ,2,,1,3,1,5,97,243201,2,2,1,18,10,7,8,12,0,0,0,0,0,0,0,55,3,3,0,0,5,5,0,0,2,2,0,0,0,2,1,2,2,Primary (1–5),STANDARD,0,False,False
8166147,UTTAR PRADESH,BAREILLY,ALAMPUR,1,Lahar,1,3,1,5,1,243402,2,2,3,28,26,22,30,17,0,0,0,0,0,0,0,123,4,3,1,0,5,3,0,2,1,1,0,0,2,2,1,1,2,Primary (1–5),STANDARD,2,False,True
8442407,UTTAR PRADESH,BAREILLY,VITHARI CHAINPUR,1,Chawer,1,3,1,5,1,243122,2,2,3,10,11,3,15,20,0,0,0,0,0,0,0,59,8,6,2,0,5,0,0,5,1,2,0,0,0,2,1,1,2,Primary (1–5),STANDARD,5,False,True
3110347,UTTAR PRADESH,BAREILLY,BHUTA,1,Kanja Chakarpur,1,3,1,5,90,243503,2,2,3,10,8,10,22,21,0,0,0,0,0,0,0,71,2,2,0,0,3,0,3,0,1,1,0,0,0,2,1,2,1,Primary (1–5),STANDARD,3,False,False
5392199,UTTAR PRADESH,BAREILLY,ALAMPUR,1,Jhinjhari,1,3,1,5,1,243402,2,2,3,8,12,9,13,8,0,0,0,0,0,0,0,50,1,1,0,0,4,3,0,1,1,1,0,0,2,2,1,1,1,Primary (1–5),STANDARD,1,False,True
7259581,UTTAR PRADESH,BAREILLY,FARIDPUR,1,Suktiya Singhabari,1,3,1,5,1,243506,2,2,3,22,20,10,29,16,0,0,0,0,0,0,0,97,4,4,0,0,3,0,0,3,1,1,0,0,2,2,1,1,2,Primary (1–5),STANDARD,3,False,True
9173244,UTTAR PRADESH,BAREILLY,BAREILLY TOWN,2,,10,3,9,12,5,243003,9,2,3,0,0,0,0,0,0,0,0,42,38,12,3,95,5,5,0,0,16,16,0,0,5,5,1,1,0,1,1,1,1,Higher Secondary (9–12),STANDARD,0,True,True
2667665,UTTAR PRADESH,BAREILLY,ALAMPUR,1,Bhamora,4,3,6,8,1,243402,9,2,3,0,0,0,0,0,35,23,24,0,0,0,0,82,4,4,0,0,6,3,3,0,1,1,0,0,0,2,1,1,2,Upper Primary (6–8),STANDARD,3,False,True
9030545,UTTAR PRADESH,BAREILLY,NAWABGANJ,1,Jeora Makrandpur,1,3,1,5,5,262406,2,2,3,0,0,1,0,0,0,0,0,0,0,0,0,1,1,1,0,0,5,5,0,0,1,1,0,0,0,2,1,2,1,Primary (1–5),STANDARD,0,False,False
2765420,UTTAR PRADESH,BAREILLY,KYARA,1,Bari Nagla,4,3,6,8,1,243001,9,2,3,0,0,0,0,0,40,46,39,0,0,0,0,125,4,3,1,0,6,6,0,0,1,1,0,0,0,2,1,1,1,Upper Primary (6–8),STANDARD,0,False,True
5386520,UTTAR PRADESH,BAREILLY,BAHERI,1,Ratangarh,2,3,1,8,1,243202,2,2,3,13,19,12,18,22,27,49,32,0,0,0,0,192,9,7,2,0,9,7,0,2,2,4,0,2,2,1,1,1,1,Upper Primary (1–8),STANDARD,2,True,True
4967679,UTTAR PRADESH,BAREILLY,ALAMPUR,1,Ballia,1,3,1,5,5,243301,1,2,3,17,19,18,18,25,0,0,0,0,0,0,0,97,6,4,2,0,5,5,0,0,2,2,0,0,0,1,1,2,1,Primary (1–5),STANDARD,0,True,False
9590302,UTTAR PRADESH,BAREILLY,VITHARI CHAINPUR,1,Mallahpur,1,3,1,5,1,262406,2,2,3,4,1,10,11,6,0,0,0,0,0,0,0,32,5,3,2,0,4,1,0,3,1,1,0,0,2,1,1,1,1,Primary (1–5),STANDARD,3,True,True
6663657,UTTAR PRADESH,BAREILLY,RICHHA(DAMKHODA),2,,8,3,9,10,5,243201,9,2,3,0,0,0,0,0,0,0,0,0,10,0,0,10,6,6,0,0,10,10,0,0,2,2,0,0,0,2,3,2,1,Secondary (9–10),STANDARD,0,False,False
4373404,UTTAR PRADESH,BAREILLY,BAREILLY TOWN,2,,1,3,1,5,5,243001,2,2,3,41,26,34,23,17,0,0,0,0,0,0,0,141,5,0,5,0,6,6,0,0,1,1,1,0,0,2,1,1,1,Primary (1–5),STANDARD,0,False,True
8465857,UTTAR PRADESH,BAREILLY,NAWABGANJ,1,Mundia Bhikampur,2,3,1,8,5,243407,2,2,3,9,1,3,3,1,17,3,5,0,0,0,0,42,5,5,0,0,8,8,0,0,1,1,2,1,0,1,1,2,2,Upper Primary (1–8),STANDARD,0,True,False
7630954,UTTAR PRADESH,BAREILLY,SHERGARH,1,Lakha,4,3,6,8,1,243505,9,2,3,0,0,0,0,0,27,36,24,0,0,0,0,87,3,3,0,0,4,0,4,0,2,2,0,1,2,1,1,1,1,Upper Primary (6–8),STANDARD,4,True,True
3101573,UTTAR PRADESH,BAREILLY,VITHARI CHAINPUR,1,Bhoora,10,3,9,12,5,243122,9,2,3,0,0,0,0,0,0,0,0,65,44,18,24,151,7,7,0,0,8,8,0,0,2,2,1,1,0,1,1,1,1,Higher Secondary (9–12),STANDARD,0,True,True
9290862,UTTAR PRADESH,BAREILLY,VITHARI CHAINPUR,1,Simra Ajooba Begum,4,3,6,8,1,243006,9,2,3,0,0,0,0,0,35,35,44,0,0,0,0,114,4,4,0,0,4,3,1,0,1,1,5,0,2,2,1,1,1,Upper Primary (6–8),STANDARD,1,False,True
1980176,UTTAR PRADESH,BAREILLY,BHADPURA,1,Bhadpura,5,2,6,12,1,262406,9,2,1,0,0,0,0,0,32,52,16,35,29,5,0,169,7,0,7,0,3,3,0,0,0,10,8,0,0,1,1,1,1,Higher Secondary (6–12),STANDARD,0,True,True
5158271,UTTAR PRADESH,BAREILLY,BAREILLY TOWN,2,,4,3,6,8,1,243001,9,2,3,0,0,0,0,0,90,91,74,0,0,0,0,255,5,2,2,1,3,3,0,0,1,1,0,1,0,2,1,1,2,Upper Primary (6–8),STANDARD,0,False,True
4089353,UTTAR PRADESH,BAREILLY,RAMNAGAR,1,Barathanpur,2,3,1,8,1,243303,2,2,3,10,12,33,39,24,37,40,37,0,0,0,0,232,3,2,1,0,12,7,0,5,2,1,0,0,2,2,1,1,1,Upper Primary (1–8),STANDARD,5,False,True
9308479,UTTAR PRADESH,BAREILLY,AONLA,2,,2,3,1,8,1,243301,2,2,3,13,24,28,28,32,63,29,32,0,0,0,0,249,3,2,1,0,5,5,0,0,2,3,0,0,0,2,1,1,1,Upper Primary (1–8),STANDARD,0,False,True
8048798,UTTAR PRADESH,BAREILLY,BAREILLY TOWN,2,,6,3,1,10,4,243001,2,2,3,7,30,22,28,21,33,32,26,47,52,0,0,298,7,7,0,0,10,7,3,0,8,1,0,0,0,2,1,1,1,Secondary (1–10),STANDARD,3,False,True
5995727,UTTAR PRADESH,BAREILLY,ALAMPUR,1,Bichuraiya Sirsa,4,3,6,8,1,243402,9,2,3,0,0,0,0,0,29,29,17,0,0,0,0,75,3,3,0,0,4,0,0,4,2,1,0,0,2,2,1,1,1,Upper Primary (6–8),STANDARD,4,False,True
5540962,UTTAR PRADESH,BAREILLY,BHOJIPURA,1,Rampura Mafi,4,2,6,8,1,243001,9,2,1,0,0,0,0,0,6,31,35,0,0,0,0,72,7,0,7,0,3,0,3,0,0,10,6,0,0,1,1,1,1,Upper Primary (6–8),STANDARD,3,True,True
1628217,UTTAR PRADESH,BAREILLY,MIRGANJ,1,Jauner,4,3,6,8,1,243504,9,2,3,0,0,0,0,0,24,36,33,0,0,0,0,93,3,3,0,0,4,2,0,2,1,1,0,0,2,2,1,1,1,Upper Primary (6–8),STANDARD,2,False,True
7526635,UTTAR PRADESH,BAREILLY,BAHERI,1,Shakras,4,3,6,8,1,243201,9,2,3,0,0,0,0,0,24,18,16,0,0,0,0,58,3,3,0,0,4,4,0,0,1,1,0,0,2,2,1,1,2,Upper Primary (6–8),STANDARD,0,False,True
6662332,UTTAR PRADESH,BAREILLY,RICHHA(DAMKHODA),1,Jafra,4,3,6,8,1,243201,9,2,3,0,0,0,0,0,37,40,58,0,0,0,0,135,3,3,0,0,4,3,0,1,1,2,0,0,0,1,1,1,1,Upper Primary (6–8),STANDARD,1,True,True
7867989,UTTAR PRADESH,BAREILLY,BHOJIPURA,1,Pachdeora Deoria,2,3,1,8,1,243202,2,2,3,18,18,19,35,34,70,103,93,0,0,0,0,390,14,9,5,0,10,7,1,2,4,4,0,1,2,1,1,1,1,Upper Primary (1–8),STANDARD,3,True,True
5578391,UTTAR PRADESH,BAREILLY,ALAMPUR,1,Nagla,2,3,1,8,1,243401,2,2,3,31,31,36,23,43,57,53,66,0,0,0,0,340,9,7,2,0,10,8,0,2,2,5,0,0,2,2,1,1,2,Upper Primary (1–8),STANDARD,2,False,True
3233152,UTTAR PRADESH,BAREILLY,NAWABGANJ,1,Mundiateli,2,3,1,8,1,262406,2,2,3,8,6,5,10,17,15,13,12,0,0,0,0,86,6,5,1,0,6,2,0,4,1,1,0,2,2,2,1,1,1,Upper Primary (1–8),STANDARD,4,False,True
4710235,UTTAR PRADESH,BAREILLY,FARIDPUR TOWN,2,,1,3,1,5,5,243001,2,2,3,5,4,0,6,2,0,0,0,0,0,0,0,17,1,1,0,0,6,6,0,0,2,2,0,0,0,1,1,1,1,Primary (1–5),STANDARD,0,True,True
3934703,UTTAR PRADESH,BAREILLY,MAJHGAWAN,1,Rampura Khurd,1,3,1,5,5,243302,2,2,3,43,42,41,26,40,0,0,0,0,0,0,0,192,6,6,0,0,5,5,0,0,3,2,3,0,0,1,1,1,1,Primary (1–5),STANDARD,0,True,True
9507712,UTTAR PRADESH,BAREILLY,FATEHGANJ,1,,3,3,1,12,4,243505,2,2,3,20,18,13,17,14,95,123,85,150,121,45,47,748,14,14,0,0,20,20,0,0,6,10,10,0,0,1,1,1,1,Higher Secondary (1–12),STANDARD,0,True,True
2133069,UTTAR PRADESH,BAREILLY,BHUTA,1,Mehtarpur Tej Singh,1,3,1,5,5,243503,2,2,3,10,10,22,10,13,0,0,0,0,0,0,0,65,4,4,0,0,5,5,0,0,1,1,0,0,0,2,2,2,1,Primary (1–5),STANDARD,0,False,False
3687461,UTTAR PRADESH,BAREILLY,MIRGANJ,1,Junhai Ehatmali,2,3,1,8,5,243504,2,2,3,7,6,9,8,6,30,18,7,0,0,0,0,91,6,3,3,0,8,8,0,0,2,2,0,1,0,1,2,1,1,Upper Primary (1–8),STANDARD,0,True,True
1758400,UTTAR PRADESH,BAREILLY,BAREILLY TOWN,2,,1,3,1,5,5,243006,2,2,3,21,24,21,23,24,0,0,0,0,0,0,0,113,5,5,0,0,5,5,0,0,1,1,0,0,0,2,1,1,1,Primary (1–5),STANDARD,0,False,True
4227656,UTTAR PRADESH,BAREILLY,BHADPURA,1,Dabra,1,3,1,5,1,262406,2,2,3,5,7,4,7,9,0,0,0,0,0,0,0,32,2,1,1,0,5,5,0,0,1,1,0,0,2,1,1,1,2,Primary (1–5),STANDARD,0,True,True
5209794,UTTAR PRADESH,BAREILLY,BHUTA,1,Budhauli,1,3,1,5,5,243503,2,2,3,8,7,13,2,0,0,0,0,0,0,0,0,30,2,2,0,0,5,5,0,0,1,1,0,0,0,2,2,2,2,Primary (1–5),STANDARD,0,False,False
5456266,UTTAR PRADESH,BAREILLY,RICHHA(DAMKHODA),1,Bajpur,1,3,1,5,1,243201,2,2,3,2,0,1,2,2,0,0,0,0,0,0,0,7,2,1,1,0,3,3,0,0,1,1,0,0,2,1,1,1,1,Primary (1–5),STANDARD,0,True,True
7022473,UTTAR PRADESH,BAREILLY,MIRGANJ,1,Diosas,1,3,1,5,1,243504,2,2,3,17,21,19,21,23,0,0,0,0,0,0,0,101,5,5,0,0,4,3,1,0,1,1,0,0,2,2,1,1,2,Primary (1–5),STANDARD,1,False,True
6192077,UTTAR PRADESH,BAREILLY,VITHARI CHAINPUR,1,Parewa Kuiyan,1,3,1,5,1,243123,2,2,3,33,25,28,23,50,0,0,0,0,0,0,0,159,6,4,2,0,6,2,4,0,1,1,0,1,2,2,1,1,1,Primary (1–5),STANDARD,4,False,True
2198783,UTTAR PRADESH,BAREILLY,MAJHGAWAN,1,Gainee,1,3,1,5,1,243302,2,2,3,6,5,9,11,16,0,0,0,0,0,0,0,47,4,2,2,0,3,2,0,1,1,1,0,0,2,1,1,1,2,Primary (1–5),STANDARD,1,True,True
3672626,UTTAR PRADESH,BAREILLY,SHERGARH,1,Kabra Kishanpur,1,3,1,5,97,243001,2,2,3,33,6,11,16,8,0,0,0,0,0,0,0,74,5,3,1,1,5,5,0,0,1,1,0,0,0,1,2,2,2,Primary (1–5),STANDARD,0,True,False
7740386,UTTAR PRADESH,BAREILLY,BHADPURA,1,Jaweda Jawedi,10,3,9,12,5,243001,9,2,3,0,0,0,0,0,0,0,0,156,79,172,186,593,7,7,0,0,0,0,0,0,7,3,10,5,0,1,1,1,1,Higher Secondary (9–12),STANDARD,0,True,True
9639168,UTTAR PRADESH,BAREILLY,MIRGANJ,2,,1,3,1,5,5,243504,2,2,1,15,14,25,18,14,0,0,0,0,0,0,0,86,5,5,0,0,5,5,0,0,2,2,0,1,0,1,2,1,1,Primary (1–5),STANDARD,0,True,True
8151068,UTTAR PRADESH,BAREILLY,NAWABGANJ,2,,6,3,1,10,97,243201,2,2,3,19,14,3,7,11,13,7,9,0,0,0,0,83,4,2,2,0,10,10,0,0,3,3,1,0,0,2,1,1,1,Secondary (1–10),STANDARD,0,False,True
3285441,UTTAR PRADESH,BAREILLY,SHERGARH,1,Balli,1,3,1,5,5,243505,2,2,3,17,23,34,29,44,0,0,0,0,0,0,0,147,5,5,0,0,5,5,0,0,2,2,0,1,1,1,1,1,1,Primary (1–5),STANDARD,0,True,True
2431071,UTTAR PRADESH,BAREILLY,MAJHGAWAN,1,Rampura Khurd,1,3,1,5,5,243302,2,2,3,12,29,12,19,12,0,0,0,0,0,0,0,84,6,4,2,0,5,5,0,0,2,2,0,0,0,2,1,1,2,Primary (1–5),STANDARD,0,False,True
6637743,UTTAR PRADESH,BAREILLY,BAHERI,1,Bhojpur,1,3,1,5,1,243201,2,2,3,15,15,13,23,18,0,0,0,0,0,0,0,84,2,2,0,0,3,0,3,0,1,1,0,0,2,2,1,1,2,Primary (1–5),STANDARD,3,False,True
7562589,UTTAR PRADESH,BAREILLY,BAHERI,1,Mirzapur Aurangabad,2,3,1,8,5,243201,2,2,3,48,55,62,60,74,110,99,71,0,0,0,0,579,12,12,0,0,10,10,0,0,5,5,6,0,0,2,1,1,1,Upper Primary (1–8),STANDARD,0,False,True
1224764,UTTAR PRADESH,BAREILLY,BAREILLY TOWN,1,Richhola Kifayatullah,1,3,1,5,97,243201,2,2,3,3,7,3,1,2,0,0,0,0,0,0,0,16,5,5,0,0,5,5,0,0,2,4,1,1,2,2,2,2,1,Primary (1–5),STANDARD,0,False,False
7444565,UTTAR PRADESH,BAREILLY,BAREILLY TOWN,2,,1,3,1,5,1,243003,2,2,3,0,13,4,4,5,0,0,0,0,0,0,0,26,0,0,0,0,1,0,0,1,1,1,0,0,1,2,1,1,2,Primary (1–5),STANDARD,1,False,True
3555543,UTTAR PRADESH,BAREILLY,SHERGARH,2,,2,3,1,8,5,243505,2,2,3,5,28,13,18,15,42,61,42,0,0,0,0,224,7,7,0,0,8,8,0,0,3,2,1,0,0,2,1,1,2,Upper Primary (1–8),STANDARD,0,False,True
2881393,UTTAR PRADESH,BAREILLY,VITHARI CHAINPUR,1,Chandpur Bichpuri,1,3,1,5,1,243123,2,2,3,21,37,47,26,28,0,0,0,0,0,0,0,159,9,7,2,0,4,4,0,0,2,2,0,0,2,2,1,1,1,Primary (1–5),STANDARD,0,False,True
4229755,UTTAR PRADESH,BAREILLY,FARIDPUR,1,Shivpuri,1,3,1,5,1,243506,2,2,3,19,12,13,14,21,0,0,0,0,0,0,0,79,6,3,3,0,5,2,1,2,1,1,0,0,2,2,1,1,1,Primary (1–5),STANDARD,3,False,True
5665078,UTTAR PRADESH,BAREILLY,BHOJIPURA,1,Chakdaha Bhagautipur,2,3,1,8,5,243202,2,2,3,20,17,21,35,30,60,42,22,0,0,0,0,247,6,0,6,0,10,10,0,0,2,2,0,0,0,1,1,2,1,Upper Primary (1–8),STANDARD,0,True,False
7863604,UTTAR PRADESH,BAREILLY,FARIDPUR,1,Nawadia Ilaka Sahora,1,3,1,5,1,243503,2,2,3,6,2,2,8,10,0,0,0,0,0,0,0,28,4,1,3,0,3,1,0,2,1,1,0,0,2,1,1,1,2,Primary (1–5),STANDARD,2,True,True
3262400,UTTAR PRADESH,BAREILLY,RAMNAGAR,1,Dhaurera Mustkil,1,3,1,5,1,243303,2,2,3,4,6,4,5,5,0,0,0,0,0,0,0,24,1,1,0,0,5,0,0,5,1,1,0,0,2,2,1,1,1,Primary (1–5),STANDARD,5,False,True
4032904,UTTAR PRADESH,BAREILLY,RAMNAGAR,1,Sona,1,3,1,5,1,243303,2,2,3,6,2,6,8,11,0,0,0,0,0,0,0,33,3,1,2,0,4,2,0,2,1,1,0,0,2,2,1,1,2,Primary (1–5),STANDARD,2,False,True
7289014,UTTAR PRADESH,BAREILLY,FATEHGANJ,1,Bikrampur,2,3,1,8,5,243505,2,2,3,47,47,48,49,59,84,90,77,0,0,0,0,501,14,14,0,0,12,12,0,0,3,3,0,1,0,1,2,2,1,Upper Primary (1–8),STANDARD,0,True,False
8429463,UTTAR PRADESH,BAREILLY,MAJHGAWAN,1,Bheekampur,1,3,1,5,1,243302,2,2,3,12,18,14,18,24,0,0,0,0,0,0,0,86,4,3,1,0,6,4,1,1,3,3,0,0,2,1,1,1,1,Primary (1–5),STANDARD,2,True,True
8578885,UTTAR PRADESH,BAREILLY,BHADPURA,1,Keyolariya,4,3,6,8,5,262406,9,2,3,0,0,0,0,0,53,55,48,0,0,0,0,156,5,5,0,0,5,4,1,0,1,1,0,1,0,1,1,1,1,Upper Primary (6–8),STANDARD,1,True,True
9645057,UTTAR PRADESH,BAREILLY,RICHHA(DAMKHODA),2,,2,3,1,8,5,243201,2,1,3,18,43,47,43,37,52,38,49,0,0,0,0,327,13,5,8,0,8,8,0,0,3,1,8,0,0,1,1,2,2,Upper Primary (1–8),STANDARD,0,True,False
3843835,UTTAR PRADESH,BAREILLY,BAREILLY TOWN,2,,3,3,1,12,5,243001,1,2,3,201,149,201,236,250,245,255,284,280,274,208,212,2795,129,53,36,40,78,78,0,0,11,26,36,5,0,1,1,1,1,Higher Secondary (1–12),STANDARD,0,True,True
6347178,UTTAR PRADESH,BAREILLY,RICHHA(DAMKHODA),2,,1,3,1,5,5,243201,2,1,3,12,2,2,0,0,0,0,0,0,0,0,0,16,2,2,0,0,5,5,0,0,2,2,2,5,0,1,1,1,1,Primary (1–5),STANDARD,0,True,True
1316495,UTTAR PRADESH,BAREILLY,RICHHA(DAMKHODA),1,Pipra Nankar,3,3,1,12,5,243203,1,2,3,27,31,32,34,31,28,23,28,34,36,24,36,364,22,2,20,0,18,18,0,0,6,6,40,1,0,1,1,1,1,Higher Secondary (1–12),STANDARD,0,True,True
4891757,UTTAR PRADESH,BAREILLY,BHUTA,1,Rashulpur Bahanpur,1,3,1,5,5,243503,2,2,3,0,2,0,0,0,0,0,0,0,0,0,0,2,7,7,0,0,5,5,0,0,2,1,0,0,0,2,2,2,2,Primary (1–5),STANDARD,0,False,False
8212778,UTTAR PRADESH,BAREILLY,BAREILLY TOWN,2,,2,3,1,8,5,243001,2,2,3,7,8,12,17,8,15,11,0,0,0,0,0,78,8,3,5,0,12,12,0,0,2,2,1,0,0,2,1,1,1,Upper Primary (1–8),STANDARD,0,False,True
1833541,UTTAR PRADESH,BAREILLY,NAWABGANJ,2,,1,3,1,5,5,262406,2,2,3,58,87,71,61,64,0,0,0,0,0,0,0,341,10,10,0,0,9,9,0,0,2,3,2,2,2,1,1,2,1,Primary (1–5),STANDARD,0,True,False
3374791,UTTAR PRADESH,BAREILLY,SHERGARH,1,Sharif Nagar,1,3,1,5,5,243201,2,2,3,5,10,8,7,6,0,0,0,0,0,0,0,36,3,3,0,0,5,5,0,0,2,2,0,0,0,1,2,1,1,Primary (1–5),STANDARD,0,True,True
8676620,UTTAR PRADESH,BAREILLY,FARIDPUR TOWN,2,,10,3,9,12,5,243503,9,2,3,0,0,0,0,0,0,0,0,307,326,271,302,1206,16,0,16,0,33,33,0,0,2,10,8,1,0,1,1,1,1,Higher Secondary (9–12),STANDARD,0,True,True
7763858,UTTAR PRADESH,BAREILLY,BHUTA,1,Khandsara,1,3,1,5,1,243503,2,2,3,1,1,1,7,7,0,0,0,0,0,0,0,17,2,1,1,0,3,2,1,0,1,1,0,0,1,2,1,1,1,Primary (1–5),STANDARD,1,False,True
1413736,UTTAR PRADESH,BAREILLY,BHADPURA,1,Mohammadpur,1,3,1,5,1,262406,2,2,3,13,13,11,21,11,0,0,0,0,0,0,0,69,4,4,0,0,5,2,0,3,1,1,0,0,2,2,1,1,1,Primary (1–5),STANDARD,3,False,True
4202067,UTTAR PRADESH,BAREILLY,MAJHGAWAN,2,,1,3,1,5,5,243302,2,2,3,0,11,40,32,33,0,0,0,0,0,0,0,116,6,2,4,0,6,6,0,0,2,2,0,1,0,2,1,1,1,Primary (1–5),STANDARD,0,False,True
8014912,UTTAR PRADESH,BAREILLY,NAWABGANJ,1,Pandri Samip Baraur,7,3,6,10,5,262406,9,2,3,0,0,0,0,0,43,30,40,42,0,0,0,155,8,1,7,0,7,7,0,0,1,1,1,1,0,1,1,1,1,Secondary (6–10),STANDARD,0,True,True
4994879,UTTAR PRADESH,BAREILLY,FARIDPUR,1,Bhagwanpur Kundan,1,3,1,5,5,243506,2,2,3,2,1,2,2,5,0,0,0,0,0,0,0,12,5,5,0,0,5,5,0,0,1,1,0,0,0,2,1,1,1,Primary (1–5),STANDARD,0,False,True
5876035,UTTAR PRADESH,BAREILLY,ALAMPUR,1,Veer Pura,1,3,1,5,1,243301,2,2,3,6,5,7,4,8,0,0,0,0,0,0,0,30,3,1,2,0,3,3,0,0,1,1,0,0,1,2,1,1,2,Primary (1–5),STANDARD,0,False,True
4856945,UTTAR PRADESH,BAREILLY,SHERGARH,1,Kurka,1,3,1,5,1,243505,2,2,3,10,12,10,18,16,0,0,0,0,0,0,0,66,4,3,1,0,4,4,0,0,1,1,0,0,2,1,1,1,1,Primary (1–5),STANDARD,0,True,True
9988443,UTTAR PRADESH,BAREILLY,MAJHGAWAN,1,Shivpuri,1,3,1,5,5,243303,2,2,3,7,7,10,6,7,0,0,0,0,0,0,0,37,3,3,0,0,5,5,0,0,1,1,0,0,0,2,1,2,2,Primary (1–5),STANDARD,0,False,False
8680856,UTTAR PRADESH,BAREILLY,NAWABGANJ,1,Shahpur Jisukharai,1,3,1,5,5,262406,2,2,3,33,16,14,11,16,0,0,0,0,0,0,0,90,5,0,5,0,5,5,0,0,2,2,0,2,0,1,1,1,1,Primary (1–5),STANDARD,0,True,True
9342573,UTTAR PRADESH,BAREILLY,BAREILLY TOWN,2,,2,3,1,8,5,243006,2,2,3,24,12,24,23,16,42,31,18,0,0,0,0,190,13,3,10,0,5,5,0,0,4,4,2,0,0,2,1,2,2,Upper Primary (1–8),STANDARD,0,False,False
8163300,UTTAR PRADESH,BAREILLY,KYARA,1,Manpur Ahaiyapur,1,3,1,5,5,243001,2,2,3,23,25,20,26,23,0,0,0,0,0,0,0,117,5,5,0,0,9,9,0,0,1,1,5,0,0,2,1,1,1,Primary (1–5),STANDARD,0,False,True
2280634,UTTAR PRADESH,BAREILLY,MIRGANJ,1,Dhantia,1,3,1,5,5,243504,2,2,3,11,14,6,8,8,0,0,0,0,0,0,0,47,4,4,0,0,7,7,0,0,1,1,0,0,0,2,1,2,1,Primary (1–5),STANDARD,0,False,False
7507626,UTTAR PRADESH,BAREILLY,VITHARI CHAINPUR,1,Naugawan Harsa Patti,1,3,1,5,5,243123,2,2,3,2,5,4,0,4,0,0,0,0,0,0,0,15,3,3,0,0,4,4,0,0,1,1,0,0,0,2,2,2,2,Primary (1–5),STANDARD,0,False,False
5711735,UTTAR PRADESH,BAREILLY,VITHARI CHAINPUR,1,Balipur Ahmedpur,10,3,9,12,5,243006,9,2,3,0,0,0,0,0,0,0,0,103,168,320,421,1012,12,6,3,3,10,10,0,0,2,2,1,1,0,1,2,1,2,Higher Secondary (9–12),STANDARD,0,True,True
1419035,UTTAR PRADESH,BAREILLY,BAHERI,1,Parohi,3,3,1,12,5,243201,2,2,3,46,37,29,55,49,43,54,30,29,74,61,46,553,13,13,0,0,8,8,0,0,10,5,40,3,0,1,1,1,1,Higher Secondary (1–12),STANDARD,0,True,True
6611763,UTTAR PRADESH,BAREILLY,BAREILLY TOWN,2,,2,3,1,8,5,243003,2,2,3,65,62,31,39,27,22,23,29,0,0,0,0,298,19,19,0,0,15,15,0,0,2,2,15,0,0,1,1,1,1,Upper Primary (1–8),STANDARD,0,True,True
1279823,UTTAR PRADESH,BAREILLY,BAREILLY TOWN,2,,1,3,1,5,5,243003,2,2,3,11,15,10,12,16,0,0,0,0,0,0,0,64,3,3,0,0,5,5,0,0,2,2,1,0,0,1,2,1,2,Primary (1–5),STANDARD,0,True,True
1334030,UTTAR PRADESH,BAREILLY,BHOJIPURA,1,Majhawa Gangapur,2,3,1,8,5,243202,1,2,3,49,51,58,50,43,46,37,60,0,0,0,0,394,10,3,7,0,11,10,1,0,1,1,0,1,0,2,1,1,1,Upper Primary (1–8),STANDARD,1,False,True
8153450,UTTAR PRADESH,BAREILLY,RICHHA(DAMKHODA),2,,6,3,1,10,97,243201,2,2,3,2,10,6,4,9,13,16,11,2,3,0,0,76,9,1,8,0,12,12,0,0,5,3,1,1,0,1,1,1,1,Secondary (1–10),STANDARD,0,True,True
8630266,UTTAR PRADESH,BAREILLY,BAREILLY TOWN,2,,3,3,1,12,5,243003,1,2,3,73,71,79,150,126,144,165,152,173,196,229,189,1747,73,73,0,0,45,45,0,0,14,16,50,2,0,1,1,1,1,Higher Secondary (1–12),STANDARD,0,True,True
1267243,UTTAR PRADESH,BAREILLY,FATEHGANJ,1,Chakarpur Urf Lamkan,1,3,1,5,1,243505,2,2,3,23,29,29,60,67,0,0,0,0,0,0,0,208,4,3,1,0,7,5,1,1,1,3,0,1,2,2,1,1,1,Primary (1–5),STANDARD,2,False,True
4412724,UTTAR PRADESH,BAREILLY,NAWABGANJ,1,Mujhena Santosh,2,3,1,8,5,262406,1,2,1,37,30,31,29,32,29,24,13,0,0,0,0,225,12,9,3,0,15,15,0,0,4,4,1,1,0,1,2,1,2,Upper Primary (1–8),STANDARD,0,True,True
8155126,UTTAR PRADESH,BAREILLY,BAREILLY TOWN,2,,2,3,1,8,5,243003,1,1,3,21,24,16,7,11,3,3,0,0,0,0,0,85,9,6,3,0,14,14,0,0,2,2,5,0,0,1,1,1,1,Upper Primary (1–8),STANDARD,0,True,True
8523907,UTTAR PRADESH,BAREILLY,SHERGARH,1,Madnapur,1,3,1,5,97,243505,2,2,3,0,2,6,14,4,0,0,0,0,0,0,0,26,4,2,2,0,5,5,0,0,1,2,0,0,0,2,1,1,2,Primary (1–5),STANDARD,0,False,True
5758266,UTTAR PRADESH,BAREILLY,NAWABGANJ,2,,1,3,1,5,5,243407,2,2,3,10,18,15,21,27,0,0,0,0,0,0,0,91,4,4,0,0,5,5,0,0,1,1,0,0,0,2,1,2,1,Primary (1–5),STANDARD,0,False,False
6236889,UTTAR PRADESH,BAREILLY,BHADPURA,1,Pahrapur Urf Bhagotipur,1,3,1,5,1,262406,2,2,3,5,5,10,18,10,0,0,0,0,0,0,0,48,4,3,1,0,3,0,1,2,1,1,0,0,2,1,1,1,1,Primary (1–5),STANDARD,3,True,True
9704146,UTTAR PRADESH,BAREILLY,BAHERI,1,Bhojpur Jogither,1,3,1,5,1,243201,2,2,3,3,8,8,11,7,0,0,0,0,0,0,0,37,2,1,1,0,2,1,0,1,1,1,0,0,2,2,1,1,1,Primary (1–5),STANDARD,1,False,True
7940444,UTTAR PRADESH,BAREILLY,FARIDPUR,1,Amirta Ilaka Shivpuri,1,3,1,5,1,243001,2,2,3,3,5,4,5,9,0,0,0,0,0,0,0,26,2,1,1,0,3,3,0,0,1,1,0,0,2,1,1,1,2,Primary (1–5),STANDARD,0,True,True
6928931,UTTAR PRADESH,BAREILLY,FARIDPUR,1,Basawanpur,1,3,1,5,1,243001,2,2,3,19,20,19,31,33,0,0,0,0,0,0,0,122,5,3,2,0,5,4,0,1,1,1,0,0,2,2,1,1,1,Primary (1–5),STANDARD,1,False,True
1206035,UTTAR PRADESH,BAREILLY,BHOJIPURA,1,Pachdeora Kalan,1,3,1,5,1,243202,2,2,3,43,41,41,98,93,0,0,0,0,0,0,0,316,10,9,1,0,7,7,0,0,1,1,0,0,1,1,1,1,2,Primary (1–5),STANDARD,0,True,True
5780901,UTTAR PRADESH,BAREILLY,FARIDPUR,1,Bandia Khurd,1,3,1,5,5,243503,2,2,3,14,7,16,32,30,0,0,0,0,0,0,0,99,5,5,0,0,6,6,0,0,1,1,0,0,0,2,1,1,1,Primary (1–5),STANDARD,0,False,True
2202143,UTTAR PRADESH,BAREILLY,RICHHA(DAMKHODA),1,Mundia Nabibaksha,5,3,6,12,5,243201,9,2,3,0,0,0,0,0,6,0,0,17,3,9,19,54,6,4,2,0,19,19,0,0,3,4,0,1,0,1,3,1,2,Higher Secondary (6–12),STANDARD,0,True,True
9605497,UTTAR PRADESH,BAREILLY,SHERGARH,1,Nagaria Khurd,1,3,1,5,5,243505,2,2,3,6,7,3,8,2,0,0,0,0,0,0,0,26,4,4,0,0,5,5,0,0,2,2,0,0,0,1,1,2,1,Primary (1–5),STANDARD,0,True,False
8704119,UTTAR PRADESH,BAREILLY,FARIDPUR,1,Raipur Hans,4,3,6,8,1,243001,9,2,3,0,0,0,0,0,37,40,49,0,0,0,0,126,4,4,0,0,4,0,0,4,2,2,0,0,2,1,1,1,1,Upper Primary (6–8),STANDARD,4,True,True
6204701,UTTAR PRADESH,BAREILLY,RAMNAGAR,1,Nawabpura,1,3,1,5,1,243303,2,2,3,20,20,29,23,30,0,0,0,0,0,0,0,122,4,1,3,0,5,5,0,0,1,1,0,0,0,1,1,1,2,Primary (1–5),STANDARD,0,True,True
4441773,UTTAR PRADESH,BAREILLY,MAJHGAWAN,1,Gurganwamustkil,2,3,1,8,5,243303,2,2,3,30,34,39,58,52,88,74,56,0,0,0,0,431,8,4,4,0,8,8,0,0,5,5,1,1,1,1,1,1,1,Upper Primary (1–8),STANDARD,0,True,True
5147609,UTTAR PRADESH,BAREILLY,VITHARI CHAINPUR,1,Mohrania,1,3,1,5,1,243123,2,2,3,26,22,24,48,56,0,0,0,0,0,0,0,176,8,6,2,0,5,3,0,2,1,1,0,0,2,1,1,1,1,Primary (1–5),STANDARD,2,True,True
5388851,UTTAR PRADESH,BAREILLY,RAMNAGAR,1,Dhilwari,1,3,1,5,1,243301,2,2,3,41,31,36,75,58,0,0,0,0,0,0,0,241,6,5,1,0,9,5,4,0,3,4,1,0,0,2,1,1,1,Primary (1–5),STANDARD,4,False,True
3981007,UTTAR PRADESH,BAREILLY,BAREILLY TOWN,2,,2,3,1,8,5,243004,2,2,3,1,1,10,0,1,1,4,7,0,0,0,0,25,5,5,0,0,6,6,0,0,1,1,1,0,0,2,1,1,2,Upper Primary (1–8),STANDARD,0,False,True
7264892,UTTAR PRADESH,BAREILLY,ALAMPUR,1,Bilauri,4,3,6,8,5,243301,9,2,3,0,0,0,0,0,19,8,9,0,0,0,0,36,2,2,0,0,4,4,0,0,1,1,0,1,0,2,2,1,1,Upper Primary (6–8),STANDARD,0,False,True
7595526,UTTAR PRADESH,BAREILLY,KYARA,1,Babhia,1,3,1,5,5,243001,2,2,3,50,36,33,43,26,0,0,0,0,0,0,0,188,3,3,0,0,5,5,0,0,1,1,1,0,0,1,1,2,1,Primary (1–5),STANDARD,0,True,False
6279393,UTTAR PRADESH,BAREILLY,NAWABGANJ,1,Harhar Matkali,5,3,6,12,5,243407,9,2,3,0,0,0,0,0,11,8,3,6,5,2,0,35,3,3,0,0,11,11,0,0,1,1,8,2,0,1,1,1,1,Higher Secondary (6–12),STANDARD,0,True,True
3718366,UTTAR PRADESH,BAREILLY,MAJHGAWAN,1,Gurganwamustkil,1,3,1,5,5,243303,2,1,3,6,6,3,4,2,0,0,0,0,0,0,0,21,3,3,0,0,5,5,0,0,2,2,0,0,0,2,1,2,1,Primary (1–5),STANDARD,0,False,False
3152053,UTTAR PRADESH,BAREILLY,BAREILLY TOWN,2,,10,3,9,12,5,243122,9,2,3,0,0,0,0,0,0,0,0,86,74,87,99,346,10,1,9,0,14,14,0,0,3,2,12,1,0,1,1,1,1,Higher Secondary (9–12),STANDARD,0,True,True
3960403,UTTAR PRADESH,BAREILLY,ALAMPUR,1,Siholia,4,3,6,8,1,243301,9,2,3,0,0,0,0,0,18,34,19,0,0,0,0,71,2,2,0,0,3,1,2,0,1,1,0,0,0,2,1,1,1,Upper Primary (6–8),STANDARD,2,False,True
1940229,UTTAR PRADESH,BAREILLY,BHUTA,1,Barkhera,1,3,1,5,1,243503,2,2,3,1,6,5,12,9,0,0,0,0,0,0,0,33,3,2,1,0,4,2,2,0,1,1,0,0,2,2,1,1,1,Primary (1–5),STANDARD,2,False,True
5657414,UTTAR PRADESH,BAREILLY,BHUTA,1,Umedpur Bhuta,6,3,1,10,5,243503,2,2,3,0,26,3,3,2,6,8,9,89,86,0,0,232,5,5,0,0,10,10,0,0,1,1,1,1,0,1,2,1,1,Secondary (1–10),STANDARD,0,True,True
3556102,UTTAR PRADESH,BAREILLY,RICHHA(DAMKHODA),1,Ataria,4,3,6,8,1,243201,9,2,3,0,0,0,0,0,13,12,18,0,0,0,0,43,3,3,0,0,4,4,0,0,2,2,0,0,2,2,1,1,2,Upper Primary (6–8),STANDARD,0,False,True
1505523,UTTAR PRADESH,BAREILLY,NAWABGANJ,2,,4,3,6,8,1,262406,9,2,3,0,0,0,0,0,51,37,53,0,0,0,0,141,6,5,0,1,3,3,0,0,1,1,0,1,0,1,1,1,1,Upper Primary (6–8),STANDARD,0,True,True
3863830,UTTAR PRADESH,BAREILLY,BAHERI,1,Tanda Chhanga,4,3,6,8,1,243001,9,2,3,0,0,0,0,0,25,13,21,0,0,0,0,59,3,3,0,0,5,4,0,1,1,2,0,1,2,2,1,1,2,Upper Primary (6–8),STANDARD,1,False,True
6299617,UTTAR PRADESH,BAREILLY,NAWABGANJ,1,Mujhena Santosh,4,3,6,8,1,262406,9,2,3,0,0,0,0,0,17,11,11,0,0,0,0,39,3,3,0,0,4,4,0,0,1,1,0,0,2,2,1,1,1,Upper Primary (6–8),STANDARD,0,False,True
8919773,UTTAR PRADESH,BAREILLY,BAREILLY TOWN,2,,4,3,6,8,1,243122,9,2,3,0,0,0,0,0,48,56,84,0,0,0,0,188,3,3,0,0,5,5,0,0,1,2,0,0,1,2,1,1,1,Upper Primary (6–8),STANDARD,0,False,True
8088935,UTTAR PRADESH,BAREILLY,SHERGARH,1,Ghatgaon,5,2,6,12,1,243505,9,2,3,0,0,0,0,0,4,9,3,20,15,19,6,76,3,3,0,0,9,9,0,0,0,29,0,0,0,2,1,1,1,Higher Secondary (6–12),STANDARD,0,False,True
1003669,UTTAR PRADESH,BAREILLY,BAREILLY TOWN,2,,2,3,1,8,1,243502,2,2,3,6,6,6,7,6,16,16,28,0,0,0,0,91,2,2,0,0,6,6,0,0,2,4,0,0,2,2,1,1,2,Upper Primary (1–8),STANDARD,0,False,True
6865990,UTTAR PRADESH,BAREILLY,MAJHGAWAN,1,Kundaria Ekhlaspur,2,3,1,8,1,243302,2,2,3,14,12,20,26,27,27,15,19,0,0,0,0,160,7,6,1,0,7,0,4,3,2,2,0,0,2,1,1,1,1,Upper Primary (1–8),STANDARD,7,True,True
4336650,UTTAR PRADESH,BAREILLY,NAWABGANJ,1,Adhakata Nazrana,7,3,6,10,91,262406,9,2,1,0,0,0,0,0,116,108,69,118,115,0,0,526,17,0,17,0,20,20,0,0,10,10,45,3,0,1,1,1,1,Secondary (6–10),STANDARD,0,True,True
7098309,UTTAR PRADESH,BAREILLY,BHADPURA,1,Biharipur Pitam Ram,1,3,1,5,1,262406,2,2,3,15,15,4,25,19,0,0,0,0,0,0,0,78,4,3,1,0,5,0,4,1,1,1,0,0,2,2,1,1,1,Primary (1–5),STANDARD,5,False,True
3230552,UTTAR PRADESH,BAREILLY,FARIDPUR,1,Longpur,1,3,1,5,1,243503,2,2,3,22,22,30,41,47,0,0,0,0,0,0,0,162,7,5,2,0,5,5,0,0,1,1,0,0,0,1,1,1,1,Primary (1–5),STANDARD,0,True,True
3246094,UTTAR PRADESH,BAREILLY,KYARA,1,Bahjuiya Jagir,1,3,1,5,1,243001,2,2,3,17,23,23,48,38,0,0,0,0,0,0,0,149,6,4,2,0,7,4,0,3,6,6,0,0,0,2,1,1,1,Primary (1–5),STANDARD,3,False,True
3824668,UTTAR PRADESH,BAREILLY,BAREILLY TOWN,2,,1,3,1,5,1,243003,2,2,3,4,2,8,7,5,0,0,0,0,0,0,0,26,2,1,1,0,2,2,0,0,1,1,0,0,1,2,1,1,1,Primary (1–5),STANDARD,0,False,True
8195762,UTTAR PRADESH,BAREILLY,BAHERI,1,Tanda Chhanga,1,3,1,5,1,243201,2,2,3,9,5,11,19,15,0,0,0,0,0,0,0,59,4,3,1,0,3,1,0,2,1,1,0,1,2,2,1,1,2,Primary (1–5),STANDARD,2,False,True
7344644,UTTAR PRADESH,BAREILLY,BAREILLY TOWN,2,,1,3,1,5,1,243001,2,1,3,3,1,2,1,9,0,0,0,0,0,0,0,16,0,0,0,0,1,1,0,0,1,1,0,0,1,1,1,1,2,Primary (1–5),STANDARD,0,True,True
6332865,UTTAR PRADESH,BAREILLY,BAREILLY TOWN,2,,5,3,6,12,4,243003,9,2,3,0,0,0,0,0,7,11,3,17,10,10,11,69,12,12,0,0,12,0,6,6,5,4,10,0,0,2,1,2,2,Higher Secondary (6–12),STANDARD,12,False,False
5127135,UTTAR PRADESH,BAREILLY,FATEHGANJ,1,Prempur,1,3,1,5,1,243505,2,2,3,8,5,10,12,16,0,0,0,0,0,0,0,51,6,3,3,0,4,3,0,1,1,1,0,0,2,1,1,1,1,Primary (1–5),STANDARD,1,True,True
4743094,UTTAR PRADESH,BAREILLY,BHOJIPURA,1,Abheypur Keshonpur,1,3,1,5,97,243202,2,2,3,0,9,45,3,0,0,0,0,0,0,0,0,57,5,0,5,0,5,5,0,0,1,1,0,0,0,1,1,2,1,Primary (1–5),STANDARD,0,True,False
1668259,UTTAR PRADESH,BAREILLY,FARIDPUR,1,Pandhera,1,3,1,5,1,243001,2,2,3,0,0,4,1,3,0,0,0,0,0,0,0,8,2,1,1,0,3,3,0,0,1,1,0,0,2,2,1,1,1,Primary (1–5),STANDARD,0,False,True
1294401,UTTAR PRADESH,BAREILLY,NAWABGANJ,1,Harharpur Chowdhry,1,3,1,5,1,243407,2,2,3,3,3,0,3,3,0,0,0,0,0,0,0,12,2,1,1,0,5,5,0,0,1,1,0,0,2,2,1,1,1,Primary (1–5),STANDARD,0,False,True
3495600,UTTAR PRADESH,BAREILLY,BHOJIPURA,1,Gopalpur Azizpur,1,3,1,5,1,243202,2,2,3,26,22,21,25,24,0,0,0,0,0,0,0,118,5,3,2,0,6,2,2,2,1,1,0,0,2,1,1,1,1,Primary (1–5),STANDARD,4,True,True
1812789,UTTAR PRADESH,BAREILLY,ALAMPUR,1,Katka Raman,1,3,1,5,1,243202,2,2,3,5,21,12,27,18,0,0,0,0,0,0,0,83,3,2,1,0,6,6,0,0,1,1,0,0,2,1,1,1,1,Primary (1–5),STANDARD,0,True,True
2613840,UTTAR PRADESH,BAREILLY,BHADPURA,1,Bahir Jagir,1,3,1,5,1,262406,2,2,3,25,16,17,33,34,0,0,0,0,0,0,0,125,3,3,0,0,9,5,0,4,1,1,0,0,2,1,1,1,1,Primary (1–5),STANDARD,4,True,True
4254297,UTTAR PRADESH,BAREILLY,MAJHGAWAN,1,Chandpur Yakubpur,1,3,1,5,1,243401,2,2,3,5,3,6,5,5,0,0,0,0,0,0,0,24,2,2,0,0,2,2,0,0,1,1,0,0,2,2,1,1,1,Primary (1–5),STANDARD,0,False,True
9443022,UTTAR PRADESH,BAREILLY,SHERGARH,1,Itaua,1,3,1,5,5,243201,2,2,3,9,4,8,3,4,0,0,0,0,0,0,0,28,5,2,3,0,5,5,0,0,1,1,0,0,0,1,2,1,1,Primary (1–5),STANDARD,0,True,True
2412966,UTTAR PRADESH,BAREILLY,BAREILLY TOWN,2,,2,3,1,8,5,243001,2,2,3,39,49,24,27,25,16,18,23,0,0,0,0,221,10,10,0,0,8,8,0,0,2,2,1,1,0,1,1,1,2,Upper Primary (1–8),STANDARD,0,True,True
2959380,UTTAR PRADESH,BAREILLY,VITHARI CHAINPUR,1,Naryawal,1,3,1,5,97,243123,2,2,3,14,8,7,3,4,0,0,0,0,0,0,0,36,3,2,1,0,5,5,0,0,5,3,1,0,0,1,1,1,1,Primary (1–5),STANDARD,0,True,True
9031640,UTTAR PRADESH,BAREILLY,ALAMPUR,1,Rampur Buzurg,2,3,1,8,5,243301,2,2,3,24,29,32,53,67,59,37,38,0,0,0,0,339,14,14,0,0,10,10,0,0,1,1,0,1,0,2,1,2,1,Upper Primary (1–8),STANDARD,0,False,False
2824333,UTTAR PRADESH,BAREILLY,BAREILLY TOWN,2,,1,3,1,5,5,243001,2,2,3,0,0,1,13,1,0,0,0,0,0,0,0,15,5,5,0,0,5,5,0,0,2,2,0,0,0,1,1,1,1,Primary (1–5),STANDARD,0,True,True
7439800,UTTAR PRADESH,BAREILLY,NAWABGANJ,1,Ahamdabad,1,3,1,5,5,242407,2,2,3,18,26,37,37,25,0,0,0,0,0,0,0,143,6,6,0,0,5,5,0,0,1,1,4,0,0,2,1,1,1,Primary (1–5),STANDARD,0,False,True
2200699,UTTAR PRADESH,BAREILLY,BAHERI,1,Jam Antrampur,2,3,1,8,5,243001,2,2,3,18,23,6,16,13,27,33,27,0,0,0,0,163,7,7,0,0,12,0,12,0,2,2,0,0,0,2,2,2,2,Upper Primary (1–8),STANDARD,12,False,False
5950503,UTTAR PRADESH,BAREILLY,ALAMPUR,1,Bamiana,1,3,1,5,5,243001,2,2,3,17,14,5,8,12,0,0,0,0,0,0,0,56,7,7,0,0,5,5,0,0,2,2,3,0,0,1,2,1,1,Primary (1–5),STANDARD,0,True,True
5179020,UTTAR PRADESH,BAREILLY,BHUTA,1,Reona Kalan,1,3,1,5,1,243503,2,2,3,12,7,1,17,13,0,0,0,0,0,0,0,50,3,2,1,0,4,0,2,2,1,1,0,0,2,2,1,1,2,Primary (1–5),STANDARD,4,False,True
4419520,UTTAR PRADESH,BAREILLY,ALAMPUR,1,,1,3,1,5,5,243403,2,2,2,3,2,1,0,0,0,0,0,0,0,0,0,6,7,7,0,0,4,4,0,0,1,1,0,0,0,1,1,2,1,Primary (1–5),STANDARD,0,True,False
7668342,UTTAR PRADESH,BAREILLY,FARIDPUR TOWN,2,,2,3,1,8,5,243001,2,2,3,19,57,69,63,41,46,50,34,0,0,0,0,379,9,9,0,0,9,9,0,0,2,2,0,0,0,1,1,1,1,Upper Primary (1–8),STANDARD,0,True,True
4507078,UTTAR PRADESH,BAREILLY,NAWABGANJ,1,Khanjanpur Khanjania,1,3,1,5,1,262406,2,2,3,15,8,10,19,18,0,0,0,0,0,0,0,70,4,3,1,0,5,3,2,0,2,2,0,0,2,2,1,1,2,Primary (1–5),STANDARD,2,False,True
8175158,UTTAR PRADESH,BAREILLY,BHUTA,1,Dhaurera,1,3,1,5,1,243503,2,2,3,7,2,2,2,6,0,0,0,0,0,0,0,19,2,1,1,0,5,3,0,2,1,1,0,0,2,1,1,1,2,Primary (1–5),STANDARD,2,True,True
8207369,UTTAR PRADESH,BAREILLY,BHOJIPURA,1,Pachdeora Kalan,1,3,1,5,1,243202,2,2,3,29,23,26,50,44,0,0,0,0,0,0,0,172,6,6,0,0,4,3,1,0,1,1,0,0,2,2,1,1,2,Primary (1–5),STANDARD,1,False,True
5483398,UTTAR PRADESH,BAREILLY,BAHERI,1,Pindari Ashok,1,3,1,5,1,243201,2,2,3,0,0,0,0,3,0,0,0,0,0,0,0,3,3,1,2,0,2,1,1,0,1,1,0,0,0,2,1,1,2,Primary (1–5),STANDARD,1,False,True
4270108,UTTAR PRADESH,BAREILLY,MAJHGAWAN,1,Katroibuzurg,1,3,1,5,5,243303,2,2,3,1,35,17,15,22,0,0,0,0,0,0,0,90,5,5,0,0,5,5,0,0,1,1,1,0,0,2,1,1,2,Primary (1–5),STANDARD,0,False,True
3054483,UTTAR PRADESH,BAREILLY,ALAMPUR,1,Dharmpur,1,3,1,5,1,243301,2,2,3,11,11,14,15,20,0,0,0,0,0,0,0,71,5,2,3,0,3,0,3,0,1,1,0,0,2,2,1,1,2,Primary (1–5),STANDARD,3,False,True
1241792,UTTAR PRADESH,BAREILLY,MAJHGAWAN,1,Anurudhpur,1,3,1,5,1,243302,2,2,3,24,17,13,25,40,0,0,0,0,0,0,0,119,3,3,0,0,5,0,2,3,1,2,0,0,2,1,1,1,2,Primary (1–5),STANDARD,5,True,True
2817871,UTTAR PRADESH,BAREILLY,BAREILLY TOWN,2,,1,3,1,5,5,243001,2,2,3,0,3,5,10,6,0,0,0,0,0,0,0,24,4,4,0,0,5,5,0,0,1,1,1,0,0,1,1,2,2,Primary (1–5),STANDARD,0,True,False
9370740,UTTAR PRADESH,BAREILLY,BHUTA,1,Richa,2,3,1,8,5,243126,1,2,3,72,72,65,73,73,70,45,45,0,0,0,0,515,22,12,10,0,14,14,0,0,2,2,5,4,1,1,1,1,1,Upper Primary (1–8),STANDARD,0,True,True
9583444,UTTAR PRADESH,BAREILLY,RAMNAGAR,2,,2,3,1,8,5,243303,2,2,3,45,47,39,37,36,23,27,19,0,0,0,0,273,9,9,0,0,8,8,0,0,2,2,1,1,0,1,1,2,1,Upper Primary (1–8),STANDARD,0,True,False
1668155,UTTAR PRADESH,BAREILLY,SHERGARH,1,Dunka,6,3,1,10,97,243505,2,2,3,21,11,3,11,9,13,1,1,11,0,0,0,81,7,0,7,0,10,10,0,0,2,2,0,0,0,2,2,1,1,Secondary (1–10),STANDARD,0,False,True
4623813,UTTAR PRADESH,BAREILLY,BHOJIPURA,1,Kalara,1,3,1,5,1,243202,2,2,3,8,5,7,8,6,0,0,0,0,0,0,0,34,3,1,2,0,3,2,0,1,1,1,0,1,2,1,1,1,1,Primary (1–5),STANDARD,1,True,True
3110587,UTTAR PRADESH,BAREILLY,BHOJIPURA,1,Majhawa Gangapur,2,3,1,8,5,243202,2,2,3,17,11,15,12,12,14,5,9,0,0,0,0,95,6,5,1,0,7,7,0,0,1,1,0,1,0,1,1,1,1,Upper Primary (1–8),STANDARD,0,True,True
8466821,UTTAR PRADESH,BAREILLY,NAWABGANJ,1,Saidpur,1,3,1,5,1,243407,2,2,3,0,4,3,6,5,0,0,0,0,0,0,0,18,2,1,1,0,3,3,0,0,1,2,0,0,0,2,1,1,1,Primary (1–5),STANDARD,0,False,True
7029361,UTTAR PRADESH,BAREILLY,SHERGARH,2,,1,3,1,5,97,243505,2,2,3,12,18,17,16,8,0,0,0,0,0,0,0,71,3,0,3,0,5,5,0,0,2,2,0,0,0,2,1,2,1,Primary (1–5),STANDARD,0,False,False
1354262,UTTAR PRADESH,BAREILLY,SHERGARH,1,Jaferpur,1,3,1,5,97,243505,2,2,3,13,11,14,14,5,0,0,0,0,0,0,0,57,5,3,2,0,6,6,0,0,1,2,0,0,0,2,2,1,1,Primary (1–5),STANDARD,0,False,True
9217953,UTTAR PRADESH,BAREILLY,BHUTA,1,Bhagwantapur,1,3,1,5,97,243503,2,2,3,2,14,11,18,15,0,0,0,0,0,0,0,60,6,2,4,0,8,8,0,0,1,1,0,0,0,1,2,1,1,Primary (1–5),STANDARD,0,True,True
5623249,UTTAR PRADESH,BAREILLY,MIRGANJ,1,Saijana,2,3,1,8,5,243504,2,2,3,28,14,26,27,19,28,30,19,0,0,0,0,191,10,10,0,0,12,12,0,0,2,1,1,5,0,1,1,1,1,Upper Primary (1–8),STANDARD,0,True,True
8198289,UTTAR PRADESH,BAREILLY,FATEHGANJ,1,Haunspur,5,3,6,12,5,243505,9,2,3,0,0,0,0,0,20,24,16,55,56,9,12,192,11,11,0,0,24,24,0,0,2,2,1,0,0,1,1,1,1,Higher Secondary (6–12),STANDARD,0,True,True
3306545,UTTAR PRADESH,BAREILLY,FATEHGANJ,2,,2,3,1,8,5,243501,2,2,3,52,64,61,63,33,39,36,37,0,0,0,0,385,7,7,0,0,8,8,0,0,5,9,2,2,0,1,1,2,1,Upper Primary (1–8),STANDARD,0,True,False
3318596,UTTAR PRADESH,BAREILLY,BAHERI,1,Dandi Abhay Chand,1,3,1,5,1,243201,2,2,3,29,25,37,35,26,0,0,0,0,0,0,0,152,6,5,1,0,3,0,0,3,1,3,0,1,2,2,1,1,2,Primary (1–5),STANDARD,3,False,True
3159975,UTTAR PRADESH,BAREILLY,VITHARI CHAINPUR,1,Parataspur,3,3,1,12,5,243123,1,2,3,115,116,82,113,112,89,129,97,134,112,95,108,1302,53,22,31,0,42,42,0,0,20,27,70,1,0,1,1,1,2,Higher Secondary (1–12),STANDARD,0,True,True
1110417,UTTAR PRADESH,BAREILLY,FATEHGANJ,1,Aundh,4,3,6,8,5,243505,9,2,3,0,0,0,0,0,34,41,34,0,0,0,0,109,3,3,0,0,4,4,0,0,1,1,0,0,35,2,2,2,2,Upper Primary (6–8),STANDARD,0,False,False
9620162,UTTAR PRADESH,BAREILLY,MIRGANJ,2,,2,3,1,8,5,243505,2,2,3,0,4,15,12,20,27,24,23,0,0,0,0,125,5,2,3,0,8,8,0,0,2,2,0,2,2,1,1,1,1,Upper Primary (1–8),STANDARD,0,True,True
1503504,UTTAR PRADESH,BAREILLY,BHUTA,1,Galsthua,1,3,1,5,1,243506,2,2,3,5,4,2,5,5,0,0,0,0,0,0,0,21,3,1,2,0,3,2,1,0,1,1,0,0,2,2,1,1,1,Primary (1–5),STANDARD,1,False,True
5371624,UTTAR PRADESH,BAREILLY,BHADPURA,1,Vikrampur,1,3,1,5,1,262406,2,2,3,10,3,10,9,15,0,0,0,0,0,0,0,47,3,3,0,0,4,0,2,2,1,1,0,0,1,2,1,1,1,Primary (1–5),STANDARD,4,False,True
6591649,UTTAR PRADESH,BAREILLY,BAREILLY TOWN,2,,1,3,1,5,1,243502,2,2,3,8,8,22,29,32,0,0,0,0,0,0,0,99,1,0,1,0,5,0,0,5,1,1,0,0,0,2,1,1,1,Primary (1–5),STANDARD,5,False,True
7491059,UTTAR PRADESH,BAREILLY,BAHERI,1,Banjaria,1,3,1,5,1,243201,2,2,3,9,7,13,11,21,0,0,0,0,0,0,0,61,4,3,1,0,5,3,1,1,1,1,0,1,0,2,1,1,1,Primary (1–5),STANDARD,2,False,True
5931267,UTTAR PRADESH,BAREILLY,MIRGANJ,1,Sidhauli,2,3,1,8,5,243504,2,2,3,4,0,0,4,0,22,8,6,0,0,0,0,44,8,0,8,0,8,8,0,0,1,1,0,0,0,2,2,2,2,Upper Primary (1–8),STANDARD,0,False,False
5298892,UTTAR PRADESH,BAREILLY,BAHERI TOWN,2,,1,3,1,5,1,243201,2,2,3,6,16,7,15,9,0,0,0,0,0,0,0,53,2,1,1,0,5,5,0,0,1,1,0,1,2,2,1,1,2,Primary (1–5),STANDARD,0,False,True
9782787,UTTAR PRADESH,BAREILLY,BAREILLY TOWN,2,,2,3,1,8,5,243122,1,2,3,32,23,16,26,13,8,3,7,0,0,0,0,128,12,5,7,0,11,11,0,0,4,4,6,1,0,1,1,1,1,Upper Primary (1–8),STANDARD,0,True,True
3673964,UTTAR PRADESH,BAREILLY,BAREILLY TOWN,2,,1,3,1,5,5,243502,2,2,3,0,0,0,5,2,0,0,0,0,0,0,0,7,5,5,0,0,5,5,0,0,2,2,0,0,0,1,1,2,2,Primary (1–5),STANDARD,0,True,False
7972203,UTTAR PRADESH,BAREILLY,NAWABGANJ,1,Bakainia,7,3,6,10,5,243407,9,2,3,0,0,0,0,0,32,52,39,92,113,0,0,328,6,3,3,0,7,7,0,0,2,2,1,1,0,1,1,1,1,Secondary (6–10),STANDARD,0,True,True
5299393,UTTAR PRADESH,BAREILLY,BHOJIPURA,1,Kamuan Maqrooqa,1,3,1,5,5,243202,2,2,3,4,3,9,3,1,0,0,0,0,0,0,0,20,2,1,1,0,3,3,0,0,1,1,0,0,0,2,2,2,1,Primary (1–5),STANDARD,0,False,False
8605430,UTTAR PRADESH,BAREILLY,RICHHA(DAMKHODA),2,,7,3,6,10,5,243203,9,2,3,0,0,0,0,0,2,0,2,41,44,0,0,89,2,0,0,2,10,10,0,0,2,2,5,0,0,2,1,1,1,Secondary (6–10),STANDARD,0,False,True
4525637,UTTAR PRADESH,BAREILLY,BAREILLY TOWN,2,,1,3,1,5,5,243001,2,2,3,24,16,0,0,0,0,0,0,0,0,0,0,40,4,4,0,0,5,5,0,0,2,2,1,0,0,2,1,1,1,Primary (1–5),STANDARD,0,False,True
2101350,UTTAR PRADESH,BAREILLY,BAREILLY TOWN,2,,1,3,1,5,97,243005,2,2,3,0,0,0,8,1,0,0,0,0,0,0,0,9,5,3,2,0,5,5,0,0,2,2,1,0,0,1,1,1,1,Primary (1–5),STANDARD,0,True,True
2249044,UTTAR PRADESH,BAREILLY,SHERGARH,2,,1,3,1,5,97,243505,2,2,3,0,2,19,2,7,0,0,0,0,0,0,0,30,5,0,5,0,8,8,0,0,2,2,0,0,0,1,1,1,1,Primary (1–5),STANDARD,0,True,True
7390416,UTTAR PRADESH,BAREILLY,BHOJIPURA,1,Jallapur Sobha Ram,1,3,1,5,97,243202,2,2,3,6,44,15,14,3,0,0,0,0,0,0,0,82,5,4,1,0,5,5,0,0,2,2,0,0,0,1,1,2,1,Primary (1–5),STANDARD,0,True,False
1701016,UTTAR PRADESH,BAREILLY,KYARA,1,Soodanpur Mustqil,1,3,1,5,1,243302,2,2,3,7,8,14,16,23,0,0,0,0,0,0,0,68,3,2,1,0,3,0,0,3,1,1,0,0,2,2,1,1,1,Primary (1–5),STANDARD,3,False,True
7730887,UTTAR PRADESH,BAREILLY,BAREILLY TOWN,2,,2,3,1,8,5,243001,2,2,3,5,3,2,2,3,1,1,0,0,0,0,0,17,4,0,0,4,8,8,0,0,1,1,2,0,0,1,1,1,1,Upper Primary (1–8),STANDARD,0,True,True
2546462,UTTAR PRADESH,BAREILLY,BHOJIPURA,1,Ghanghora Piparia,1,3,1,5,5,243001,2,2,3,12,1,1,2,3,0,0,0,0,0,0,0,19,3,3,0,0,5,5,0,0,2,2,1,0,0,2,1,1,1,Primary (1–5),STANDARD,0,False,True
5538111,UTTAR PRADESH,BAREILLY,KYARA,1,Kargaina,1,3,1,5,1,243001,2,2,3,34,38,29,44,45,0,0,0,0,0,0,0,190,9,7,2,0,6,6,0,0,1,1,0,0,2,2,1,1,1,Primary (1–5),STANDARD,0,False,True
7787273,UTTAR PRADESH,BAREILLY,BAREILLY TOWN,2,,2,3,1,8,5,243005,2,2,3,79,69,62,66,52,57,40,39,0,0,0,0,464,11,10,1,0,8,8,0,0,5,6,20,2,0,1,1,1,1,Upper Primary (1–8),STANDARD,0,True,True
6025984,UTTAR PRADESH,BAREILLY,FATEHGANJ,1,Dahiya,1,3,1,5,1,243202,2,2,3,13,14,15,22,19,0,0,0,0,0,0,0,83,4,2,2,0,6,6,0,0,1,1,0,1,2,2,1,1,2,Primary (1–5),STANDARD,0,False,True
6007677,UTTAR PRADESH,BAREILLY,ALAMPUR,1,Bhamora,1,3,1,5,5,243001,2,2,3,9,21,20,30,21,0,0,0,0,0,0,0,101,4,0,0,4,8,8,0,0,1,1,0,0,0,2,1,2,1,Primary (1–5),STANDARD,0,False,False
3613840,UTTAR PRADESH,BAREILLY,KYARA,1,Kareli (Ct),2,3,1,8,5,243001,2,2,3,25,35,40,30,36,28,25,19,0,0,0,0,238,8,5,3,0,8,8,0,0,3,3,10,2,2,1,1,1,1,Upper Primary (1–8),STANDARD,0,True,True
9783499,UTTAR PRADESH,BAREILLY,MIRGANJ,2,,2,3,1,8,5,243504,2,2,3,16,15,20,26,17,29,43,29,0,0,0,0,195,9,1,7,1,10,10,0,0,1,1,0,1,0,2,1,1,2,Upper Primary (1–8),STANDARD,0,False,True
4018137,UTTAR PRADESH,BAREILLY,KYARA,1,Umarsia,4,3,6,8,1,243001,9,2,3,0,0,0,0,0,50,64,42,0,0,0,0,156,7,5,2,0,6,0,2,4,1,1,0,0,0,2,1,1,1,Upper Primary (6–8),STANDARD,6,False,True
2999273,UTTAR PRADESH,BAREILLY,BHUTA,1,Ahrola,1,3,1,5,1,243503,2,2,3,11,7,11,16,17,0,0,0,0,0,0,0,62,4,3,1,0,4,2,2,0,1,1,0,0,2,2,1,1,2,Primary (1–5),STANDARD,2,False,True
3259484,UTTAR PRADESH,BAREILLY,BHUTA,1,Rawal Kala,1,3,1,5,1,243123,2,2,3,8,7,8,20,13,0,0,0,0,0,0,0,56,5,3,2,0,4,4,0,0,1,1,0,0,2,2,1,1,2,Primary (1–5),STANDARD,0,False,True
1948565,UTTAR PRADESH,BAREILLY,BHOJIPURA,1,Aspur Pitam Rai,1,3,1,5,1,243202,2,2,3,12,13,10,13,17,0,0,0,0,0,0,0,65,6,4,2,0,3,3,0,0,1,1,0,0,2,1,1,1,1,Primary (1–5),STANDARD,0,True,True
3751035,UTTAR PRADESH,BAREILLY,BHOJIPURA,1,Atakayasthan,2,3,1,8,5,243502,2,2,3,15,15,10,12,11,36,35,20,0,0,0,0,154,5,5,0,0,4,4,0,0,1,1,0,1,0,1,2,2,1,Upper Primary (1–8),STANDARD,0,True,False
8405153,UTTAR PRADESH,BAREILLY,RICHHA(DAMKHODA),2,,1,3,1,5,5,243203,2,2,3,24,22,16,22,10,0,0,0,0,0,0,0,94,5,5,0,0,6,6,0,0,1,1,1,1,0,1,1,2,1,Primary (1–5),STANDARD,0,True,False
4007672,UTTAR PRADESH,BAREILLY,RAMNAGAR,1,Aurangabad,1,3,1,5,5,243303,2,2,3,7,25,32,19,15,0,0,0,0,0,0,0,98,4,4,0,0,6,6,0,0,1,1,0,0,0,1,1,1,2,Primary (1–5),STANDARD,0,True,True
4129280,UTTAR PRADESH,BAREILLY,BAREILLY TOWN,2,,2,3,1,8,5,243001,1,2,3,32,28,17,9,12,2,4,7,0,0,0,0,111,11,6,5,0,14,14,0,0,2,2,5,1,1,1,1,1,1,Upper Primary (1–8),STANDARD,0,True,True
7254474,UTTAR PRADESH,BAREILLY,RICHHA(DAMKHODA),1,Mundia Nabibaksha,1,3,1,5,5,243201,2,2,3,7,9,12,14,12,0,0,0,0,0,0,0,54,5,4,1,0,5,5,0,0,1,1,0,0,0,2,1,2,2,Primary (1–5),STANDARD,0,False,False
9237728,UTTAR PRADESH,BAREILLY,VITHARI CHAINPUR,1,Padarathpur (Ct),2,3,1,8,1,243123,2,2,3,24,33,35,53,52,60,63,55,0,0,0,0,375,15,10,5,0,12,8,2,2,4,2,0,0,2,2,1,1,2,Upper Primary (1–8),STANDARD,4,False,True
8335723,UTTAR PRADESH,BAREILLY,KYARA,1,Soodanpur Mustqil,1,3,1,5,5,243302,2,2,3,8,10,4,3,5,0,0,0,0,0,0,0,30,2,2,0,0,5,5,0,0,1,1,0,0,0,2,1,1,1,Primary (1–5),STANDARD,0,False,True
5056738,UTTAR PRADESH,BAREILLY,SHERGARH,1,Aurangabad,4,3,6,8,1,243505,9,2,3,0,0,0,0,0,35,18,11,0,0,0,0,64,3,3,0,0,4,3,1,0,1,1,0,0,0,2,1,1,1,Upper Primary (6–8),STANDARD,1,False,True
6901955,UTTAR PRADESH,BAREILLY,BHUTA,1,Khajuria Shampat,1,3,1,5,5,243123,2,2,3,9,11,13,5,15,0,0,0,0,0,0,0,53,3,1,0,2,3,3,0,0,1,1,0,0,0,2,1,2,1,Primary (1–5),STANDARD,0,False,False
5243357,UTTAR PRADESH,BAREILLY,BHOJIPURA,1,Mudia Hafiz,1,3,1,5,5,243202,2,2,3,19,34,24,14,25,0,0,0,0,0,0,0,116,5,3,2,0,5,5,0,0,1,1,0,1,0,1,1,1,1,Primary (1–5),STANDARD,0,True,True
9205896,UTTAR PRADESH,BAREILLY,NAWABGANJ,2,,5,3,6,12,1,262406,9,2,3,0,0,0,0,0,79,102,84,125,127,92,109,718,9,9,0,0,10,10,0,0,0,9,10,0,0,1,1,1,2,Higher Secondary (6–12),STANDARD,0,True,True
4954742,UTTAR PRADESH,BAREILLY,MIRGANJ,1,Dhaneta,2,3,1,8,1,243504,2,2,3,24,20,19,37,40,52,59,49,0,0,0,0,300,9,6,3,0,10,9,0,1,3,3,0,0,2,2,1,1,2,Upper Primary (1–8),STANDARD,1,False,True
1529360,UTTAR PRADESH,BAREILLY,SHERGARH,1,Manpur,2,3,1,8,1,243201,2,2,3,7,7,14,24,22,31,17,17,0,0,0,0,139,6,5,1,0,12,10,2,0,1,1,0,0,2,1,1,1,1,Upper Primary (1–8),STANDARD,2,True,True
1833730,UTTAR PRADESH,BAREILLY,ALAMPUR,1,Bamiana,1,3,1,5,97,243401,2,2,3,1,4,3,12,12,0,0,0,0,0,0,0,32,6,6,0,0,3,3,0,0,2,2,3,0,0,1,2,1,1,Primary (1–5),STANDARD,0,True,True
7908518,UTTAR PRADESH,BAREILLY,BHUTA,1,Dhaurera,4,3,6,8,1,243503,9,2,3,0,0,0,0,0,27,33,29,0,0,0,0,89,4,3,1,0,4,4,0,0,1,1,0,0,0,2,1,1,1,Upper Primary (6–8),STANDARD,0,False,True
4798183,UTTAR PRADESH,BAREILLY,ALAMPUR,1,Karpia Khas,1,3,1,5,1,243401,2,2,3,14,7,18,27,12,0,0,0,0,0,0,0,78,2,2,0,0,6,2,2,2,1,1,0,0,2,2,1,1,1,Primary (1–5),STANDARD,4,False,True
7666183,UTTAR PRADESH,BAREILLY,RICHHA(DAMKHODA),1,Khajuria,1,3,1,5,1,243203,2,2,3,2,5,1,5,7,0,0,0,0,0,0,0,20,2,2,0,0,2,2,0,0,1,1,0,0,1,1,1,1,1,Primary (1–5),STANDARD,0,True,True
3909511,UTTAR PRADESH,BAREILLY,RICHHA(DAMKHODA),1,Bahadurganj,1,3,1,5,1,243202,2,2,3,8,11,6,21,15,0,0,0,0,0,0,0,61,1,1,0,0,5,2,1,2,2,2,0,0,1,1,1,1,1,Primary (1–5),STANDARD,3,True,True
8366024,UTTAR PRADESH,BAREILLY,SHERGARH,1,Bhaunta,1,3,1,5,1,243505,2,2,3,1,3,2,1,2,0,0,0,0,0,0,0,9,3,1,2,0,3,3,0,0,1,1,0,0,2,1,1,1,2,Primary (1–5),STANDARD,0,True,True
9074512,UTTAR PRADESH,BAREILLY,RICHHA(DAMKHODA),1,Saidpur,1,3,1,5,1,243201,2,2,3,10,8,5,10,9,0,0,0,0,0,0,0,42,3,2,1,0,5,3,2,0,1,1,0,0,2,2,1,1,2,Primary (1–5),STANDARD,2,False,True
1322356,UTTAR PRADESH,BAREILLY,MAJHGAWAN,1,Rampura Khurd,1,3,1,5,5,243301,2,2,3,3,12,6,8,7,0,0,0,0,0,0,0,36,5,5,0,0,1,1,0,0,1,1,0,1,0,2,1,1,2,Primary (1–5),STANDARD,0,False,True
9640425,UTTAR PRADESH,BAREILLY,RICHHA(DAMKHODA),1,Basant Nagar Jagir,1,3,1,5,1,243202,2,2,3,26,23,9,27,20,0,0,0,0,0,0,0,105,3,3,0,0,4,0,2,2,1,2,0,0,0,2,1,1,1,Primary (1–5),STANDARD,4,False,True
6615349,UTTAR PRADESH,BAREILLY,BHUTA,1,Budhauli,1,3,1,5,1,243503,2,2,3,20,13,17,52,37,0,0,0,0,0,0,0,139,6,4,2,0,7,5,0,2,1,1,0,0,2,1,1,1,1,Primary (1–5),STANDARD,2,True,True
2612850,UTTAR PRADESH,BAREILLY,NAWABGANJ,1,Gargiya,1,3,1,5,1,262406,2,2,3,28,15,26,30,27,0,0,0,0,0,0,0,126,6,4,2,0,6,4,2,0,3,2,0,1,0,2,1,1,2,Primary (1–5),STANDARD,2,False,True
7930431,UTTAR PRADESH,BAREILLY,BAREILLY TOWN,2,,1,3,1,5,1,243001,2,2,3,12,9,15,9,17,0,0,0,0,0,0,0,62,0,0,0,0,4,4,0,0,1,1,0,0,1,1,1,1,2,Primary (1–5),STANDARD,0,True,True
3715895,UTTAR PRADESH,BAREILLY,FATEHGANJ,2,,1,3,1,5,5,243505,2,2,3,8,7,8,13,11,0,0,0,0,0,0,0,47,5,5,0,0,5,5,0,0,1,1,1,0,0,2,1,2,1,Primary (1–5),STANDARD,0,False,False
5382515,UTTAR PRADESH,BAREILLY,MAJHGAWAN,1,Sekhupur Khalsa,1,3,1,5,1,243302,2,2,3,11,9,5,24,8,0,0,0,0,0,0,0,57,3,3,0,0,5,2,0,3,2,1,0,0,2,2,1,1,1,Primary (1–5),STANDARD,3,False,True
4096084,UTTAR PRADESH,BAREILLY,SHERGARH,1,Bisalpur,1,3,1,5,1,243505,2,2,3,5,4,3,2,5,0,0,0,0,0,0,0,19,3,1,2,0,3,2,1,0,1,1,0,0,2,1,1,1,1,Primary (1–5),STANDARD,1,True,True
5765652,UTTAR PRADESH,BAREILLY,NAWABGANJ,1,Parewa Sadat,1,3,1,5,1,262406,2,2,3,10,5,10,12,9,0,0,0,0,0,0,0,46,3,1,2,0,5,0,3,2,1,1,0,0,2,1,1,1,1,Primary (1–5),STANDARD,5,True,True
2597402,UTTAR PRADESH,BAREILLY,BAHERI,1,Khijarpur,1,3,1,5,1,243001,2,2,3,15,8,13,25,19,0,0,0,0,0,0,0,80,4,3,1,0,2,0,2,0,1,1,0,1,2,1,1,1,1,Primary (1–5),STANDARD,2,True,True
2623514,UTTAR PRADESH,BAREILLY,FATEHGANJ,2,,8,3,9,10,5,243501,9,2,3,0,0,0,0,0,0,0,0,55,41,0,0,96,5,5,0,0,4,4,0,0,2,2,0,0,0,2,1,1,2,Secondary (9–10),STANDARD,0,False,True
2161301,UTTAR PRADESH,BAREILLY,BHADPURA,1,Sundari,10,3,9,12,5,262406,9,2,3,0,0,0,0,0,0,0,0,229,162,184,317,892,12,0,6,6,23,23,0,0,4,4,1,1,0,1,1,1,1,Higher Secondary (9–12),STANDARD,0,True,True
7855705,UTTAR PRADESH,BAREILLY,VITHARI CHAINPUR,1,Pahrapur Basawan Nagaria,1,3,1,5,1,243123,2,2,3,1,2,2,3,1,0,0,0,0,0,0,0,9,3,2,1,0,4,2,2,0,1,1,0,0,2,2,1,1,1,Primary (1–5),STANDARD,2,False,True
7639089,UTTAR PRADESH,BAREILLY,FARIDPUR TOWN,2,,3,3,1,12,5,243503,2,2,3,99,91,74,101,88,101,99,123,92,100,82,78,1128,55,55,0,0,64,64,0,0,50,41,54,4,0,1,1,1,1,Higher Secondary (1–12),STANDARD,0,True,True
8727559,UTTAR PRADESH,BAREILLY,BHUTA,1,Bhojpur Ram Nath,1,3,1,5,1,243123,2,2,3,30,7,8,23,29,0,0,0,0,0,0,0,97,6,5,1,0,6,4,0,2,1,1,0,0,2,2,1,1,2,Primary (1–5),STANDARD,2,False,True
2260912,UTTAR PRADESH,BAREILLY,BHADPURA,1,Daniapur,1,3,1,5,1,243001,2,2,3,13,9,11,14,20,0,0,0,0,0,0,0,67,6,4,2,0,4,2,1,1,1,1,0,0,0,1,1,1,1,Primary (1–5),STANDARD,2,True,True
4926457,UTTAR PRADESH,BAREILLY,NAWABGANJ,1,Satuiya Khurd,1,3,1,5,1,262406,2,2,3,17,17,23,24,27,0,0,0,0,0,0,0,108,4,2,2,0,6,5,0,1,1,1,0,1,2,1,1,1,2,Primary (1–5),STANDARD,1,True,True
6363730,UTTAR PRADESH,BAREILLY,ALAMPUR,1,Bhagwanpur,1,3,1,5,1,243401,2,2,3,14,21,5,24,27,0,0,0,0,0,0,0,91,4,2,2,0,3,0,0,3,1,1,0,0,2,2,1,1,2,Primary (1–5),STANDARD,3,False,True
6504677,UTTAR PRADESH,BAREILLY,SHERGARH,1,Kanwar Khas,1,3,1,5,1,243505,2,2,3,7,6,4,8,7,0,0,0,0,0,0,0,32,2,1,1,0,7,2,2,3,1,1,0,0,2,1,1,1,1,Primary (1–5),STANDARD,5,True,True
3989601,UTTAR PRADESH,BAREILLY,AONLA,2,,2,3,1,8,5,243301,2,2,3,24,46,33,45,32,41,31,31,0,0,0,0,283,7,2,5,0,8,8,0,0,1,1,6,0,0,1,1,1,1,Upper Primary (1–8),STANDARD,0,True,True
1749541,UTTAR PRADESH,BAREILLY,RAMNAGAR,1,Ram Nagar,1,3,1,5,1,243303,2,2,3,13,16,21,10,26,0,0,0,0,0,0,0,86,6,3,3,0,3,3,0,0,2,1,0,0,2,2,1,1,2,Primary (1–5),STANDARD,0,False,True
7318532,UTTAR PRADESH,BAREILLY,BHADPURA,1,Aliyapur,1,3,1,5,1,243001,2,2,3,6,6,2,10,10,0,0,0,0,0,0,0,34,2,1,1,0,3,1,2,0,1,1,0,0,2,1,1,1,1,Primary (1–5),STANDARD,2,True,True
8861237,UTTAR PRADESH,BAREILLY,VITHARI CHAINPUR,1,Udaipur Jasrathpur,1,3,1,5,1,243123,2,2,3,25,28,30,70,89,0,0,0,0,0,0,0,242,8,7,1,0,6,0,4,2,1,1,0,1,2,2,1,1,2,Primary (1–5),STANDARD,6,False,True
6621061,UTTAR PRADESH,BAREILLY,MIRGANJ,1,Mohammadganj Ehatmali,1,3,1,5,1,243501,2,2,3,18,13,10,18,18,0,0,0,0,0,0,0,77,5,3,0,2,6,4,1,1,1,1,0,0,2,1,1,1,1,Primary (1–5),STANDARD,2,True,True
5023035,UTTAR PRADESH,BAREILLY,SHERGARH,1,Basai,1,3,1,5,1,243505,2,2,3,15,10,17,28,16,0,0,0,0,0,0,0,86,2,2,0,0,5,3,1,1,1,1,0,1,2,2,1,1,2,Primary (1–5),STANDARD,2,False,True
3541701,UTTAR PRADESH,BAREILLY,RAMNAGAR,1,Lelaur Sahasa,6,3,1,10,5,243203,2,2,3,0,0,0,0,0,41,0,0,30,0,0,0,71,6,5,0,1,18,18,0,0,3,3,1,1,1,1,1,1,2,Secondary (1–10),STANDARD,0,True,True
4777153,UTTAR PRADESH,BAREILLY,MAJHGAWAN,1,Kunwarpur,5,3,6,12,5,243302,9,2,3,0,0,0,0,0,114,83,57,96,100,231,190,871,13,13,0,0,26,26,0,0,4,6,2,4,2,1,1,1,1,Higher Secondary (6–12),STANDARD,0,True,True
2407030,UTTAR PRADESH,BAREILLY,BAREILLY TOWN,2,,1,3,1,5,5,243001,2,2,3,5,1,0,2,0,0,0,0,0,0,0,0,8,3,3,0,0,4,4,0,0,1,1,0,2,0,1,1,2,2,Primary (1–5),STANDARD,0,True,False
5899363,UTTAR PRADESH,BAREILLY,NAWABGANJ,2,,3,3,1,12,99,243407,2,2,3,39,37,43,48,31,40,28,25,8,3,16,10,328,13,13,0,0,15,15,0,0,5,5,0,1,0,1,1,1,2,Higher Secondary (1–12),STANDARD,0,True,True
9371113,UTTAR PRADESH,BAREILLY,BAHERI,1,Panwaria,7,3,6,10,5,243201,9,2,3,0,0,0,0,0,130,149,171,170,187,0,0,807,7,7,0,0,15,15,0,0,3,3,1,1,0,1,1,1,1,Secondary (6–10),STANDARD,0,True,True
6240662,UTTAR PRADESH,BAREILLY,VITHARI CHAINPUR,1,Manehra,1,3,1,5,1,243123,2,2,3,21,35,36,51,19,0,0,0,0,0,0,0,162,6,6,0,0,5,2,0,3,2,2,0,1,2,2,1,1,1,Primary (1–5),STANDARD,3,False,True
1627479,UTTAR PRADESH,BAREILLY,BAREILLY TOWN,2,,2,3,1,8,5,243001,2,2,3,18,17,14,9,10,0,0,0,0,0,0,0,68,6,3,3,0,8,8,0,0,2,2,1,0,0,2,1,1,2,Upper Primary (1–8),STANDARD,0,False,True
2661205,UTTAR PRADESH,BAREILLY,VITHARI CHAINPUR,1,Bhagwatipur,1,3,1,5,1,243502,2,2,3,1,2,1,5,3,0,0,0,0,0,0,0,12,3,1,2,0,3,1,0,2,1,1,0,0,2,2,1,1,1,Primary (1–5),STANDARD,2,False,True
1730988,UTTAR PRADESH,BAREILLY,ALAMPUR,1,Bagarpur,4,3,6,8,5,243401,9,2,3,0,0,0,0,0,149,6,8,0,0,0,0,163,3,0,3,0,2,2,0,0,2,2,0,0,0,2,1,1,1,Upper Primary (6–8),STANDARD,0,False,True
2187807,UTTAR PRADESH,BAREILLY,BAREILLY TOWN,2,,2,3,1,8,5,243001,2,2,3,13,14,21,10,17,28,17,15,0,0,0,0,135,6,4,1,1,8,8,0,0,2,2,2,1,0,1,1,1,2,Upper Primary (1–8),STANDARD,0,True,True
5760428,UTTAR PRADESH,BAREILLY,BAREILLY TOWN,2,,1,3,1,5,5,243122,2,2,3,8,15,6,4,5,0,0,0,0,0,0,0,38,4,4,0,0,2,2,0,0,1,1,0,0,0,2,1,2,2,Primary (1–5),STANDARD,0,False,False
9346501,UTTAR PRADESH,BAREILLY,SHERGARH,1,Kanwar Khas,1,3,1,5,1,243505,2,2,3,6,8,8,11,9,0,0,0,0,0,0,0,42,3,2,1,0,5,2,0,3,2,2,0,0,2,1,1,1,1,Primary (1–5),STANDARD,3,True,True
8684407,UTTAR PRADESH,BAREILLY,MIRGANJ,1,Jauner,8,3,9,10,5,243504,9,2,3,0,0,0,0,0,0,0,0,90,101,0,0,191,7,0,7,0,10,10,0,0,2,2,0,1,0,1,1,1,1,Secondary (9–10),STANDARD,0,True,True
6396784,UTTAR PRADESH,BAREILLY,SHERGARH,1,Sarai,1,3,1,5,1,243505,2,2,3,4,0,3,7,8,0,0,0,0,0,0,0,22,5,1,4,0,2,1,1,0,1,1,0,0,0,1,1,1,2,Primary (1–5),STANDARD,1,True,True
2999127,UTTAR PRADESH,BAREILLY,AONLA,2,,1,3,1,5,5,243301,2,2,3,23,30,27,30,29,0,0,0,0,0,0,0,139,6,6,0,0,5,5,0,0,1,1,0,0,0,2,1,1,1,Primary (1–5),STANDARD,0,False,True
5795251,UTTAR PRADESH,BAREILLY,BAREILLY TOWN,2,,2,3,1,8,5,243003,2,2,3,4,10,3,2,5,3,3,0,0,0,0,0,30,11,3,8,0,9,9,0,0,2,2,0,0,0,2,2,2,2,Upper Primary (1–8),STANDARD,0,False,False
5617239,UTTAR PRADESH,BAREILLY,BAREILLY TOWN,2,,1,3,1,5,97,243502,2,2,3,4,1,8,10,4,0,0,0,0,0,0,0,27,4,0,4,0,5,5,0,0,1,1,2,0,0,2,1,2,2,Primary (1–5),STANDARD,0,False,False
1823100,UTTAR PRADESH,BAREILLY,FATEHGANJ,2,,2,3,1,8,5,243501,2,2,3,13,15,13,17,19,31,34,60,0,0,0,0,202,8,0,8,0,9,9,0,0,2,2,0,0,0,2,1,2,1,Upper Primary (1–8),STANDARD,0,False,False
8216192,UTTAR PRADESH,BAREILLY,BAREILLY TOWN,2,,2,3,1,8,5,243122,2,2,3,17,17,7,9,12,8,4,3,0,0,0,0,77,6,6,0,0,8,8,0,0,2,2,1,0,0,2,1,1,1,Upper Primary (1–8),STANDARD,0,False,True
5442366,UTTAR PRADESH,BAREILLY,VITHARI CHAINPUR,2,,2,3,1,8,5,243123,1,2,3,64,41,25,40,38,34,31,24,0,0,0,0,297,13,6,7,0,11,11,0,0,2,2,0,1,0,1,1,1,1,Upper Primary (1–8),STANDARD,0,True,True
4881530,UTTAR PRADESH,BAREILLY,BAHERI TOWN,2,,2,3,1,8,5,243201,2,2,3,7,13,5,5,3,5,1,3,0,0,0,0,42,11,11,0,0,15,15,0,0,1,1,5,1,2,2,1,1,1,Upper Primary (1–8),STANDARD,0,False,True
8968895,UTTAR PRADESH,BAREILLY,BHOJIPURA,1,Bhjhia Janoobi,1,3,1,5,5,243202,2,2,3,23,5,6,1,3,0,0,0,0,0,0,0,38,3,3,0,0,5,5,0,0,2,2,0,1,0,1,1,1,1,Primary (1–5),STANDARD,0,True,True
1860590,UTTAR PRADESH,BAREILLY,RAMNAGAR,1,Sunrasi,5,3,6,12,5,243303,9,2,1,0,0,0,0,0,44,62,38,46,13,10,34,247,11,11,0,0,28,28,0,0,2,3,25,0,0,1,1,1,2,Higher Secondary (6–12),STANDARD,0,True,True
9848887,UTTAR PRADESH,BAREILLY,VITHARI CHAINPUR,1,Kunwerpur Banjaria,2,3,1,8,5,243123,2,2,3,24,34,12,11,16,33,36,23,0,0,0,0,189,7,6,1,0,8,8,0,0,1,1,0,0,0,2,1,1,2,Upper Primary (1–8),STANDARD,0,False,True
1669586,UTTAR PRADESH,BAREILLY,BAREILLY TOWN,2,,4,3,6,8,5,243001,9,2,3,0,0,0,0,0,49,32,37,0,0,0,0,118,3,1,2,0,4,4,0,0,1,1,0,1,0,2,1,1,1,Upper Primary (6–8),STANDARD,0,False,True
2369665,UTTAR PRADESH,BAREILLY,BAREILLY TOWN,2,,3,3,1,12,5,243006,2,2,3,59,77,65,59,85,71,74,126,257,264,354,403,1894,105,105,0,0,67,67,0,0,4,4,40,1,0,1,1,1,1,Higher Secondary (1–12),STANDARD,0,True,True
6013963,UTTAR PRADESH,BAREILLY,RICHHA(DAMKHODA),1,Jagandandi,2,3,1,8,1,243201,2,2,3,7,11,6,22,13,36,25,15,0,0,0,0,135,7,6,1,0,8,8,0,0,1,2,0,2,2,1,1,1,1,Upper Primary (1–8),STANDARD,0,True,True
7477733,UTTAR PRADESH,BAREILLY,BAHERI,1,Mandanpur Janubi,5,3,6,12,5,243201,9,2,3,0,0,0,0,0,50,61,98,150,136,121,152,768,35,35,0,0,27,27,0,0,5,9,11,1,0,1,1,1,1,Higher Secondary (6–12),STANDARD,0,True,True
6847185,UTTAR PRADESH,BAREILLY,FARIDPUR,1,Kiratpur Parewa,4,3,6,8,1,243503,9,2,3,0,0,0,0,0,36,33,33,0,0,0,0,102,4,3,0,1,4,4,0,0,1,1,0,0,2,2,1,1,1,Upper Primary (6–8),STANDARD,0,False,True
4632960,UTTAR PRADESH,BAREILLY,BHUTA,1,Dhaurera,4,3,6,8,1,243503,9,2,3,0,0,0,0,0,31,40,33,0,0,0,0,104,3,3,0,0,4,0,0,4,1,1,0,0,2,1,1,1,2,Upper Primary (6–8),STANDARD,4,True,True
7783044,UTTAR PRADESH,BAREILLY,BHUTA,1,Athain,2,3,1,8,1,243503,2,2,3,4,3,5,20,12,22,23,30,0,0,0,0,119,7,5,2,0,11,5,3,3,2,2,0,0,1,1,1,1,2,Upper Primary (1–8),STANDARD,6,True,True
5857047,UTTAR PRADESH,BAREILLY,SHERGARH,1,Bairamnagar,4,3,6,8,1,243505,9,2,3,0,0,0,0,0,58,33,38,0,0,0,0,129,2,1,1,0,5,0,5,0,1,1,0,0,2,2,1,1,1,Upper Primary (6–8),STANDARD,5,False,True
6781084,UTTAR PRADESH,BAREILLY,VITHARI CHAINPUR,1,Nawada Brahmnan,2,3,1,8,1,243202,2,2,3,5,3,2,5,4,4,4,1,0,0,0,0,28,7,5,2,0,4,2,1,1,1,1,0,0,2,2,1,1,1,Upper Primary (1–8),STANDARD,2,False,True
8172006,UTTAR PRADESH,BAREILLY,BAREILLY TOWN,2,,1,3,1,5,97,243005,2,2,3,0,5,4,5,5,0,0,0,0,0,0,0,19,5,5,0,0,5,5,0,0,2,1,1,0,0,2,1,2,1,Primary (1–5),STANDARD,0,False,False
1957901,UTTAR PRADESH,BAREILLY,BAREILLY TOWN,2,,1,3,1,5,5,243005,2,2,3,24,20,9,10,10,0,0,0,0,0,0,0,73,5,5,0,0,10,10,0,0,4,4,1,0,0,2,1,1,2,Primary (1–5),STANDARD,0,False,True
5085513,UTTAR PRADESH,BAREILLY,KYARA,1,Simraboripur,5,3,6,12,5,243001,9,2,3,0,0,0,0,0,27,29,46,175,315,185,373,1150,13,13,0,0,15,15,0,0,5,4,5,0,0,2,1,1,1,Higher Secondary (6–12),STANDARD,0,False,True
1015814,UTTAR PRADESH,BAREILLY,BAREILLY TOWN,2,,1,3,1,5,5,243003,2,2,3,10,6,13,9,10,0,0,0,0,0,0,0,48,4,4,0,0,5,5,0,0,2,2,0,1,0,1,1,1,2,Primary (1–5),STANDARD,0,True,True
3385453,UTTAR PRADESH,BAREILLY,RICHHA(DAMKHODA),1,Husain Nagla,1,3,1,5,5,243201,2,2,3,4,23,23,29,12,0,0,0,0,0,0,0,91,6,3,3,0,8,8,0,0,1,1,0,0,0,2,1,2,2,Primary (1–5),STANDARD,0,False,False
3008988,UTTAR PRADESH,BAREILLY,BAREILLY TOWN,2,,1,3,1,5,5,243006,2,2,3,5,5,1,2,1,0,0,0,0,0,0,0,14,5,4,1,0,5,5,0,0,2,2,1,0,0,2,1,1,1,Primary (1–5),STANDARD,0,False,True
5196110,UTTAR PRADESH,BAREILLY,BAREILLY TOWN,2,,2,3,1,8,5,243005,2,2,3,9,11,12,11,4,13,9,5,0,0,0,0,74,6,5,1,0,11,11,0,0,3,2,1,1,0,1,1,1,1,Upper Primary (1–8),STANDARD,0,True,True
3753616,UTTAR PRADESH,BAREILLY,MAJHGAWAN,2,,4,3,6,8,5,243302,9,2,3,0,0,0,0,0,61,76,61,0,0,0,0,198,4,3,1,0,8,8,0,0,2,4,4,0,0,2,1,1,1,Upper Primary (6–8),STANDARD,0,False,True
9430497,UTTAR PRADESH,BAREILLY,VITHARI CHAINPUR,1,Bithri Chainpur,4,2,6,8,1,243201,9,2,1,0,0,0,0,0,29,43,28,0,0,0,0,100,9,0,8,1,3,3,0,0,0,10,6,0,2,1,1,1,2,Upper Primary (6–8),STANDARD,0,True,True
2668095,UTTAR PRADESH,BAREILLY,BHADPURA,1,Amir Nagar,4,3,6,8,1,243001,9,2,3,0,0,0,0,0,30,25,27,0,0,0,0,82,3,3,0,0,4,2,0,2,1,1,0,0,2,1,1,1,1,Upper Primary (6–8),STANDARD,2,True,True
2361579,UTTAR PRADESH,BAREILLY,BHOJIPURA,1,Atakayasthan,2,3,1,8,1,243201,2,2,3,23,21,30,41,40,70,81,61,0,0,0,0,367,12,8,4,0,11,9,1,1,2,2,4,2,2,1,1,1,1,Upper Primary (1–8),STANDARD,2,True,True
5733271,UTTAR PRADESH,BAREILLY,BAHERI TOWN,2,,5,2,6,12,1,243001,9,2,3,0,0,0,0,0,51,49,64,107,86,107,119,583,8,8,0,0,10,0,10,0,0,25,8,0,0,1,1,1,2,Higher Secondary (6–12),STANDARD,10,True,True
2481830,UTTAR PRADESH,BAREILLY,RAMNAGAR,1,Chandoarur Shiv Nagar,4,3,6,8,1,243303,9,2,3,0,0,0,0,0,42,39,40,0,0,0,0,121,2,2,0,0,4,0,0,4,1,1,0,0,0,2,1,1,1,Upper Primary (6–8),STANDARD,4,False,True
8291514,UTTAR PRADESH,BAREILLY,BHUTA,1,Nikasuwa,4,3,6,8,1,243503,9,2,3,0,0,0,0,0,47,68,59,0,0,0,0,174,5,5,0,0,5,5,0,0,1,1,0,0,2,2,1,1,2,Upper Primary (6–8),STANDARD,0,False,True
5289933,UTTAR PRADESH,BAREILLY,VITHARI CHAINPUR,1,Faridapur Inayat Khan,4,3,6,8,1,243123,9,2,3,0,0,0,0,0,27,31,46,0,0,0,0,104,3,3,0,0,3,3,0,0,1,1,3,0,2,1,1,1,2,Upper Primary (6–8),STANDARD,0,True,True
2652875,UTTAR PRADESH,BAREILLY,BHADPURA,1,Kotha Makkhan,4,3,6,8,1,262406,9,2,3,0,0,0,0,0,35,42,28,0,0,0,0,105,3,3,0,0,3,0,0,3,1,1,0,0,0,2,1,1,1,Upper Primary (6–8),STANDARD,3,False,True
6436463,UTTAR PRADESH,BAREILLY,MIRGANJ,1,Churai Dalpatpur,2,3,1,8,1,243504,2,2,3,63,63,49,69,104,108,109,104,0,0,0,0,669,19,15,2,2,12,7,1,4,5,5,8,0,2,1,1,1,1,Upper Primary (1–8),STANDARD,5,True,True
8869425,UTTAR PRADESH,BAREILLY,RICHHA(DAMKHODA),1,Baikenia Kalekhan,2,3,1,8,1,243201,2,2,3,11,11,5,21,12,26,21,16,0,0,0,0,123,6,6,0,0,7,6,0,1,1,2,0,0,2,2,1,1,2,Upper Primary (1–8),STANDARD,1,False,True
7964051,UTTAR PRADESH,BAREILLY,BAHERI,1,Rai Nawada,4,3,6,8,5,243201,9,2,3,0,0,0,0,0,56,32,37,0,0,0,0,125,3,3,0,0,3,3,0,0,2,2,0,0,0,2,1,2,1,Upper Primary (6–8),STANDARD,0,False,False
8304511,UTTAR PRADESH,BAREILLY,BAREILLY TOWN,2,,1,1,1,5,97,243001,2,2,3,3,4,5,5,8,0,0,0,0,0,0,0,25,3,3,0,0,4,4,0,0,1,0,0,1,0,1,1,1,2,Primary (1–5),STANDARD,0,True,True
2926138,UTTAR PRADESH,BAREILLY,KYARA,1,Palpur Kamalpur,1,3,1,5,5,243001,2,2,3,14,5,1,6,2,0,0,0,0,0,0,0,28,4,3,0,1,5,0,5,0,2,2,0,0,0,2,1,1,2,Primary (1–5),STANDARD,5,False,True
3175458,UTTAR PRADESH,BAREILLY,NAWABGANJ,1,Dhakia Sahadat Ali,1,3,1,5,1,262406,2,2,3,12,17,3,19,10,0,0,0,0,0,0,0,61,5,3,2,0,6,2,2,2,1,1,0,1,2,1,1,1,1,Primary (1–5),STANDARD,4,True,True
2516119,UTTAR PRADESH,BAREILLY,FARIDPUR,1,Karpiya,1,3,1,5,1,243503,2,2,3,30,18,25,49,40,0,0,0,0,0,0,0,162,6,5,1,0,4,2,2,0,1,1,0,0,2,1,1,1,2,Primary (1–5),STANDARD,2,True,True
7629952,UTTAR PRADESH,BAREILLY,BHADPURA,1,Jaweda Jawedi,1,3,1,5,1,262406,2,2,3,33,14,31,59,42,0,0,0,0,0,0,0,179,4,3,1,0,6,5,1,0,2,2,0,0,2,1,1,1,1,Primary (1–5),STANDARD,1,True,True
8705750,UTTAR PRADESH,BAREILLY,BHOJIPURA,1,Kuan Danda Dhimni,1,3,1,5,1,243202,2,2,3,9,3,4,10,9,0,0,0,0,0,0,0,35,2,1,1,0,3,3,0,0,1,1,0,0,2,1,1,1,2,Primary (1–5),STANDARD,0,True,True
6349725,UTTAR PRADESH,BAREILLY,BHOJIPURA,1,Sagalpur,1,3,1,5,1,243202,2,2,3,9,11,13,20,20,0,0,0,0,0,0,0,73,5,3,2,0,4,4,0,0,1,1,0,1,2,1,1,1,1,Primary (1–5),STANDARD,0,True,True
5545381,UTTAR PRADESH,BAREILLY,BHOJIPURA,1,Masit,1,3,1,5,1,243202,2,2,3,28,22,27,36,40,0,0,0,0,0,0,0,153,6,4,2,0,5,0,5,0,1,1,0,0,2,1,1,1,1,Primary (1–5),STANDARD,5,True,True
5116379,UTTAR PRADESH,BAREILLY,MAJHGAWAN,2,,1,3,1,5,1,243302,2,2,3,41,35,37,50,39,0,0,0,0,0,0,0,202,5,3,2,0,4,1,0,3,1,1,0,0,2,1,1,1,2,Primary (1–5),STANDARD,3,True,True
7179482,UTTAR PRADESH,BAREILLY,SHERGARH,1,Buyodha,1,3,1,5,1,243505,2,2,3,40,24,24,40,48,0,0,0,0,0,0,0,176,5,4,1,0,5,4,1,0,3,2,0,1,2,1,1,1,1,Primary (1–5),STANDARD,1,True,True
6061079,UTTAR PRADESH,BAREILLY,BHUTA,1,Dhaurera,1,3,1,5,1,243503,2,2,3,15,10,10,19,14,0,0,0,0,0,0,0,68,4,3,1,0,5,0,5,0,1,1,0,0,2,2,1,1,2,Primary (1–5),STANDARD,5,False,True
3077821,UTTAR PRADESH,BAREILLY,ALAMPUR,1,Kusari,1,3,1,5,1,243201,2,2,3,5,7,4,6,6,0,0,0,0,0,0,0,28,1,1,0,0,2,0,0,2,1,1,0,0,2,2,1,1,1,Primary (1–5),STANDARD,2,False,True
9877251,UTTAR PRADESH,BAREILLY,MAJHGAWAN,1,Beebni,1,3,1,5,1,243302,2,2,3,18,8,9,28,19,0,0,0,0,0,0,0,82,7,4,3,0,6,5,1,0,3,1,0,0,2,1,1,1,1,Primary (1–5),STANDARD,1,True,True
7281587,UTTAR PRADESH,BAREILLY,MAJHGAWAN,1,Kalyanpur,1,3,1,5,1,243302,2,2,3,14,12,7,22,19,0,0,0,0,0,0,0,74,4,3,1,0,5,0,4,1,1,1,0,0,2,2,1,1,1,Primary (1–5),STANDARD,5,False,True
4703197,UTTAR PRADESH,BAREILLY,SHERGARH,1,Guna Hattu,1,3,1,5,1,243203,2,2,3,22,33,25,43,36,0,0,0,0,0,0,0,159,7,3,4,0,6,5,0,1,1,1,0,1,2,1,1,1,2,Primary (1–5),STANDARD,1,True,True
2841943,UTTAR PRADESH,BAREILLY,RICHHA(DAMKHODA),1,Jokhanpur,4,3,6,8,5,243201,9,2,3,0,0,0,0,0,22,15,20,0,0,0,0,57,4,4,0,0,4,4,0,0,1,2,0,0,0,2,2,2,1,Upper Primary (6–8),STANDARD,0,False,False
7715986,UTTAR PRADESH,BAREILLY,VITHARI CHAINPUR,1,Bhagwatipur,3,3,1,12,5,243001,2,2,3,0,3,3,9,8,11,12,20,51,127,137,220,601,10,0,0,10,12,12,0,0,8,4,3,1,0,2,2,1,1,Higher Secondary (1–12),STANDARD,0,False,True
8672465,UTTAR PRADESH,BAREILLY,RAMNAGAR,1,Mahmood Pur,1,3,1,5,1,243301,2,2,3,12,7,24,19,35,0,0,0,0,0,0,0,97,6,4,2,0,6,3,0,3,2,2,0,0,2,2,1,1,1,Primary (1–5),STANDARD,3,False,True
2690262,UTTAR PRADESH,BAREILLY,MAJHGAWAN,1,Gurganwamustkil,10,3,9,12,5,243303,9,2,3,0,0,0,0,0,0,0,0,309,382,483,440,1614,17,16,1,0,27,27,0,0,3,13,1,2,1,1,1,1,2,Higher Secondary (9–12),STANDARD,0,True,True
6912887,UTTAR PRADESH,BAREILLY,BHADPURA,1,Kundman Banno Begam,1,3,1,5,1,262406,2,2,3,4,1,1,4,8,0,0,0,0,0,0,0,18,2,1,1,0,3,0,1,2,1,1,0,0,2,1,1,1,2,Primary (1–5),STANDARD,3,True,True
7456315,UTTAR PRADESH,BAREILLY,ALAMPUR,1,Khera,3,3,1,12,5,243401,2,2,3,1,17,20,40,47,53,65,44,103,188,293,260,1131,24,24,0,0,28,28,0,0,2,2,10,2,0,1,1,1,1,Higher Secondary (1–12),STANDARD,0,True,True
1492216,UTTAR PRADESH,BAREILLY,ALAMPUR,1,Sendha,1,3,1,5,1,243403,2,2,3,10,6,11,10,20,0,0,0,0,0,0,0,57,3,2,1,0,3,0,3,0,1,1,0,0,2,2,1,1,1,Primary (1–5),STANDARD,3,False,True
4609878,UTTAR PRADESH,BAREILLY,MIRGANJ,1,Jatpura Urf Mugalpur,1,3,1,5,1,243504,2,2,3,39,17,26,31,30,0,0,0,0,0,0,0,143,5,5,0,0,4,4,0,0,2,2,0,0,2,1,1,1,2,Primary (1–5),STANDARD,0,True,True
7936247,UTTAR PRADESH,BAREILLY,SHERGARH,1,Bhurasi,1,3,1,5,1,243505,2,2,3,31,17,10,23,20,0,0,0,0,0,0,0,101,4,3,1,0,7,6,0,1,1,1,0,0,2,2,1,1,2,Primary (1–5),STANDARD,1,False,True
2106459,UTTAR PRADESH,BAREILLY,VITHARI CHAINPUR,1,Mallahpur,1,3,1,5,1,243122,2,2,3,12,11,10,7,14,0,0,0,0,0,0,0,54,4,4,0,0,5,0,5,0,1,1,0,0,0,2,1,1,1,Primary (1–5),STANDARD,5,False,True
1982751,UTTAR PRADESH,BAREILLY,MAJHGAWAN,1,Shivpuri,1,3,1,5,1,243303,2,2,3,17,25,33,31,55,0,0,0,0,0,0,0,161,5,3,2,0,5,5,0,0,1,1,0,0,2,1,1,1,1,Primary (1–5),STANDARD,0,True,True
8520323,UTTAR PRADESH,BAREILLY,BAREILLY TOWN,2,,1,3,1,5,5,243502,1,2,3,15,16,24,9,14,0,0,0,0,0,0,0,78,8,0,8,0,8,8,0,0,1,1,1,0,0,1,1,2,1,Primary (1–5),STANDARD,0,True,False
6064440,UTTAR PRADESH,BAREILLY,BHUTA,1,Umedpur Bhuta,2,3,1,8,5,243126,1,1,3,8,4,2,3,8,7,24,15,0,0,0,0,71,7,6,0,1,13,13,0,0,4,4,2,1,1,1,1,1,1,Upper Primary (1–8),STANDARD,0,True,True
5842091,UTTAR PRADESH,BAREILLY,MIRGANJ,1,Tatarpur,1,3,1,5,1,243504,2,2,3,8,10,10,16,19,0,0,0,0,0,0,0,63,2,2,0,0,2,0,2,0,1,1,0,0,2,2,1,1,2,Primary (1–5),STANDARD,2,False,True
2768532,UTTAR PRADESH,BAREILLY,MAJHGAWAN,1,Jainpur Kadarabad,7,3,6,10,5,243001,9,2,3,0,0,0,0,0,92,72,66,118,132,0,0,480,8,1,7,0,5,5,0,0,2,3,0,1,0,1,2,1,1,Secondary (6–10),STANDARD,0,True,True
2176230,UTTAR PRADESH,BAREILLY,NAWABGANJ,2,,1,3,1,5,97,243001,2,2,3,11,3,13,13,6,0,0,0,0,0,0,0,46,4,3,1,0,5,5,0,0,2,1,0,1,0,1,1,2,2,Primary (1–5),STANDARD,0,True,False
6711487,UTTAR PRADESH,BAREILLY,BAREILLY TOWN,2,,1,3,1,5,5,243001,2,2,3,46,46,49,35,37,0,0,0,0,0,0,0,213,5,5,0,0,9,9,0,0,2,2,1,0,0,2,1,1,1,Primary (1–5),STANDARD,0,False,True
9291649,UTTAR PRADESH,BAREILLY,NAWABGANJ,1,Parothi,1,3,1,5,1,262406,2,2,3,3,4,1,2,4,0,0,0,0,0,0,0,14,3,1,2,0,2,1,0,1,1,1,0,0,2,1,1,1,1,Primary (1–5),STANDARD,1,True,True
1479025,UTTAR PRADESH,BAREILLY,RAMNAGAR,1,Ajmer,1,3,1,5,5,243303,2,2,3,35,26,37,26,22,0,0,0,0,0,0,0,146,4,3,1,0,5,5,0,0,1,1,0,0,0,2,2,1,1,Primary (1–5),STANDARD,0,False,True
3917382,UTTAR PRADESH,BAREILLY,MAJHGAWAN,1,Mohammad Ganj,1,3,1,5,1,243302,2,2,3,19,14,10,30,28,0,0,0,0,0,0,0,101,3,3,0,0,7,3,4,0,1,1,0,0,2,2,1,1,2,Primary (1–5),STANDARD,4,False,True
6192851,UTTAR PRADESH,BAREILLY,MAJHGAWAN,1,Hazipur,1,3,1,5,1,243303,2,2,3,14,10,3,20,24,0,0,0,0,0,0,0,71,2,2,0,0,4,2,0,2,1,1,0,0,2,1,1,1,1,Primary (1–5),STANDARD,2,True,True
5598659,UTTAR PRADESH,BAREILLY,BAHERI,1,Faiz Gunj,1,3,1,5,1,243201,2,2,3,12,14,10,27,19,0,0,0,0,0,0,0,82,5,4,1,0,3,1,0,2,1,1,0,1,2,1,1,1,2,Primary (1–5),STANDARD,2,True,True
9053146,UTTAR PRADESH,BAREILLY,RAMNAGAR,1,Devkola,1,3,1,5,1,243301,2,2,3,19,24,14,32,18,0,0,0,0,0,0,0,107,6,3,3,0,4,0,3,1,1,1,0,0,2,2,1,1,1,Primary (1–5),STANDARD,4,False,True
6425651,UTTAR PRADESH,BAREILLY,FATEHGANJ,1,Durgapur,1,3,1,5,1,243501,2,2,3,14,15,17,10,10,0,0,0,0,0,0,0,66,3,1,2,0,3,0,0,3,1,2,0,0,2,1,1,1,1,Primary (1–5),STANDARD,3,True,True
2447719,UTTAR PRADESH,BAREILLY,MIRGANJ,2,,1,3,1,5,1,243504,2,2,3,34,34,29,35,37,0,0,0,0,0,0,0,169,8,6,2,0,7,4,0,3,1,1,0,0,2,1,1,1,2,Primary (1–5),STANDARD,3,True,True
9742346,UTTAR PRADESH,BAREILLY,MAJHGAWAN,1,Kunwarpur,1,3,1,5,1,243302,2,2,3,12,14,13,19,12,0,0,0,0,0,0,0,70,3,3,0,0,4,2,0,2,1,1,0,0,2,1,1,1,1,Primary (1–5),STANDARD,2,True,True
8815363,UTTAR PRADESH,BAREILLY,MAJHGAWAN,1,Ismailpur,1,3,1,5,1,243302,2,2,3,15,5,16,25,22,0,0,0,0,0,0,0,83,4,3,1,0,2,0,2,0,1,2,0,0,0,1,1,1,1,Primary (1–5),STANDARD,2,True,True
3583049,UTTAR PRADESH,BAREILLY,BAHERI,1,Jasai Nagar,1,3,1,5,1,243201,2,2,3,4,2,6,5,5,0,0,0,0,0,0,0,22,4,2,2,0,3,3,0,0,1,2,0,0,2,1,1,1,1,Primary (1–5),STANDARD,0,True,True
8282680,UTTAR PRADESH,BAREILLY,MIRGANJ,2,,2,3,1,8,5,243001,2,2,3,22,14,21,13,14,8,10,3,0,0,0,0,105,10,0,10,0,11,11,0,0,4,4,4,1,0,1,1,1,1,Upper Primary (1–8),STANDARD,0,True,True
2122588,UTTAR PRADESH,BAREILLY,BHADPURA,1,Badhaipura Illaka Dhamipur,1,3,1,5,5,262406,2,2,3,18,7,2,2,6,0,0,0,0,0,0,0,35,5,0,5,0,4,4,0,0,1,1,0,0,0,1,2,2,1,Primary (1–5),STANDARD,0,True,False
8628448,UTTAR PRADESH,BAREILLY,BAHERI,1,Girdharpur,6,3,4,10,97,243201,9,2,3,0,0,0,0,15,8,10,6,0,0,0,0,39,5,4,1,0,7,7,0,0,2,2,0,0,0,2,3,1,2,Odd / Non-standard,ODD,0,False,True
5301382,UTTAR PRADESH,BAREILLY,BAHERI,1,Girdharpur,1,3,1,5,97,243202,2,2,3,12,18,16,11,13,0,0,0,0,0,0,0,70,7,7,0,0,5,5,0,0,1,1,0,1,0,1,1,1,1,Primary (1–5),STANDARD,0,True,True
7208247,UTTAR PRADESH,BAREILLY,NAWABGANJ,1,Saidpur Saraura,1,3,1,5,1,243202,2,2,3,30,25,26,39,31,0,0,0,0,0,0,0,151,6,5,1,0,6,0,1,5,1,1,0,1,0,1,1,1,1,Primary (1–5),STANDARD,6,True,True
9574495,UTTAR PRADESH,BAREILLY,ALAMPUR,1,Devchara,1,3,1,5,5,243401,2,2,3,48,33,42,35,40,0,0,0,0,0,0,0,198,5,5,0,0,5,5,0,0,2,2,0,0,0,1,1,1,1,Primary (1–5),STANDARD,0,True,True
7090151,UTTAR PRADESH,BAREILLY,MIRGANJ,1,Paraura,2,3,1,8,5,243504,2,2,3,11,17,12,10,12,16,10,8,0,0,0,0,96,6,0,6,0,8,8,0,0,1,1,1,0,0,1,1,1,1,Upper Primary (1–8),STANDARD,0,True,True
2137588,UTTAR PRADESH,BAREILLY,RAMNAGAR,1,Ramppara Bhopat Nagar,1,3,1,5,1,243301,2,2,3,10,21,63,46,36,0,0,0,0,0,0,0,176,6,3,3,0,6,4,0,2,1,2,0,0,2,2,1,1,2,Primary (1–5),STANDARD,2,False,True
8130162,UTTAR PRADESH,BAREILLY,FARIDPUR,1,Pandhera,1,3,1,5,1,243503,2,2,3,16,14,12,13,15,0,0,0,0,0,0,0,70,3,3,0,0,6,2,2,2,2,1,0,0,2,1,1,1,1,Primary (1–5),STANDARD,4,True,True
7452289,UTTAR PRADESH,BAREILLY,RICHHA(DAMKHODA),1,Inayatpur,1,3,1,5,1,243005,2,2,3,9,5,4,17,9,0,0,0,0,0,0,0,44,3,1,2,0,3,1,1,1,1,1,0,0,2,2,1,1,2,Primary (1–5),STANDARD,2,False,True
4662755,UTTAR PRADESH,BAREILLY,MAJHGAWAN,1,Rautapur,1,3,1,5,1,243302,2,2,3,8,8,8,16,7,0,0,0,0,0,0,0,47,3,3,0,0,4,2,2,0,1,1,0,0,1,1,1,1,2,Primary (1–5),STANDARD,2,True,True
4332093,UTTAR PRADESH,BAREILLY,MAJHGAWAN,1,Akha Atmali,4,3,6,8,5,243001,9,2,3,0,0,0,0,0,9,12,18,0,0,0,0,39,3,3,0,0,3,3,0,0,1,1,0,0,0,2,1,1,2,Upper Primary (6–8),STANDARD,0,False,True
6493593,UTTAR PRADESH,BAREILLY,MAJHGAWAN,1,Gurganwa Ahatmali,1,3,1,5,1,243303,2,2,3,12,10,11,12,14,0,0,0,0,0,0,0,59,2,2,0,0,4,2,0,2,1,1,0,0,2,2,1,1,2,Primary (1–5),STANDARD,2,False,True
2885312,UTTAR PRADESH,BAREILLY,BAREILLY TOWN,2,,1,3,1,5,5,243001,2,2,3,1,0,1,0,0,0,0,0,0,0,0,0,2,1,1,0,0,5,5,0,0,2,2,2,0,0,2,1,1,1,Primary (1–5),STANDARD,0,False,True
7245768,UTTAR PRADESH,BAREILLY,SHERGARH,2,,2,3,1,8,5,243501,1,2,3,26,25,21,22,19,21,13,25,0,0,0,0,172,10,10,0,0,11,11,0,0,2,3,1,1,0,1,1,2,1,Upper Primary (1–8),STANDARD,0,True,False
1779621,UTTAR PRADESH,BAREILLY,VITHARI CHAINPUR,2,,1,3,1,5,5,243001,1,2,3,40,14,22,17,24,0,0,0,0,0,0,0,117,5,2,3,0,9,9,0,0,2,2,0,3,0,1,1,1,2,Primary (1–5),STANDARD,0,True,True
3394378,UTTAR PRADESH,BAREILLY,RICHHA(DAMKHODA),1,Arsiabojh,1,3,1,5,5,243201,2,2,3,68,58,48,32,43,0,0,0,0,0,0,0,249,6,5,1,0,5,1,4,0,2,2,4,2,0,2,2,1,1,Primary (1–5),STANDARD,4,False,True
1103449,UTTAR PRADESH,BAREILLY,BAREILLY TOWN,2,,2,3,1,8,5,243001,1,2,3,14,11,7,11,8,8,6,5,0,0,0,0,70,8,3,5,0,6,6,0,0,2,2,0,0,0,1,1,1,2,Upper Primary (1–8),STANDARD,0,True,True
8352187,UTTAR PRADESH,BAREILLY,FARIDPUR TOWN,2,,1,3,1,5,97,243503,2,2,3,4,13,17,12,6,0,0,0,0,0,0,0,52,3,3,0,0,6,0,1,5,1,1,0,0,0,2,1,1,2,Primary (1–5),STANDARD,6,False,True
9042953,UTTAR PRADESH,BAREILLY,MIRGANJ,2,,2,3,1,8,5,243504,2,2,3,5,4,9,13,15,53,36,12,0,0,0,0,147,8,8,0,0,8,8,0,0,2,2,0,1,0,2,1,1,1,Upper Primary (1–8),STANDARD,0,False,True
2905113,UTTAR PRADESH,BAREILLY,NAWABGANJ,1,Hansa,1,3,1,5,1,262406,2,2,3,18,16,20,28,44,0,0,0,0,0,0,0,126,6,4,2,0,4,2,0,2,1,1,0,0,2,2,1,1,1,Primary (1–5),STANDARD,2,False,True
7028300,UTTAR PRADESH,BAREILLY,VITHARI CHAINPUR,1,Dogharia,3,3,1,12,5,243001,1,2,3,5,9,17,15,11,15,15,19,83,64,67,87,407,21,21,0,0,35,35,0,0,5,5,25,1,1,1,1,1,1,Higher Secondary (1–12),STANDARD,0,True,True
7587571,UTTAR PRADESH,BAREILLY,FATEHGANJ,1,Faridapur Jagir,2,3,1,8,5,243202,2,2,3,4,5,0,3,4,3,4,3,0,0,0,0,26,4,4,0,0,8,8,0,0,2,2,1,1,0,1,1,1,1,Upper Primary (1–8),STANDARD,0,True,True
8811575,UTTAR PRADESH,BAREILLY,BHUTA,1,Gangapur Taluka Damora,1,3,1,5,5,243503,2,2,3,16,10,13,18,14,0,0,0,0,0,0,0,71,4,4,0,0,10,9,1,0,5,5,0,0,0,2,3,2,1,Primary (1–5),STANDARD,1,False,False
7225292,UTTAR PRADESH,BAREILLY,KYARA,1,Chaneta,4,3,6,8,1,243003,9,2,3,0,0,0,0,0,19,19,22,0,0,0,0,60,6,4,0,2,3,3,0,0,2,1,0,0,0,1,1,1,2,Upper Primary (6–8),STANDARD,0,True,True
7280436,UTTAR PRADESH,BAREILLY,FATEHGANJ,1,Meerapur,2,3,1,8,1,243501,2,2,3,24,20,21,26,16,56,44,31,0,0,0,0,238,11,9,2,0,11,11,0,0,2,3,0,0,2,2,1,1,1,Upper Primary (1–8),STANDARD,0,False,True
7928384,UTTAR PRADESH,BAREILLY,KYARA,1,Gauntara Mustakil,4,3,6,8,1,243501,9,2,3,0,0,0,0,0,35,25,27,0,0,0,0,87,4,4,0,0,3,3,0,0,1,1,0,0,2,2,1,1,1,Upper Primary (6–8),STANDARD,0,False,True
2713106,UTTAR PRADESH,BAREILLY,KYARA,1,Kandharpur (Ct),2,3,1,8,5,243001,1,2,3,47,39,32,34,27,28,29,28,0,0,0,0,264,12,12,0,0,15,15,0,0,4,4,5,1,10,1,1,1,1,Upper Primary (1–8),STANDARD,0,True,True
6672076,UTTAR PRADESH,BAREILLY,NAWABGANJ,1,Hansa,4,3,6,8,1,243202,9,2,3,0,0,0,0,0,15,24,22,0,0,0,0,61,3,3,0,0,3,3,0,0,1,1,0,0,2,2,1,1,1,Upper Primary (6–8),STANDARD,0,False,True
9078278,UTTAR PRADESH,BAREILLY,KYARA,1,Chaubari Mustqil,2,3,1,8,1,243001,2,2,3,22,13,37,36,41,35,37,35,0,0,0,0,256,15,9,5,1,11,11,0,0,2,2,0,0,2,1,1,1,2,Upper Primary (1–8),STANDARD,0,True,True
7810916,UTTAR PRADESH,BAREILLY,SHERGARH,1,Kutubpur,2,3,1,8,1,243505,2,2,3,11,9,10,15,8,24,23,9,0,0,0,0,109,8,6,2,0,9,6,2,1,2,2,0,0,2,1,1,1,1,Upper Primary (1–8),STANDARD,3,True,True
4865789,UTTAR PRADESH,BAREILLY,FARIDPUR,1,Kesharpur,3,3,1,12,5,243503,2,2,3,11,14,27,25,25,28,34,27,42,34,31,35,333,23,23,0,0,10,10,0,0,8,8,16,0,0,1,1,1,1,Higher Secondary (1–12),STANDARD,0,True,True
8087670,UTTAR PRADESH,BAREILLY,FATEHGANJ,2,,1,3,1,5,5,243505,2,2,3,9,10,17,13,15,0,0,0,0,0,0,0,64,5,5,0,0,5,5,0,0,1,1,0,0,0,2,1,2,1,Primary (1–5),STANDARD,0,False,False
9543021,UTTAR PRADESH,BAREILLY,NAWABGANJ,1,Gargiya,1,3,1,5,97,243001,2,2,3,0,5,1,13,2,0,0,0,0,0,0,0,21,6,6,0,0,5,5,0,0,2,2,0,0,0,1,1,2,2,Primary (1–5),STANDARD,0,True,False
4785171,UTTAR PRADESH,BAREILLY,FARIDPUR,1,Dewraniya,7,3,6,10,5,243503,9,2,3,0,0,0,0,0,8,16,7,33,42,0,0,106,7,7,0,0,7,7,0,0,2,2,0,1,0,1,1,1,1,Secondary (6–10),STANDARD,0,True,True
8266816,UTTAR PRADESH,BAREILLY,FARIDPUR,1,Kuiyan Uganpur,1,3,1,5,1,243503,2,2,3,7,6,8,13,9,0,0,0,0,0,0,0,43,3,2,1,0,4,1,1,2,1,1,0,0,2,1,1,1,2,Primary (1–5),STANDARD,3,True,True
2827456,UTTAR PRADESH,BAREILLY,RICHHA(DAMKHODA),1,Shekhpur,1,3,1,5,1,243201,2,2,3,5,4,1,5,3,0,0,0,0,0,0,0,18,2,1,1,0,3,0,2,1,1,1,0,0,2,1,1,1,2,Primary (1–5),STANDARD,3,True,True
7011176,UTTAR PRADESH,BAREILLY,RAMNAGAR,1,Manauna,4,3,6,8,5,243301,9,2,3,0,0,0,0,0,56,14,13,0,0,0,0,83,1,0,1,0,5,5,0,0,2,2,0,0,0,2,1,1,2,Upper Primary (6–8),STANDARD,0,False,True
8234391,UTTAR PRADESH,BAREILLY,NAWABGANJ,1,Chandua Chamraua,1,3,1,5,1,243407,2,2,3,12,7,8,15,9,0,0,0,0,0,0,0,51,4,2,2,0,3,0,0,3,1,1,0,0,2,2,1,1,1,Primary (1–5),STANDARD,3,False,True
2494664,UTTAR PRADESH,BAREILLY,SHERGARH,1,Keserpur,1,3,1,5,1,243505,2,2,3,14,17,4,10,7,0,0,0,0,0,0,0,52,3,1,2,0,4,3,1,0,1,1,0,0,2,2,1,1,1,Primary (1–5),STANDARD,1,False,True
9587631,UTTAR PRADESH,BAREILLY,BAHERI,1,Tulsampur,1,3,1,5,1,243201,2,2,3,16,6,8,11,7,0,0,0,0,0,0,0,48,4,2,2,0,4,4,0,0,1,1,0,1,2,2,1,1,2,Primary (1–5),STANDARD,0,False,True
7239303,UTTAR PRADESH,BAREILLY,BAREILLY TOWN,2,,1,3,1,5,1,243502,2,2,3,7,5,6,22,22,0,0,0,0,0,0,0,62,3,1,2,0,7,7,0,0,2,2,0,0,0,2,1,1,1,Primary (1–5),STANDARD,0,False,True
6881744,UTTAR PRADESH,BAREILLY,VITHARI CHAINPUR,1,Mohanpur Urf Ram Nager,1,3,1,5,1,243123,2,2,3,14,2,16,24,15,0,0,0,0,0,0,0,71,5,5,0,0,6,3,3,0,2,2,0,0,2,2,1,1,2,Primary (1–5),STANDARD,3,False,True
6949142,UTTAR PRADESH,BAREILLY,MAJHGAWAN,1,Khangawa Shyam,1,3,1,5,1,243302,2,2,3,12,10,9,9,11,0,0,0,0,0,0,0,51,1,1,0,0,4,2,1,1,0,1,0,0,2,1,1,1,1,Primary (1–5),STANDARD,2,True,True
1557093,UTTAR PRADESH,BAREILLY,BHOJIPURA,1,Pardholi,1,3,1,5,1,243001,2,2,3,26,32,22,40,37,0,0,0,0,0,0,0,157,7,5,2,0,5,3,2,0,1,1,0,0,2,1,1,1,1,Primary (1–5),STANDARD,2,True,True
7236984,UTTAR PRADESH,BAREILLY,RICHHA(DAMKHODA),1,Singothi,1,3,1,5,1,243203,2,2,3,1,4,2,3,6,0,0,0,0,0,0,0,16,2,1,1,0,2,2,0,0,1,1,0,0,2,2,1,1,1,Primary (1–5),STANDARD,0,False,True
2136203,UTTAR PRADESH,BAREILLY,KYARA,1,Babhia,1,3,1,5,1,243001,2,2,3,40,48,60,57,51,0,0,0,0,0,0,0,256,8,8,0,0,5,4,1,0,1,2,0,0,2,1,1,1,2,Primary (1–5),STANDARD,1,True,True
9133018,UTTAR PRADESH,BAREILLY,NAWABGANJ,1,Dandia Biram Nagla,1,3,1,5,1,262406,2,2,3,10,14,9,6,8,0,0,0,0,0,0,0,47,2,1,1,0,5,2,2,1,1,1,0,0,2,2,1,1,1,Primary (1–5),STANDARD,3,False,True
7661464,UTTAR PRADESH,BAREILLY,RAMNAGAR,1,Vijai Nagla,1,3,1,5,1,243301,2,2,3,12,11,11,15,8,0,0,0,0,0,0,0,57,4,2,2,0,4,3,0,1,1,1,0,0,2,2,1,1,1,Primary (1–5),STANDARD,1,False,True
2604119,UTTAR PRADESH,BAREILLY,FARIDPUR,1,Amirta Ilaka Shivpuri,1,3,1,5,1,243001,2,2,3,14,9,3,8,12,0,0,0,0,0,0,0,46,2,1,1,0,3,3,0,0,1,2,0,0,2,1,1,1,2,Primary (1–5),STANDARD,0,True,True
4024990,UTTAR PRADESH,BAREILLY,BAREILLY TOWN,2,,1,3,1,5,1,243001,2,2,3,12,16,18,33,32,0,0,0,0,0,0,0,111,2,2,0,0,5,1,2,2,1,1,0,0,2,1,1,1,1,Primary (1–5),STANDARD,4,True,True
1059582,UTTAR PRADESH,BAREILLY,FARIDPUR,1,Kapoorpur Mohiuddinpur Nagar,1,3,1,5,1,243503,2,2,3,11,5,14,18,17,0,0,0,0,0,0,0,65,4,3,1,0,4,2,1,1,1,1,0,0,2,1,1,1,1,Primary (1–5),STANDARD,2,True,True
9800652,UTTAR PRADESH,BAREILLY,FATEHGANJ,1,Mirzapur,1,3,1,5,1,243505,2,2,3,15,8,9,7,13,0,0,0,0,0,0,0,52,2,1,1,0,5,2,0,3,2,2,0,0,2,1,3,1,2,Primary (1–5),STANDARD,3,True,True
9171432,UTTAR PRADESH,BAREILLY,BHUTA,1,Udaipur Ganesh Khera,1,3,1,5,1,243126,2,2,3,21,5,13,15,23,0,0,0,0,0,0,0,77,5,4,1,0,5,5,0,0,1,1,0,0,0,1,1,1,2,Primary (1–5),STANDARD,0,True,True
1182199,UTTAR PRADESH,BAREILLY,NAWABGANJ,1,Tiar Jagir,1,3,1,5,1,262406,2,2,3,22,11,19,30,31,0,0,0,0,0,0,0,113,6,2,4,0,3,2,1,0,2,2,0,0,2,2,1,1,1,Primary (1–5),STANDARD,1,False,True
2237430,UTTAR PRADESH,BAREILLY,SHERGARH,1,Thiriya Nawazishpur,1,3,1,5,1,243201,2,2,3,6,5,5,10,4,0,0,0,0,0,0,0,30,2,2,0,0,3,3,0,0,1,1,0,0,2,1,1,1,2,Primary (1–5),STANDARD,0,True,True
2867285,UTTAR PRADESH,BAREILLY,KYARA,1,Bichra Balkishanpur,1,3,1,5,1,243302,2,2,3,6,7,9,17,19,0,0,0,0,0,0,0,58,4,2,2,0,2,0,2,0,1,1,0,0,2,2,1,1,2,Primary (1–5),STANDARD,2,False,True
2599984,UTTAR PRADESH,BAREILLY,VITHARI CHAINPUR,1,Nawadia Harkishan,1,3,1,5,1,243122,2,2,3,3,1,0,5,4,0,0,0,0,0,0,0,13,3,1,2,0,3,3,0,0,1,1,0,0,0,2,1,1,2,Primary (1–5),STANDARD,0,False,True
5027326,UTTAR PRADESH,BAREILLY,NAWABGANJ,1,Chunua,1,3,1,5,1,262406,2,2,3,14,9,13,9,9,0,0,0,0,0,0,0,54,5,3,2,0,3,1,0,2,1,1,0,0,2,1,1,1,2,Primary (1–5),STANDARD,2,True,True
4038824,UTTAR PRADESH,BAREILLY,MAJHGAWAN,1,Noorpur Buzurg,1,3,1,5,1,243302,2,2,3,11,21,8,27,22,0,0,0,0,0,0,0,89,3,2,1,0,5,1,2,2,1,1,0,0,2,2,1,1,1,Primary (1–5),STANDARD,4,False,True
2781133,UTTAR PRADESH,BAREILLY,KYARA,1,Jitaur Mustqil,1,3,1,5,1,243302,2,2,3,25,17,24,37,29,0,0,0,0,0,0,0,132,6,5,1,0,3,1,0,2,2,2,0,0,2,2,1,1,1,Primary (1–5),STANDARD,2,False,True
5993595,UTTAR PRADESH,BAREILLY,SHERGARH,1,Dhanua,1,3,1,5,97,243505,2,2,3,10,0,15,8,6,0,0,0,0,0,0,0,39,3,0,3,0,5,5,0,0,1,1,0,0,0,1,2,2,1,Primary (1–5),STANDARD,0,True,False
2474622,UTTAR PRADESH,BAREILLY,VITHARI CHAINPUR,1,Saidpur Khajuria (Ct),1,3,1,5,97,243123,2,2,3,8,12,2,5,10,0,0,0,0,0,0,0,37,5,4,1,0,5,5,0,0,1,3,0,0,0,2,1,2,2,Primary (1–5),STANDARD,0,False,False
5518221,UTTAR PRADESH,BAREILLY,BAHERI,1,Thana,1,3,1,5,1,243201,2,2,3,5,1,1,4,2,0,0,0,0,0,0,0,13,1,1,0,0,4,2,0,2,1,1,0,0,2,1,1,1,2,Primary (1–5),STANDARD,2,True,True
4722272,UTTAR PRADESH,BAREILLY,BHOJIPURA,1,Beerpur Maqrooqa,1,3,1,5,1,243202,2,2,3,9,19,3,13,11,0,0,0,0,0,0,0,55,2,2,0,0,5,4,0,1,1,1,0,0,2,2,1,1,1,Primary (1–5),STANDARD,1,False,True
7796685,UTTAR PRADESH,BAREILLY,ALAMPUR,1,Katsari,1,3,1,5,5,243301,2,1,1,31,40,48,46,49,0,0,0,0,0,0,0,214,7,7,0,0,5,5,0,0,1,1,0,0,0,1,1,1,1,Primary (1–5),STANDARD,0,True,True
1599218,UTTAR PRADESH,BAREILLY,BAREILLY TOWN,2,,2,3,1,8,5,243001,2,2,3,18,8,18,11,9,11,8,7,0,0,0,0,90,5,5,0,0,8,8,0,0,1,2,1,0,0,2,1,1,1,Upper Primary (1–8),STANDARD,0,False,True
8429729,UTTAR PRADESH,BAREILLY,RAMNAGAR,1,Kamthena,1,3,1,5,1,243301,2,2,3,5,9,14,12,10,0,0,0,0,0,0,0,50,3,1,2,0,5,5,0,0,1,1,0,0,2,2,1,1,1,Primary (1–5),STANDARD,0,False,True
6971613,UTTAR PRADESH,BAREILLY,SHERGARH,1,Lakha,1,3,1,5,5,243505,2,2,3,8,5,6,10,12,0,0,0,0,0,0,0,41,4,0,4,0,6,6,0,0,1,1,0,0,0,1,2,1,1,Primary (1–5),STANDARD,0,True,True
9457312,UTTAR PRADESH,BAREILLY,FARIDPUR,1,Bhagwanpur Kundan,1,3,1,5,5,243503,1,2,1,17,0,0,1,0,0,0,0,0,0,0,0,18,6,2,4,0,8,8,0,0,2,1,0,0,0,2,1,1,2,Primary (1–5),STANDARD,0,False,True
6970235,UTTAR PRADESH,BAREILLY,ALAMPUR,1,Nabadia,4,3,6,8,5,243001,9,2,3,0,0,0,0,0,29,34,56,0,0,0,0,119,4,1,3,0,4,4,0,0,2,2,2,0,0,1,1,1,1,Upper Primary (6–8),STANDARD,0,True,True
1064321,UTTAR PRADESH,BAREILLY,BAHERI,1,Katheria Jagir,2,3,1,8,5,243201,1,2,3,77,57,28,38,37,29,38,25,0,0,0,0,329,15,15,0,0,18,18,0,0,8,6,6,2,0,1,1,1,1,Upper Primary (1–8),STANDARD,0,True,True
2206928,UTTAR PRADESH,BAREILLY,BAHERI,1,Bhojpur Jogither,1,3,1,5,5,243201,2,2,3,60,39,39,36,40,0,0,0,0,0,0,0,214,6,6,0,0,5,5,0,0,2,1,1,0,0,2,1,1,1,Primary (1–5),STANDARD,0,False,True
4993108,UTTAR PRADESH,BAREILLY,BAREILLY TOWN,2,,1,3,1,5,5,243005,2,2,3,18,13,25,12,9,0,0,0,0,0,0,0,77,6,5,1,0,6,6,0,0,1,1,0,2,0,1,1,1,1,Primary (1–5),STANDARD,0,True,True
9020790,UTTAR PRADESH,BAREILLY,BHOJIPURA,2,,1,3,1,5,5,243202,2,2,3,0,1,3,2,2,0,0,0,0,0,0,0,8,3,1,2,0,3,3,0,0,1,1,0,0,0,1,1,2,1,Primary (1–5),STANDARD,0,True,False
1679412,UTTAR PRADESH,BAREILLY,BAHERI,1,Gursauli,1,3,1,5,5,243201,2,2,3,21,17,19,21,24,0,0,0,0,0,0,0,102,7,7,0,0,5,5,0,0,1,1,0,0,0,2,1,2,1,Primary (1–5),STANDARD,0,False,False
8515234,UTTAR PRADESH,BAREILLY,BAREILLY TOWN,2,,3,3,1,12,5,243122,2,2,3,108,60,112,104,104,92,91,96,95,71,49,0,982,30,17,13,0,23,23,0,0,6,6,32,2,0,1,1,1,1,Higher Secondary (1–12),STANDARD,0,True,True
5731455,UTTAR PRADESH,BAREILLY,SHERGARH,1,Dunka,1,3,1,5,97,243505,2,2,3,9,17,26,20,17,0,0,0,0,0,0,0,89,5,5,0,0,5,5,0,0,1,1,0,0,0,2,1,1,1,Primary (1–5),STANDARD,0,False,True
7912517,UTTAR PRADESH,BAREILLY,SHERGARH,1,Gokilpur,1,3,1,5,1,243505,2,2,3,7,6,4,6,10,0,0,0,0,0,0,0,33,2,2,0,0,4,4,0,0,2,2,0,0,2,1,1,1,1,Primary (1–5),STANDARD,0,True,True
8315168,UTTAR PRADESH,BAREILLY,RICHHA(DAMKHODA),1,Katharra,1,3,1,5,5,243203,2,2,3,9,20,21,13,9,0,0,0,0,0,0,0,72,5,1,4,0,5,5,0,0,3,2,2,0,0,1,1,1,1,Primary (1–5),STANDARD,0,True,True
1556117,UTTAR PRADESH,BAREILLY,BAHERI,1,Mavai Kaziyan,2,3,1,8,5,243201,2,2,3,43,70,109,52,43,72,31,30,0,0,0,0,450,9,9,0,0,5,5,0,0,4,2,0,0,0,2,2,1,1,Upper Primary (1–8),STANDARD,0,False,True
2603051,UTTAR PRADESH,BAREILLY,NAWABGANJ,2,,1,3,1,5,97,243201,2,2,3,0,1,2,9,10,0,0,0,0,0,0,0,22,3,2,1,0,5,5,0,0,1,1,0,0,0,1,1,2,2,Primary (1–5),STANDARD,0,True,False
4471656,UTTAR PRADESH,BAREILLY,BAREILLY TOWN,2,,10,3,9,12,5,243006,9,2,3,0,0,0,0,0,0,0,0,100,95,86,106,387,9,0,9,0,10,10,0,0,2,2,10,0,0,1,1,1,1,Higher Secondary (9–12),STANDARD,0,True,True
5716266,UTTAR PRADESH,BAREILLY,VITHARI CHAINPUR,1,Meondi Klhurd Kalan,1,3,1,5,1,243122,2,2,3,18,12,12,17,19,0,0,0,0,0,0,0,78,5,3,2,0,2,1,1,0,1,1,0,0,2,2,1,1,2,Primary (1–5),STANDARD,1,False,True
2446993,UTTAR PRADESH,BAREILLY,BAHERI,1,Jamsavant Janubi,2,3,1,8,5,243201,2,2,3,27,23,18,19,14,32,22,17,0,0,0,0,172,17,1,16,0,20,20,0,0,12,24,20,2,0,1,1,1,1,Upper Primary (1–8),STANDARD,0,True,True
7399877,UTTAR PRADESH,BAREILLY,BHUTA,1,Bhojpur Ram Nath,1,3,1,5,1,243123,2,2,3,9,7,9,12,15,0,0,0,0,0,0,0,52,3,2,1,0,4,0,2,2,1,1,0,0,2,2,1,1,1,Primary (1–5),STANDARD,4,False,True
8056366,UTTAR PRADESH,BAREILLY,VITHARI CHAINPUR,1,Mohanpur,3,3,1,12,5,243123,1,2,3,42,41,31,27,26,38,49,44,55,62,50,51,516,21,16,5,0,16,16,0,0,6,6,26,2,0,1,1,1,1,Higher Secondary (1–12),STANDARD,0,True,True
8852792,UTTAR PRADESH,BAREILLY,VITHARI CHAINPUR,1,Barkapur,1,3,1,5,1,243122,2,2,3,12,7,11,11,11,0,0,0,0,0,0,0,52,6,4,2,0,5,4,1,0,1,1,0,0,2,2,1,1,1,Primary (1–5),STANDARD,1,False,True
4468984,UTTAR PRADESH,BAREILLY,MAJHGAWAN,1,Sisona,1,3,1,5,5,243302,2,2,3,0,3,14,22,19,0,0,0,0,0,0,0,58,5,5,0,0,5,5,0,0,1,1,0,0,0,2,1,1,2,Primary (1–5),STANDARD,0,False,True
6989539,UTTAR PRADESH,BAREILLY,SHERGARH,1,Saida,7,3,6,10,5,243201,9,2,3,0,0,0,0,0,37,44,58,76,87,0,0,302,6,6,0,0,10,10,0,0,2,4,0,0,0,1,1,1,1,Secondary (6–10),STANDARD,0,True,True
8135782,UTTAR PRADESH,BAREILLY,VITHARI CHAINPUR,1,Bhikampur Mafi,1,3,1,5,97,243202,2,2,3,22,31,19,24,25,0,0,0,0,0,0,0,121,5,0,5,0,5,5,0,0,1,1,0,1,1,1,1,2,2,Primary (1–5),STANDARD,0,True,False
6952738,UTTAR PRADESH,BAREILLY,BAREILLY TOWN,2,,2,3,1,8,5,243002,2,2,3,30,32,36,37,51,50,57,53,0,0,0,0,346,7,1,6,0,8,8,0,0,3,3,2,1,0,1,1,1,2,Upper Primary (1–8),STANDARD,0,True,True
5091590,UTTAR PRADESH,BAREILLY,RAMNAGAR,1,Manauna,1,3,1,5,5,243301,2,2,3,68,57,54,58,46,0,0,0,0,0,0,0,283,6,2,4,0,8,8,0,0,2,2,0,0,0,2,1,1,1,Primary (1–5),STANDARD,0,False,True
7086241,UTTAR PRADESH,BAREILLY,BHOJIPURA,1,Bhairpur Khajuria,1,3,1,5,5,243202,2,2,3,4,6,1,2,5,0,0,0,0,0,0,0,18,3,0,3,0,5,5,0,0,1,1,0,1,0,1,1,2,1,Primary (1–5),STANDARD,0,True,False
8818385,UTTAR PRADESH,BAREILLY,ALAMPUR,1,Jhinjhari,2,3,1,8,5,243001,2,2,3,7,10,23,33,23,50,54,47,0,0,0,0,247,8,0,1,7,10,10,0,0,4,4,0,0,0,1,2,1,1,Upper Primary (1–8),STANDARD,0,True,True
8676416,UTTAR PRADESH,BAREILLY,MAJHGAWAN,2,,10,3,9,12,5,243302,9,2,3,0,0,0,0,0,0,0,0,181,172,297,334,984,16,9,0,7,15,15,0,0,2,6,0,1,0,1,1,1,1,Higher Secondary (9–12),STANDARD,0,True,True
8174264,UTTAR PRADESH,BAREILLY,NAWABGANJ,2,,1,3,1,5,97,243201,2,2,3,3,10,7,11,10,0,0,0,0,0,0,0,41,5,2,3,0,5,5,0,0,1,1,0,0,0,2,2,2,2,Primary (1–5),STANDARD,0,False,False
9008751,UTTAR PRADESH,BAREILLY,FATEHGANJ,1,Badshah Nagar,1,3,1,5,5,243502,2,2,3,25,25,13,18,17,0,0,0,0,0,0,0,98,6,6,0,0,5,5,0,0,1,1,0,1,0,2,1,1,1,Primary (1–5),STANDARD,0,False,True
6854517,UTTAR PRADESH,BAREILLY,SHERGARH,1,Guna Hattu,1,3,1,5,5,243203,2,2,3,25,11,11,12,9,0,0,0,0,0,0,0,68,5,4,0,1,5,5,0,0,1,1,0,0,0,2,1,2,1,Primary (1–5),STANDARD,0,False,False
1429967,UTTAR PRADESH,BAREILLY,ALAMPUR,1,Bilauri,1,3,1,5,5,243301,2,2,3,8,7,8,13,14,0,0,0,0,0,0,0,50,3,3,0,0,5,5,0,0,1,1,0,1,0,2,1,1,1,Primary (1–5),STANDARD,0,False,True
1018081,UTTAR PRADESH,BAREILLY,BHOJIPURA,2,,1,3,1,5,5,243202,2,2,3,4,15,15,10,10,0,0,0,0,0,0,0,54,5,0,5,0,7,7,0,0,1,1,0,0,0,1,1,2,1,Primary (1–5),STANDARD,0,True,False
5182886,UTTAR PRADESH,BAREILLY,BAREILLY TOWN,2,,1,3,1,5,97,243005,2,2,3,0,0,0,8,5,0,0,0,0,0,0,0,13,5,5,0,0,5,5,0,0,2,2,1,0,0,1,1,2,2,Primary (1–5),STANDARD,0,True,False
9571535,UTTAR PRADESH,BAREILLY,BAREILLY TOWN,2,,6,2,1,10,97,243122,1,2,3,3,1,10,16,11,10,11,4,5,5,0,0,76,7,7,0,0,12,12,0,0,0,4,4,1,0,2,1,1,1,Secondary (1–10),STANDARD,0,False,True
2302082,UTTAR PRADESH,BAREILLY,NAWABGANJ,1,Tiar Jagir,5,3,6,12,1,262406,9,2,3,0,0,0,0,0,4,10,5,52,63,45,52,231,6,6,0,0,14,8,3,3,10,12,15,0,0,1,1,1,1,Higher Secondary (6–12),STANDARD,6,True,True
5032726,UTTAR PRADESH,BAREILLY,BHOJIPURA,1,Bhoji Pura,2,3,1,8,5,243001,2,2,3,0,2,2,3,5,1,4,0,0,0,0,0,17,2,2,0,0,8,8,0,0,1,1,0,0,0,2,1,1,1,Upper Primary (1–8),STANDARD,0,False,True
5218107,UTTAR PRADESH,BAREILLY,KYARA,1,Soodanpur Mustqil,4,3,6,8,1,243302,9,2,3,0,0,0,0,0,60,42,50,0,0,0,0,152,5,5,0,0,4,3,1,0,1,1,0,0,2,1,1,1,1,Upper Primary (6–8),STANDARD,1,True,True
6368115,UTTAR PRADESH,BAREILLY,FATEHGANJ,1,Pandrikhalsa,2,3,1,8,1,243202,2,2,3,5,7,4,7,6,16,20,8,0,0,0,0,73,5,4,1,0,8,7,1,0,1,1,0,0,0,2,1,1,1,Upper Primary (1–8),STANDARD,1,False,True
2060303,UTTAR PRADESH,BAREILLY,BAREILLY TOWN,2,,2,3,1,8,1,243502,2,2,3,6,7,11,8,7,5,12,6,0,0,0,0,62,4,2,2,0,7,6,1,0,1,1,0,0,0,2,1,1,1,Upper Primary (1–8),STANDARD,1,False,True
3305047,UTTAR PRADESH,BAREILLY,MAJHGAWAN,1,Hafizganj,4,3,6,8,1,243001,9,2,3,0,0,0,0,0,15,28,15,0,0,0,0,58,2,2,0,0,4,2,1,1,1,1,0,0,2,2,1,1,1,Upper Primary (6–8),STANDARD,2,False,True
1590380,UTTAR PRADESH,BAREILLY,BAHERI TOWN,2,,4,3,6,8,1,243201,9,2,3,0,0,0,0,0,43,32,50,0,0,0,0,125,4,3,1,0,3,3,0,0,1,1,0,1,2,2,1,1,2,Upper Primary (6–8),STANDARD,0,False,True
7732725,UTTAR PRADESH,BAREILLY,BHADPURA,1,Kunwarpur Karimjan,2,3,1,8,1,262406,2,2,3,12,7,5,20,15,20,21,17,0,0,0,0,117,9,5,4,0,8,0,8,0,1,1,0,0,2,1,1,1,1,Upper Primary (1–8),STANDARD,8,True,True
6232341,UTTAR PRADESH,BAREILLY,VITHARI CHAINPUR,1,Taiyatpur,2,3,1,8,1,243202,2,2,3,12,16,11,12,20,12,27,17,0,0,0,0,127,9,7,2,0,8,8,0,0,2,2,0,0,2,1,1,1,1,Upper Primary (1–8),STANDARD,0,True,True
8945973,UTTAR PRADESH,BAREILLY,KYARA,1,Karonda,8,3,9,10,1,243004,9,2,3,0,0,0,0,0,0,0,0,106,99,0,0,205,5,5,0,0,4,4,0,0,2,2,11,0,0,1,1,1,2,Secondary (9–10),STANDARD,0,True,True
6855911,UTTAR PRADESH,BAREILLY,SHERGARH,1,Sukatia,4,3,6,8,1,243505,9,2,3,0,0,0,0,0,21,28,14,0,0,0,0,63,3,3,0,0,4,4,0,0,1,1,0,0,1,1,1,1,1,Upper Primary (6–8),STANDARD,0,True,True
1803142,UTTAR PRADESH,BAREILLY,SHERGARH,2,,10,3,9,12,5,243505,9,2,3,0,0,0,0,0,0,0,0,88,122,122,143,475,14,14,0,0,18,18,0,0,3,3,1,2,0,1,1,1,1,Higher Secondary (9–12),STANDARD,0,True,True
3851594,UTTAR PRADESH,BAREILLY,BAHERI,1,Shakras,2,3,1,8,5,243201,1,2,3,12,8,9,13,8,15,7,12,0,0,0,0,84,7,1,0,6,11,11,0,0,2,2,1,0,0,2,1,1,1,Upper Primary (1–8),STANDARD,0,False,True
1662415,UTTAR PRADESH,BAREILLY,SHERGARH,2,,2,3,1,8,5,243505,1,2,3,44,40,32,37,29,26,16,14,0,0,0,0,238,5,1,4,0,11,11,0,0,2,2,0,0,0,2,1,1,2,Upper Primary (1–8),STANDARD,0,False,True
8140405,UTTAR PRADESH,BAREILLY,VITHARI CHAINPUR,1,Ahladpur,8,3,9,10,1,243122,9,2,3,0,0,0,0,0,0,0,0,82,61,0,0,143,6,6,0,0,4,4,0,0,2,2,3,0,0,1,1,1,2,Secondary (9–10),STANDARD,0,True,True
9694528,UTTAR PRADESH,BAREILLY,FATEHGANJ,2,,1,3,1,5,5,243501,2,2,3,19,10,6,5,8,0,0,0,0,0,0,0,48,5,5,0,0,18,18,0,0,7,8,19,1,0,1,1,1,1,Primary (1–5),STANDARD,0,True,True
1040264,UTTAR PRADESH,BAREILLY,BAHERI TOWN,2,,2,3,1,8,5,243201,2,2,3,48,70,74,44,30,51,33,32,0,0,0,0,382,11,11,0,0,10,10,0,0,2,3,2,3,2,1,1,2,1,Upper Primary (1–8),STANDARD,0,True,False
2204570,UTTAR PRADESH,BAREILLY,BHUTA,1,Mandora,5,3,6,12,5,243001,9,2,3,0,0,0,0,0,14,30,28,135,140,92,184,623,10,5,1,4,14,14,0,0,1,1,14,0,0,1,1,1,1,Higher Secondary (6–12),STANDARD,0,True,True
4193211,UTTAR PRADESH,BAREILLY,BAREILLY TOWN,2,,2,3,1,8,5,243001,2,2,3,6,1,6,7,2,0,0,0,0,0,0,0,22,2,1,0,1,8,8,0,0,2,2,0,0,0,1,1,1,1,Upper Primary (1–8),STANDARD,0,True,True
6771716,UTTAR PRADESH,BAREILLY,VITHARI CHAINPUR,1,Bhoora,2,3,1,8,5,243001,2,2,3,28,48,69,49,42,34,53,24,0,0,0,0,347,8,8,0,0,8,8,0,0,2,2,2,1,0,1,1,1,1,Upper Primary (1–8),STANDARD,0,True,True
5800844,UTTAR PRADESH,BAREILLY,BAREILLY TOWN,2,,4,3,6,8,4,243001,9,2,3,0,0,0,0,0,22,50,47,0,0,0,0,119,3,3,0,0,4,4,0,0,1,4,0,0,0,1,1,1,1,Upper Primary (6–8),STANDARD,0,True,True
2927473,UTTAR PRADESH,BAREILLY,RICHHA(DAMKHODA),1,Kachnari,1,3,1,5,1,243201,2,2,3,4,4,4,9,8,0,0,0,0,0,0,0,29,1,1,0,0,4,1,0,3,1,1,0,0,2,2,1,1,1,Primary (1–5),STANDARD,3,False,True
1737676,UTTAR PRADESH,BAREILLY,BHUTA,1,Dalpatpur,1,3,1,5,1,243123,2,2,3,10,8,14,18,17,0,0,0,0,0,0,0,67,4,3,1,0,5,4,0,1,1,1,0,0,2,1,1,1,1,Primary (1–5),STANDARD,1,True,True
9166233,UTTAR PRADESH,BAREILLY,MIRGANJ,1,Dhantia,1,3,1,5,1,243504,2,2,3,9,12,14,16,10,0,0,0,0,0,0,0,61,3,2,1,0,2,0,2,0,1,1,0,0,2,2,1,1,1,Primary (1–5),STANDARD,2,False,True
5688411,UTTAR PRADESH,BAREILLY,MIRGANJ,1,Raiya Nagla,1,3,1,5,1,243504,2,2,3,18,22,18,27,49,0,0,0,0,0,0,0,134,5,4,1,0,5,5,0,0,1,2,0,0,2,2,1,1,1,Primary (1–5),STANDARD,0,False,True
3844121,UTTAR PRADESH,BAREILLY,FARIDPUR,1,Nawadia Kalyanpur,1,3,1,5,1,243503,2,2,3,29,24,19,25,37,0,0,0,0,0,0,0,134,4,3,1,0,6,1,3,2,1,1,0,0,2,1,1,1,1,Primary (1–5),STANDARD,5,True,True
5313882,UTTAR PRADESH,BAREILLY,BHOJIPURA,1,Manda,1,3,1,5,1,243001,2,2,3,16,18,11,16,16,0,0,0,0,0,0,0,77,5,3,2,0,5,3,0,2,1,1,0,0,2,1,1,1,1,Primary (1–5),STANDARD,2,True,True
9644789,UTTAR PRADESH,BAREILLY,MAJHGAWAN,1,Jaitpur Shareefpur,1,3,1,5,1,243302,2,2,3,18,16,24,37,31,0,0,0,0,0,0,0,126,4,4,0,0,6,4,0,2,1,1,0,0,2,1,1,1,1,Primary (1–5),STANDARD,2,True,True
5510554,UTTAR PRADESH,BAREILLY,BHADPURA,1,Keyolariya,1,3,1,5,1,262406,2,2,3,4,7,4,18,10,0,0,0,0,0,0,0,43,3,3,0,0,3,1,2,0,1,1,0,0,2,1,1,1,1,Primary (1–5),STANDARD,2,True,True
2541420,UTTAR PRADESH,BAREILLY,BHUTA,1,Chathia Faizoo,1,3,1,5,5,243506,2,2,3,5,13,8,12,3,0,0,0,0,0,0,0,41,2,2,0,0,5,5,0,0,1,1,0,0,0,2,1,2,2,Primary (1–5),STANDARD,0,False,False
2305727,UTTAR PRADESH,BAREILLY,BAREILLY TOWN,2,,1,3,1,5,5,243122,1,2,3,16,16,9,7,4,0,0,0,0,0,0,0,52,6,6,0,0,9,9,0,0,2,2,2,0,0,2,1,1,1,Primary (1–5),STANDARD,0,False,True
4441904,UTTAR PRADESH,BAREILLY,BHUTA,1,Mekpur Kala,1,3,1,5,1,243503,2,2,3,16,17,4,10,30,0,0,0,0,0,0,0,77,7,5,2,0,4,4,0,0,2,2,0,0,2,2,1,1,1,Primary (1–5),STANDARD,0,False,True
7162196,UTTAR PRADESH,BAREILLY,BAREILLY TOWN,2,,8,3,9,10,5,243001,9,2,3,0,0,0,0,0,0,0,0,46,26,0,0,72,6,0,6,0,2,2,0,0,5,6,0,1,0,1,1,2,1,Secondary (9–10),STANDARD,0,True,False
7581881,UTTAR PRADESH,BAREILLY,BAREILLY TOWN,2,,1,3,1,5,5,243003,2,2,1,36,21,10,9,3,0,0,0,0,0,0,0,79,8,0,8,0,8,8,0,0,4,4,3,0,0,2,1,2,1,Primary (1–5),STANDARD,0,False,False
1496632,UTTAR PRADESH,BAREILLY,MAJHGAWAN,1,Kundaria Faijullapur,7,3,6,10,5,243302,9,2,3,0,0,0,0,0,135,111,75,193,177,0,0,691,8,8,0,0,9,9,0,0,3,4,8,2,0,1,1,1,1,Secondary (6–10),STANDARD,0,True,True
3367892,UTTAR PRADESH,BAREILLY,BHADPURA,1,Nakti Narianpur,1,3,1,5,5,262406,2,2,3,10,1,1,4,8,0,0,0,0,0,0,0,24,5,5,0,0,6,6,0,0,1,1,0,0,0,2,2,1,1,Primary (1–5),STANDARD,0,False,True
3767431,UTTAR PRADESH,BAREILLY,MAJHGAWAN,1,Prahladpur,1,3,1,5,1,243402,2,2,3,6,8,4,13,17,0,0,0,0,0,0,0,48,5,2,3,0,5,0,3,2,1,1,0,0,2,2,1,1,2,Primary (1–5),STANDARD,5,False,True
9391071,UTTAR PRADESH,BAREILLY,BHOJIPURA,1,Beerpur Maqrooqa,2,3,1,8,5,243202,2,2,3,13,9,12,9,16,16,11,25,0,0,0,0,111,7,7,0,0,10,10,0,0,5,5,0,0,0,1,2,2,1,Upper Primary (1–8),STANDARD,0,True,False
6364861,UTTAR PRADESH,BAREILLY,NAWABGANJ,1,Bhaua Nagla,1,3,1,5,1,243407,2,2,3,7,1,1,6,4,0,0,0,0,0,0,0,19,2,1,1,0,5,3,0,2,1,1,0,0,2,2,1,1,1,Primary (1–5),STANDARD,2,False,True
6527120,UTTAR PRADESH,BAREILLY,BAREILLY TOWN,2,,1,3,1,5,1,243122,2,2,3,3,6,10,11,10,0,0,0,0,0,0,0,40,3,3,0,0,6,3,3,0,1,1,0,0,1,2,1,1,1,Primary (1–5),STANDARD,3,False,True
4040026,UTTAR PRADESH,BAREILLY,SHERGARH,1,Basudharan Jagir,1,3,1,5,1,243203,2,2,3,19,18,23,24,23,0,0,0,0,0,0,0,107,4,2,2,0,2,2,0,0,1,1,0,1,2,1,1,1,2,Primary (1–5),STANDARD,0,True,True
9492767,UTTAR PRADESH,BAREILLY,BHADPURA,1,Anandapur Lekhraj,1,3,1,5,1,262406,2,2,3,5,5,1,4,10,0,0,0,0,0,0,0,25,3,1,2,0,2,1,1,0,1,1,0,0,2,1,1,1,1,Primary (1–5),STANDARD,1,True,True
4784262,UTTAR PRADESH,BAREILLY,BHUTA,1,Bhadpura,1,3,1,5,1,243506,2,2,3,13,9,13,8,26,0,0,0,0,0,0,0,69,5,3,2,0,3,3,0,0,1,1,0,0,2,2,1,1,2,Primary (1–5),STANDARD,0,False,True
8681484,UTTAR PRADESH,BAREILLY,BHOJIPURA,1,Pahladpur,3,3,1,12,5,243202,1,2,3,35,47,26,19,35,24,33,24,60,52,25,30,410,22,22,0,0,24,24,0,0,2,3,40,1,0,1,3,1,1,Higher Secondary (1–12),STANDARD,0,True,True
8245090,UTTAR PRADESH,BAREILLY,ALAMPUR,1,Karuatal,1,3,1,5,1,243001,2,2,3,16,8,9,15,12,0,0,0,0,0,0,0,60,3,3,0,0,3,3,0,0,1,1,0,0,2,2,1,1,1,Primary (1–5),STANDARD,0,False,True
8081451,UTTAR PRADESH,BAREILLY,FARIDPUR,1,Shivpuri,1,3,1,5,1,243506,2,2,3,1,1,2,5,4,0,0,0,0,0,0,0,13,4,1,3,0,6,6,0,0,1,1,0,0,2,2,1,1,2,Primary (1–5),STANDARD,0,False,True
1216775,UTTAR PRADESH,BAREILLY,BAREILLY TOWN,2,,1,3,1,5,1,243001,2,2,3,7,15,21,44,25,0,0,0,0,0,0,0,112,2,0,2,0,5,5,0,0,1,1,0,0,0,2,1,1,2,Primary (1–5),STANDARD,0,False,True
8951294,UTTAR PRADESH,BAREILLY,BHADPURA,1,Nawadia Qassab,1,3,1,5,1,262406,2,2,3,16,5,6,19,27,0,0,0,0,0,0,0,73,4,3,1,0,4,3,0,1,1,1,0,0,2,2,1,1,1,Primary (1–5),STANDARD,1,False,True
9773225,UTTAR PRADESH,BAREILLY,BAREILLY TOWN,2,,4,3,6,8,5,243004,9,2,3,0,0,0,0,0,0,18,2,0,0,0,0,20,3,0,3,0,5,5,0,0,2,2,3,2,0,1,1,1,1,Upper Primary (6–8),STANDARD,0,True,True
3706210,UTTAR PRADESH,BAREILLY,RICHHA(DAMKHODA),1,Katharra,4,3,6,8,5,243203,9,2,3,0,0,0,0,0,26,6,12,0,0,0,0,44,5,2,3,0,5,5,0,0,1,1,2,0,0,1,1,1,2,Upper Primary (6–8),STANDARD,0,True,True
7113549,UTTAR PRADESH,BAREILLY,ALAMPUR,1,Musraha,1,3,1,5,1,243301,2,2,3,13,14,8,13,13,0,0,0,0,0,0,0,61,3,2,1,0,4,4,0,0,2,2,0,0,2,2,1,1,1,Primary (1–5),STANDARD,0,False,True
7875047,UTTAR PRADESH,BAREILLY,VITHARI CHAINPUR,1,Purnapur,4,3,6,8,5,243123,9,2,3,0,0,0,0,0,30,21,15,0,0,0,0,66,3,3,0,0,3,3,0,0,1,1,0,0,0,2,1,1,1,Upper Primary (6–8),STANDARD,0,False,True
9503029,UTTAR PRADESH,BAREILLY,BAREILLY TOWN,2,,4,3,6,8,5,243122,9,2,1,0,0,0,0,0,17,25,23,0,0,0,0,65,4,4,0,0,3,3,0,0,2,2,1,0,0,1,1,2,2,Upper Primary (6–8),STANDARD,0,True,False
3858141,UTTAR PRADESH,BAREILLY,ALAMPUR,1,Tanda,1,3,1,5,5,243301,2,2,3,19,15,5,11,13,0,0,0,0,0,0,0,63,6,3,3,0,4,4,0,0,1,2,1,1,0,1,1,2,1,Primary (1–5),STANDARD,0,True,False
4001659,UTTAR PRADESH,BAREILLY,RAMNAGAR,1,Beudhan Khurd,2,3,1,8,5,243301,1,2,3,19,10,21,14,29,20,10,28,0,0,0,0,151,8,8,0,0,12,12,0,0,1,1,0,0,0,2,2,1,2,Upper Primary (1–8),STANDARD,0,False,True
5452307,UTTAR PRADESH,BAREILLY,BAREILLY TOWN,2,,1,3,1,5,5,243001,2,2,3,15,24,25,64,50,0,0,0,0,0,0,0,178,6,3,3,0,6,6,0,0,2,2,2,0,0,1,1,1,1,Primary (1–5),STANDARD,0,True,True
5180570,UTTAR PRADESH,BAREILLY,RICHHA(DAMKHODA),2,,1,3,1,5,97,243203,2,2,3,10,12,23,18,24,0,0,0,0,0,0,0,87,4,3,1,0,5,5,0,0,1,3,0,0,0,1,1,2,2,Primary (1–5),STANDARD,0,True,False
4603974,UTTAR PRADESH,BAREILLY,BAREILLY TOWN,2,,2,3,1,8,5,243502,2,2,3,10,20,16,14,16,5,4,7,0,0,0,0,92,7,7,0,0,9,9,0,0,2,2,2,1,0,1,1,1,1,Upper Primary (1–8),STANDARD,0,True,True
1080365,UTTAR PRADESH,BAREILLY,BAREILLY TOWN,2,,1,3,1,5,5,243001,2,2,3,38,42,25,24,21,0,0,0,0,0,0,0,150,5,1,4,0,5,5,0,0,1,1,0,0,0,2,1,1,1,Primary (1–5),STANDARD,0,False,True
7691247,UTTAR PRADESH,BAREILLY,BHOJIPURA,1,Bhoji Pura,2,3,1,8,5,243203,2,2,3,15,3,1,8,14,3,8,17,0,0,0,0,69,4,1,3,0,10,10,0,0,1,1,0,0,0,1,1,1,1,Upper Primary (1–8),STANDARD,0,True,True
8928290,UTTAR PRADESH,BAREILLY,BAREILLY TOWN,2,,4,3,6,8,5,243001,9,2,3,0,0,0,0,0,17,12,16,0,0,0,0,45,5,5,0,0,4,4,0,0,2,2,0,1,0,1,1,1,1,Upper Primary (6–8),STANDARD,0,True,True
9751544,UTTAR PRADESH,BAREILLY,BHUTA,1,Mehtarpur Tej Singh,4,3,6,8,5,243503,9,2,1,0,0,0,0,0,27,37,7,0,0,0,0,71,6,6,0,0,5,5,0,0,1,1,0,1,1,1,1,2,1,Upper Primary (6–8),STANDARD,0,True,False
5740858,UTTAR PRADESH,BAREILLY,BAREILLY TOWN,2,,2,3,1,8,5,243502,1,2,3,20,19,16,5,14,38,17,16,0,0,0,0,145,10,6,4,0,10,10,0,0,2,1,8,0,0,1,1,1,2,Upper Primary (1–8),STANDARD,0,True,True
7829811,UTTAR PRADESH,BAREILLY,BAREILLY TOWN,2,,1,3,1,5,5,243122,1,2,3,22,17,25,24,26,0,0,0,0,0,0,0,114,5,5,0,0,5,5,0,0,2,2,1,0,0,1,1,2,2,Primary (1–5),STANDARD,0,True,False
5297744,UTTAR PRADESH,BAREILLY,BAREILLY TOWN,2,,1,3,1,5,5,243122,2,2,3,15,22,31,36,34,0,0,0,0,0,0,0,138,5,5,0,0,5,5,0,0,2,2,0,0,0,1,1,1,2,Primary (1–5),STANDARD,0,True,True
8446622,UTTAR PRADESH,BAREILLY,SHERGARH,1,Sahora,1,3,1,5,5,243505,2,2,3,37,49,59,50,50,0,0,0,0,0,0,0,245,9,9,0,0,8,8,0,0,2,2,0,2,0,1,2,1,1,Primary (1–5),STANDARD,0,True,True
2807340,UTTAR PRADESH,BAREILLY,BAREILLY TOWN,2,,1,3,1,5,97,243005,2,2,3,55,40,33,30,26,0,0,0,0,0,0,0,184,5,0,5,0,8,8,0,0,2,1,0,0,0,2,1,2,2,Primary (1–5),STANDARD,0,False,False
5078667,UTTAR PRADESH,BAREILLY,RAMNAGAR,1,Dhanora Gauree,2,3,1,8,5,243303,2,2,3,28,41,48,51,51,72,43,32,0,0,0,0,366,11,9,2,0,9,7,2,0,2,2,2,1,0,1,3,1,1,Upper Primary (1–8),STANDARD,2,True,True
9436004,UTTAR PRADESH,BAREILLY,NAWABGANJ,1,Harhar Matkali,6,3,1,10,97,243201,2,2,3,0,1,2,2,1,4,1,3,2,2,0,0,18,4,4,0,0,10,10,0,0,2,1,7,1,0,1,1,1,1,Secondary (1–10),STANDARD,0,True,True
8829341,UTTAR PRADESH,BAREILLY,BAHERI,1,Lodhipur,6,3,1,10,5,243201,2,2,3,11,27,29,24,18,33,19,22,46,48,0,0,277,6,6,0,0,10,10,0,0,4,4,1,0,0,2,1,1,1,Secondary (1–10),STANDARD,0,False,True
7873101,UTTAR PRADESH,BAREILLY,NAWABGANJ,1,Jeora Makrandpur,4,3,6,8,1,262406,9,2,3,0,0,0,0,0,28,48,38,0,0,0,0,114,7,4,0,3,5,0,4,1,1,1,2,0,2,1,1,1,1,Upper Primary (6–8),STANDARD,5,True,True
2632849,UTTAR PRADESH,BAREILLY,MAJHGAWAN,1,Khailam Dehajagir,4,3,6,8,1,243302,9,2,3,0,0,0,0,0,91,97,73,0,0,0,0,261,5,4,1,0,4,1,2,1,1,1,1,0,0,2,1,1,1,Upper Primary (6–8),STANDARD,3,False,True
7334571,UTTAR PRADESH,BAREILLY,BHUTA,1,Mandora,4,3,6,8,1,243503,9,2,3,0,0,0,0,0,8,34,11,0,0,0,0,53,2,2,0,0,3,2,1,0,1,1,0,0,0,2,1,1,1,Upper Primary (6–8),STANDARD,1,False,True
4776945,UTTAR PRADESH,BAREILLY,BAREILLY TOWN,2,,4,3,6,8,5,243502,9,2,3,0,0,0,0,0,15,17,12,0,0,0,0,44,3,3,0,0,5,5,0,0,1,1,0,1,1,2,1,1,1,Upper Primary (6–8),STANDARD,0,False,True
2164101,UTTAR PRADESH,BAREILLY,NAWABGANJ,1,Khanjanpur Khanjania,4,3,6,8,1,262406,9,2,3,0,0,0,0,0,29,39,33,0,0,0,0,101,7,4,1,2,5,0,4,1,1,1,0,0,2,2,1,1,1,Upper Primary (6–8),STANDARD,5,False,True
1048014,UTTAR PRADESH,BAREILLY,VITHARI CHAINPUR,1,Urla Jagir,4,3,6,8,1,243003,9,2,3,0,0,0,0,0,119,133,116,0,0,0,0,368,11,9,0,2,6,0,5,1,2,2,0,0,2,2,1,1,2,Upper Primary (6–8),STANDARD,6,False,True
6511570,UTTAR PRADESH,BAREILLY,BHUTA,1,Inayatpur,8,3,9,10,1,243001,9,2,3,0,0,0,0,0,0,0,0,67,68,0,0,135,4,4,0,0,4,3,1,0,2,2,7,0,0,1,1,1,2,Secondary (9–10),STANDARD,1,True,True
4946397,UTTAR PRADESH,BAREILLY,BHOJIPURA,1,Bhairpur Khajuria,2,3,1,8,1,243202,2,2,3,15,12,10,25,44,102,116,79,0,0,0,0,403,14,10,4,0,18,12,2,4,3,3,3,0,2,1,1,1,1,Upper Primary (1–8),STANDARD,6,True,True
2523916,UTTAR PRADESH,BAREILLY,FARIDPUR,1,Bhagwanpur Kundan,2,3,1,8,1,243506,2,2,3,43,20,24,69,72,93,74,64,0,0,0,0,459,18,10,7,1,8,5,0,3,2,2,0,0,2,1,1,1,1,Upper Primary (1–8),STANDARD,3,True,True
1687950,UTTAR PRADESH,BAREILLY,NAWABGANJ,1,Chandua Chamraua,4,3,6,8,1,243407,9,2,3,0,0,0,0,0,17,12,12,0,0,0,0,41,2,2,0,0,4,4,0,0,1,1,0,0,2,2,1,1,2,Upper Primary (6–8),STANDARD,0,False,True
9839943,UTTAR PRADESH,BAREILLY,VITHARI CHAINPUR,1,Dandia,4,3,6,8,1,243122,9,2,3,0,0,0,0,0,33,27,28,0,0,0,0,88,3,3,0,0,4,1,0,3,3,2,0,0,2,2,1,1,1,Upper Primary (6–8),STANDARD,3,False,True
7224008,UTTAR PRADESH,BAREILLY,RICHHA(DAMKHODA),1,Bahadurganj,2,3,1,8,5,243201,2,2,3,14,15,23,27,13,13,9,7,0,0,0,0,121,6,0,6,0,12,12,0,0,2,2,0,0,0,2,2,1,1,Upper Primary (1–8),STANDARD,0,False,True
7776959,UTTAR PRADESH,BAREILLY,RICHHA(DAMKHODA),1,Gargaiya,4,3,6,8,1,243203,9,2,3,0,0,0,0,0,23,40,24,0,0,0,0,87,3,3,0,0,5,5,0,0,1,1,3,0,2,1,1,1,2,Upper Primary (6–8),STANDARD,0,True,True
4819825,UTTAR PRADESH,BAREILLY,NAWABGANJ,1,Hafiz Ganj,2,3,1,8,1,243407,2,2,3,24,30,15,56,53,53,68,36,0,0,0,0,335,11,9,2,0,9,9,0,0,2,2,0,1,2,2,1,1,1,Upper Primary (1–8),STANDARD,0,False,True
7837741,UTTAR PRADESH,BAREILLY,BAHERI,1,Itavadhura,1,3,1,5,1,243201,2,2,3,34,24,25,35,34,0,0,0,0,0,0,0,152,7,3,4,0,5,5,0,0,1,2,0,1,2,2,1,1,2,Primary (1–5),STANDARD,0,False,True
1249342,UTTAR PRADESH,BAREILLY,ALAMPUR,1,Katsari,2,3,1,8,5,243301,1,2,3,48,55,68,39,62,67,55,49,0,0,0,0,443,14,14,0,0,10,10,0,0,5,4,1,1,0,1,1,1,1,Upper Primary (1–8),STANDARD,0,True,True
1615094,UTTAR PRADESH,BAREILLY,BHUTA,1,Khardaha Gajnera,1,3,1,5,1,243503,2,2,3,5,6,2,7,6,0,0,0,0,0,0,0,26,4,2,2,0,3,3,0,0,1,1,0,0,2,2,1,1,2,Primary (1–5),STANDARD,0,False,True
2501472,UTTAR PRADESH,BAREILLY,BHUTA,1,Bhagwatipur Rajaram,1,3,1,5,1,243123,2,2,3,14,6,18,15,22,0,0,0,0,0,0,0,75,4,4,0,0,3,1,0,2,1,1,0,0,2,2,1,1,2,Primary (1–5),STANDARD,2,False,True
8196619,UTTAR PRADESH,BAREILLY,RAMNAGAR,1,Udaybhanpur Urf Anandpur,1,3,1,5,1,243303,2,2,3,30,39,31,27,39,0,0,0,0,0,0,0,166,6,3,3,0,5,5,0,0,1,1,0,0,2,2,1,1,2,Primary (1–5),STANDARD,0,False,True
2348073,UTTAR PRADESH,BAREILLY,BHOJIPURA,1,Rahpura Karim Bux,1,3,1,5,1,243202,2,2,3,13,19,13,13,19,0,0,0,0,0,0,0,77,5,3,2,0,4,1,3,0,1,1,0,0,2,1,1,1,1,Primary (1–5),STANDARD,3,True,True
2262645,UTTAR PRADESH,BAREILLY,BAHERI,1,Ambarpur,1,3,1,5,1,243505,2,2,3,1,0,4,1,2,0,0,0,0,0,0,0,8,2,2,0,0,3,2,1,0,1,1,0,0,2,2,1,1,1,Primary (1–5),STANDARD,1,False,True
8636128,UTTAR PRADESH,BAREILLY,MIRGANJ,1,Ambarpur,1,3,1,5,1,243504,2,2,3,16,6,10,15,22,0,0,0,0,0,0,0,69,2,2,0,0,5,2,1,2,1,1,0,0,2,2,1,1,1,Primary (1–5),STANDARD,3,False,True
9216344,UTTAR PRADESH,BAREILLY,BAHERI,1,Daiya Bojh,1,3,1,5,1,243201,2,2,3,7,3,4,6,2,0,0,0,0,0,0,0,22,2,1,1,0,3,2,0,1,1,1,0,1,2,1,1,1,1,Primary (1–5),STANDARD,1,True,True
6387075,UTTAR PRADESH,BAREILLY,MAJHGAWAN,1,Madauna Urf Patparaganj,1,3,1,5,1,243302,2,2,3,14,13,14,25,16,0,0,0,0,0,0,0,82,4,3,1,0,2,1,1,0,1,1,0,0,2,1,1,1,2,Primary (1–5),STANDARD,1,True,True
3934852,UTTAR PRADESH,BAREILLY,NAWABGANJ,1,Mauzam Nagla Khalsa,1,3,1,5,1,262406,2,2,3,25,13,11,18,15,0,0,0,0,0,0,0,82,5,3,2,0,4,1,0,3,1,1,0,0,2,2,1,1,1,Primary (1–5),STANDARD,3,False,True
9531988,UTTAR PRADESH,BAREILLY,RICHHA(DAMKHODA),1,Khamaria Gopa Dandi,1,3,1,5,1,243203,2,2,3,1,1,1,5,1,0,0,0,0,0,0,0,9,1,1,0,0,3,3,0,0,1,1,0,0,2,2,1,1,1,Primary (1–5),STANDARD,0,False,True
6304492,UTTAR PRADESH,BAREILLY,SHERGARH,1,Sukatia,1,3,1,5,1,243505,2,2,3,20,20,13,32,19,0,0,0,0,0,0,0,104,3,2,1,0,5,0,3,2,2,2,0,0,2,1,1,1,1,Primary (1–5),STANDARD,5,True,True
6395295,UTTAR PRADESH,BAREILLY,BAHERI,1,Baraura,1,3,1,5,1,243201,2,2,3,0,1,1,2,1,0,0,0,0,0,0,0,5,2,1,1,0,4,4,0,0,1,1,0,1,0,2,1,1,1,Primary (1–5),STANDARD,0,False,True
2043885,UTTAR PRADESH,BAREILLY,ALAMPUR,1,Aonla(Grameen),1,3,1,5,1,243301,2,2,3,26,25,36,37,33,0,0,0,0,0,0,0,157,5,3,2,0,5,3,1,1,1,1,0,0,2,1,1,1,2,Primary (1–5),STANDARD,2,True,True
8808185,UTTAR PRADESH,BAREILLY,NAWABGANJ,2,,1,3,1,5,1,262406,2,2,3,25,33,31,70,61,0,0,0,0,0,0,0,220,13,10,3,0,4,1,0,3,2,3,0,2,2,1,1,1,2,Primary (1–5),STANDARD,3,True,True
7140466,UTTAR PRADESH,BAREILLY,RAMNAGAR,1,Mazhowa,1,3,1,5,1,243301,2,2,3,17,20,19,28,30,0,0,0,0,0,0,0,114,4,3,1,0,4,4,0,0,1,1,0,0,2,2,1,1,2,Primary (1–5),STANDARD,0,False,True
1091776,UTTAR PRADESH,BAREILLY,BHUTA,1,Mehtarpur Tej Singh,1,3,1,5,1,243503,2,2,3,9,5,7,20,14,0,0,0,0,0,0,0,55,4,2,2,0,5,3,2,0,1,1,0,0,2,2,1,1,2,Primary (1–5),STANDARD,2,False,True
3681482,UTTAR PRADESH,BAREILLY,BHOJIPURA,1,Bilwa,2,3,1,8,5,243201,2,2,3,17,16,11,19,18,32,52,28,0,0,0,0,193,8,0,8,0,8,8,0,0,1,1,0,0,0,1,1,1,1,Upper Primary (1–8),STANDARD,0,True,True
7272683,UTTAR PRADESH,BAREILLY,BAREILLY TOWN,2,,1,3,1,5,5,243001,2,2,1,109,119,122,131,127,0,0,0,0,0,0,0,608,29,28,1,0,10,10,0,0,5,5,15,0,0,1,1,1,1,Primary (1–5),STANDARD,0,True,True
3605708,UTTAR PRADESH,BAREILLY,SHERGARH,1,Bhadrak,1,3,1,5,1,243203,2,2,3,9,10,4,20,11,0,0,0,0,0,0,0,54,6,3,3,0,5,4,1,0,1,1,0,0,2,1,1,1,1,Primary (1–5),STANDARD,1,True,True
9976965,UTTAR PRADESH,BAREILLY,BHUTA,1,Shora Khurd,1,3,1,5,1,243503,2,2,3,21,16,13,28,26,0,0,0,0,0,0,0,104,5,3,2,0,7,4,2,1,1,2,0,0,2,1,1,1,1,Primary (1–5),STANDARD,3,True,True
9104549,UTTAR PRADESH,BAREILLY,NAWABGANJ,1,Parothi,1,3,1,5,1,262406,2,2,3,15,8,15,14,22,0,0,0,0,0,0,0,74,5,3,2,0,6,5,1,0,1,1,0,0,2,2,1,1,2,Primary (1–5),STANDARD,1,False,True
5595676,UTTAR PRADESH,BAREILLY,BAREILLY TOWN,2,,4,3,6,8,5,243005,9,2,3,0,0,0,0,0,37,28,22,0,0,0,0,87,5,0,5,0,4,4,0,0,1,1,0,1,0,1,1,1,2,Upper Primary (6–8),STANDARD,0,True,True
9170891,UTTAR PRADESH,BAREILLY,MAJHGAWAN,1,Majhgawan,1,3,1,5,1,243302,2,2,3,18,18,20,41,33,0,0,0,0,0,0,0,130,5,3,2,0,5,5,0,0,1,1,0,0,2,1,1,1,1,Primary (1–5),STANDARD,0,True,True
7597593,UTTAR PRADESH,BAREILLY,BAHERI,1,Baraura,1,3,1,5,1,243201,2,2,3,5,4,6,7,9,0,0,0,0,0,0,0,31,2,1,1,0,2,2,0,0,1,1,0,0,2,2,1,1,2,Primary (1–5),STANDARD,0,False,True
5488187,UTTAR PRADESH,BAREILLY,ALAMPUR,1,Islamabad,1,3,1,5,1,243403,2,2,3,17,21,23,17,23,0,0,0,0,0,0,0,101,5,4,1,0,5,4,0,1,1,1,0,0,0,2,1,1,1,Primary (1–5),STANDARD,1,False,True
5021480,UTTAR PRADESH,BAREILLY,BHUTA,1,Nikasuwa,1,3,1,5,1,243506,2,2,3,46,30,27,44,47,0,0,0,0,0,0,0,194,5,4,1,0,7,6,0,1,2,2,0,0,2,1,1,1,2,Primary (1–5),STANDARD,1,True,True
9589562,UTTAR PRADESH,BAREILLY,NAWABGANJ,1,Soraha,1,3,1,5,1,262406,2,2,3,16,19,8,16,16,0,0,0,0,0,0,0,75,5,2,3,0,6,3,0,3,1,1,0,0,2,1,1,1,2,Primary (1–5),STANDARD,3,True,True
8367455,UTTAR PRADESH,BAREILLY,VITHARI CHAINPUR,1,Alampur,1,3,1,5,1,243123,2,2,3,23,18,24,36,30,0,0,0,0,0,0,0,131,7,6,1,0,3,3,0,0,1,2,0,1,2,2,1,1,1,Primary (1–5),STANDARD,0,False,True
1681915,UTTAR PRADESH,BAREILLY,BHADPURA,1,Methi Nawadia,4,3,6,8,5,262406,9,2,3,0,0,0,0,0,69,83,71,0,0,0,0,223,4,4,0,0,4,4,0,0,3,2,0,1,0,1,1,2,1,Upper Primary (6–8),STANDARD,0,True,False
8671726,UTTAR PRADESH,BAREILLY,BAREILLY TOWN,2,,6,3,1,10,97,243006,1,2,3,68,27,23,41,34,49,26,29,2,2,0,0,301,11,2,3,6,12,12,0,0,2,3,1,1,0,2,1,2,2,Secondary (1–10),STANDARD,0,False,False
1322445,UTTAR PRADESH,BAREILLY,MIRGANJ,1,Tilmas,1,3,1,5,1,243504,2,2,3,36,32,30,27,27,0,0,0,0,0,0,0,152,5,3,2,0,6,2,2,2,1,1,0,0,2,2,1,1,1,Primary (1–5),STANDARD,4,False,True
3180412,UTTAR PRADESH,BAREILLY,MIRGANJ,1,Sidhauli,2,3,1,8,5,243504,1,2,3,32,35,21,25,24,26,26,16,0,0,0,0,205,10,0,10,0,10,10,0,0,2,1,5,2,0,1,1,1,1,Upper Primary (1–8),STANDARD,0,True,True
6306274,UTTAR PRADESH,BAREILLY,BAREILLY TOWN,2,,3,3,1,12,5,243001,1,2,3,62,99,68,71,70,92,107,61,127,100,72,107,1036,31,31,0,0,25,25,0,0,4,4,2,1,0,1,1,1,1,Higher Secondary (1–12),STANDARD,0,True,True
3672456,UTTAR PRADESH,BAREILLY,BHADPURA,1,Matkapur,4,3,6,8,5,262406,9,2,3,0,0,0,0,0,29,15,23,0,0,0,0,67,6,6,0,0,5,5,0,0,1,1,0,1,0,2,2,1,1,Upper Primary (6–8),STANDARD,0,False,True
6391398,UTTAR PRADESH,BAREILLY,SHERGARH,1,Manpur,10,3,9,12,5,243201,9,2,3,0,0,0,0,0,0,0,0,124,120,170,217,631,10,10,0,0,14,14,0,0,2,7,2,8,0,1,2,1,1,Higher Secondary (9–12),STANDARD,0,True,True
7464452,UTTAR PRADESH,BAREILLY,NAWABGANJ,1,Dhaunrera,1,3,1,5,5,262406,2,2,3,28,6,13,15,15,0,0,0,0,0,0,0,77,6,6,0,0,8,8,0,0,4,1,0,1,0,2,2,1,1,Primary (1–5),STANDARD,0,False,True
5106794,UTTAR PRADESH,BAREILLY,BAREILLY TOWN,2,,2,3,1,8,5,243005,2,2,3,0,0,0,0,0,23,19,4,0,0,0,0,46,5,4,1,0,8,8,0,0,3,2,0,1,0,2,1,1,2,Upper Primary (1–8),STANDARD,0,False,True
2339126,UTTAR PRADESH,BAREILLY,BHUTA,1,Simra Keshopur,1,3,1,5,1,243503,2,2,3,6,9,9,6,6,0,0,0,0,0,0,0,36,3,2,1,0,4,4,0,0,1,1,0,0,2,2,1,1,1,Primary (1–5),STANDARD,0,False,True
6807476,UTTAR PRADESH,BAREILLY,SHERGARH,1,Tanda,1,3,1,5,97,243501,2,2,3,3,0,0,3,7,0,0,0,0,0,0,0,13,3,0,3,0,5,5,0,0,1,1,0,0,0,1,1,2,1,Primary (1–5),STANDARD,0,True,False
9545933,UTTAR PRADESH,BAREILLY,BHOJIPURA,1,Jadaunpur,2,3,1,8,5,243202,2,2,3,9,5,10,12,7,13,18,13,0,0,0,0,87,6,3,2,1,9,9,0,0,1,1,0,1,0,1,1,1,1,Upper Primary (1–8),STANDARD,0,True,True
2334409,UTTAR PRADESH,BAREILLY,BAHERI TOWN,2,,10,3,9,12,5,243201,9,2,3,0,0,0,0,0,0,0,0,28,48,11,2,89,3,3,0,0,10,10,0,0,3,2,5,1,0,1,1,1,1,Higher Secondary (9–12),STANDARD,0,True,True
5921538,UTTAR PRADESH,BAREILLY,ALAMPUR,1,Jhinjhari,10,3,9,12,5,243001,9,1,3,0,0,0,0,0,0,0,0,179,144,119,154,596,11,0,3,8,10,10,0,0,4,4,0,0,0,1,1,1,1,Higher Secondary (9–12),STANDARD,0,True,True
8358763,UTTAR PRADESH,BAREILLY,VITHARI CHAINPUR,2,,2,3,1,8,5,243122,2,2,3,13,5,3,3,1,9,0,0,0,0,0,0,34,15,15,0,0,22,22,0,0,8,8,20,0,0,1,1,1,1,Upper Primary (1–8),STANDARD,0,True,True
8238045,UTTAR PRADESH,BAREILLY,BAREILLY TOWN,2,,1,3,1,5,5,243003,2,2,3,7,10,13,19,13,0,0,0,0,0,0,0,62,6,6,0,0,8,8,0,0,2,2,3,1,0,1,1,1,1,Primary (1–5),STANDARD,0,True,True
6122125,UTTAR PRADESH,BAREILLY,VITHARI CHAINPUR,2,,1,3,1,5,5,243001,2,2,3,14,18,17,8,14,0,0,0,0,0,0,0,71,5,5,0,0,4,4,0,0,1,1,0,0,0,1,1,1,2,Primary (1–5),STANDARD,0,True,True
4495587,UTTAR PRADESH,BAREILLY,MAJHGAWAN,2,,8,3,9,10,5,243302,9,2,3,0,0,0,0,0,0,0,0,135,60,0,0,195,5,4,0,1,6,6,0,0,4,5,2,0,0,2,1,1,1,Secondary (9–10),STANDARD,0,False,True
3751187,UTTAR PRADESH,BAREILLY,BAREILLY TOWN,2,,5,3,6,12,5,243001,9,2,3,0,0,0,0,0,0,0,0,67,53,75,164,359,8,8,0,0,17,17,0,0,2,2,1,0,0,1,1,1,1,Higher Secondary (6–12),STANDARD,0,True,True
5036549,UTTAR PRADESH,BAREILLY,ALAMPUR,1,Devchara,4,3,6,8,5,243401,9,2,3,0,0,0,0,0,99,73,48,0,0,0,0,220,5,4,1,0,4,4,0,0,1,1,0,0,0,2,1,2,1,Upper Primary (6–8),STANDARD,0,False,False
8511641,UTTAR PRADESH,BAREILLY,BAHERI TOWN,2,,2,3,1,8,5,243201,1,2,3,35,39,20,28,22,27,22,22,0,0,0,0,215,6,6,0,0,11,11,0,0,2,1,1,1,1,1,1,2,1,Upper Primary (1–8),STANDARD,0,True,False
7364238,UTTAR PRADESH,BAREILLY,SHERGARH,1,Kurka,5,3,6,12,5,243505,9,2,3,0,0,0,0,0,15,35,43,113,119,122,87,534,8,7,1,0,14,14,0,0,3,3,1,1,0,1,1,2,1,Higher Secondary (6–12),STANDARD,0,True,False
9151156,UTTAR PRADESH,BAREILLY,RAMNAGAR,1,Chakarpur Gahi,2,3,1,8,5,243303,2,2,3,41,84,68,65,63,84,59,48,0,0,0,0,512,8,7,0,1,4,4,0,0,5,5,0,0,0,2,1,2,2,Upper Primary (1–8),STANDARD,0,False,False
3525937,UTTAR PRADESH,BAREILLY,KYARA,1,Kandharpur (Ct),2,3,1,8,5,243001,1,2,3,33,16,17,16,9,9,7,1,0,0,0,0,108,9,9,0,0,11,11,0,0,3,3,6,1,0,1,2,2,2,Upper Primary (1–8),STANDARD,0,True,False
3839091,UTTAR PRADESH,BAREILLY,BAREILLY TOWN,2,,4,3,6,8,5,243502,9,2,3,0,0,0,0,0,66,45,44,0,0,0,0,155,4,0,4,0,4,4,0,0,1,1,0,0,0,2,1,1,1,Upper Primary (6–8),STANDARD,0,False,True
4239802,UTTAR PRADESH,BAREILLY,ALAMPUR,1,Harirampur,1,3,1,5,1,243402,2,2,3,29,31,30,43,26,0,0,0,0,0,0,0,159,5,3,2,0,6,4,1,1,2,1,0,0,2,2,1,1,1,Primary (1–5),STANDARD,2,False,True
9152372,UTTAR PRADESH,BAREILLY,VITHARI CHAINPUR,1,Bhagwanpur Dhimri,4,3,6,8,1,243123,9,2,3,0,0,0,0,0,41,47,49,0,0,0,0,137,7,4,0,3,4,0,4,0,1,1,0,1,2,2,1,1,1,Upper Primary (6–8),STANDARD,4,False,True
3188479,UTTAR PRADESH,BAREILLY,MAJHGAWAN,1,Basantpur,8,3,9,10,1,243001,9,2,3,0,0,0,0,0,0,0,0,21,19,0,0,40,4,4,0,0,4,4,0,0,1,1,0,0,0,1,1,1,2,Secondary (9–10),STANDARD,0,True,True
8313911,UTTAR PRADESH,BAREILLY,BHOJIPURA,1,Beerpur Urf Kasam Nager,2,3,1,8,1,243001,2,2,3,13,9,11,24,16,99,107,59,0,0,0,0,338,15,10,3,2,8,0,0,8,2,2,0,0,2,1,1,1,1,Upper Primary (1–8),STANDARD,8,True,True
4405685,UTTAR PRADESH,BAREILLY,VITHARI CHAINPUR,1,Bhartaul,4,3,6,8,1,243122,9,2,3,0,0,0,0,0,37,44,44,0,0,0,0,125,6,6,0,0,4,2,2,0,1,1,0,0,2,2,1,1,1,Upper Primary (6–8),STANDARD,2,False,True
8961925,UTTAR PRADESH,BAREILLY,BHUTA,1,Faiz Nagaar,4,3,6,8,1,243503,9,2,3,0,0,0,0,0,163,147,165,0,0,0,0,475,15,14,0,1,7,6,0,1,3,3,0,0,2,2,1,1,2,Upper Primary (6–8),STANDARD,1,False,True
5095598,UTTAR PRADESH,BAREILLY,BAHERI,1,Lakhanpur,4,3,6,8,1,243001,9,2,3,0,0,0,0,0,17,24,19,0,0,0,0,60,2,2,0,0,3,0,3,0,1,1,0,0,2,2,1,1,1,Upper Primary (6–8),STANDARD,3,False,True
3170444,UTTAR PRADESH,BAREILLY,BHUTA,1,Jawahar Ganj,4,3,6,8,1,243503,9,2,3,0,0,0,0,0,49,55,35,0,0,0,0,139,3,3,0,0,4,4,0,0,1,1,0,0,2,2,1,1,1,Upper Primary (6–8),STANDARD,0,False,True
2337143,UTTAR PRADESH,BAREILLY,BHUTA,1,Dalautpur Karena,4,3,6,8,1,243126,9,2,3,0,0,0,0,0,62,59,45,0,0,0,0,166,5,4,0,1,3,1,2,0,1,1,0,0,2,2,1,1,1,Upper Primary (6–8),STANDARD,2,False,True
1840088,UTTAR PRADESH,BAREILLY,FARIDPUR,1,Kishorra,2,3,1,8,1,243503,2,1,3,13,16,16,32,26,30,39,12,0,0,0,0,184,11,8,3,0,11,8,0,3,2,2,0,0,2,1,1,1,1,Upper Primary (1–8),STANDARD,3,True,True
6816997,UTTAR PRADESH,BAREILLY,BAHERI,1,Utarasia Mohliya,4,3,6,8,1,243201,9,2,3,0,0,0,0,0,4,2,0,0,0,0,0,6,1,1,0,0,4,2,0,2,1,1,0,0,0,2,2,1,1,Upper Primary (6–8),STANDARD,2,False,True
6182955,UTTAR PRADESH,BAREILLY,FATEHGANJ,1,,2,3,1,8,1,243505,2,2,3,26,25,28,36,52,53,44,25,0,0,0,0,289,8,7,1,0,7,3,2,2,2,4,0,1,2,1,1,1,2,Upper Primary (1–8),STANDARD,4,True,True
2073893,UTTAR PRADESH,BAREILLY,MIRGANJ,1,Ballia,2,3,1,8,5,243504,2,2,3,20,17,22,15,19,54,13,7,0,0,0,0,167,11,7,3,1,8,8,0,0,3,3,3,1,0,1,1,1,1,Upper Primary (1–8),STANDARD,0,True,True
9507620,UTTAR PRADESH,BAREILLY,BAHERI,1,Jamkhajoor,2,3,1,8,1,243201,2,2,3,17,10,19,38,23,14,31,10,0,0,0,0,162,8,5,3,0,7,1,3,3,1,2,0,2,2,2,1,1,2,Upper Primary (1–8),STANDARD,6,False,True
9797240,UTTAR PRADESH,BAREILLY,MAJHGAWAN,1,Atarchedi,4,3,6,8,1,243302,9,2,3,0,0,0,0,0,53,38,32,0,0,0,0,123,4,3,1,0,5,4,0,1,1,1,0,0,0,1,1,1,1,Upper Primary (6–8),STANDARD,1,True,True
6706456,UTTAR PRADESH,BAREILLY,FATEHGANJ,1,Dinra,2,3,1,8,1,243505,2,2,3,9,7,2,8,13,59,30,24,0,0,0,0,152,9,6,3,0,9,7,2,0,2,2,0,0,2,2,1,1,1,Upper Primary (1–8),STANDARD,2,False,True
5752622,UTTAR PRADESH,BAREILLY,RICHHA(DAMKHODA),1,Bahadurpur Urf Bhura,4,3,6,8,5,243201,9,2,3,0,0,0,0,0,4,8,3,0,0,0,0,15,4,4,0,0,5,5,0,0,2,2,0,0,0,2,1,1,1,Upper Primary (6–8),STANDARD,0,False,True
6749860,UTTAR PRADESH,BAREILLY,SHERGARH,1,Itaua,2,3,1,8,5,243501,1,2,3,56,43,30,32,43,39,35,38,0,0,0,0,316,14,6,8,0,20,20,0,0,2,3,4,1,0,1,2,1,1,Upper Primary (1–8),STANDARD,0,True,True
9597663,UTTAR PRADESH,BAREILLY,VITHARI CHAINPUR,1,Bithri Chainpur,1,3,1,5,5,243123,2,2,3,19,18,10,11,9,0,0,0,0,0,0,0,67,5,5,0,0,5,5,0,0,1,1,0,0,0,1,1,2,2,Primary (1–5),STANDARD,0,True,False
7033745,UTTAR PRADESH,BAREILLY,MAJHGAWAN,1,Sattarnagar,2,3,1,8,1,243302,2,2,3,17,12,17,26,13,21,33,19,0,0,0,0,158,7,6,1,0,9,4,4,1,1,1,0,0,2,2,1,1,2,Upper Primary (1–8),STANDARD,5,False,True
1146944,UTTAR PRADESH,BAREILLY,MAJHGAWAN,1,Atarchedi,5,3,6,12,1,243201,9,2,3,0,0,0,0,0,26,25,27,24,17,0,0,119,3,3,0,0,16,8,4,4,4,4,1,0,1,1,1,1,1,Higher Secondary (6–12),STANDARD,8,True,True
4960483,UTTAR PRADESH,BAREILLY,VITHARI CHAINPUR,1,Adlakhia,2,3,1,8,1,243123,2,2,3,11,17,2,16,26,24,28,15,0,0,0,0,139,7,5,2,0,10,7,1,2,2,2,0,0,2,2,1,1,1,Upper Primary (1–8),STANDARD,3,False,True
2784444,UTTAR PRADESH,BAREILLY,NAWABGANJ,1,Bakainia,1,3,1,5,97,243201,2,2,3,14,21,28,31,35,0,0,0,0,0,0,0,129,4,3,1,0,5,5,0,0,1,1,0,0,0,2,1,2,1,Primary (1–5),STANDARD,0,False,False
3742810,UTTAR PRADESH,BAREILLY,BAREILLY TOWN,2,,2,3,1,8,5,243002,1,2,3,36,9,34,27,31,34,27,26,0,0,0,0,224,8,7,1,0,10,10,0,0,3,3,10,1,0,1,1,1,2,Upper Primary (1–8),STANDARD,0,True,True
2430643,UTTAR PRADESH,BAREILLY,FARIDPUR,1,Saidpur Ahatmali,1,3,1,5,1,243506,2,2,3,8,6,9,14,8,0,0,0,0,0,0,0,45,3,1,2,0,10,6,0,4,1,1,0,0,2,2,1,1,2,Primary (1–5),STANDARD,4,False,True
3376531,UTTAR PRADESH,BAREILLY,BHOJIPURA,1,Karampur Chaudhary,1,3,1,5,1,243001,2,2,3,42,38,55,72,61,0,0,0,0,0,0,0,268,12,10,2,0,8,6,2,0,2,1,0,1,2,1,1,1,1,Primary (1–5),STANDARD,2,True,True
9619107,UTTAR PRADESH,BAREILLY,AONLA,2,,4,3,6,8,5,243301,9,2,3,0,0,0,0,0,168,178,158,0,0,0,0,504,13,13,0,0,15,15,0,0,3,3,9,8,0,2,1,1,1,Upper Primary (6–8),STANDARD,0,False,True
7579757,UTTAR PRADESH,BAREILLY,NAWABGANJ,1,Deorania Parsadi Lal,1,3,1,5,1,262406,2,2,3,0,1,0,4,2,0,0,0,0,0,0,0,7,2,1,1,0,4,4,0,0,1,1,0,0,2,2,1,1,1,Primary (1–5),STANDARD,0,False,True
2234905,UTTAR PRADESH,BAREILLY,MAJHGAWAN,1,Kamalpur,1,3,1,5,1,243302,2,2,3,18,11,13,30,23,0,0,0,0,0,0,0,95,4,3,1,0,6,3,1,2,1,1,0,0,2,1,3,1,1,Primary (1–5),STANDARD,3,True,True
8206846,UTTAR PRADESH,BAREILLY,BHOJIPURA,1,Mohammedpur Jatan,1,3,1,5,1,243001,2,2,3,9,10,3,18,13,0,0,0,0,0,0,0,53,6,5,1,0,5,2,0,3,1,1,0,1,2,1,1,1,2,Primary (1–5),STANDARD,3,True,True
6333297,UTTAR PRADESH,BAREILLY,NAWABGANJ,1,Bhura,1,3,1,5,1,262406,2,2,3,1,2,2,7,6,0,0,0,0,0,0,0,18,3,1,2,0,4,0,2,2,1,1,0,0,2,2,1,1,1,Primary (1–5),STANDARD,4,False,True
1257837,UTTAR PRADESH,BAREILLY,RICHHA(DAMKHODA),1,Khajuria,1,3,1,5,1,243201,2,2,3,4,5,8,16,16,0,0,0,0,0,0,0,49,3,3,0,0,5,3,0,2,1,1,0,1,2,1,1,1,1,Primary (1–5),STANDARD,2,True,True
5507827,UTTAR PRADESH,BAREILLY,BHOJIPURA,1,Rampura Mafi,1,3,1,5,1,243202,2,2,3,37,47,37,70,82,0,0,0,0,0,0,0,273,10,7,3,0,7,0,4,3,1,1,4,1,2,1,1,1,1,Primary (1–5),STANDARD,7,True,True
6149038,UTTAR PRADESH,BAREILLY,MIRGANJ,1,Piparia Ehatmali,1,3,1,5,1,243501,2,2,3,25,18,27,36,32,0,0,0,0,0,0,0,138,6,3,3,0,5,3,2,0,2,2,0,0,2,2,1,1,2,Primary (1–5),STANDARD,2,False,True
7774827,UTTAR PRADESH,BAREILLY,NAWABGANJ,1,Aspur Hasan Ali,1,3,1,5,1,243407,2,2,3,23,24,17,23,19,0,0,0,0,0,0,0,106,5,4,1,0,6,4,0,2,1,1,0,0,2,1,1,1,1,Primary (1–5),STANDARD,2,True,True
1759725,UTTAR PRADESH,BAREILLY,BAHERI TOWN,2,,1,3,1,5,1,243201,2,2,3,9,10,9,22,16,0,0,0,0,0,0,0,66,2,0,2,0,3,0,3,0,1,2,0,1,2,2,1,1,1,Primary (1–5),STANDARD,3,False,True
8406498,UTTAR PRADESH,BAREILLY,BHADPURA,1,Amir Nagar,1,3,1,5,1,262406,2,2,3,15,11,9,9,9,0,0,0,0,0,0,0,53,2,2,0,0,5,3,2,0,1,1,0,0,2,1,1,1,1,Primary (1–5),STANDARD,2,True,True
7412585,UTTAR PRADESH,BAREILLY,BHOJIPURA,1,Makrandpur Pitam Rai,1,3,1,5,1,243001,2,2,3,2,1,1,4,6,0,0,0,0,0,0,0,14,3,2,1,0,3,3,0,0,1,1,0,0,2,1,1,1,2,Primary (1–5),STANDARD,0,True,True
5520148,UTTAR PRADESH,BAREILLY,MIRGANJ,1,Kulchha Khurd,1,3,1,5,1,243504,2,2,3,16,15,13,21,17,0,0,0,0,0,0,0,82,5,3,2,0,5,3,2,0,2,1,0,0,2,2,1,1,1,Primary (1–5),STANDARD,2,False,True
1403636,UTTAR PRADESH,BAREILLY,ALAMPUR,1,Pandri,1,3,1,5,1,243401,2,2,3,37,11,14,30,27,0,0,0,0,0,0,0,119,3,2,1,0,6,3,3,0,2,2,0,0,2,2,1,1,2,Primary (1–5),STANDARD,3,False,True
4158005,UTTAR PRADESH,BAREILLY,BHUTA,1,Jawahar Ganj,1,3,1,5,1,243503,2,2,3,11,10,8,9,13,0,0,0,0,0,0,0,51,3,1,2,0,6,0,3,3,1,1,0,0,2,1,1,1,2,Primary (1–5),STANDARD,6,True,True
1472598,UTTAR PRADESH,BAREILLY,RICHHA(DAMKHODA),1,Sidhaura,1,3,1,5,1,243201,2,2,3,17,7,9,10,13,0,0,0,0,0,0,0,56,4,2,2,0,4,2,0,2,1,1,0,1,2,2,1,1,1,Primary (1–5),STANDARD,2,False,True
9828651,UTTAR PRADESH,BAREILLY,BHOJIPURA,1,Ramiapur Urf Ramipur,1,3,1,5,1,243202,2,2,3,5,7,5,7,3,0,0,0,0,0,0,0,27,3,2,1,0,3,3,0,0,1,1,0,0,2,1,1,1,1,Primary (1–5),STANDARD,0,True,True
1185031,UTTAR PRADESH,BAREILLY,BAHERI,1,Bhilaiya,1,3,1,5,1,243001,2,2,3,5,4,3,5,8,0,0,0,0,0,0,0,25,4,2,2,0,4,0,3,1,1,1,0,0,2,2,1,1,1,Primary (1–5),STANDARD,4,False,True
5013216,UTTAR PRADESH,BAREILLY,BHADPURA,1,Prehladpur,1,3,1,5,1,262406,2,2,3,17,8,12,8,6,0,0,0,0,0,0,0,51,5,2,3,0,4,2,1,1,1,1,0,0,2,2,1,1,2,Primary (1–5),STANDARD,2,False,True
5315743,UTTAR PRADESH,BAREILLY,BHUTA,1,Majhwa Hetram,1,3,1,5,1,243503,2,2,3,11,11,5,7,5,0,0,0,0,0,0,0,39,2,2,0,0,4,2,2,0,1,1,0,0,2,1,1,1,2,Primary (1–5),STANDARD,2,True,True
7813856,UTTAR PRADESH,BAREILLY,BHOJIPURA,1,Itauwa Kedar Nath,1,3,1,5,1,243202,2,2,3,28,30,29,31,33,0,0,0,0,0,0,0,151,6,4,2,0,6,0,5,1,1,1,0,1,2,1,1,1,2,Primary (1–5),STANDARD,6,True,True
2819301,UTTAR PRADESH,BAREILLY,RAMNAGAR,1,Bhoori Pur,1,3,1,5,1,243301,2,2,3,19,11,25,32,26,0,0,0,0,0,0,0,113,4,3,1,0,5,4,0,1,1,2,0,0,0,2,1,1,2,Primary (1–5),STANDARD,1,False,True
2595587,UTTAR PRADESH,BAREILLY,NAWABGANJ,1,Naua Nagla,1,3,1,5,1,243407,2,2,3,9,11,9,14,19,0,0,0,0,0,0,0,62,4,3,1,0,3,0,0,3,1,1,0,0,2,2,1,1,1,Primary (1–5),STANDARD,3,False,True
5060720,UTTAR PRADESH,BAREILLY,VITHARI CHAINPUR,1,Khajuria Brahmnan,1,3,1,5,1,243123,2,2,3,15,19,18,27,32,0,0,0,0,0,0,0,111,8,6,2,0,4,2,0,2,1,1,0,0,2,2,1,1,1,Primary (1–5),STANDARD,2,False,True
9151854,UTTAR PRADESH,BAREILLY,BAREILLY TOWN,2,,1,3,1,5,1,243001,2,2,3,4,4,4,4,8,0,0,0,0,0,0,0,24,1,1,0,0,1,1,0,0,1,1,0,0,2,1,1,1,2,Primary (1–5),STANDARD,0,True,True
4907277,UTTAR PRADESH,BAREILLY,BAHERI TOWN,2,,1,3,1,5,1,243201,2,2,3,1,5,7,17,15,0,0,0,0,0,0,0,45,1,0,1,0,4,4,0,0,1,1,0,1,0,2,1,1,2,Primary (1–5),STANDARD,0,False,True
6086121,UTTAR PRADESH,BAREILLY,SHERGARH,1,Sihaur,1,3,1,5,1,243505,2,2,3,17,14,16,33,21,0,0,0,0,0,0,0,101,4,2,2,0,5,2,2,1,2,2,0,0,0,2,1,1,1,Primary (1–5),STANDARD,3,False,True
3306640,UTTAR PRADESH,BAREILLY,FARIDPUR,1,Mastipur,1,3,1,5,1,243506,2,2,3,14,8,21,21,18,0,0,0,0,0,0,0,82,4,3,1,0,4,2,0,2,1,1,0,0,2,2,1,1,1,Primary (1–5),STANDARD,2,False,True
9303502,UTTAR PRADESH,BAREILLY,BHADPURA,1,Purenia,1,3,1,5,1,262406,2,2,3,25,16,10,16,17,0,0,0,0,0,0,0,84,5,3,2,0,1,0,1,0,1,1,0,0,2,1,1,1,2,Primary (1–5),STANDARD,1,True,True
9630698,UTTAR PRADESH,BAREILLY,RAMNAGAR,2,,1,3,1,5,5,243303,2,2,3,45,34,38,31,31,0,0,0,0,0,0,0,179,5,5,0,0,3,3,0,0,2,2,2,1,1,1,1,1,1,Primary (1–5),STANDARD,0,True,True
6780420,UTTAR PRADESH,BAREILLY,MIRGANJ,1,Nandgaon,1,3,1,5,1,243504,2,2,3,15,17,30,27,26,0,0,0,0,0,0,0,115,7,5,0,2,8,2,4,2,1,1,0,0,0,1,1,1,1,Primary (1–5),STANDARD,6,True,True
8368705,UTTAR PRADESH,BAREILLY,KYARA,1,Faridapur Barkalisaheb,1,3,1,5,1,243001,2,2,3,14,14,18,11,11,0,0,0,0,0,0,0,68,3,2,1,0,5,2,0,3,1,1,0,0,2,2,1,1,1,Primary (1–5),STANDARD,3,False,True
9613491,UTTAR PRADESH,BAREILLY,BAHERI,1,Gursauli,1,3,1,5,1,243201,2,2,3,22,11,22,31,29,0,0,0,0,0,0,0,115,5,3,2,0,4,3,1,0,1,2,0,1,2,2,1,1,1,Primary (1–5),STANDARD,1,False,True
1751823,UTTAR PRADESH,BAREILLY,MAJHGAWAN,1,Baragaon,1,3,1,5,5,243302,2,2,3,20,24,15,15,3,0,0,0,0,0,0,0,77,6,6,0,0,5,5,0,0,1,2,0,1,0,2,1,1,1,Primary (1–5),STANDARD,0,False,True
4892475,UTTAR PRADESH,BAREILLY,BAHERI,1,Harsoo Nagla,10,3,9,12,5,243201,9,2,3,0,0,0,0,0,0,0,0,37,17,16,34,104,6,4,2,0,6,6,0,0,2,2,0,1,0,2,1,1,1,Higher Secondary (9–12),STANDARD,0,False,True
9202735,UTTAR PRADESH,BAREILLY,ALAMPUR,1,Pathree,1,3,1,5,1,243001,2,2,3,18,7,8,9,12,0,0,0,0,0,0,0,54,4,2,2,0,3,1,2,0,2,2,0,0,2,2,1,1,1,Primary (1–5),STANDARD,2,False,True
8260520,UTTAR PRADESH,BAREILLY,AONLA,2,,1,3,1,5,5,243301,2,2,3,0,0,0,6,7,0,0,0,0,0,0,0,13,1,1,0,0,5,5,0,0,1,1,0,0,0,2,1,2,1,Primary (1–5),STANDARD,0,False,False
2344767,UTTAR PRADESH,BAREILLY,NAWABGANJ,1,Milak Udhranpur,1,3,1,5,1,262406,2,2,3,4,2,3,4,1,0,0,0,0,0,0,0,14,2,1,1,0,3,0,2,1,1,1,0,0,2,1,1,1,1,Primary (1–5),STANDARD,3,True,True
9872631,UTTAR PRADESH,BAREILLY,AONLA,2,,2,3,1,8,5,243301,2,2,3,32,29,47,39,36,28,29,37,0,0,0,0,277,8,7,1,0,10,10,0,0,5,1,0,0,0,1,2,1,2,Upper Primary (1–8),STANDARD,0,True,True
5849010,UTTAR PRADESH,BAREILLY,BHOJIPURA,2,,6,3,1,10,97,243202,2,2,3,33,35,59,51,46,29,31,24,35,28,0,0,371,11,1,10,0,20,20,0,0,1,9,0,0,0,2,2,1,1,Secondary (1–10),STANDARD,0,False,True
7450866,UTTAR PRADESH,BAREILLY,BAHERI,1,Pununagar,1,3,1,5,5,243505,2,2,3,16,11,18,11,20,0,0,0,0,0,0,0,76,5,5,0,0,5,5,0,0,2,2,0,0,0,2,1,1,1,Primary (1–5),STANDARD,0,False,True
3471209,UTTAR PRADESH,BAREILLY,MIRGANJ,1,Haldikhurd,10,3,9,12,5,243504,9,2,3,0,0,0,0,0,0,0,0,160,134,178,157,629,13,3,10,0,18,18,0,0,8,2,1,1,1,1,2,1,1,Higher Secondary (9–12),STANDARD,0,True,True
1217450,UTTAR PRADESH,BAREILLY,RICHHA(DAMKHODA),2,,1,3,1,5,5,243203,2,2,3,84,63,57,55,74,0,0,0,0,0,0,0,333,8,0,8,0,8,8,0,0,2,3,0,0,0,1,2,2,1,Primary (1–5),STANDARD,0,True,False
5261437,UTTAR PRADESH,BAREILLY,BHUTA,1,Mandora,1,3,1,5,5,243001,2,2,3,41,15,13,15,12,0,0,0,0,0,0,0,96,9,5,2,2,6,6,0,0,1,1,6,0,0,1,1,1,1,Primary (1–5),STANDARD,0,True,True
5615843,UTTAR PRADESH,BAREILLY,BAREILLY TOWN,2,,1,3,1,5,97,243005,2,2,3,68,47,37,27,37,0,0,0,0,0,0,0,216,5,2,0,3,8,8,0,0,2,2,0,0,0,2,1,2,1,Primary (1–5),STANDARD,0,False,False
6280665,UTTAR PRADESH,BAREILLY,NAWABGANJ,1,Richhola Kifayatullah,2,3,1,8,5,262406,1,2,3,53,24,36,43,39,51,54,33,0,0,0,0,333,11,2,9,0,12,12,0,0,2,2,10,2,1,1,1,2,1,Upper Primary (1–8),STANDARD,0,True,False
4066684,UTTAR PRADESH,BAREILLY,RICHHA(DAMKHODA),2,,1,3,1,5,5,243202,2,1,3,21,37,20,14,21,0,0,0,0,0,0,0,113,7,0,4,3,15,15,0,0,6,6,5,0,0,2,1,1,1,Primary (1–5),STANDARD,0,False,True
9394153,UTTAR PRADESH,BAREILLY,MIRGANJ,1,Ballia,1,3,1,5,5,243504,2,2,3,15,1,26,0,0,0,0,0,0,0,0,0,42,5,5,0,0,5,5,0,0,1,1,3,1,0,1,1,2,1,Primary (1–5),STANDARD,0,True,False
9115907,UTTAR PRADESH,BAREILLY,BAREILLY TOWN,2,,8,3,9,10,5,243001,9,2,1,0,0,0,0,0,0,0,0,15,24,0,0,39,4,4,0,0,4,4,0,0,5,4,32,2,0,1,1,1,1,Secondary (9–10),STANDARD,0,True,True
6566145,UTTAR PRADESH,BAREILLY,ALAMPUR,1,Sarau,2,3,1,8,5,243301,1,2,3,74,63,44,47,38,45,38,24,0,0,0,0,373,9,8,1,0,10,10,0,0,1,1,0,0,0,1,1,2,1,Upper Primary (1–8),STANDARD,0,True,False
2365070,UTTAR PRADESH,BAREILLY,BAHERI TOWN,2,,2,3,1,8,5,243001,1,2,3,125,115,119,113,99,74,75,60,0,0,0,0,780,16,14,2,0,18,18,0,0,5,5,10,2,0,1,1,1,1,Upper Primary (1–8),STANDARD,0,True,True
7391796,UTTAR PRADESH,BAREILLY,RICHHA(DAMKHODA),2,,3,3,1,12,97,243203,2,2,3,0,1,14,5,3,7,1,3,7,0,0,0,41,5,2,3,0,10,10,0,0,1,1,1,1,1,1,1,1,1,Higher Secondary (1–12),STANDARD,0,True,True
2404191,UTTAR PRADESH,BAREILLY,SHERGARH,1,Sheeshgarh,1,3,1,5,5,243505,2,2,3,29,65,32,43,33,0,0,0,0,0,0,0,202,5,1,4,0,5,5,0,0,5,2,1,0,0,2,1,1,1,Primary (1–5),STANDARD,0,False,True
2763614,UTTAR PRADESH,BAREILLY,SHERGARH,2,,1,3,1,5,97,243201,2,2,3,14,0,2,14,3,0,0,0,0,0,0,0,33,4,2,2,0,5,5,0,0,1,1,0,0,0,1,2,1,2,Primary (1–5),STANDARD,0,True,True
8642919,UTTAR PRADESH,BAREILLY,BAREILLY TOWN,2,,2,3,1,8,5,243001,1,2,3,33,50,27,37,28,25,16,15,0,0,0,0,231,8,0,8,0,11,11,0,0,3,3,1,1,0,1,1,2,2,Upper Primary (1–8),STANDARD,0,True,False
7474935,UTTAR PRADESH,BAREILLY,ALAMPUR,1,Karpia Khas,1,3,1,5,5,243301,2,2,3,8,16,18,15,17,0,0,0,0,0,0,0,74,5,4,1,0,6,6,0,0,1,1,0,0,0,2,2,2,1,Primary (1–5),STANDARD,0,False,False
2862316,UTTAR PRADESH,BAREILLY,BHOJIPURA,2,,2,3,1,8,5,243202,1,2,3,50,54,45,43,44,40,57,46,0,0,0,0,379,11,4,7,0,17,17,0,0,3,3,10,1,0,1,1,1,1,Upper Primary (1–8),STANDARD,0,True,True
4510538,UTTAR PRADESH,BAREILLY,RICHHA(DAMKHODA),1,Khara Ramnagar,10,3,9,12,5,243203,9,2,1,0,0,0,0,0,0,0,0,63,115,22,28,228,8,0,0,8,8,8,0,0,3,3,0,1,0,2,1,1,1,Higher Secondary (9–12),STANDARD,0,False,True
5798053,UTTAR PRADESH,BAREILLY,VITHARI CHAINPUR,1,Kesarpur,2,3,1,8,5,243001,2,2,3,6,4,3,5,5,3,0,0,0,0,0,0,26,4,4,0,0,8,8,0,0,1,1,0,0,0,2,1,2,2,Upper Primary (1–8),STANDARD,0,False,False
7370617,UTTAR PRADESH,BAREILLY,SHERGARH,1,Salehpur Mujahidpur,1,3,1,5,97,243505,2,2,3,0,0,0,6,2,0,0,0,0,0,0,0,8,3,3,0,0,4,4,0,0,1,1,0,0,0,2,2,2,2,Primary (1–5),STANDARD,0,False,False
9859472,UTTAR PRADESH,BAREILLY,BAREILLY TOWN,2,,1,3,1,5,5,243001,2,2,3,54,39,34,30,30,0,0,0,0,0,0,0,187,7,0,1,6,5,5,0,0,1,1,3,1,0,1,1,2,1,Primary (1–5),STANDARD,0,True,False
9199690,UTTAR PRADESH,BAREILLY,VITHARI CHAINPUR,1,Rajpuri Nawada,6,3,1,10,5,243503,1,2,2,100,86,84,102,80,123,94,100,166,161,0,0,1096,30,30,0,0,36,36,0,0,13,10,5,2,0,1,1,2,1,Secondary (1–10),STANDARD,0,True,False
8195361,UTTAR PRADESH,BAREILLY,BAREILLY TOWN,2,,1,3,1,5,5,243003,1,2,3,124,100,82,82,86,0,0,0,0,0,0,0,474,33,33,0,0,24,24,0,0,6,3,25,0,0,1,1,1,1,Primary (1–5),STANDARD,0,True,True
2330868,UTTAR PRADESH,BAREILLY,BHOJIPURA,1,Gopalpur Azizpur,1,3,1,5,5,243202,2,2,3,19,15,23,23,26,0,0,0,0,0,0,0,106,7,7,0,0,5,5,0,0,1,1,0,1,0,2,2,2,1,Primary (1–5),STANDARD,0,False,False
9817232,UTTAR PRADESH,BAREILLY,NAWABGANJ,1,Inayatpur,1,3,1,5,5,262406,1,2,3,26,26,16,9,21,0,0,0,0,0,0,0,98,10,0,0,10,7,7,0,0,2,2,6,1,0,1,1,1,1,Primary (1–5),STANDARD,0,True,True
1658357,UTTAR PRADESH,BAREILLY,BHADPURA,1,Keyolariya,1,3,1,5,5,262406,2,2,3,7,8,10,13,13,0,0,0,0,0,0,0,51,5,2,3,0,6,6,0,0,1,1,0,0,0,1,1,1,1,Primary (1–5),STANDARD,0,True,True
4131395,UTTAR PRADESH,BAREILLY,BAREILLY TOWN,2,,3,3,1,12,5,243001,1,2,3,60,57,65,94,82,82,110,101,102,101,112,104,1070,74,74,0,0,35,35,0,0,10,10,65,3,0,1,1,1,1,Higher Secondary (1–12),STANDARD,0,True,True
9452318,UTTAR PRADESH,BAREILLY,NAWABGANJ,2,,10,3,9,12,5,243001,9,2,3,0,0,0,0,0,0,0,0,31,28,16,38,113,6,6,0,0,8,8,0,0,3,2,1,1,0,1,1,1,1,Higher Secondary (9–12),STANDARD,0,True,True
9330718,UTTAR PRADESH,BAREILLY,MIRGANJ,2,,2,3,1,8,5,243001,2,2,3,21,40,54,37,54,62,82,76,0,0,0,0,426,7,5,2,0,8,8,0,0,4,4,0,1,0,1,1,2,1,Upper Primary (1–8),STANDARD,0,True,False
6392058,UTTAR PRADESH,BAREILLY,BAREILLY TOWN,2,,1,3,1,5,5,243122,2,2,3,14,11,10,5,2,0,0,0,0,0,0,0,42,5,5,0,0,5,5,0,0,2,2,2,1,0,2,1,1,1,Primary (1–5),STANDARD,0,False,True
6586173,UTTAR PRADESH,BAREILLY,RICHHA(DAMKHODA),2,,5,3,6,12,5,243201,9,2,3,0,0,0,0,0,105,62,35,171,3,26,0,402,12,10,2,0,22,22,0,0,3,3,2,2,1,1,2,1,2,Higher Secondary (6–12),STANDARD,0,True,True
6846453,UTTAR PRADESH,BAREILLY,ALAMPUR,1,Alampur Japhrabad,4,3,6,8,5,243001,9,2,3,0,0,0,0,0,17,28,4,0,0,0,0,49,4,0,4,0,4,4,0,0,1,1,0,1,0,1,1,1,1,Upper Primary (6–8),STANDARD,0,True,True
7155562,UTTAR PRADESH,BAREILLY,BAHERI,1,Banjaria,2,3,1,8,1,243201,2,2,3,8,13,12,13,12,17,16,17,0,0,0,0,108,5,3,2,0,8,3,2,3,2,2,0,2,1,1,1,1,2,Upper Primary (1–8),STANDARD,5,True,True
7576728,UTTAR PRADESH,BAREILLY,SHERGARH,1,Simrawa,8,3,9,10,1,243201,9,2,3,0,0,0,0,0,0,0,0,38,32,0,0,70,4,4,0,0,4,4,0,0,2,2,11,0,0,1,1,1,2,Secondary (9–10),STANDARD,0,True,True
5589024,UTTAR PRADESH,BAREILLY,BHADPURA,1,Madhu Nagla,4,3,6,8,1,262406,9,2,3,0,0,0,0,0,19,20,22,0,0,0,0,61,3,3,0,0,3,0,0,3,1,1,0,0,2,2,1,1,1,Upper Primary (6–8),STANDARD,3,False,True
4254511,UTTAR PRADESH,BAREILLY,BAHERI,1,Jamkhajoor,2,3,1,8,1,243201,2,2,3,11,10,3,12,11,8,12,16,0,0,0,0,83,4,3,1,0,7,4,1,2,1,1,0,0,2,1,1,1,1,Upper Primary (1–8),STANDARD,3,True,True
9226077,UTTAR PRADESH,BAREILLY,RAMNAGAR,1,Manauna,4,2,6,8,1,243301,9,2,1,0,0,0,0,0,32,43,25,0,0,0,0,100,8,0,8,0,3,3,0,0,0,8,7,0,0,1,1,1,1,Upper Primary (6–8),STANDARD,0,True,True
3618342,UTTAR PRADESH,BAREILLY,BHOJIPURA,1,Gopalpur Azizpur,1,3,1,5,5,243202,1,2,3,11,26,26,31,24,0,0,0,0,0,0,0,118,5,0,5,0,10,8,2,0,1,1,0,0,0,2,1,1,1,Primary (1–5),STANDARD,2,False,True
6098662,UTTAR PRADESH,BAREILLY,ALAMPUR,1,Katsari,4,3,6,8,1,243001,9,2,3,0,0,0,0,0,21,19,12,0,0,0,0,52,2,2,0,0,3,3,0,0,1,1,0,0,2,2,1,1,1,Upper Primary (6–8),STANDARD,0,False,True
6486856,UTTAR PRADESH,BAREILLY,ALAMPUR,1,Himmatpur,2,3,1,8,1,243402,2,2,3,20,15,16,35,24,13,29,29,0,0,0,0,181,8,7,1,0,9,9,0,0,1,1,0,0,2,2,1,1,1,Upper Primary (1–8),STANDARD,0,False,True
5474414,UTTAR PRADESH,BAREILLY,FATEHGANJ,1,Murar Pur,2,3,1,8,1,243202,2,2,3,8,7,5,16,8,37,42,24,0,0,0,0,147,7,6,1,0,7,0,4,3,1,2,0,1,2,2,1,1,1,Upper Primary (1–8),STANDARD,7,False,True
9719103,UTTAR PRADESH,BAREILLY,MAJHGAWAN,1,Mohammad Ganj,4,3,6,8,1,243302,9,2,3,0,0,0,0,0,65,45,57,0,0,0,0,167,6,5,0,1,4,4,0,0,1,1,0,0,2,2,1,1,2,Upper Primary (6–8),STANDARD,0,False,True
3220819,UTTAR PRADESH,BAREILLY,KYARA,1,Jogither,2,3,1,8,1,243001,2,2,3,26,26,26,50,34,80,67,47,0,0,0,0,356,16,11,5,0,8,4,1,3,1,1,0,0,2,1,1,1,2,Upper Primary (1–8),STANDARD,4,True,True
8210828,UTTAR PRADESH,BAREILLY,BAHERI,1,Gursauli,4,3,6,8,1,243201,9,2,3,0,0,0,0,0,69,33,21,0,0,0,0,123,3,3,0,0,5,5,0,0,1,2,0,1,0,2,1,1,1,Upper Primary (6–8),STANDARD,0,False,True
4180387,UTTAR PRADESH,BAREILLY,BAHERI,1,Murarpur Urf Murchaura,2,3,1,8,1,243201,2,2,3,10,10,3,8,17,35,34,36,0,0,0,0,153,7,5,2,0,12,5,5,2,1,2,0,0,2,1,1,1,1,Upper Primary (1–8),STANDARD,7,True,True
7476599,UTTAR PRADESH,BAREILLY,BAHERI TOWN,2,,5,3,6,12,4,243201,9,2,3,0,0,0,0,0,162,145,133,153,132,114,138,977,18,10,8,0,14,14,0,0,2,12,4,0,0,1,1,1,1,Higher Secondary (6–12),STANDARD,0,True,True
8183383,UTTAR PRADESH,BAREILLY,FATEHGANJ,1,Khirka,2,3,1,8,1,243501,2,2,3,11,9,14,18,24,45,57,56,0,0,0,0,234,11,9,2,0,9,6,3,0,2,4,0,0,2,1,1,1,1,Upper Primary (1–8),STANDARD,3,True,True
7836193,UTTAR PRADESH,BAREILLY,BHADPURA,1,Sundari,2,3,1,8,1,262406,2,2,3,18,7,8,19,24,45,30,26,0,0,0,0,177,6,6,0,0,7,7,0,0,2,3,0,0,2,2,1,1,1,Upper Primary (1–8),STANDARD,0,False,True
1124890,UTTAR PRADESH,BAREILLY,BAREILLY TOWN,2,,3,2,1,12,4,243001,2,2,3,8,7,17,29,29,46,49,58,103,100,124,116,686,17,17,0,0,30,24,2,4,0,7,9,0,0,1,1,1,1,Higher Secondary (1–12),STANDARD,6,True,True
5933982,UTTAR PRADESH,BAREILLY,BAREILLY TOWN,2,,1,3,1,5,5,243122,2,2,3,1,17,8,2,0,0,0,0,0,0,0,0,28,5,5,0,0,5,5,0,0,2,1,1,0,1,2,1,2,1,Primary (1–5),STANDARD,0,False,False
5959899,UTTAR PRADESH,BAREILLY,SHERGARH,2,,2,3,1,8,5,243501,1,2,3,12,10,14,9,11,8,13,8,0,0,0,0,85,10,10,0,0,10,10,0,0,2,2,1,2,0,1,1,1,1,Upper Primary (1–8),STANDARD,0,True,True
2781244,UTTAR PRADESH,BAREILLY,MIRGANJ,1,Shamashpur,1,3,1,5,5,243504,2,2,3,41,36,50,44,30,0,0,0,0,0,0,0,201,6,1,5,0,5,5,0,0,1,1,0,0,0,2,1,2,1,Primary (1–5),STANDARD,0,False,False
5965325,UTTAR PRADESH,BAREILLY,NAWABGANJ,1,Indh Jagir,4,3,6,8,1,243407,9,2,3,0,0,0,0,0,73,54,31,0,0,0,0,158,5,4,0,1,4,4,0,0,1,1,0,1,2,2,1,1,1,Upper Primary (6–8),STANDARD,0,False,True
7103659,UTTAR PRADESH,BAREILLY,FARIDPUR TOWN,2,,1,3,1,5,5,243503,2,2,3,29,45,68,40,34,0,0,0,0,0,0,0,216,2,2,0,0,5,5,0,0,2,1,0,0,0,2,1,1,1,Primary (1–5),STANDARD,0,False,True
1224673,UTTAR PRADESH,BAREILLY,BAREILLY TOWN,2,,5,3,6,12,4,243001,9,2,3,0,0,0,0,0,5,16,21,46,64,61,95,308,22,22,0,0,11,0,0,11,3,1,1,1,0,1,1,2,1,Higher Secondary (6–12),STANDARD,11,True,False
3918406,UTTAR PRADESH,BAREILLY,BHUTA,1,Khajuria Shampat,2,3,1,8,5,243123,2,2,3,0,1,1,2,6,77,96,79,0,0,0,0,262,4,1,3,0,3,3,0,0,1,1,0,0,0,2,2,2,2,Upper Primary (1–8),STANDARD,0,False,False
8539376,UTTAR PRADESH,BAREILLY,RAMNAGAR,1,Alampur Kot,1,3,1,5,1,243303,2,2,3,18,15,19,34,33,0,0,0,0,0,0,0,119,4,2,2,0,5,5,0,0,1,1,0,0,0,2,1,1,2,Primary (1–5),STANDARD,0,False,True
9406059,UTTAR PRADESH,BAREILLY,FARIDPUR,1,Nagaria Vikram,1,3,1,5,1,243503,2,2,3,28,27,37,45,45,0,0,0,0,0,0,0,182,6,4,1,1,6,6,0,0,2,2,0,0,2,1,1,1,1,Primary (1–5),STANDARD,0,True,True
3757826,UTTAR PRADESH,BAREILLY,BAREILLY TOWN,2,,1,3,1,5,5,243001,2,2,3,33,34,35,34,35,0,0,0,0,0,0,0,171,7,7,0,0,5,5,0,0,1,1,0,0,0,2,1,1,2,Primary (1–5),STANDARD,0,False,True
6038774,UTTAR PRADESH,BAREILLY,NAWABGANJ,1,Tanda Sadat,1,3,1,5,5,243407,2,2,3,25,28,36,22,25,0,0,0,0,0,0,0,136,5,5,0,0,3,3,0,0,1,1,1,1,0,2,1,1,1,Primary (1–5),STANDARD,0,False,True
6082927,UTTAR PRADESH,BAREILLY,LUCKNOW REGION,1,Rafiabad,5,3,6,12,93,243001,9,2,1,0,0,0,0,0,80,80,82,81,79,78,49,529,31,25,6,0,14,14,0,0,5,5,32,41,146,1,1,1,1,Higher Secondary (6–12),STANDARD,0,True,True
3754482,UTTAR PRADESH,BAREILLY,FATEHGANJ,1,Bibia Pur Kayasthan,1,3,1,5,1,243506,2,2,3,11,11,6,12,9,0,0,0,0,0,0,0,49,3,2,1,0,4,0,1,3,1,1,0,0,2,1,1,1,1,Primary (1–5),STANDARD,4,True,True
9424586,UTTAR PRADESH,BAREILLY,SHERGARH,1,Rustam Nagar,1,3,1,5,1,243201,2,2,3,9,16,13,21,14,0,0,0,0,0,0,0,73,4,3,1,0,10,5,5,0,1,1,0,0,2,2,1,1,2,Primary (1–5),STANDARD,5,False,True
3901688,UTTAR PRADESH,BAREILLY,FATEHGANJ,1,Pithupura,1,3,1,5,1,243502,2,2,3,16,14,10,6,12,0,0,0,0,0,0,0,58,4,4,0,0,6,3,0,3,1,1,0,0,2,2,1,1,1,Primary (1–5),STANDARD,3,False,True
7182726,UTTAR PRADESH,BAREILLY,KYARA,1,Chandpur Kajiyan,1,3,1,5,1,243502,2,2,3,14,14,19,25,18,0,0,0,0,0,0,0,90,4,4,0,0,5,5,0,0,1,1,0,0,2,2,1,1,1,Primary (1–5),STANDARD,0,False,True
3719926,UTTAR PRADESH,BAREILLY,VITHARI CHAINPUR,1,Bhagwatipur,1,3,1,5,1,243122,2,2,3,8,10,12,11,6,0,0,0,0,0,0,0,47,4,2,2,0,5,5,0,0,1,1,0,0,2,2,1,1,1,Primary (1–5),STANDARD,0,False,True
2747334,UTTAR PRADESH,BAREILLY,FARIDPUR,1,Ruriya,1,3,1,5,1,243503,2,2,3,19,21,27,41,40,0,0,0,0,0,0,0,148,3,3,0,0,6,0,3,3,2,1,0,0,2,1,1,1,2,Primary (1–5),STANDARD,6,True,True
9876004,UTTAR PRADESH,BAREILLY,MIRGANJ,2,,1,3,1,5,1,243504,2,2,3,4,6,14,14,19,0,0,0,0,0,0,0,57,3,2,1,0,4,2,1,1,1,1,0,0,0,2,1,1,1,Primary (1–5),STANDARD,2,False,True
8950444,UTTAR PRADESH,BAREILLY,BHOJIPURA,1,Beerpur Urf Kasam Nager,1,3,1,5,1,243502,2,2,3,12,3,8,7,5,0,0,0,0,0,0,0,35,5,3,2,0,3,3,0,0,1,1,0,0,2,1,1,1,1,Primary (1–5),STANDARD,0,True,True
2535774,UTTAR PRADESH,BAREILLY,BAREILLY TOWN,2,,1,3,1,5,1,243122,2,2,3,2,2,2,8,0,0,0,0,0,0,0,0,14,0,0,0,0,1,0,0,1,1,1,0,0,1,2,1,1,2,Primary (1–5),STANDARD,1,False,True
4171371,UTTAR PRADESH,BAREILLY,BHUTA,1,Dalpura,1,3,1,5,1,243503,2,2,3,10,6,10,19,14,0,0,0,0,0,0,0,59,3,1,2,0,3,3,0,0,1,1,0,0,2,1,1,1,2,Primary (1–5),STANDARD,0,True,True
3178635,UTTAR PRADESH,BAREILLY,NAWABGANJ,1,Fazilpur,1,3,1,5,1,262406,2,2,3,19,24,10,45,43,0,0,0,0,0,0,0,141,6,6,0,0,4,0,1,3,1,1,0,1,2,2,1,1,2,Primary (1–5),STANDARD,4,False,True
9279830,UTTAR PRADESH,BAREILLY,BHOJIPURA,1,Kalara,1,3,1,5,1,243202,2,2,3,12,5,6,16,12,0,0,0,0,0,0,0,51,4,3,1,0,7,5,1,1,1,1,0,1,2,1,1,1,1,Primary (1–5),STANDARD,2,True,True
9240191,UTTAR PRADESH,BAREILLY,KYARA,1,Dhaneti Kharagpur,1,3,1,5,1,243302,2,2,3,19,19,19,50,33,0,0,0,0,0,0,0,140,7,5,2,0,6,6,0,0,1,1,0,0,2,1,1,1,1,Primary (1–5),STANDARD,0,True,True
6070835,UTTAR PRADESH,BAREILLY,SHERGARH,2,,3,3,1,12,97,243505,2,2,3,12,22,3,32,7,11,21,0,4,7,4,9,132,9,7,2,0,13,13,0,0,2,2,0,3,0,1,1,2,2,Higher Secondary (1–12),STANDARD,0,True,False
3112122,UTTAR PRADESH,BAREILLY,BAHERI,1,Parohi,1,3,1,5,1,243201,2,2,3,26,17,22,39,55,0,0,0,0,0,0,0,159,8,7,1,0,6,4,2,0,2,2,0,1,2,2,1,1,2,Primary (1–5),STANDARD,2,False,True
7895342,UTTAR PRADESH,BAREILLY,VITHARI CHAINPUR,1,Kesarpur,1,3,1,5,1,243123,2,2,3,5,2,7,7,9,0,0,0,0,0,0,0,30,2,1,1,0,3,0,1,2,1,1,0,0,2,1,1,1,1,Primary (1–5),STANDARD,3,True,True
5427939,UTTAR PRADESH,BAREILLY,BAREILLY TOWN,2,,1,3,1,5,5,243001,2,2,3,11,0,0,0,0,0,0,0,0,0,0,0,11,1,1,0,0,1,1,0,0,1,1,0,0,0,2,2,2,2,Primary (1–5),STANDARD,0,False,False
4976100,UTTAR PRADESH,BAREILLY,FARIDPUR,1,Aurangabad,1,3,1,5,5,243503,2,2,3,23,22,20,31,29,0,0,0,0,0,0,0,125,6,6,0,0,5,5,0,0,2,2,0,0,0,1,1,1,1,Primary (1–5),STANDARD,0,True,True
1606449,UTTAR PRADESH,BAREILLY,BAREILLY TOWN,2,,1,3,1,5,5,243001,2,2,3,16,16,19,10,20,0,0,0,0,0,0,0,81,5,0,5,0,7,7,0,0,1,1,1,1,0,1,1,2,2,Primary (1–5),STANDARD,0,True,False
3472727,UTTAR PRADESH,BAREILLY,BAREILLY TOWN,2,,2,3,1,8,5,243502,2,2,3,0,6,5,15,6,5,1,24,0,0,0,0,62,6,6,0,0,5,5,0,0,2,2,2,2,0,1,1,2,2,Upper Primary (1–8),STANDARD,0,True,False
8198209,UTTAR PRADESH,BAREILLY,SHERGARH,1,Manpur,10,3,9,12,5,243201,9,2,3,0,0,0,0,0,0,0,0,124,129,144,170,567,24,3,16,5,26,26,0,0,10,10,15,2,2,1,1,1,1,Higher Secondary (9–12),STANDARD,0,True,True
8739746,UTTAR PRADESH,BAREILLY,RAMNAGAR,1,Hardaspur,1,3,1,5,5,243303,2,2,3,37,40,49,50,44,0,0,0,0,0,0,0,220,5,5,0,0,6,6,0,0,1,1,0,0,0,2,1,1,2,Primary (1–5),STANDARD,0,False,True
5747324,UTTAR PRADESH,BAREILLY,RICHHA(DAMKHODA),1,Manunagar,1,3,1,5,5,243202,2,2,3,20,12,7,17,11,0,0,0,0,0,0,0,67,6,6,0,0,5,5,0,0,2,2,1,1,0,1,1,1,1,Primary (1–5),STANDARD,0,True,True
9520758,UTTAR PRADESH,BAREILLY,BAHERI TOWN,2,,1,3,1,5,97,243201,2,2,3,11,18,10,10,9,0,0,0,0,0,0,0,58,4,4,0,0,7,7,0,0,2,1,0,0,0,2,1,1,2,Primary (1–5),STANDARD,0,False,True
3281689,UTTAR PRADESH,BAREILLY,BAREILLY TOWN,2,,1,3,1,5,5,243502,1,2,3,47,61,72,56,54,0,0,0,0,0,0,0,290,8,3,5,0,7,7,0,0,2,1,1,2,0,2,1,1,1,Primary (1–5),STANDARD,0,False,True
3670803,UTTAR PRADESH,BAREILLY,KYARA,1,Chaubari Mustqil,1,3,1,5,5,243003,2,2,3,16,10,12,13,4,0,0,0,0,0,0,0,55,7,7,0,0,7,7,0,0,2,2,0,0,0,2,1,2,1,Primary (1–5),STANDARD,0,False,False
6104393,UTTAR PRADESH,BAREILLY,NAWABGANJ,1,Bakainia,4,3,6,8,5,243407,9,2,3,0,0,0,0,0,46,41,29,0,0,0,0,116,5,0,5,0,3,3,0,0,2,2,2,0,0,2,1,2,1,Upper Primary (6–8),STANDARD,0,False,False
9517826,UTTAR PRADESH,BAREILLY,BAHERI TOWN,2,,2,3,1,8,5,243201,2,2,3,8,4,2,3,2,10,4,1,0,0,0,0,34,7,7,0,0,8,8,0,0,2,2,2,1,0,2,1,1,1,Upper Primary (1–8),STANDARD,0,False,True
5467287,UTTAR PRADESH,BAREILLY,SHERGARH,2,,1,3,1,5,97,243505,2,2,3,61,5,33,6,4,0,0,0,0,0,0,0,109,6,6,0,0,5,5,0,0,1,1,0,0,0,1,1,1,1,Primary (1–5),STANDARD,0,True,True
4980764,UTTAR PRADESH,BAREILLY,FATEHGANJ,2,,2,3,1,8,5,243501,2,2,3,36,59,48,35,30,35,24,28,0,0,0,0,295,9,0,9,0,8,8,0,0,2,2,0,0,0,2,1,2,1,Upper Primary (1–8),STANDARD,0,False,False
8845555,UTTAR PRADESH,BAREILLY,BAREILLY TOWN,2,,1,3,1,5,5,243001,2,2,3,14,9,10,6,5,0,0,0,0,0,0,0,44,5,1,4,0,5,5,0,0,2,2,0,0,0,1,1,1,1,Primary (1–5),STANDARD,0,True,True
3942732,UTTAR PRADESH,BAREILLY,VITHARI CHAINPUR,1,Kunwerpur Banjaria,2,3,1,8,5,243001,2,2,3,0,2,0,2,2,3,3,0,0,0,0,0,12,3,3,0,0,8,8,0,0,1,1,0,0,0,1,1,1,2,Upper Primary (1–8),STANDARD,0,True,True
1208579,UTTAR PRADESH,BAREILLY,VITHARI CHAINPUR,1,Mohanpur,1,3,1,5,5,243123,1,2,3,21,12,11,7,5,0,0,0,0,0,0,0,56,4,4,0,0,6,6,0,0,2,2,0,1,0,1,1,2,2,Primary (1–5),STANDARD,0,True,False
7003737,UTTAR PRADESH,BAREILLY,BAREILLY TOWN,2,,1,3,1,5,5,243001,2,2,3,5,7,2,8,3,0,0,0,0,0,0,0,25,2,2,0,0,5,5,0,0,1,1,1,0,0,2,1,1,1,Primary (1–5),STANDARD,0,False,True
4708961,UTTAR PRADESH,BAREILLY,BAREILLY TOWN,2,,2,3,1,8,5,243001,1,2,3,104,102,68,60,50,26,27,17,0,0,0,0,454,13,13,0,0,13,13,0,0,2,2,1,0,0,1,1,1,2,Upper Primary (1–8),STANDARD,0,True,True
8846821,UTTAR PRADESH,BAREILLY,SHERGARH,1,Sharif Nagar,6,3,1,10,5,243201,2,2,3,14,9,8,7,3,17,6,6,18,18,0,0,106,6,6,0,0,15,15,0,0,2,2,0,1,0,1,2,1,1,Secondary (1–10),STANDARD,0,True,True
4641134,UTTAR PRADESH,BAREILLY,KYARA,1,Kandharpur (Ct),2,3,1,8,5,243001,2,2,3,0,0,0,0,0,0,15,18,0,0,0,0,33,6,6,0,0,14,14,0,0,2,2,8,0,0,2,1,2,2,Upper Primary (1–8),STANDARD,0,False,False
1119771,UTTAR PRADESH,BAREILLY,BAREILLY TOWN,2,,2,3,1,8,5,243001,1,2,3,21,25,16,18,17,6,2,0,0,0,0,0,105,8,8,0,0,12,12,0,0,4,4,2,1,0,1,1,1,1,Upper Primary (1–8),STANDARD,0,True,True
4270505,UTTAR PRADESH,BAREILLY,AONLA,2,,1,3,1,5,5,243301,2,2,3,38,37,24,26,26,0,0,0,0,0,0,0,151,6,6,0,0,5,5,0,0,2,2,1,0,0,2,1,1,2,Primary (1–5),STANDARD,0,False,True
7901879,UTTAR PRADESH,BAREILLY,KYARA,1,Kandharpur (Ct),2,3,1,8,5,243001,1,2,3,45,32,21,29,19,13,5,7,0,0,0,0,171,8,8,0,0,16,16,0,0,3,3,5,2,0,1,1,1,1,Upper Primary (1–8),STANDARD,0,True,True
3250346,UTTAR PRADESH,BAREILLY,NAWABGANJ,1,Grem,4,3,6,8,1,243407,9,2,3,0,0,0,0,0,48,46,47,0,0,0,0,141,6,4,0,2,4,4,0,0,1,1,0,0,0,2,1,1,1,Upper Primary (6–8),STANDARD,0,False,True
7292568,UTTAR PRADESH,BAREILLY,BHADPURA,1,Keyolariya,6,3,1,10,97,262406,2,2,3,3,1,1,7,3,7,5,8,23,0,0,0,58,7,7,0,0,5,3,2,0,1,1,0,0,0,1,1,1,1,Secondary (1–10),STANDARD,2,True,True
7438317,UTTAR PRADESH,BAREILLY,FARIDPUR,1,Bargawan,4,3,6,8,1,243506,9,2,3,0,0,0,0,0,47,56,54,0,0,0,0,157,1,1,0,0,6,2,3,1,2,1,0,0,2,1,1,1,1,Upper Primary (6–8),STANDARD,4,True,True
2057719,UTTAR PRADESH,BAREILLY,RICHHA(DAMKHODA),2,,1,3,1,5,5,243201,2,2,3,16,19,27,34,48,0,0,0,0,0,0,0,144,2,2,0,0,6,6,0,0,2,2,1,1,0,1,1,2,1,Primary (1–5),STANDARD,0,True,False
5346244,UTTAR PRADESH,BAREILLY,NAWABGANJ,1,Ratna Chunni Lal,2,3,1,8,1,243201,2,2,3,41,56,63,55,95,55,82,55,0,0,0,0,502,12,9,3,0,12,8,2,2,3,3,0,1,2,2,1,1,1,Upper Primary (1–8),STANDARD,4,False,True
3976505,UTTAR PRADESH,BAREILLY,RAMNAGAR,1,Daraw Nagar,4,3,6,8,1,243301,9,2,3,0,0,0,0,0,39,42,25,0,0,0,0,106,4,4,0,0,5,5,0,0,1,1,0,0,2,2,1,1,1,Upper Primary (6–8),STANDARD,0,False,True
3409712,UTTAR PRADESH,BAREILLY,RICHHA(DAMKHODA),1,Simra,4,3,6,8,1,243201,9,2,3,0,0,0,0,0,2,2,8,0,0,0,0,12,1,1,0,0,4,1,0,3,1,1,0,1,1,2,1,1,1,Upper Primary (6–8),STANDARD,3,False,True
2733162,UTTAR PRADESH,BAREILLY,VITHARI CHAINPUR,1,Nagaria Kalan,4,3,6,8,1,243122,9,2,3,0,0,0,0,0,5,5,5,0,0,0,0,15,3,3,0,0,4,3,1,0,1,1,0,0,2,2,1,1,1,Upper Primary (6–8),STANDARD,1,False,True
2744386,UTTAR PRADESH,BAREILLY,VITHARI CHAINPUR,1,Urla Jagir,5,2,6,12,1,243123,9,2,3,0,0,0,0,0,43,81,46,114,112,107,114,617,10,10,0,0,14,14,0,0,0,3,6,0,0,1,1,1,1,Higher Secondary (6–12),STANDARD,0,True,True
5024177,UTTAR PRADESH,BAREILLY,VITHARI CHAINPUR,1,Balipur Ahmedpur,4,3,6,8,1,243123,9,2,3,0,0,0,0,0,29,30,27,0,0,0,0,86,7,5,0,2,5,0,5,0,1,1,0,0,0,2,1,1,1,Upper Primary (6–8),STANDARD,5,False,True
5257185,UTTAR PRADESH,BAREILLY,FARIDPUR,1,Pandhera,2,3,1,8,1,243506,2,2,3,3,2,6,7,9,7,9,11,0,0,0,0,54,4,2,2,0,6,1,2,3,1,1,0,0,2,2,1,1,1,Upper Primary (1–8),STANDARD,5,False,True
7002919,UTTAR PRADESH,BAREILLY,FARIDPUR,1,Shivpuri,4,1,6,8,1,243506,9,2,3,0,0,0,0,0,78,66,58,0,0,0,0,202,2,2,0,0,3,1,1,1,1,0,0,0,0,2,1,1,1,Upper Primary (6–8),STANDARD,2,False,True
8312411,UTTAR PRADESH,BAREILLY,RAMNAGAR,1,Kanthri Japharpur,2,3,1,8,1,243301,2,2,3,22,14,7,26,26,30,36,34,0,0,0,0,195,7,4,3,0,12,10,2,0,2,2,0,0,2,1,1,1,2,Upper Primary (1–8),STANDARD,2,True,True
2587879,UTTAR PRADESH,BAREILLY,BHOJIPURA,2,,4,3,6,8,4,243202,9,2,3,0,0,0,0,0,61,34,30,0,0,0,0,125,2,2,0,0,3,3,0,0,1,1,0,1,0,1,1,1,2,Upper Primary (6–8),STANDARD,0,True,True
3092088,UTTAR PRADESH,BAREILLY,BAREILLY TOWN,2,,2,3,1,8,1,243122,2,2,3,9,9,12,17,21,32,25,21,0,0,0,0,146,7,6,1,0,4,4,0,0,1,1,0,0,2,1,1,1,1,Upper Primary (1–8),STANDARD,0,True,True
6248259,UTTAR PRADESH,BAREILLY,SHERGARH,1,Ras,2,3,1,8,1,243505,2,2,3,14,5,5,12,10,27,25,18,0,0,0,0,116,6,5,1,0,7,4,1,2,2,2,0,2,2,1,1,1,1,Upper Primary (1–8),STANDARD,3,True,True
5306775,UTTAR PRADESH,BAREILLY,BAREILLY TOWN,2,,2,3,1,8,5,243003,1,2,3,56,53,59,40,63,46,45,56,0,0,0,0,418,10,10,0,0,11,11,0,0,2,2,1,1,0,1,1,1,1,Upper Primary (1–8),STANDARD,0,True,True
5819941,UTTAR PRADESH,BAREILLY,MAJHGAWAN,1,Majhgawan,1,3,1,5,5,243302,2,2,3,10,10,8,26,9,0,0,0,0,0,0,0,63,5,4,0,1,5,5,0,0,2,2,0,0,0,2,1,1,1,Primary (1–5),STANDARD,0,False,True
7305977,UTTAR PRADESH,BAREILLY,BAREILLY TOWN,2,,1,3,1,5,5,243001,2,2,3,6,10,15,14,15,0,0,0,0,0,0,0,60,2,2,0,0,5,5,0,0,2,2,0,0,0,2,1,1,1,Primary (1–5),STANDARD,0,False,True
6854304,UTTAR PRADESH,BAREILLY,KYARA,1,Bukhara,2,3,1,8,5,243401,1,2,3,51,35,25,31,33,24,26,23,0,0,0,0,248,12,1,11,0,12,12,0,0,4,4,3,1,1,1,1,2,2,Upper Primary (1–8),STANDARD,0,True,False
2914999,UTTAR PRADESH,BAREILLY,RICHHA(DAMKHODA),1,Kundara,1,3,1,5,1,243203,2,2,3,32,31,18,34,46,0,0,0,0,0,0,0,161,6,3,3,0,6,5,0,1,1,2,0,1,2,2,1,1,1,Primary (1–5),STANDARD,1,False,True
4653601,UTTAR PRADESH,BAREILLY,BAREILLY TOWN,2,,1,3,1,5,5,243001,2,2,3,29,17,22,10,12,0,0,0,0,0,0,0,90,5,3,2,0,5,5,0,0,1,1,1,0,0,2,1,1,1,Primary (1–5),STANDARD,0,False,True
1993394,UTTAR PRADESH,BAREILLY,BAREILLY TOWN,2,,2,3,1,8,5,243004,1,2,3,79,53,35,32,34,30,33,39,0,0,0,0,335,8,2,6,0,9,9,0,0,4,4,7,0,0,1,1,1,1,Upper Primary (1–8),STANDARD,0,True,True
9794900,UTTAR PRADESH,BAREILLY,KYARA,1,Manpur Ahaiyapur,2,3,1,8,5,243001,1,2,3,23,15,22,32,23,23,11,9,0,0,0,0,158,5,0,5,0,12,12,0,0,2,2,8,1,1,1,1,2,1,Upper Primary (1–8),STANDARD,0,True,False
1047456,UTTAR PRADESH,BAREILLY,BHOJIPURA,2,,1,3,1,5,97,243202,2,2,3,49,46,45,40,43,0,0,0,0,0,0,0,223,6,2,4,0,6,6,0,0,1,1,1,0,0,2,1,1,1,Primary (1–5),STANDARD,0,False,True
4365758,UTTAR PRADESH,BAREILLY,RICHHA(DAMKHODA),1,Baikenia Khajuria,1,3,1,5,1,243201,2,2,3,5,3,4,12,8,0,0,0,0,0,0,0,32,2,2,0,0,5,0,2,3,1,1,0,0,1,1,1,1,1,Primary (1–5),STANDARD,5,True,True
5935173,UTTAR PRADESH,BAREILLY,BHUTA,1,Paunagla,1,3,1,5,5,243503,2,2,3,24,14,9,6,17,0,0,0,0,0,0,0,70,5,5,0,0,5,5,0,0,1,1,0,0,0,2,2,2,1,Primary (1–5),STANDARD,0,False,False
7978043,UTTAR PRADESH,BAREILLY,NAWABGANJ,1,Samuha,1,3,1,5,1,262406,2,2,3,3,1,2,10,4,0,0,0,0,0,0,0,20,2,1,1,0,2,0,2,0,1,1,0,0,2,2,1,1,2,Primary (1–5),STANDARD,2,False,True
2846943,UTTAR PRADESH,BAREILLY,KYARA,1,Ghura Mustqil,1,3,1,5,1,243001,2,2,3,30,25,25,36,36,0,0,0,0,0,0,0,152,7,6,1,0,5,4,0,1,1,2,0,0,2,2,1,1,2,Primary (1–5),STANDARD,1,False,True
6122956,UTTAR PRADESH,BAREILLY,ALAMPUR,1,Hazratpur,1,3,1,5,1,243001,2,2,3,14,11,13,20,19,0,0,0,0,0,0,0,77,4,3,1,0,3,1,2,0,1,1,0,0,2,1,1,1,2,Primary (1–5),STANDARD,2,True,True
7677181,UTTAR PRADESH,BAREILLY,FATEHGANJ,1,Faridapur Jagir,1,3,1,5,1,243202,2,2,3,8,1,4,6,8,0,0,0,0,0,0,0,27,2,1,1,0,2,0,2,0,1,1,0,0,2,1,1,1,1,Primary (1–5),STANDARD,2,True,True
7925165,UTTAR PRADESH,BAREILLY,BHOJIPURA,1,Saidpur Piareylal,1,3,1,5,1,243122,2,2,3,0,4,1,4,2,0,0,0,0,0,0,0,11,2,1,1,0,3,1,2,0,1,1,0,1,2,1,1,1,1,Primary (1–5),STANDARD,2,True,True
6246946,UTTAR PRADESH,BAREILLY,RICHHA(DAMKHODA),1,Jamunia,1,3,1,5,1,243202,2,2,3,3,3,3,12,11,0,0,0,0,0,0,0,32,2,1,1,0,5,0,3,2,1,1,0,0,2,2,1,1,1,Primary (1–5),STANDARD,5,False,True
8633560,UTTAR PRADESH,BAREILLY,SHERGARH,1,Sheeshgarh,1,3,1,5,1,243505,2,2,3,14,12,24,24,25,0,0,0,0,0,0,0,99,3,2,1,0,4,3,1,0,1,1,0,0,2,2,1,1,1,Primary (1–5),STANDARD,1,False,True
8041418,UTTAR PRADESH,BAREILLY,BAHERI,1,Bahapur,1,3,1,5,1,243201,2,2,3,2,2,3,4,3,0,0,0,0,0,0,0,14,3,1,2,0,4,2,0,2,1,1,0,0,2,2,1,1,2,Primary (1–5),STANDARD,2,False,True
6956547,UTTAR PRADESH,BAREILLY,NAWABGANJ,1,Rampatia Bisharat Ali,1,3,1,5,1,243407,2,2,3,6,6,7,7,4,0,0,0,0,0,0,0,30,2,1,1,0,2,2,0,0,1,1,0,0,2,1,1,1,1,Primary (1–5),STANDARD,0,True,True
9497679,UTTAR PRADESH,BAREILLY,BAREILLY TOWN,2,,1,3,1,5,5,243001,2,2,3,0,4,13,7,6,0,0,0,0,0,0,0,30,4,3,1,0,5,5,0,0,1,1,0,0,0,1,1,1,1,Primary (1–5),STANDARD,0,True,True
2533730,UTTAR PRADESH,BAREILLY,BHUTA,1,Chathia Faizoo,4,3,6,8,5,243203,9,2,3,0,0,0,0,0,3,8,1,0,0,0,0,12,5,5,0,0,5,5,0,0,10,10,2,2,0,1,1,1,1,Upper Primary (6–8),STANDARD,0,True,True
7961594,UTTAR PRADESH,BAREILLY,BAREILLY TOWN,2,,2,3,1,8,5,243001,1,2,3,22,114,123,90,96,81,79,104,0,0,0,0,709,9,9,0,0,14,14,0,0,4,4,4,1,0,2,1,1,1,Upper Primary (1–8),STANDARD,0,False,True
2368962,UTTAR PRADESH,BAREILLY,RAMNAGAR,1,Kasumra,1,3,1,5,5,243301,2,2,3,7,11,37,28,19,0,0,0,0,0,0,0,102,7,7,0,0,6,6,0,0,1,1,0,0,0,1,1,1,2,Primary (1–5),STANDARD,0,True,True
1534840,UTTAR PRADESH,BAREILLY,SHERGARH,2,,6,3,1,10,97,243505,2,2,3,5,11,13,22,8,6,2,4,3,2,0,0,76,5,5,0,0,16,16,0,0,4,4,1,0,0,1,1,1,2,Secondary (1–10),STANDARD,0,True,True
1878924,UTTAR PRADESH,BAREILLY,VITHARI CHAINPUR,1,Parsona (Ct),1,3,1,5,97,243123,2,2,3,17,12,18,13,6,0,0,0,0,0,0,0,66,3,3,0,0,5,5,0,0,1,1,1,0,0,2,1,2,2,Primary (1–5),STANDARD,0,False,False
5483400,UTTAR PRADESH,BAREILLY,MAJHGAWAN,1,Nauhara Hasanpur,1,3,1,5,5,243302,2,2,3,12,0,0,0,0,0,0,0,0,0,0,0,12,3,3,0,0,3,3,0,0,1,1,0,0,0,2,1,2,2,Primary (1–5),STANDARD,0,False,False
4758022,UTTAR PRADESH,BAREILLY,BAREILLY TOWN,2,,1,3,1,5,1,243001,2,2,3,7,13,24,22,21,0,0,0,0,0,0,0,87,1,1,0,0,5,2,0,3,1,1,0,0,0,1,1,1,1,Primary (1–5),STANDARD,3,True,True
3694648,UTTAR PRADESH,BAREILLY,BAREILLY TOWN,2,,3,3,1,12,99,243003,2,2,2,72,33,25,14,12,9,11,16,36,26,30,21,305,14,11,3,0,19,19,0,0,34,5,1,0,0,1,1,1,1,Higher Secondary (1–12),STANDARD,0,True,True
2837278,UTTAR PRADESH,BAREILLY,MAJHGAWAN,1,Rahtuiya,4,3,6,8,5,243302,9,2,3,0,0,0,0,0,18,14,15,0,0,0,0,47,4,4,0,0,8,8,0,0,2,2,1,1,1,2,2,2,1,Upper Primary (6–8),STANDARD,0,False,False
3134529,UTTAR PRADESH,BAREILLY,BAREILLY TOWN,2,,1,3,1,5,97,243202,2,2,3,0,0,0,10,8,0,0,0,0,0,0,0,18,5,4,1,0,5,5,0,0,2,2,0,0,0,1,1,2,2,Primary (1–5),STANDARD,0,True,False
6823747,UTTAR PRADESH,BAREILLY,BAREILLY TOWN,2,,2,3,1,8,5,243001,2,2,3,16,28,20,16,15,20,8,14,0,0,0,0,137,8,8,0,0,8,8,0,0,2,2,15,1,1,1,1,1,1,Upper Primary (1–8),STANDARD,0,True,True
9381539,UTTAR PRADESH,BAREILLY,BAREILLY TOWN,2,,1,3,1,5,1,243001,2,2,3,11,10,6,18,25,0,0,0,0,0,0,0,70,1,1,0,0,4,4,0,0,2,1,0,0,0,2,1,1,2,Primary (1–5),STANDARD,0,False,True
4045702,UTTAR PRADESH,BAREILLY,BHOJIPURA,1,Jafarpur,1,3,1,5,1,243202,2,2,3,19,22,8,22,11,0,0,0,0,0,0,0,82,3,3,0,0,5,3,1,1,1,1,0,0,2,1,1,1,2,Primary (1–5),STANDARD,2,True,True
4628394,UTTAR PRADESH,BAREILLY,BAREILLY TOWN,2,,1,3,1,5,5,243001,2,2,2,9,1,5,11,7,0,0,0,0,0,0,0,33,2,2,0,0,4,4,0,0,1,1,1,1,0,1,1,2,2,Primary (1–5),STANDARD,0,True,False
9086094,UTTAR PRADESH,BAREILLY,VITHARI CHAINPUR,1,Khajuria Zulfiqar,6,3,1,10,5,243123,1,2,3,40,38,38,34,36,60,64,49,32,25,0,0,416,6,2,4,0,16,16,0,0,1,1,8,2,0,1,1,1,1,Secondary (1–10),STANDARD,0,True,True
3744990,UTTAR PRADESH,BAREILLY,ALAMPUR,1,Kemuwa,2,3,1,8,5,243001,2,2,3,0,10,14,10,11,13,18,14,0,0,0,0,90,7,7,0,0,5,5,0,0,1,1,0,0,0,2,2,2,2,Upper Primary (1–8),STANDARD,0,False,False
7948785,UTTAR PRADESH,BAREILLY,ALAMPUR,1,Makrandpur Dharajit,7,3,6,10,5,243401,9,2,3,0,0,0,0,0,30,35,32,38,40,0,0,175,8,3,5,0,13,13,0,0,4,4,1,1,1,2,1,1,1,Secondary (6–10),STANDARD,0,False,True
4770465,UTTAR PRADESH,BAREILLY,RAMNAGAR,1,Mauchand Pur,2,3,1,8,5,243303,2,2,3,10,28,22,52,50,88,80,59,0,0,0,0,389,12,12,0,0,10,10,0,0,1,1,1,1,0,1,1,1,1,Upper Primary (1–8),STANDARD,0,True,True
6219544,UTTAR PRADESH,BAREILLY,BAREILLY TOWN,2,,1,3,1,5,97,243123,2,2,3,7,8,0,1,0,0,0,0,0,0,0,0,16,4,4,0,0,5,5,0,0,1,1,4,2,0,1,1,2,2,Primary (1–5),STANDARD,0,True,False
5926354,UTTAR PRADESH,BAREILLY,BAHERI TOWN,2,,2,3,1,8,5,243201,2,2,3,8,9,10,9,3,6,3,3,0,0,0,0,51,7,7,0,0,8,8,0,0,1,1,0,2,0,1,1,1,1,Upper Primary (1–8),STANDARD,0,True,True
4057807,UTTAR PRADESH,BAREILLY,BHUTA,1,Bihari Pur,1,3,1,5,5,243123,2,2,3,0,6,5,5,0,0,0,0,0,0,0,0,16,3,3,0,0,3,3,0,0,1,2,0,0,0,2,2,1,2,Primary (1–5),STANDARD,0,False,True
5420454,UTTAR PRADESH,BAREILLY,BAHERI TOWN,2,,2,3,1,8,5,243001,2,2,3,3,4,2,7,10,7,4,4,0,0,0,0,41,4,4,0,0,8,8,0,0,2,3,5,1,0,1,1,1,1,Upper Primary (1–8),STANDARD,0,True,True
6916369,UTTAR PRADESH,BAREILLY,BAREILLY TOWN,2,,1,3,1,5,97,243122,2,2,3,0,10,0,18,5,0,0,0,0,0,0,0,33,5,2,3,0,4,4,0,0,0,2,0,1,0,2,1,1,1,Primary (1–5),STANDARD,0,False,True
7796331,UTTAR PRADESH,BAREILLY,SHERGARH,1,Sharif Nagar,1,3,1,5,5,243505,2,2,3,27,20,13,12,8,0,0,0,0,0,0,0,80,5,5,0,0,9,6,1,2,1,1,0,1,0,2,2,1,1,Primary (1–5),STANDARD,3,False,True
1670795,UTTAR PRADESH,BAREILLY,MIRGANJ,1,Masihabad,2,3,1,8,5,243504,2,2,3,12,18,8,11,8,18,17,7,0,0,0,0,99,7,0,7,0,8,8,0,0,2,2,0,1,0,1,2,1,1,Upper Primary (1–8),STANDARD,0,True,True
6456409,UTTAR PRADESH,BAREILLY,SHERGARH,1,Bakenia Birpur,1,3,1,5,5,243505,2,2,1,24,10,12,38,46,0,0,0,0,0,0,0,130,4,4,0,0,5,5,0,0,1,1,0,1,1,1,1,2,1,Primary (1–5),STANDARD,0,True,False
2321631,UTTAR PRADESH,BAREILLY,BHOJIPURA,1,Pipalsana Chaudhari (Ct),1,3,1,5,97,243202,2,2,3,0,0,2,4,11,0,0,0,0,0,0,0,17,5,2,3,0,4,4,0,0,1,1,0,0,0,1,1,1,1,Primary (1–5),STANDARD,0,True,True
7603054,UTTAR PRADESH,BAREILLY,VITHARI CHAINPUR,1,Mundia Ahmed Nagar,5,3,6,12,5,243122,9,2,3,0,0,0,0,0,4,12,6,24,66,16,35,163,2,2,0,0,12,12,0,0,2,3,1,0,0,1,1,1,1,Higher Secondary (6–12),STANDARD,0,True,True
2641750,UTTAR PRADESH,BAREILLY,BAREILLY TOWN,2,,2,3,1,8,5,243005,2,2,3,0,0,1,2,1,2,1,2,0,0,0,0,9,2,2,0,0,8,8,0,0,1,2,1,0,0,2,1,1,2,Upper Primary (1–8),STANDARD,0,False,True
1739822,UTTAR PRADESH,BAREILLY,RICHHA(DAMKHODA),1,Charai Dandi,4,3,6,8,5,243201,9,2,3,0,0,0,0,0,37,13,21,0,0,0,0,71,4,0,4,0,3,3,0,0,1,2,0,0,0,2,1,2,1,Upper Primary (6–8),STANDARD,0,False,False
5387711,UTTAR PRADESH,BAREILLY,NAWABGANJ,2,,5,3,6,12,5,262406,9,1,3,0,0,0,0,0,23,40,45,27,15,2,8,160,6,6,0,0,8,8,0,0,2,1,1,1,0,1,2,1,1,Higher Secondary (6–12),STANDARD,0,True,True
3590858,UTTAR PRADESH,BAREILLY,BAREILLY TOWN,2,,2,3,1,8,5,243001,2,2,3,3,6,3,9,13,25,13,11,0,0,0,0,83,4,3,0,1,8,5,3,0,1,1,0,1,1,1,1,2,2,Upper Primary (1–8),STANDARD,3,True,False
7358361,UTTAR PRADESH,BAREILLY,BAREILLY TOWN,2,,2,3,1,8,5,243001,2,2,3,30,28,50,32,39,25,36,36,0,0,0,0,276,7,7,0,0,11,11,0,0,2,2,1,0,0,1,1,1,1,Upper Primary (1–8),STANDARD,0,True,True
7461554,UTTAR PRADESH,BAREILLY,ALAMPUR,1,Khuli,1,3,1,5,5,243401,2,2,3,0,0,2,3,0,0,0,0,0,0,0,0,5,3,2,1,0,5,5,0,0,1,2,0,0,0,2,1,2,1,Primary (1–5),STANDARD,0,False,False
3950295,UTTAR PRADESH,BAREILLY,BAREILLY TOWN,2,,2,3,1,8,1,243003,2,2,3,13,6,9,11,13,14,31,10,0,0,0,0,107,3,2,1,0,3,3,0,0,2,2,0,0,0,2,1,1,1,Upper Primary (1–8),STANDARD,0,False,True
6239893,UTTAR PRADESH,BAREILLY,BHOJIPURA,1,Bhoji Pura,2,3,1,8,5,243202,2,2,3,3,3,3,4,1,10,2,1,0,0,0,0,27,3,0,3,0,8,8,0,0,1,1,1,1,0,1,1,1,1,Upper Primary (1–8),STANDARD,0,True,True
4796172,UTTAR PRADESH,BAREILLY,AONLA,2,,8,3,9,10,5,243301,9,2,3,0,0,0,0,0,0,0,0,33,58,0,0,91,9,5,4,0,3,3,0,0,3,3,6,0,0,1,1,1,2,Secondary (9–10),STANDARD,0,True,True
5020036,UTTAR PRADESH,BAREILLY,VITHARI CHAINPUR,1,Ahladpur,2,3,1,8,5,243122,2,2,3,19,17,14,9,9,12,9,9,0,0,0,0,98,7,7,0,0,5,5,0,0,1,1,0,0,0,2,1,2,2,Upper Primary (1–8),STANDARD,0,False,False
3768943,UTTAR PRADESH,BAREILLY,SHERGARH,2,,4,2,6,8,1,243001,9,2,1,0,0,0,0,0,46,15,38,0,0,0,0,99,8,1,7,0,3,3,0,0,0,11,6,0,2,1,1,1,1,Upper Primary (6–8),STANDARD,0,True,True
3703315,UTTAR PRADESH,BAREILLY,RICHHA(DAMKHODA),1,Karanpur,10,3,9,12,5,243203,9,2,3,0,0,0,0,0,0,0,0,112,124,167,234,637,12,9,3,0,14,14,0,0,2,7,0,1,0,1,1,1,1,Higher Secondary (9–12),STANDARD,0,True,True
3929752,UTTAR PRADESH,BAREILLY,SHERGARH,1,Rampura,2,3,1,8,5,243505,2,2,3,22,25,21,31,25,51,22,36,0,0,0,0,233,5,5,0,0,12,12,0,0,4,4,0,1,0,1,1,1,1,Upper Primary (1–8),STANDARD,0,True,True
9915529,UTTAR PRADESH,BAREILLY,BAHERI,1,Mavai Kaziyan,2,3,1,8,1,243001,2,2,3,18,26,33,37,49,116,59,51,0,0,0,0,389,9,5,4,0,9,8,1,0,2,6,0,2,2,2,1,1,1,Upper Primary (1–8),STANDARD,1,False,True
4557939,UTTAR PRADESH,BAREILLY,FARIDPUR,1,Nagaria Vikram,4,3,6,8,1,243503,9,2,3,0,0,0,0,0,83,103,79,0,0,0,0,265,8,6,0,2,6,0,5,1,3,1,0,0,2,2,1,1,2,Upper Primary (6–8),STANDARD,6,False,True
6001229,UTTAR PRADESH,BAREILLY,RICHHA(DAMKHODA),1,Bahadurpur Urf Bhura,4,3,6,8,5,243201,9,2,3,0,0,0,0,0,1,4,9,0,0,0,0,14,5,5,0,0,5,5,0,0,1,1,0,0,0,2,1,1,1,Upper Primary (6–8),STANDARD,0,False,True
3472297,UTTAR PRADESH,BAREILLY,KYARA,1,Kiara Mustqil,4,3,6,8,1,243001,9,2,3,0,0,0,0,0,117,114,84,0,0,0,0,315,9,7,2,0,7,7,0,0,1,2,0,0,2,2,1,1,1,Upper Primary (6–8),STANDARD,0,False,True
8661067,UTTAR PRADESH,BAREILLY,BHADPURA,1,Parasram Pur,2,3,1,8,1,262406,2,2,3,37,32,19,31,52,66,95,79,0,0,0,0,411,11,11,0,0,14,11,2,1,2,2,0,0,2,2,1,1,2,Upper Primary (1–8),STANDARD,3,False,True
7533666,UTTAR PRADESH,BAREILLY,BAHERI,1,Dhakia,2,3,1,8,1,243201,2,2,3,12,12,10,17,18,46,55,41,0,0,0,0,211,10,7,3,0,9,0,5,4,1,3,4,2,2,2,1,1,2,Upper Primary (1–8),STANDARD,9,False,True
5969650,UTTAR PRADESH,BAREILLY,RAMNAGAR,1,Sona,4,3,6,8,1,243303,9,2,3,0,0,0,0,0,6,7,10,0,0,0,0,23,1,1,0,0,3,3,0,0,1,1,0,0,2,2,1,1,2,Upper Primary (6–8),STANDARD,0,False,True
9876884,UTTAR PRADESH,BAREILLY,SHERGARH,1,Haldikalan,4,3,6,8,1,243505,9,2,3,0,0,0,0,0,67,41,31,0,0,0,0,139,3,3,0,0,5,4,1,0,1,2,0,0,0,2,1,1,1,Upper Primary (6–8),STANDARD,1,False,True
1930076,UTTAR PRADESH,BAREILLY,BAHERI,1,Muhammadpur,4,3,6,8,1,243201,9,2,3,0,0,0,0,0,16,9,1,0,0,0,0,26,2,2,0,0,4,4,0,0,1,1,1,1,2,1,1,1,2,Upper Primary (6–8),STANDARD,0,True,True
1400543,UTTAR PRADESH,BAREILLY,SHERGARH,1,Nagaria Sobarni,2,3,1,8,5,243505,2,2,3,9,9,8,7,16,45,48,23,0,0,0,0,165,9,4,5,0,8,8,0,0,1,1,0,0,0,1,1,1,1,Upper Primary (1–8),STANDARD,0,True,True
1154890,UTTAR PRADESH,BAREILLY,SHERGARH,1,Nagaria Sobarni,2,3,1,8,1,243505,2,2,3,8,7,7,11,10,53,61,45,0,0,0,0,202,10,8,2,0,9,0,6,3,2,2,0,0,2,1,1,1,1,Upper Primary (1–8),STANDARD,9,True,True
9247851,UTTAR PRADESH,BAREILLY,BHADPURA,1,Dabri,4,3,6,8,1,243001,9,2,3,0,0,0,0,0,16,10,12,0,0,0,0,38,2,2,0,0,3,0,0,3,1,1,0,0,2,2,1,1,1,Upper Primary (6–8),STANDARD,3,False,True
3595383,UTTAR PRADESH,BAREILLY,BAREILLY TOWN,2,,1,3,1,5,5,243004,2,2,3,22,15,21,18,15,0,0,0,0,0,0,0,91,5,5,0,0,5,5,0,0,2,2,0,1,0,1,1,1,1,Primary (1–5),STANDARD,0,True,True
5970313,UTTAR PRADESH,BAREILLY,BAREILLY TOWN,2,,4,3,6,8,5,243001,9,2,3,0,0,0,0,0,7,4,0,0,0,0,0,11,2,2,0,0,3,3,0,0,2,2,0,0,0,1,1,1,1,Upper Primary (6–8),STANDARD,0,True,True
3552844,UTTAR PRADESH,BAREILLY,ALAMPUR,1,Sendha,2,3,1,8,1,243403,2,2,3,15,19,24,17,29,62,48,32,0,0,0,0,246,12,9,3,0,11,3,3,5,1,1,0,0,2,1,1,1,1,Upper Primary (1–8),STANDARD,8,True,True
7537533,UTTAR PRADESH,BAREILLY,MAJHGAWAN,1,Haidarganj Urf Aliganj,1,3,1,5,5,243302,2,2,3,30,19,9,24,29,0,0,0,0,0,0,0,111,3,3,0,0,6,6,0,0,1,1,0,0,0,2,2,1,1,Primary (1–5),STANDARD,0,False,True
5736825,UTTAR PRADESH,BAREILLY,BAREILLY TOWN,2,,2,3,1,8,5,243001,2,2,3,17,12,23,15,18,3,6,2,0,0,0,0,96,5,5,0,0,8,4,4,0,2,2,0,1,1,1,1,2,2,Upper Primary (1–8),STANDARD,4,True,False
4491848,UTTAR PRADESH,BAREILLY,ALAMPUR,1,Bhagwanpur,1,3,1,5,5,243301,2,2,3,2,5,9,5,8,0,0,0,0,0,0,0,29,5,0,5,0,5,5,0,0,1,1,2,2,0,1,2,2,1,Primary (1–5),STANDARD,0,True,False
8841754,UTTAR PRADESH,BAREILLY,BAREILLY TOWN,2,,2,3,1,8,5,243001,2,2,3,22,38,36,48,52,37,26,33,0,0,0,0,292,4,4,0,0,10,10,0,0,2,2,2,0,0,1,1,1,1,Upper Primary (1–8),STANDARD,0,True,True
3135284,UTTAR PRADESH,BAREILLY,BAREILLY TOWN,2,,2,3,1,8,5,243001,1,2,3,13,14,11,11,15,6,4,0,0,0,0,0,74,4,4,0,0,17,17,0,0,4,4,2,0,0,1,1,1,1,Upper Primary (1–8),STANDARD,0,True,True
9259804,UTTAR PRADESH,BAREILLY,BHOJIPURA,1,Abheypur Keshonpur,2,3,1,8,5,243202,2,2,2,15,9,16,13,18,18,17,10,0,0,0,0,116,6,6,0,0,8,8,0,0,2,2,1,2,1,1,1,1,1,Upper Primary (1–8),STANDARD,0,True,True
6761620,UTTAR PRADESH,BAREILLY,MAJHGAWAN,1,Balaibhagvantpur,1,3,1,5,5,243302,2,2,3,8,5,1,2,0,0,0,0,0,0,0,0,16,3,2,1,0,5,5,0,0,1,1,0,1,0,2,1,2,2,Primary (1–5),STANDARD,0,False,False
7771003,UTTAR PRADESH,BAREILLY,MAJHGAWAN,1,Sikha,1,3,1,5,1,243303,2,2,3,8,17,23,19,11,0,0,0,0,0,0,0,78,3,2,1,0,5,5,0,0,4,4,0,0,2,1,1,1,1,Primary (1–5),STANDARD,0,True,True
2256809,UTTAR PRADESH,BAREILLY,VITHARI CHAINPUR,1,Nagipur,1,3,1,5,1,243123,2,2,3,11,5,8,9,9,0,0,0,0,0,0,0,42,5,3,2,0,3,0,1,2,1,1,0,1,2,2,1,1,2,Primary (1–5),STANDARD,3,False,True
4823252,UTTAR PRADESH,BAREILLY,BHADPURA,1,Keyolariya,1,3,1,5,1,262406,2,2,3,10,9,13,11,19,0,0,0,0,0,0,0,62,3,2,1,0,4,1,0,3,1,1,0,0,2,1,1,1,1,Primary (1–5),STANDARD,3,True,True
5860912,UTTAR PRADESH,BAREILLY,BHADPURA,1,Kunwarpur Dankunwar,1,3,1,5,1,262406,2,2,3,12,7,6,18,19,0,0,0,0,0,0,0,62,4,3,1,0,4,1,2,1,1,1,0,0,2,1,1,1,1,Primary (1–5),STANDARD,3,True,True
1733441,UTTAR PRADESH,BAREILLY,FATEHGANJ,1,Agras,5,3,6,12,1,243001,9,2,3,0,0,0,0,0,21,25,16,187,169,121,130,669,13,13,0,0,14,10,3,1,4,4,8,1,1,1,1,1,1,Higher Secondary (6–12),STANDARD,4,True,True
8865840,UTTAR PRADESH,BAREILLY,RICHHA(DAMKHODA),1,Khirni,1,3,1,5,1,243201,2,2,3,6,7,11,17,24,0,0,0,0,0,0,0,65,4,2,2,0,5,2,3,0,1,2,0,0,2,2,1,1,1,Primary (1–5),STANDARD,3,False,True
3261758,UTTAR PRADESH,BAREILLY,SHERGARH,1,Bunchi,1,3,1,5,1,243505,2,2,3,18,3,8,15,5,0,0,0,0,0,0,0,49,2,2,0,0,2,0,2,0,1,1,0,0,2,1,1,1,1,Primary (1–5),STANDARD,2,True,True
6601406,UTTAR PRADESH,BAREILLY,BAREILLY TOWN,2,,1,3,1,5,1,243004,2,2,3,13,25,30,40,20,0,0,0,0,0,0,0,128,3,2,1,0,5,5,0,0,1,1,0,0,2,1,1,1,2,Primary (1–5),STANDARD,0,True,True
2076487,UTTAR PRADESH,BAREILLY,BAHERI,1,Tilmanchi,1,3,1,5,1,243201,2,2,3,17,11,13,19,12,0,0,0,0,0,0,0,72,5,3,2,0,5,1,3,1,1,1,0,0,2,2,1,1,1,Primary (1–5),STANDARD,4,False,True
8147322,UTTAR PRADESH,BAREILLY,FARIDPUR,1,Shivpuri,1,3,1,5,1,243506,2,2,3,5,4,2,8,7,0,0,0,0,0,0,0,26,3,2,1,0,5,0,0,5,1,1,0,0,2,1,3,1,1,Primary (1–5),STANDARD,5,True,True
8190248,UTTAR PRADESH,BAREILLY,RICHHA(DAMKHODA),1,Magri Nawada,1,3,1,5,1,243201,2,2,3,5,5,5,5,3,0,0,0,0,0,0,0,23,5,1,4,0,6,3,1,2,1,1,0,0,2,2,1,1,1,Primary (1–5),STANDARD,3,False,True
2337622,UTTAR PRADESH,BAREILLY,BAHERI,1,Bhujhia,1,3,1,5,1,243201,2,2,3,12,10,15,16,13,0,0,0,0,0,0,0,66,4,3,1,0,5,3,1,1,1,1,0,0,2,1,1,1,1,Primary (1–5),STANDARD,2,True,True
9025094,UTTAR PRADESH,BAREILLY,BHOJIPURA,1,Latoori,1,3,1,5,1,243001,2,2,3,25,12,22,31,22,0,0,0,0,0,0,0,112,6,4,2,0,6,4,2,0,1,1,0,1,2,2,1,1,1,Primary (1–5),STANDARD,2,False,True
9133719,UTTAR PRADESH,BAREILLY,FATEHGANJ,1,Tiliya Pur,1,3,1,5,1,243502,2,2,3,38,38,46,77,80,0,0,0,0,0,0,0,279,10,8,2,0,5,5,0,0,1,4,0,1,2,1,1,1,2,Primary (1–5),STANDARD,0,True,True
7540581,UTTAR PRADESH,BAREILLY,BAREILLY TOWN,2,,1,3,1,5,3,243001,2,2,3,8,5,9,11,22,0,0,0,0,0,0,0,55,2,1,1,0,9,9,0,0,3,3,1,0,0,2,1,2,1,Primary (1–5),STANDARD,0,False,False
6254916,UTTAR PRADESH,BAREILLY,ALAMPUR,1,Tajpur Nawadia,1,3,1,5,1,243402,2,2,3,22,22,23,35,23,0,0,0,0,0,0,0,125,5,3,2,0,5,1,3,1,1,1,0,0,2,2,1,1,1,Primary (1–5),STANDARD,4,False,True
2190296,UTTAR PRADESH,BAREILLY,VITHARI CHAINPUR,1,Dandia,1,3,1,5,1,243001,2,2,3,2,5,5,3,3,0,0,0,0,0,0,0,18,2,1,1,0,5,3,2,0,1,1,0,0,2,2,1,1,1,Primary (1–5),STANDARD,2,False,True
9602128,UTTAR PRADESH,BAREILLY,SHERGARH,1,Tanda,1,3,1,5,1,243505,2,2,3,16,12,13,33,19,0,0,0,0,0,0,0,93,2,2,0,0,4,3,0,1,2,2,0,1,2,1,1,1,2,Primary (1–5),STANDARD,1,True,True
2580404,UTTAR PRADESH,BAREILLY,NAWABGANJ,1,Pipra Nighai,1,3,1,5,1,243407,2,2,3,14,9,15,15,10,0,0,0,0,0,0,0,63,5,2,3,0,5,5,0,0,1,1,0,1,2,2,1,1,1,Primary (1–5),STANDARD,0,False,True
9759691,UTTAR PRADESH,BAREILLY,BHUTA,1,Gangeypur,1,3,1,5,1,243503,2,2,3,10,9,17,15,11,0,0,0,0,0,0,0,62,3,3,0,0,4,0,2,2,1,1,0,0,2,1,1,1,1,Primary (1–5),STANDARD,4,True,True
8875013,UTTAR PRADESH,BAREILLY,KYARA,1,Sarai Talfi Mustqil,7,3,6,10,5,243502,9,2,3,0,0,0,0,0,16,17,30,49,36,0,0,148,6,6,0,0,10,10,0,0,2,2,1,0,0,1,2,1,1,Secondary (6–10),STANDARD,0,True,True
2170158,UTTAR PRADESH,BAREILLY,VITHARI CHAINPUR,1,Padarathpur (Ct),6,3,1,10,97,243123,2,2,3,23,61,33,42,47,25,40,34,1,0,0,0,306,13,13,0,0,12,12,0,0,2,2,1,1,0,1,1,2,2,Secondary (1–10),STANDARD,0,True,False
6955772,UTTAR PRADESH,BAREILLY,BAREILLY TOWN,2,,2,3,1,8,5,243502,2,2,3,0,0,10,12,3,3,3,3,0,0,0,0,34,5,5,0,0,8,8,0,0,2,2,0,0,0,1,1,2,1,Upper Primary (1–8),STANDARD,0,True,False
9028346,UTTAR PRADESH,BAREILLY,BAREILLY TOWN,2,,4,3,6,8,5,243003,9,2,3,0,0,0,0,0,5,5,9,0,0,0,0,19,4,0,4,0,3,3,0,0,1,1,1,1,0,2,1,2,2,Upper Primary (6–8),STANDARD,0,False,False
3065551,UTTAR PRADESH,BAREILLY,MAJHGAWAN,2,,4,3,6,8,5,243302,9,2,3,0,0,0,0,0,34,35,35,0,0,0,0,104,5,5,0,0,5,5,0,0,2,2,0,2,0,1,1,1,1,Upper Primary (6–8),STANDARD,0,True,True
5140985,UTTAR PRADESH,BAREILLY,SHERGARH,2,,3,3,1,12,5,243505,1,2,3,99,94,103,87,66,67,52,66,100,111,31,29,905,50,33,17,0,36,36,0,0,9,9,12,3,1,1,1,1,1,Higher Secondary (1–12),STANDARD,0,True,True
2990343,UTTAR PRADESH,BAREILLY,RICHHA(DAMKHODA),1,Kundara,2,3,1,8,5,243123,2,2,3,11,8,10,11,10,39,6,7,0,0,0,0,102,9,0,0,9,13,13,0,0,2,2,0,1,0,1,1,1,1,Upper Primary (1–8),STANDARD,0,True,True
1498962,UTTAR PRADESH,BAREILLY,BHOJIPURA,1,Surla,2,3,1,8,5,243202,1,1,1,12,9,5,11,7,10,3,2,0,0,0,0,59,3,1,2,0,8,8,0,0,3,3,0,1,0,1,1,1,1,Upper Primary (1–8),STANDARD,0,True,True
9194776,UTTAR PRADESH,BAREILLY,BHUTA,1,Bihari Pur,1,3,1,5,1,243123,2,2,3,20,19,22,21,22,0,0,0,0,0,0,0,104,4,4,0,0,2,2,0,0,1,1,0,0,2,2,1,1,2,Primary (1–5),STANDARD,0,False,True
2398128,UTTAR PRADESH,BAREILLY,BAREILLY TOWN,2,,2,3,1,8,5,243003,2,2,3,7,6,5,7,7,6,4,3,0,0,0,0,45,8,5,3,0,8,8,0,0,2,2,0,1,0,1,1,1,1,Upper Primary (1–8),STANDARD,0,True,True
1092609,UTTAR PRADESH,BAREILLY,FARIDPUR TOWN,2,,2,3,1,8,5,243503,2,2,3,24,26,32,34,36,21,13,13,0,0,0,0,199,7,4,3,0,8,8,0,0,2,2,2,1,0,1,1,1,1,Upper Primary (1–8),STANDARD,0,True,True
6368850,UTTAR PRADESH,BAREILLY,FATEHGANJ,1,Chitauli,2,3,1,8,5,243502,1,2,3,22,9,13,12,14,7,7,7,0,0,0,0,91,11,11,0,0,11,11,0,0,2,2,2,1,1,1,1,1,1,Upper Primary (1–8),STANDARD,0,True,True
9925162,UTTAR PRADESH,BAREILLY,ALAMPUR,1,Makrandpur Dharajit,4,3,6,8,5,243001,9,2,3,0,0,0,0,0,66,51,43,0,0,0,0,160,1,1,0,0,3,3,0,0,2,2,0,0,0,1,1,1,1,Upper Primary (6–8),STANDARD,0,True,True
6737997,UTTAR PRADESH,BAREILLY,VITHARI CHAINPUR,1,Purnapur,1,3,1,5,5,243123,2,2,3,19,24,13,24,16,0,0,0,0,0,0,0,96,4,4,0,0,4,4,0,0,1,1,0,0,0,2,1,2,1,Primary (1–5),STANDARD,0,False,False
6259880,UTTAR PRADESH,BAREILLY,BHADPURA,1,Karua Sahab Ganj,6,3,1,10,97,262406,2,1,1,0,1,1,3,4,9,14,5,5,1,0,0,43,4,4,0,0,10,10,0,0,2,2,0,0,0,2,1,2,1,Secondary (1–10),STANDARD,0,False,False
3244234,UTTAR PRADESH,BAREILLY,KYARA,1,Thiria Thakuran,1,3,1,5,5,243502,1,2,3,4,4,1,1,1,0,0,0,0,0,0,0,11,4,2,0,2,7,7,0,0,1,1,0,1,0,2,1,2,1,Primary (1–5),STANDARD,0,False,False
4212723,UTTAR PRADESH,BAREILLY,FARIDPUR,1,Sisaiya Maganpur,2,3,1,8,5,243503,2,2,3,10,9,12,11,11,21,7,9,0,0,0,0,90,11,11,0,0,11,11,0,0,2,1,10,1,0,1,1,1,1,Upper Primary (1–8),STANDARD,0,True,True
7210156,UTTAR PRADESH,BAREILLY,KYARA,1,Kargaina,2,3,1,8,5,243001,1,2,3,39,51,44,31,34,23,22,24,0,0,0,0,268,14,6,8,0,16,16,0,0,3,2,15,0,0,1,1,1,2,Upper Primary (1–8),STANDARD,0,True,True
7427875,UTTAR PRADESH,BAREILLY,BAHERI,1,Raju Nagala,7,3,6,10,5,243201,9,2,3,0,0,0,0,0,87,169,133,203,218,0,0,810,7,7,0,0,0,0,0,0,2,7,0,1,0,1,2,1,2,Secondary (6–10),STANDARD,0,True,True
8657215,UTTAR PRADESH,BAREILLY,BAREILLY TOWN,2,,2,3,1,8,5,243003,1,2,3,81,88,65,70,66,53,49,33,0,0,0,0,505,38,37,0,1,25,25,0,0,6,5,24,0,0,1,1,1,2,Upper Primary (1–8),STANDARD,0,True,True
7021770,UTTAR PRADESH,BAREILLY,BAREILLY TOWN,2,,1,3,1,5,5,243001,2,2,3,0,3,8,11,0,0,0,0,0,0,0,0,22,1,1,0,0,1,1,0,0,1,1,0,0,0,2,1,2,2,Primary (1–5),STANDARD,0,False,False
6947064,UTTAR PRADESH,BAREILLY,BAREILLY TOWN,2,,1,3,1,5,97,243006,2,2,3,0,0,0,10,10,0,0,0,0,0,0,0,20,2,2,0,0,6,6,0,0,1,1,0,0,0,2,2,2,2,Primary (1–5),STANDARD,0,False,False
6541865,UTTAR PRADESH,BAREILLY,RICHHA(DAMKHODA),1,Bahadurpur Urf Bhura,7,3,6,10,5,243201,9,2,3,0,0,0,0,0,66,34,26,167,206,0,0,499,10,0,10,0,10,10,0,0,2,5,0,0,0,2,1,2,2,Secondary (6–10),STANDARD,0,False,False
3549175,UTTAR PRADESH,BAREILLY,SHERGARH,1,Manpur,2,3,1,8,5,243201,2,2,3,32,39,126,60,72,69,63,64,0,0,0,0,525,8,8,0,0,10,10,0,0,3,5,2,10,0,1,1,1,1,Upper Primary (1–8),STANDARD,0,True,True
8017431,UTTAR PRADESH,BAREILLY,BAREILLY TOWN,2,,5,3,6,12,5,243001,9,2,3,0,0,0,0,0,29,19,35,136,98,112,120,549,8,0,8,0,8,8,0,0,0,4,1,1,1,1,1,1,1,Higher Secondary (6–12),STANDARD,0,True,True
9798244,UTTAR PRADESH,BAREILLY,SHERGARH,1,Balli,7,3,6,10,5,243505,9,2,3,0,0,0,0,0,42,37,35,41,43,0,0,198,5,5,0,0,12,12,0,0,3,3,0,2,1,1,1,1,1,Secondary (6–10),STANDARD,0,True,True
6005522,UTTAR PRADESH,BAREILLY,BHOJIPURA,2,,1,3,1,5,97,243202,2,2,3,1,10,16,37,19,0,0,0,0,0,0,0,83,3,1,2,0,5,5,0,0,2,2,0,0,0,1,1,2,1,Primary (1–5),STANDARD,0,True,False
8971298,UTTAR PRADESH,BAREILLY,FATEHGANJ,1,,2,3,1,8,5,243505,2,2,3,12,20,19,12,17,69,56,81,0,0,0,0,286,6,6,0,0,8,8,0,0,3,3,0,0,0,2,3,1,1,Upper Primary (1–8),STANDARD,0,False,True
3947085,UTTAR PRADESH,BAREILLY,MAJHGAWAN,1,Sattarnagar,2,3,1,8,5,243502,2,2,3,32,28,27,20,20,28,27,19,0,0,0,0,201,8,8,0,0,8,8,0,0,4,2,1,0,0,1,1,1,1,Upper Primary (1–8),STANDARD,0,True,True
8224298,UTTAR PRADESH,BAREILLY,BAREILLY TOWN,2,,2,3,1,8,5,243122,1,2,3,33,30,27,16,29,28,27,27,0,0,0,0,217,10,4,6,0,10,10,0,0,2,2,1,0,0,1,1,2,1,Upper Primary (1–8),STANDARD,0,True,False
2998355,UTTAR PRADESH,BAREILLY,RICHHA(DAMKHODA),1,Kachnara,4,3,6,8,5,243202,9,2,3,0,0,0,0,0,12,16,12,0,0,0,0,40,4,3,0,1,3,3,0,0,1,2,0,0,0,2,1,2,1,Upper Primary (6–8),STANDARD,0,False,False
4827776,UTTAR PRADESH,BAREILLY,BAREILLY TOWN,2,,2,3,1,8,5,243001,1,2,3,125,78,83,82,86,111,93,83,0,0,0,0,741,14,0,14,0,13,13,0,0,2,2,4,0,0,1,1,1,1,Upper Primary (1–8),STANDARD,0,True,True
9023228,UTTAR PRADESH,BAREILLY,BHADPURA,1,Abhai Rajpur,2,3,1,8,5,262406,2,2,3,52,32,24,28,24,34,31,36,0,0,0,0,261,9,9,0,0,8,8,0,0,1,1,0,1,0,1,1,1,1,Upper Primary (1–8),STANDARD,0,True,True
1847573,UTTAR PRADESH,BAREILLY,MAJHGAWAN,1,Mandora,2,3,1,8,5,243302,2,2,3,45,48,62,63,71,183,180,164,0,0,0,0,816,8,2,6,0,8,8,0,0,4,4,0,2,0,1,2,1,1,Upper Primary (1–8),STANDARD,0,True,True
2740831,UTTAR PRADESH,BAREILLY,AONLA,2,,1,3,1,5,5,243301,2,2,3,13,10,10,14,7,0,0,0,0,0,0,0,54,5,5,0,0,5,5,0,0,1,1,1,0,0,2,1,1,1,Primary (1–5),STANDARD,0,False,True
8647293,UTTAR PRADESH,BAREILLY,ALAMPUR,1,Digoi,1,3,1,5,5,243301,2,2,3,14,29,24,33,19,0,0,0,0,0,0,0,119,5,2,3,0,5,5,0,0,2,2,0,0,0,1,2,1,1,Primary (1–5),STANDARD,0,True,True
3762211,UTTAR PRADESH,BAREILLY,BHOJIPURA,1,Jatau Patti,1,3,1,5,1,243202,2,2,3,25,21,12,39,37,0,0,0,0,0,0,0,134,8,5,3,0,6,3,2,1,1,1,0,0,2,1,1,1,1,Primary (1–5),STANDARD,3,True,True
9262006,UTTAR PRADESH,BAREILLY,SHERGARH,1,Sharif Nagar,2,3,1,8,5,243201,2,2,3,4,0,6,10,6,4,3,1,0,0,0,0,34,6,6,0,0,9,9,0,0,1,1,0,0,0,1,2,2,1,Upper Primary (1–8),STANDARD,0,True,False
7855601,UTTAR PRADESH,BAREILLY,BHADPURA,1,Keyolariya,2,3,1,8,5,262406,1,2,3,53,43,23,30,30,27,30,25,0,0,0,0,261,15,15,0,0,19,19,0,0,4,4,17,1,1,1,1,1,1,Upper Primary (1–8),STANDARD,0,True,True
1630064,UTTAR PRADESH,BAREILLY,BAREILLY TOWN,2,,4,1,6,8,5,243001,9,2,3,0,0,0,0,0,2,2,1,0,0,0,0,5,2,2,0,0,3,3,0,0,1,0,1,0,0,2,1,1,2,Upper Primary (6–8),STANDARD,0,False,True
8483665,UTTAR PRADESH,BAREILLY,RAMNAGAR,1,Devkola,1,3,1,5,1,243301,2,2,3,35,26,26,55,28,0,0,0,0,0,0,0,170,4,3,1,0,4,3,1,0,2,1,0,0,2,2,1,1,1,Primary (1–5),STANDARD,1,False,True
6205238,UTTAR PRADESH,BAREILLY,BHADPURA,1,Keyolariya,1,3,1,5,5,262406,2,2,3,7,3,13,9,3,0,0,0,0,0,0,0,35,3,3,0,0,5,5,0,0,1,1,0,1,0,1,1,1,1,Primary (1–5),STANDARD,0,True,True
4119686,UTTAR PRADESH,BAREILLY,ALAMPUR,1,Bichuraiya Sirsa,2,3,1,8,5,243402,2,2,3,8,29,7,17,9,18,7,0,0,0,0,0,95,6,3,3,0,8,8,0,0,1,1,0,0,0,2,1,1,1,Upper Primary (1–8),STANDARD,0,False,True
9925883,UTTAR PRADESH,BAREILLY,BHUTA,1,Paunagla,1,3,1,5,5,243503,2,2,3,21,21,20,13,29,0,0,0,0,0,0,0,104,5,4,1,0,12,12,0,0,5,5,4,0,0,1,3,1,1,Primary (1–5),STANDARD,0,True,True
3415604,UTTAR PRADESH,BAREILLY,VITHARI CHAINPUR,1,Itawa Beni Ram,2,3,1,8,5,243006,1,2,3,20,17,13,12,19,23,16,13,0,0,0,0,133,11,11,0,0,8,8,0,0,2,3,2,1,0,1,1,1,1,Upper Primary (1–8),STANDARD,0,True,True
5351632,UTTAR PRADESH,BAREILLY,BAREILLY TOWN,2,,1,3,1,5,5,243001,2,2,3,28,35,25,8,10,0,0,0,0,0,0,0,106,5,1,4,0,6,6,0,0,1,1,1,0,0,2,1,1,1,Primary (1–5),STANDARD,0,False,True
3637321,UTTAR PRADESH,BAREILLY,RAMNAGAR,2,,2,3,1,8,5,243501,2,2,3,34,31,32,35,53,73,73,46,0,0,0,0,377,13,8,5,0,5,5,0,0,1,1,0,0,0,2,1,1,1,Upper Primary (1–8),STANDARD,0,False,True
8721258,UTTAR PRADESH,BAREILLY,VITHARI CHAINPUR,1,Mundia Ahmed Nagar,1,3,1,5,97,243122,2,2,3,8,5,6,14,17,0,0,0,0,0,0,0,50,3,3,0,0,5,5,0,0,1,1,0,0,0,2,1,2,2,Primary (1–5),STANDARD,0,False,False
7089003,UTTAR PRADESH,BAREILLY,SHERGARH,1,Pakhurni,1,3,1,5,97,243203,2,2,3,6,21,12,15,13,0,0,0,0,0,0,0,67,4,4,0,0,5,5,0,0,1,1,0,0,0,1,2,1,2,Primary (1–5),STANDARD,0,True,True
6546575,UTTAR PRADESH,BAREILLY,NAWABGANJ,2,,4,3,6,8,5,262406,9,2,3,0,0,0,0,0,16,20,2,0,0,0,0,38,2,2,0,0,4,4,0,0,2,1,0,1,0,2,1,2,1,Upper Primary (6–8),STANDARD,0,False,False
8713260,UTTAR PRADESH,BAREILLY,RICHHA(DAMKHODA),1,Katharra,1,3,1,5,97,243203,2,2,3,7,6,10,6,9,0,0,0,0,0,0,0,38,3,3,0,0,4,4,0,0,1,1,0,0,0,1,1,2,2,Primary (1–5),STANDARD,0,True,False
9740467,UTTAR PRADESH,BAREILLY,FATEHGANJ,1,Sukali,4,3,6,8,5,243505,9,2,3,0,0,0,0,0,42,47,46,0,0,0,0,135,3,1,2,0,3,3,0,0,2,2,0,0,0,2,1,2,1,Upper Primary (6–8),STANDARD,0,False,False
9352210,UTTAR PRADESH,BAREILLY,NAWABGANJ,1,Baraur,1,3,1,5,5,243001,2,2,3,28,19,21,17,12,0,0,0,0,0,0,0,97,6,6,0,0,4,4,0,0,2,2,0,0,0,2,1,1,1,Primary (1–5),STANDARD,0,False,True
4882191,UTTAR PRADESH,BAREILLY,BAHERI TOWN,2,,1,3,1,5,97,243201,2,2,3,7,15,11,4,5,0,0,0,0,0,0,0,42,5,5,0,0,5,5,0,0,1,2,0,0,0,2,1,1,1,Primary (1–5),STANDARD,0,False,True
1743998,UTTAR PRADESH,BAREILLY,RICHHA(DAMKHODA),2,,2,3,1,8,5,243201,2,2,3,1,0,0,4,5,18,5,2,0,0,0,0,35,7,0,7,0,6,6,0,0,1,3,0,0,0,1,1,2,1,Upper Primary (1–8),STANDARD,0,True,False
5177363,UTTAR PRADESH,BAREILLY,SHERGARH,2,,1,3,1,5,5,243501,2,2,3,26,27,29,34,52,0,0,0,0,0,0,0,168,4,4,0,0,5,5,0,0,2,2,0,1,0,2,2,1,1,Primary (1–5),STANDARD,0,False,True
4848562,UTTAR PRADESH,BAREILLY,BAREILLY TOWN,2,,10,3,9,12,5,243122,9,2,3,0,0,0,0,0,0,0,0,83,80,74,94,331,16,16,0,0,12,12,0,0,1,1,10,0,0,1,1,1,1,Higher Secondary (9–12),STANDARD,0,True,True
9855873,UTTAR PRADESH,BAREILLY,VITHARI CHAINPUR,1,Padarathpur (Ct),6,3,1,10,97,243123,2,2,3,6,10,31,14,13,6,2,2,0,0,0,0,84,10,10,0,0,10,10,0,0,2,4,1,1,0,1,1,1,1,Secondary (1–10),STANDARD,0,True,True
6929331,UTTAR PRADESH,BAREILLY,MAJHGAWAN,1,Sattarnagar,10,3,9,12,5,243001,9,2,3,0,0,0,0,0,0,0,0,106,106,160,147,519,5,5,0,0,12,12,0,0,4,4,1,0,0,1,1,1,1,Higher Secondary (9–12),STANDARD,0,True,True
9654798,UTTAR PRADESH,BAREILLY,BAREILLY TOWN,2,,1,2,1,5,97,243001,2,2,3,0,4,3,6,4,0,0,0,0,0,0,0,17,3,1,2,0,5,5,0,0,0,2,1,0,0,1,1,1,1,Primary (1–5),STANDARD,0,True,True
4918862,UTTAR PRADESH,BAREILLY,BAHERI,1,Dandi Abhay Chand,2,3,1,8,5,243201,1,2,3,28,18,17,16,10,14,13,11,0,0,0,0,127,11,8,3,0,12,12,0,0,2,1,6,1,0,2,2,1,1,Upper Primary (1–8),STANDARD,0,False,True
6129969,UTTAR PRADESH,BAREILLY,NAWABGANJ,2,,4,3,6,8,5,262406,9,2,3,0,0,0,0,0,26,13,3,0,0,0,0,42,3,3,0,0,3,3,0,0,1,1,0,0,0,2,1,1,2,Upper Primary (6–8),STANDARD,0,False,True
9549290,UTTAR PRADESH,BAREILLY,RICHHA(DAMKHODA),2,,2,3,1,8,5,243201,2,2,3,61,69,76,60,66,56,38,23,0,0,0,0,449,16,15,1,0,12,12,0,0,6,6,18,0,0,2,1,2,1,Upper Primary (1–8),STANDARD,0,False,False
6932225,UTTAR PRADESH,BAREILLY,MIRGANJ,1,Nausna,1,3,1,5,5,243504,2,2,3,6,7,4,0,3,0,0,0,0,0,0,0,20,5,1,4,0,3,3,0,0,1,1,3,1,0,2,1,2,2,Primary (1–5),STANDARD,0,False,False
4551907,UTTAR PRADESH,BAREILLY,MAJHGAWAN,1,Bhajnai,2,3,1,8,5,243302,2,2,3,42,7,39,57,39,66,56,35,0,0,0,0,341,8,8,0,0,8,8,0,0,1,1,0,0,0,2,1,1,2,Upper Primary (1–8),STANDARD,0,False,True
3022642,UTTAR PRADESH,BAREILLY,BAREILLY TOWN,2,,4,3,6,8,5,243006,9,2,3,0,0,0,0,0,31,31,15,0,0,0,0,77,4,1,3,0,3,3,0,0,1,1,0,0,0,2,1,2,2,Upper Primary (6–8),STANDARD,0,False,False
4043862,UTTAR PRADESH,BAREILLY,BAHERI,1,Lahsoi,1,3,1,5,5,243201,2,2,3,3,13,11,38,24,0,0,0,0,0,0,0,89,7,7,0,0,8,8,0,0,1,1,1,1,1,1,1,1,1,Primary (1–5),STANDARD,0,True,True
4696073,UTTAR PRADESH,BAREILLY,BAHERI,1,Bargawan,2,3,1,8,1,243201,2,2,3,7,8,7,14,14,9,20,13,0,0,0,0,92,7,4,3,0,10,0,6,4,2,2,0,1,2,2,1,1,2,Upper Primary (1–8),STANDARD,10,False,True
3033384,UTTAR PRADESH,BAREILLY,NAWABGANJ,1,Kuan Danda,2,3,1,8,1,243407,2,2,3,7,6,8,12,12,22,22,24,0,0,0,0,113,8,6,2,0,7,7,0,0,1,2,0,2,2,1,1,1,2,Upper Primary (1–8),STANDARD,0,True,True
6614219,UTTAR PRADESH,BAREILLY,NAWABGANJ,1,Laikhera,4,3,6,8,1,262406,9,2,3,0,0,0,0,0,52,35,32,0,0,0,0,119,4,3,0,1,3,3,0,0,1,1,0,1,2,2,1,1,1,Upper Primary (6–8),STANDARD,0,False,True
1521908,UTTAR PRADESH,BAREILLY,SHERGARH,1,Mohiudinpur,2,3,1,8,1,243505,2,2,3,18,10,8,19,12,21,20,15,0,0,0,0,123,6,5,1,0,8,2,4,2,2,2,0,0,2,1,1,1,1,Upper Primary (1–8),STANDARD,6,True,True
5798826,UTTAR PRADESH,BAREILLY,FARIDPUR,1,Nagria Kala,4,3,6,8,1,243506,9,2,3,0,0,0,0,0,47,56,42,0,0,0,0,145,5,3,0,2,4,2,2,0,1,1,0,0,2,2,1,1,1,Upper Primary (6–8),STANDARD,2,False,True
3149548,UTTAR PRADESH,BAREILLY,BAHERI,1,Khataula,2,3,1,8,1,243201,2,2,3,5,5,3,7,4,11,0,3,0,0,0,0,38,4,4,0,0,7,2,5,0,2,2,0,2,2,2,1,1,1,Upper Primary (1–8),STANDARD,5,False,True
8735078,UTTAR PRADESH,BAREILLY,MAJHGAWAN,2,,4,3,6,8,1,243302,9,2,3,0,0,0,0,0,70,116,86,0,0,0,0,272,5,4,0,1,7,3,0,4,2,2,1,0,0,1,1,1,1,Upper Primary (6–8),STANDARD,4,True,True
5586793,UTTAR PRADESH,BAREILLY,NAWABGANJ,1,Sundiyava,4,3,6,8,1,262406,9,2,3,0,0,0,0,0,9,15,18,0,0,0,0,42,3,3,0,0,3,3,0,0,1,1,0,0,0,2,1,1,1,Upper Primary (6–8),STANDARD,0,False,True
1587323,UTTAR PRADESH,BAREILLY,NAWABGANJ,1,Parothi,8,3,9,10,1,262406,9,2,3,0,0,0,0,0,0,0,0,44,31,0,0,75,4,4,0,0,4,4,0,0,2,2,0,0,0,1,1,1,1,Secondary (9–10),STANDARD,0,True,True
2395096,UTTAR PRADESH,BAREILLY,RICHHA(DAMKHODA),1,Mangadpur,4,3,6,8,1,243201,9,2,3,0,0,0,0,0,25,26,30,0,0,0,0,81,3,3,0,0,4,0,4,0,1,1,0,1,0,1,1,1,1,Upper Primary (6–8),STANDARD,4,True,True
9200506,UTTAR PRADESH,BAREILLY,BHADPURA,1,Atanga Chandpur,4,3,6,8,1,262406,9,2,3,0,0,0,0,0,19,36,32,0,0,0,0,87,2,2,0,0,6,2,2,2,1,1,0,0,2,1,1,1,1,Upper Primary (6–8),STANDARD,4,True,True
3395248,UTTAR PRADESH,BAREILLY,BHADPURA,1,Abhaypur Mullapur,2,3,1,8,1,262406,2,2,3,13,9,5,18,10,36,39,42,0,0,0,0,172,6,4,2,0,8,4,2,2,1,1,0,0,2,1,1,1,1,Upper Primary (1–8),STANDARD,4,True,True
4285568,UTTAR PRADESH,BAREILLY,BHUTA,1,Inayatpur,4,3,6,8,1,243503,9,2,3,0,0,0,0,0,60,45,53,0,0,0,0,158,5,4,0,1,5,0,0,5,2,2,0,0,2,1,1,1,1,Upper Primary (6–8),STANDARD,5,True,True
7433707,UTTAR PRADESH,BAREILLY,NAWABGANJ,1,Sadar Pur,4,3,6,8,1,262406,9,2,3,0,0,0,0,0,18,17,5,0,0,0,0,40,2,2,0,0,4,3,0,1,1,1,0,0,2,2,1,1,2,Upper Primary (6–8),STANDARD,1,False,True
5999348,UTTAR PRADESH,BAREILLY,BAREILLY TOWN,2,,4,3,6,8,5,243003,9,2,3,0,0,0,0,0,0,1,0,0,0,0,0,1,3,3,0,0,3,3,0,0,2,2,0,1,0,1,1,1,2,Upper Primary (6–8),STANDARD,0,True,True
6514550,UTTAR PRADESH,BAREILLY,BHOJIPURA,1,Pardholi,5,3,6,12,4,243001,9,2,3,0,0,0,0,0,68,91,66,113,114,69,49,570,7,7,0,0,12,12,0,0,4,8,1,1,0,1,1,1,1,Higher Secondary (6–12),STANDARD,0,True,True
9250929,UTTAR PRADESH,BAREILLY,BAREILLY TOWN,2,,5,3,6,12,4,243502,9,2,3,0,0,0,0,0,78,82,86,255,232,223,190,1146,22,22,0,0,23,23,0,0,3,2,2,0,0,1,1,1,2,Higher Secondary (6–12),STANDARD,0,True,True
7421486,UTTAR PRADESH,BAREILLY,BAREILLY TOWN,2,,1,3,1,5,5,243006,2,2,3,0,0,0,3,0,0,0,0,0,0,0,0,3,8,3,5,0,5,5,0,0,1,1,0,1,0,1,1,1,2,Primary (1–5),STANDARD,0,True,True
4122110,UTTAR PRADESH,BAREILLY,BHADPURA,1,Amberpur,2,3,1,8,1,262406,2,2,3,20,12,12,31,32,26,38,19,0,0,0,0,190,7,7,0,0,8,5,0,3,1,1,0,0,2,2,1,1,1,Upper Primary (1–8),STANDARD,3,False,True
5570474,UTTAR PRADESH,BAREILLY,VITHARI CHAINPUR,1,Mohanpur,2,3,1,8,5,243123,1,2,3,95,67,102,80,95,110,100,50,0,0,0,0,699,28,22,6,0,15,15,0,0,2,3,0,1,0,1,1,1,2,Upper Primary (1–8),STANDARD,0,True,True
9170315,UTTAR PRADESH,BAREILLY,RICHHA(DAMKHODA),1,Bhogpur,4,3,6,8,1,243201,9,2,3,0,0,0,0,0,12,30,15,0,0,0,0,57,2,2,0,0,4,4,0,0,1,1,0,0,2,1,1,1,1,Upper Primary (6–8),STANDARD,0,True,True
9688201,UTTAR PRADESH,BAREILLY,BAREILLY TOWN,2,,1,3,1,5,5,243002,2,2,3,6,0,5,2,1,0,0,0,0,0,0,0,14,3,2,1,0,5,5,0,0,2,2,0,1,0,1,1,1,2,Primary (1–5),STANDARD,0,True,True
5780742,UTTAR PRADESH,BAREILLY,BAREILLY TOWN,2,,2,3,1,8,5,243502,2,2,3,0,0,10,8,4,3,4,5,0,0,0,0,34,5,5,0,0,5,5,0,0,2,2,0,0,0,1,1,2,1,Upper Primary (1–8),STANDARD,0,True,False
7153575,UTTAR PRADESH,BAREILLY,BAHERI,1,Akha,2,3,1,8,1,243201,2,2,3,12,12,11,28,20,16,20,18,0,0,0,0,137,7,6,1,0,6,5,0,1,2,5,0,0,2,1,1,1,1,Upper Primary (1–8),STANDARD,1,True,True
9453692,UTTAR PRADESH,BAREILLY,FARIDPUR,1,Osar,4,3,6,8,1,243503,9,2,3,0,0,0,0,0,54,54,33,0,0,0,0,141,5,3,1,1,4,0,0,4,1,1,0,0,0,1,1,1,1,Upper Primary (6–8),STANDARD,4,True,True
4053823,UTTAR PRADESH,BAREILLY,VITHARI CHAINPUR,1,Saidpur Khajuria (Ct),1,3,1,5,97,243123,2,2,3,30,50,55,36,28,0,0,0,0,0,0,0,199,6,3,3,0,5,5,0,0,1,3,3,1,0,1,1,1,1,Primary (1–5),STANDARD,0,True,True
2010267,UTTAR PRADESH,BAREILLY,NAWABGANJ,1,Grem,1,3,1,5,1,243407,2,2,3,54,25,38,49,34,0,0,0,0,0,0,0,200,6,5,1,0,7,7,0,0,1,1,0,0,2,1,1,1,2,Primary (1–5),STANDARD,0,True,True
6236887,UTTAR PRADESH,BAREILLY,RICHHA(DAMKHODA),1,Arsiabojh,1,3,1,5,1,243201,2,2,3,9,19,25,43,58,0,0,0,0,0,0,0,154,6,3,3,0,5,3,2,0,1,3,0,1,2,2,1,1,2,Primary (1–5),STANDARD,2,False,True
4556337,UTTAR PRADESH,BAREILLY,BHUTA,1,Mandora,1,3,1,5,1,243503,2,2,3,25,18,10,30,30,0,0,0,0,0,0,0,113,5,3,2,0,6,1,1,4,1,1,0,0,2,1,1,1,1,Primary (1–5),STANDARD,5,True,True
1350214,UTTAR PRADESH,BAREILLY,BHUTA,1,Mewa Shafipur,1,3,1,5,1,243503,2,2,3,4,14,4,10,6,0,0,0,0,0,0,0,38,2,1,1,0,3,0,3,0,1,1,0,0,0,1,1,1,2,Primary (1–5),STANDARD,3,True,True
4164068,UTTAR PRADESH,BAREILLY,VITHARI CHAINPUR,1,Kunwerpur Banjaria,1,3,1,5,1,243123,2,2,3,39,32,27,47,64,0,0,0,0,0,0,0,209,7,5,2,0,8,4,0,4,1,1,0,0,2,1,1,1,2,Primary (1–5),STANDARD,4,True,True
6171034,UTTAR PRADESH,BAREILLY,FATEHGANJ,1,,1,3,1,5,1,243505,2,2,3,35,28,23,30,36,0,0,0,0,0,0,0,152,7,5,2,0,6,4,2,0,1,2,0,1,0,2,1,1,1,Primary (1–5),STANDARD,2,False,True
1924833,UTTAR PRADESH,BAREILLY,BHADPURA,1,Lamkhera,1,3,1,5,1,262406,2,2,3,4,6,4,10,10,0,0,0,0,0,0,0,34,3,3,0,0,5,2,0,3,1,1,0,0,2,1,1,1,1,Primary (1–5),STANDARD,3,True,True
2221433,UTTAR PRADESH,BAREILLY,MIRGANJ,1,Thiria Buzurg,1,3,1,5,1,243504,2,2,3,5,2,4,4,8,0,0,0,0,0,0,0,23,3,3,0,0,0,0,0,0,1,1,0,0,2,2,1,1,1,Primary (1–5),STANDARD,0,False,True
1414194,UTTAR PRADESH,BAREILLY,MAJHGAWAN,1,Jainpur Kadarabad,1,3,1,5,1,243001,2,2,3,11,10,15,19,26,0,0,0,0,0,0,0,81,4,2,2,0,3,0,2,1,1,1,0,0,2,1,1,1,2,Primary (1–5),STANDARD,3,True,True
9711992,UTTAR PRADESH,BAREILLY,RICHHA(DAMKHODA),1,Balpur,1,3,1,5,1,243005,2,2,3,4,4,7,6,15,0,0,0,0,0,0,0,36,4,2,2,0,3,3,0,0,1,1,0,0,2,1,1,1,2,Primary (1–5),STANDARD,0,True,True
2913916,UTTAR PRADESH,BAREILLY,KYARA,1,Soodanpur Mustqil,1,3,1,5,1,243302,2,2,3,19,20,26,36,30,0,0,0,0,0,0,0,131,5,5,0,0,4,0,0,4,1,1,0,0,2,2,1,1,2,Primary (1–5),STANDARD,4,False,True
6570017,UTTAR PRADESH,BAREILLY,SHERGARH,1,Dunka,1,3,1,5,1,243505,2,2,3,51,67,45,81,59,0,0,0,0,0,0,0,303,11,6,5,0,7,5,1,1,4,4,4,2,2,1,1,1,2,Primary (1–5),STANDARD,2,True,True
1746990,UTTAR PRADESH,BAREILLY,MAJHGAWAN,1,Mohammad Ganj,1,3,1,5,1,243302,2,2,3,16,4,6,12,12,0,0,0,0,0,0,0,50,3,2,1,0,2,0,2,0,1,1,0,0,2,1,1,1,1,Primary (1–5),STANDARD,2,True,True
9711333,UTTAR PRADESH,BAREILLY,BHADPURA,1,Badhaipura Illaka Dhamipur,1,3,1,5,1,262406,2,2,3,7,6,8,5,6,0,0,0,0,0,0,0,32,2,1,1,0,4,2,1,1,1,1,0,0,2,2,1,1,1,Primary (1–5),STANDARD,2,False,True
6961508,UTTAR PRADESH,BAREILLY,FATEHGANJ,1,Panvaria Mustakil,1,3,1,5,1,243501,2,2,3,20,13,17,22,12,0,0,0,0,0,0,0,84,5,3,2,0,3,1,0,2,1,1,0,0,2,2,1,1,2,Primary (1–5),STANDARD,2,False,True
8531732,UTTAR PRADESH,BAREILLY,BAHERI,1,Akbarabad,1,3,1,5,1,243201,2,2,3,11,5,4,14,8,0,0,0,0,0,0,0,42,7,3,4,0,3,2,1,0,1,1,0,0,2,1,1,1,1,Primary (1–5),STANDARD,1,True,True
9775352,UTTAR PRADESH,BAREILLY,BHADPURA,1,Khamaria,1,3,1,5,1,262406,2,2,3,10,9,13,17,16,0,0,0,0,0,0,0,65,3,2,1,0,3,3,0,0,1,1,0,0,2,1,1,1,1,Primary (1–5),STANDARD,0,True,True
3127879,UTTAR PRADESH,BAREILLY,VITHARI CHAINPUR,1,Manpuria Delel,1,3,1,5,1,243123,2,2,3,19,24,17,26,25,0,0,0,0,0,0,0,111,5,3,2,0,5,3,2,0,1,1,0,1,2,1,1,1,1,Primary (1–5),STANDARD,2,True,True
1445529,UTTAR PRADESH,BAREILLY,FATEHGANJ,1,Sukali,1,3,1,5,1,243505,2,2,3,18,8,12,21,20,0,0,0,0,0,0,0,79,7,4,3,0,6,2,2,2,2,2,0,1,2,2,1,1,2,Primary (1–5),STANDARD,4,False,True
2860993,UTTAR PRADESH,BAREILLY,SHERGARH,1,Muhammadpur,1,3,1,5,1,243505,2,2,3,9,2,4,10,2,0,0,0,0,0,0,0,27,3,2,1,0,4,1,3,0,1,1,0,0,2,2,1,1,1,Primary (1–5),STANDARD,3,False,True
6230640,UTTAR PRADESH,BAREILLY,BAREILLY TOWN,2,,2,3,1,8,5,243001,2,2,3,0,1,6,3,9,3,4,5,0,0,0,0,31,10,5,5,0,9,9,0,0,2,2,2,0,0,2,1,2,1,Upper Primary (1–8),STANDARD,0,False,False
3983178,UTTAR PRADESH,BAREILLY,BAHERI,1,Mavai Kaziyan,1,3,1,5,5,243201,2,2,3,18,16,26,21,26,0,0,0,0,0,0,0,107,4,4,0,0,5,5,0,0,1,1,1,0,0,1,1,1,1,Primary (1–5),STANDARD,0,True,True
7310966,UTTAR PRADESH,BAREILLY,MAJHGAWAN,1,Shivpuri,1,3,1,5,90,243303,2,2,3,4,11,12,9,7,0,0,0,0,0,0,0,43,1,1,0,0,2,2,0,0,1,1,0,0,0,2,2,1,1,Primary (1–5),STANDARD,0,False,True
3594729,UTTAR PRADESH,BAREILLY,KYARA,1,Murshidabad,1,3,1,5,1,243502,2,2,3,11,8,10,12,10,0,0,0,0,0,0,0,51,4,2,2,0,4,4,0,0,1,1,0,0,2,1,1,1,1,Primary (1–5),STANDARD,0,True,True
2955600,UTTAR PRADESH,BAREILLY,BHUTA,1,Bhagwatipur Rajaram,1,3,1,5,1,243123,2,2,3,12,7,3,8,12,0,0,0,0,0,0,0,42,5,3,2,0,3,3,0,0,1,1,0,0,2,2,1,1,2,Primary (1–5),STANDARD,0,False,True
6385485,UTTAR PRADESH,BAREILLY,RICHHA(DAMKHODA),1,Gaurikhera,1,3,1,5,1,243201,2,2,3,1,2,2,3,2,0,0,0,0,0,0,0,10,3,1,2,0,4,2,1,1,1,1,0,0,1,2,1,1,2,Primary (1–5),STANDARD,2,False,True
6181814,UTTAR PRADESH,BAREILLY,BHUTA,1,Dhakni Rajpuri,2,3,1,8,1,243503,2,2,3,6,2,10,15,14,35,31,38,0,0,0,0,151,8,6,1,1,8,6,1,1,2,2,0,0,2,1,1,1,1,Upper Primary (1–8),STANDARD,2,True,True
5816226,UTTAR PRADESH,BAREILLY,SHERGARH,1,Kabra Kishanpur,1,3,1,5,97,243505,2,2,3,0,3,0,6,3,0,0,0,0,0,0,0,12,4,3,1,0,3,3,0,0,1,1,0,0,0,2,1,2,2,Primary (1–5),STANDARD,0,False,False
5042263,UTTAR PRADESH,BAREILLY,MAJHGAWAN,1,Rajpur Kalan,10,3,9,12,5,243302,9,2,3,0,0,0,0,0,0,0,0,107,144,173,232,656,12,6,6,0,16,16,0,0,2,5,3,1,0,2,1,1,1,Higher Secondary (9–12),STANDARD,0,False,True
6780993,UTTAR PRADESH,BAREILLY,KYARA,1,Behti Deh Jagir,1,3,1,5,1,243001,2,2,3,32,23,21,40,29,0,0,0,0,0,0,0,145,10,6,4,0,6,1,3,2,2,1,0,0,2,2,1,1,2,Primary (1–5),STANDARD,5,False,True
7863550,UTTAR PRADESH,BAREILLY,FATEHGANJ,2,,1,3,1,5,5,243501,2,2,3,20,22,32,17,14,0,0,0,0,0,0,0,105,5,5,0,0,5,5,0,0,1,1,0,1,0,2,1,2,1,Primary (1–5),STANDARD,0,False,False
8269615,UTTAR PRADESH,BAREILLY,BAREILLY TOWN,2,,2,3,1,8,5,243122,2,2,3,0,0,10,7,4,3,4,4,0,0,0,0,32,5,5,0,0,8,8,0,0,2,2,0,0,0,1,1,2,1,Upper Primary (1–8),STANDARD,0,True,False
7604254,UTTAR PRADESH,BAREILLY,ALAMPUR,1,Sahasa,1,3,1,5,5,243302,2,2,3,28,24,28,18,16,0,0,0,0,0,0,0,114,5,5,0,0,7,5,2,0,2,2,0,0,0,1,2,2,1,Primary (1–5),STANDARD,2,True,False
7905057,UTTAR PRADESH,BAREILLY,KYARA,1,Kareli (Ct),1,3,1,5,5,243201,2,2,3,12,7,5,6,10,0,0,0,0,0,0,0,40,5,5,0,0,6,6,0,0,1,1,0,1,1,2,1,2,1,Primary (1–5),STANDARD,0,False,False
6758289,UTTAR PRADESH,BAREILLY,NAWABGANJ,1,Khanjanpur Khanjania,1,3,1,5,1,262406,2,2,3,14,5,5,14,13,0,0,0,0,0,0,0,51,3,1,2,0,5,4,1,0,1,1,0,0,2,1,1,1,2,Primary (1–5),STANDARD,1,True,True
6444028,UTTAR PRADESH,BAREILLY,BAREILLY TOWN,2,,3,3,1,12,5,243001,2,2,3,56,53,41,54,64,91,82,94,98,108,83,74,898,43,43,0,0,32,32,0,0,12,12,60,1,0,1,1,1,2,Higher Secondary (1–12),STANDARD,0,True,True
6842017,UTTAR PRADESH,BAREILLY,NAWABGANJ,1,Baraur,5,3,6,12,5,262406,9,2,3,0,0,0,0,0,33,33,38,70,80,93,56,403,10,0,10,0,11,11,0,0,1,3,1,1,0,1,1,1,1,Higher Secondary (6–12),STANDARD,0,True,True
1611269,UTTAR PRADESH,BAREILLY,BAHERI,1,Utarsia Samukhiya,2,3,1,8,5,243201,2,2,2,39,41,31,44,33,21,35,30,0,0,0,0,274,13,12,1,0,6,6,0,0,4,6,3,1,1,1,1,1,1,Upper Primary (1–8),STANDARD,0,True,True
5097168,UTTAR PRADESH,BAREILLY,RICHHA(DAMKHODA),1,Arsiabojh,2,3,1,8,5,243201,2,2,3,2,2,0,0,0,5,2,3,0,0,0,0,14,8,0,8,0,12,12,0,0,2,2,0,0,0,2,1,1,1,Upper Primary (1–8),STANDARD,0,False,True
4385622,UTTAR PRADESH,BAREILLY,BAREILLY TOWN,2,,2,3,1,8,5,243003,1,2,3,63,61,51,37,35,21,21,11,0,0,0,0,300,6,6,0,0,10,10,0,0,3,2,5,2,0,1,1,2,2,Upper Primary (1–8),STANDARD,0,True,False
2585951,UTTAR PRADESH,BAREILLY,BHUTA,1,Umedpur Bhuta,2,3,1,8,5,243126,1,1,3,18,21,16,25,16,13,17,11,0,0,0,0,137,4,4,0,0,8,8,0,0,2,3,4,2,1,1,1,1,1,Upper Primary (1–8),STANDARD,0,True,True
2744842,UTTAR PRADESH,BAREILLY,NAWABGANJ,1,Aurangabad,1,3,1,5,5,262406,1,2,3,35,22,22,30,24,0,0,0,0,0,0,0,133,8,8,0,0,8,8,0,0,3,3,15,1,1,1,1,1,1,Primary (1–5),STANDARD,0,True,True
4544101,UTTAR PRADESH,BAREILLY,SHERGARH,2,,2,3,1,8,5,243505,2,2,3,15,18,20,14,26,23,20,16,0,0,0,0,152,7,7,0,0,8,8,0,0,2,2,0,0,0,2,2,2,1,Upper Primary (1–8),STANDARD,0,False,False
5711165,UTTAR PRADESH,BAREILLY,VITHARI CHAINPUR,2,,2,3,1,8,5,243122,1,2,3,73,60,60,77,62,63,50,38,0,0,0,0,483,19,13,6,0,22,22,0,0,8,8,15,2,1,1,1,1,1,Upper Primary (1–8),STANDARD,0,True,True
8904336,UTTAR PRADESH,BAREILLY,KYARA,1,Kargaina,1,3,1,5,5,243004,2,2,3,7,2,0,1,0,0,0,0,0,0,0,0,10,3,3,0,0,5,5,0,0,1,1,0,0,0,2,1,2,1,Primary (1–5),STANDARD,0,False,False
5752637,UTTAR PRADESH,BAREILLY,BAREILLY TOWN,2,,2,3,1,8,5,243005,1,2,3,26,20,22,20,16,16,12,11,0,0,0,0,143,16,16,0,0,12,11,1,0,3,3,4,0,0,1,1,1,1,Upper Primary (1–8),STANDARD,1,True,True
8238584,UTTAR PRADESH,BAREILLY,BHUTA,1,Rampur Pravin,7,3,6,10,5,243503,9,2,3,0,0,0,0,0,2,8,1,100,113,0,0,224,8,8,0,0,10,10,0,0,2,1,0,1,0,2,1,2,1,Secondary (6–10),STANDARD,0,False,False
1986124,UTTAR PRADESH,BAREILLY,VITHARI CHAINPUR,1,Bhoora,1,3,1,5,5,243122,2,2,3,32,37,21,20,22,0,0,0,0,0,0,0,132,6,6,0,0,5,5,0,0,2,1,0,0,0,2,1,1,1,Primary (1–5),STANDARD,0,False,True
2971321,UTTAR PRADESH,BAREILLY,RAMNAGAR,1,Mutlak Pur,4,3,6,8,5,243303,9,2,3,0,0,0,0,0,48,49,14,0,0,0,0,111,3,3,0,0,5,5,0,0,2,2,5,1,0,1,1,1,1,Upper Primary (6–8),STANDARD,0,True,True
4528143,UTTAR PRADESH,BAREILLY,MAJHGAWAN,1,Mandora,1,3,1,5,5,243302,2,2,3,26,3,5,12,6,0,0,0,0,0,0,0,52,5,5,0,0,5,5,0,0,1,1,2,0,0,2,1,1,1,Primary (1–5),STANDARD,0,False,True
5749461,UTTAR PRADESH,BAREILLY,NAWABGANJ,1,Satuiya Khurd,4,3,6,8,5,243001,9,2,3,0,0,0,0,0,24,9,16,0,0,0,0,49,5,4,1,0,6,6,0,0,1,1,0,1,0,2,1,2,1,Upper Primary (6–8),STANDARD,0,False,False
6076081,UTTAR PRADESH,BAREILLY,FARIDPUR TOWN,2,,2,3,1,8,5,243503,2,2,3,26,28,33,33,29,25,44,27,0,0,0,0,245,2,2,0,0,8,8,0,0,1,1,3,1,2,1,1,1,1,Upper Primary (1–8),STANDARD,0,True,True
2639513,UTTAR PRADESH,BAREILLY,FARIDPUR,1,Rajau Paraspur,2,3,1,8,5,243123,1,2,3,23,16,13,19,20,32,30,20,0,0,0,0,173,7,7,0,0,8,8,0,0,3,3,0,0,0,1,1,1,1,Upper Primary (1–8),STANDARD,0,True,True
2679789,UTTAR PRADESH,BAREILLY,BHUTA,1,Bhawanpur Niamatullah,2,3,1,8,1,243503,2,2,3,27,22,22,24,32,59,59,79,0,0,0,0,324,14,11,2,1,8,8,0,0,2,2,1,0,2,1,1,1,1,Upper Primary (1–8),STANDARD,0,True,True
6828798,UTTAR PRADESH,BAREILLY,BHOJIPURA,1,Jatau Patti,1,3,1,5,5,243202,2,2,3,0,8,13,12,13,0,0,0,0,0,0,0,46,5,0,4,1,5,5,0,0,1,1,0,1,0,1,1,1,1,Primary (1–5),STANDARD,0,True,True
9533268,UTTAR PRADESH,BAREILLY,BAREILLY TOWN,2,,2,3,1,8,5,243003,1,2,3,32,34,22,28,23,30,28,30,0,0,0,0,227,8,1,7,0,12,12,0,0,2,2,5,0,0,1,1,1,2,Upper Primary (1–8),STANDARD,0,True,True
9516066,UTTAR PRADESH,BAREILLY,SHERGARH,1,Lakhimpur,4,3,6,8,1,243505,9,2,3,0,0,0,0,0,12,9,5,0,0,0,0,26,1,1,0,0,4,4,0,0,1,1,0,0,0,2,1,1,1,Upper Primary (6–8),STANDARD,0,False,True
2561072,UTTAR PRADESH,BAREILLY,BAREILLY TOWN,2,,2,3,1,8,1,243005,2,2,3,16,16,43,47,26,34,46,54,0,0,0,0,282,8,6,2,0,8,8,0,0,2,2,0,0,1,2,1,1,2,Upper Primary (1–8),STANDARD,0,False,True
5327046,UTTAR PRADESH,BAREILLY,RICHHA(DAMKHODA),1,Rahpura Ganimat,2,3,1,8,1,243203,2,2,3,43,24,23,38,28,35,41,34,0,0,0,0,266,6,5,1,0,14,10,4,0,3,3,16,2,2,1,1,1,1,Upper Primary (1–8),STANDARD,4,True,True
9548213,UTTAR PRADESH,BAREILLY,KYARA,1,Rondhi Mustqil,2,3,1,8,1,243001,2,2,3,27,14,37,58,45,79,74,74,0,0,0,0,408,13,12,1,0,10,7,2,1,2,2,0,0,2,1,1,1,2,Upper Primary (1–8),STANDARD,3,True,True
1638512,UTTAR PRADESH,BAREILLY,NAWABGANJ,1,Ratnanandpur,4,3,6,8,1,262406,9,2,3,0,0,0,0,0,4,7,7,0,0,0,0,18,1,1,0,0,3,0,2,1,2,2,0,0,2,1,1,1,1,Upper Primary (6–8),STANDARD,3,True,True
6169282,UTTAR PRADESH,BAREILLY,BHUTA,1,Budhauli,5,3,6,12,1,243506,9,2,3,0,0,0,0,0,32,33,41,91,90,96,92,475,9,9,0,0,16,4,9,3,10,12,13,0,0,1,1,1,1,Higher Secondary (6–12),STANDARD,12,True,True
5312586,UTTAR PRADESH,BAREILLY,MIRGANJ,1,Nagaria Sadat,4,3,6,8,1,243504,9,2,3,0,0,0,0,0,25,15,23,0,0,0,0,63,3,3,0,0,3,3,0,0,1,1,0,0,2,2,1,1,1,Upper Primary (6–8),STANDARD,0,False,True
8234914,UTTAR PRADESH,BAREILLY,NAWABGANJ,1,Richhola Tara Chand,4,3,6,8,1,243407,9,2,3,0,0,0,0,0,8,8,5,0,0,0,0,21,3,3,0,0,4,4,0,0,2,2,0,0,0,2,1,1,1,Upper Primary (6–8),STANDARD,0,False,True
5011417,UTTAR PRADESH,BAREILLY,BAREILLY TOWN,2,,4,3,6,8,5,243122,9,2,1,0,0,0,0,0,3,8,5,0,0,0,0,16,1,0,1,0,3,3,0,0,1,1,2,1,0,1,2,1,1,Upper Primary (6–8),STANDARD,0,True,True
9246796,UTTAR PRADESH,BAREILLY,ALAMPUR,1,Prem Rajpur,2,3,1,8,1,243401,2,2,3,16,15,12,32,18,57,85,61,0,0,0,0,296,11,9,2,0,8,6,1,1,2,2,1,0,2,1,1,1,1,Upper Primary (1–8),STANDARD,2,True,True
4496973,UTTAR PRADESH,BAREILLY,RICHHA(DAMKHODA),2,,5,3,6,12,1,243201,9,2,3,0,0,0,0,0,1,8,8,17,22,14,55,125,5,5,0,0,12,7,5,0,1,2,9,1,1,1,1,1,1,Higher Secondary (6–12),STANDARD,5,True,True
7060213,UTTAR PRADESH,BAREILLY,BHUTA,1,Bhaupur,4,3,6,8,4,243503,9,2,3,0,0,0,0,0,65,53,38,0,0,0,0,156,4,4,0,0,8,6,2,0,1,1,0,0,0,2,2,2,1,Upper Primary (6–8),STANDARD,2,False,False
2048947,UTTAR PRADESH,BAREILLY,AONLA,2,,5,3,6,12,4,243301,9,2,3,0,0,0,0,0,40,47,55,186,150,365,410,1253,17,16,1,0,19,19,0,0,2,2,1,1,0,1,1,1,1,Higher Secondary (6–12),STANDARD,0,True,True
1029588,UTTAR PRADESH,BAREILLY,BHADPURA,1,Dhakia Barkali Sahib,4,3,6,8,1,243001,9,2,3,0,0,0,0,0,39,44,60,0,0,0,0,143,3,2,0,1,6,4,1,1,1,1,1,0,2,1,1,1,1,Upper Primary (6–8),STANDARD,2,True,True
5491039,UTTAR PRADESH,BAREILLY,BAREILLY TOWN,2,,2,3,1,8,5,243005,2,2,3,14,8,8,5,10,8,4,4,0,0,0,0,61,3,0,1,2,8,8,0,0,2,2,0,0,0,1,1,2,1,Upper Primary (1–8),STANDARD,0,True,False
6431841,UTTAR PRADESH,BAREILLY,SHERGARH,1,Jianagla,2,3,1,8,5,243505,2,2,3,13,5,7,17,18,20,26,33,0,0,0,0,139,5,2,2,1,6,6,0,0,4,4,2,0,0,1,2,1,1,Upper Primary (1–8),STANDARD,0,True,True
1848664,UTTAR PRADESH,BAREILLY,FARIDPUR,1,Bakainiya,1,3,1,5,1,243001,2,2,3,20,19,7,30,19,0,0,0,0,0,0,0,95,6,4,2,0,4,4,0,0,1,1,0,0,2,2,1,1,1,Primary (1–5),STANDARD,0,False,True
8599073,UTTAR PRADESH,BAREILLY,BAREILLY TOWN,2,,5,3,6,12,4,243001,9,2,3,0,0,0,0,0,75,77,63,87,49,16,16,383,7,7,0,0,10,10,0,0,4,1,0,0,0,2,1,2,1,Higher Secondary (6–12),STANDARD,0,False,False
7628367,UTTAR PRADESH,BAREILLY,FATEHGANJ,1,Bhagwantapur,1,3,1,5,97,243503,2,2,3,15,4,18,2,0,0,0,0,0,0,0,0,39,3,0,2,1,10,5,5,0,2,2,0,0,0,1,1,1,1,Primary (1–5),STANDARD,5,True,True
8571320,UTTAR PRADESH,BAREILLY,MIRGANJ,1,Narkhera,1,3,1,5,1,243505,2,2,3,22,10,13,20,14,0,0,0,0,0,0,0,79,4,2,2,0,7,2,2,3,1,1,0,0,2,2,1,1,2,Primary (1–5),STANDARD,5,False,True
2630967,UTTAR PRADESH,BAREILLY,FATEHGANJ,1,Dhaursatuia,1,3,1,5,1,243501,2,2,3,9,10,6,12,13,0,0,0,0,0,0,0,50,3,1,2,0,4,4,0,0,2,2,0,0,0,1,1,1,2,Primary (1–5),STANDARD,0,True,True
7030472,UTTAR PRADESH,BAREILLY,KYARA,1,Hadauria,1,3,1,5,1,243001,2,2,3,53,29,33,52,40,0,0,0,0,0,0,0,207,7,5,2,0,6,4,2,0,1,1,0,0,2,1,1,1,1,Primary (1–5),STANDARD,2,True,True
5105331,UTTAR PRADESH,BAREILLY,KYARA,1,Rampura Inayetpur Mustqil,1,3,1,5,1,243001,2,2,3,12,17,5,10,8,0,0,0,0,0,0,0,52,3,1,2,0,3,0,1,2,1,1,0,0,2,1,1,1,1,Primary (1–5),STANDARD,3,True,True
3971219,UTTAR PRADESH,BAREILLY,KYARA,1,Manpur Chikitia,1,3,1,5,1,243002,2,2,3,30,21,29,16,32,0,0,0,0,0,0,0,128,5,3,2,0,4,4,0,0,1,2,0,0,2,2,1,1,2,Primary (1–5),STANDARD,0,False,True
9501200,UTTAR PRADESH,BAREILLY,BAHERI,1,Barauri,1,3,1,5,1,243201,2,2,3,3,3,5,10,7,0,0,0,0,0,0,0,28,2,1,1,0,2,1,0,1,1,1,0,0,2,2,1,1,1,Primary (1–5),STANDARD,1,False,True
8484806,UTTAR PRADESH,BAREILLY,FATEHGANJ,1,Rasoola Chaudhry,1,3,1,5,1,243501,2,2,3,27,17,11,33,37,0,0,0,0,0,0,0,125,6,6,0,0,9,0,8,1,1,2,0,1,0,2,1,1,1,Primary (1–5),STANDARD,9,False,True
8818623,UTTAR PRADESH,BAREILLY,MAJHGAWAN,1,Amroli,1,3,1,5,1,243302,2,2,3,17,15,8,39,36,0,0,0,0,0,0,0,115,4,3,1,0,5,2,0,3,1,1,0,0,2,2,1,1,2,Primary (1–5),STANDARD,3,False,True
2074635,UTTAR PRADESH,BAREILLY,VITHARI CHAINPUR,2,,1,3,1,5,1,243123,2,2,3,52,70,66,114,98,0,0,0,0,0,0,0,400,13,11,2,0,9,5,4,0,1,2,0,1,2,1,1,1,2,Primary (1–5),STANDARD,4,True,True
4803717,UTTAR PRADESH,BAREILLY,MIRGANJ,1,Diwna,1,3,1,5,1,243504,2,2,3,10,8,11,9,12,0,0,0,0,0,0,0,50,3,2,1,0,6,3,0,3,2,2,0,0,2,1,1,1,1,Primary (1–5),STANDARD,3,True,True
5263084,UTTAR PRADESH,BAREILLY,ALAMPUR,1,Karpia Khas,1,3,1,5,1,243401,2,2,3,13,11,10,20,15,0,0,0,0,0,0,0,69,2,2,0,0,3,1,1,1,1,1,0,0,2,2,1,1,2,Primary (1–5),STANDARD,2,False,True
7586610,UTTAR PRADESH,BAREILLY,SHERGARH,1,Bilsa,1,3,1,5,1,243505,2,2,3,22,16,22,24,21,0,0,0,0,0,0,0,105,4,2,2,0,5,3,0,2,1,1,0,0,2,1,1,1,1,Primary (1–5),STANDARD,2,True,True
7166311,UTTAR PRADESH,BAREILLY,BAHERI,1,Garibpura,1,3,1,5,1,243201,2,2,3,3,2,5,7,2,0,0,0,0,0,0,0,19,5,2,3,0,4,4,0,0,1,1,0,0,2,1,1,1,1,Primary (1–5),STANDARD,0,True,True
9541671,UTTAR PRADESH,BAREILLY,MAJHGAWAN,1,Lohari,1,3,1,5,1,243302,2,2,3,16,16,19,35,21,0,0,0,0,0,0,0,107,5,3,2,0,3,0,3,0,1,1,0,0,0,1,1,1,2,Primary (1–5),STANDARD,3,True,True
4105406,UTTAR PRADESH,BAREILLY,BAREILLY TOWN,2,,1,3,1,5,1,243001,2,2,3,4,9,8,10,11,0,0,0,0,0,0,0,42,0,0,0,0,5,3,1,1,1,1,0,0,0,1,1,1,1,Primary (1–5),STANDARD,2,True,True
1637699,UTTAR PRADESH,BAREILLY,SHERGARH,1,Dhaneli,1,3,1,5,1,243505,2,2,3,15,10,15,18,14,0,0,0,0,0,0,0,72,2,2,0,0,4,4,0,0,1,1,0,1,1,2,1,1,2,Primary (1–5),STANDARD,0,False,True
6543198,UTTAR PRADESH,BAREILLY,MAJHGAWAN,1,Rampura Khurd,1,3,1,5,1,243302,2,2,3,26,27,45,34,61,0,0,0,0,0,0,0,193,7,5,2,0,6,6,0,0,2,2,0,0,2,2,1,1,1,Primary (1–5),STANDARD,0,False,True
6084998,UTTAR PRADESH,BAREILLY,FATEHGANJ,1,Turasapatti,1,3,1,5,1,243505,2,2,2,20,20,15,38,25,0,0,0,0,0,0,0,118,4,4,0,0,16,16,0,0,2,4,0,0,2,2,1,1,1,Primary (1–5),STANDARD,0,False,True
1903527,UTTAR PRADESH,BAREILLY,ALAMPUR,1,Jhinjhari,1,3,1,5,1,243402,2,2,3,27,17,21,14,10,0,0,0,0,0,0,0,89,6,3,3,0,5,2,1,2,1,1,0,0,2,2,1,1,2,Primary (1–5),STANDARD,3,False,True
7176297,UTTAR PRADESH,BAREILLY,ALAMPUR,1,Gahrra,1,3,1,5,1,243402,2,2,3,32,18,22,27,31,0,0,0,0,0,0,0,130,5,3,2,0,2,1,0,1,1,1,0,0,2,1,1,1,1,Primary (1–5),STANDARD,1,True,True
6584802,UTTAR PRADESH,BAREILLY,BAHERI,1,Pindari Ashok,1,3,1,5,1,243201,2,2,3,4,3,4,8,8,0,0,0,0,0,0,0,27,2,1,1,0,5,5,0,0,1,1,0,0,2,2,1,1,2,Primary (1–5),STANDARD,0,False,True
5472525,UTTAR PRADESH,BAREILLY,MIRGANJ,1,Chanehta,1,3,1,5,1,243504,2,2,3,27,22,21,60,32,0,0,0,0,0,0,0,162,6,3,3,0,6,6,0,0,1,1,0,0,2,2,1,1,1,Primary (1–5),STANDARD,0,False,True
6534599,UTTAR PRADESH,BAREILLY,NAWABGANJ,1,Baraura,1,3,1,5,1,243001,2,2,3,8,6,5,7,10,0,0,0,0,0,0,0,36,2,1,1,0,6,6,0,0,1,1,0,0,2,2,1,1,2,Primary (1–5),STANDARD,0,False,True
3920964,UTTAR PRADESH,BAREILLY,NAWABGANJ,1,Kalyanpur Hikmat Ali,1,3,1,5,1,262406,2,2,3,11,11,8,14,21,0,0,0,0,0,0,0,65,4,2,2,0,5,4,1,0,1,1,0,0,2,1,1,1,1,Primary (1–5),STANDARD,1,True,True
1537492,UTTAR PRADESH,BAREILLY,RICHHA(DAMKHODA),1,Dhakia,1,3,1,5,1,243203,2,2,3,2,2,1,7,5,0,0,0,0,0,0,0,17,1,1,0,0,2,0,2,0,1,1,0,0,2,2,1,1,2,Primary (1–5),STANDARD,2,False,True
6414268,UTTAR PRADESH,BAREILLY,BHOJIPURA,1,Mawai,1,3,1,5,1,243502,2,2,3,16,10,16,18,18,0,0,0,0,0,0,0,78,5,4,1,0,5,4,0,1,1,2,0,0,2,1,1,1,2,Primary (1–5),STANDARD,1,True,True
7257993,UTTAR PRADESH,BAREILLY,NAWABGANJ,1,Anandapur Laxmi Narian,1,3,1,5,1,262406,2,2,3,9,4,13,14,15,0,0,0,0,0,0,0,55,4,3,1,0,3,2,0,1,1,1,0,0,2,2,1,1,1,Primary (1–5),STANDARD,1,False,True
5001808,UTTAR PRADESH,BAREILLY,NAWABGANJ,1,Mianpur,1,3,1,5,1,262406,2,2,3,6,7,1,10,8,0,0,0,0,0,0,0,32,3,2,1,0,1,1,0,0,1,1,0,0,2,2,1,1,1,Primary (1–5),STANDARD,0,False,True
3371759,UTTAR PRADESH,BAREILLY,KYARA,1,Palpur Kamalpur,1,3,1,5,1,243001,2,2,3,50,53,44,70,40,0,0,0,0,0,0,0,257,8,8,0,0,8,1,3,4,1,1,0,0,2,1,1,1,2,Primary (1–5),STANDARD,7,True,True
1537084,UTTAR PRADESH,BAREILLY,SHERGARH,1,Pipauli,1,3,1,5,1,243505,2,2,3,6,7,6,15,9,0,0,0,0,0,0,0,43,5,2,3,0,4,2,1,1,1,1,0,1,2,1,1,1,1,Primary (1–5),STANDARD,2,True,True
6662237,UTTAR PRADESH,BAREILLY,VITHARI CHAINPUR,1,Kamuan Kalan,1,3,1,5,1,243123,2,2,3,16,11,8,13,14,0,0,0,0,0,0,0,62,4,4,0,0,3,0,2,1,1,1,0,0,2,2,1,1,1,Primary (1–5),STANDARD,3,False,True
9504519,UTTAR PRADESH,BAREILLY,VITHARI CHAINPUR,1,Simra Ajooba Begum,1,3,1,5,1,243123,2,2,3,12,15,15,24,21,0,0,0,0,0,0,0,87,4,3,1,0,4,4,0,0,1,1,0,0,2,2,1,1,1,Primary (1–5),STANDARD,0,False,True
9074882,UTTAR PRADESH,BAREILLY,ALAMPUR,1,Sareri,1,3,1,5,5,243301,2,2,3,17,22,25,26,22,0,0,0,0,0,0,0,112,5,5,0,0,9,9,0,0,1,2,1,0,0,1,1,2,1,Primary (1–5),STANDARD,0,True,False
7433099,UTTAR PRADESH,BAREILLY,KYARA,1,Kargaina,3,3,1,12,5,243001,2,2,1,72,80,63,69,79,77,74,83,76,63,30,17,783,38,16,22,0,30,30,0,0,18,17,45,1,0,1,1,1,1,Higher Secondary (1–12),STANDARD,0,True,True
4147677,UTTAR PRADESH,BAREILLY,FARIDPUR TOWN,2,,1,3,1,5,1,243503,2,2,3,16,36,53,25,36,0,0,0,0,0,0,0,166,1,0,1,0,4,4,0,0,1,1,0,1,1,1,1,1,1,Primary (1–5),STANDARD,0,True,True
5116265,UTTAR PRADESH,BAREILLY,ALAMPUR,1,Karpia Khas,1,3,1,5,1,243401,2,2,3,9,15,11,17,17,0,0,0,0,0,0,0,69,3,2,1,0,3,0,1,2,1,1,0,0,2,2,1,1,1,Primary (1–5),STANDARD,3,False,True
6753923,UTTAR PRADESH,BAREILLY,FARIDPUR,1,Tara Khas,2,3,1,8,1,243503,2,2,3,32,26,31,55,75,74,45,51,0,0,0,0,389,11,7,1,3,6,4,0,2,2,2,0,0,2,2,1,1,1,Upper Primary (1–8),STANDARD,2,False,True
8680993,UTTAR PRADESH,BAREILLY,MIRGANJ,1,Mohammadganj Mustakil,2,3,1,8,1,243501,2,2,3,6,8,7,12,5,25,17,19,0,0,0,0,99,4,4,0,0,8,4,1,3,3,2,0,0,2,1,1,1,2,Upper Primary (1–8),STANDARD,4,True,True
9601809,UTTAR PRADESH,BAREILLY,RICHHA(DAMKHODA),1,Churaila,2,3,1,8,1,243201,2,2,3,9,17,9,13,14,28,27,35,0,0,0,0,152,6,6,0,0,8,4,4,0,2,2,0,0,2,2,1,1,1,Upper Primary (1–8),STANDARD,4,False,True
3260668,UTTAR PRADESH,BAREILLY,BAHERI TOWN,2,,2,3,1,8,5,243201,1,2,3,35,37,26,27,23,10,6,0,0,0,0,0,164,10,9,0,1,11,11,0,0,3,3,1,10,1,1,1,1,1,Upper Primary (1–8),STANDARD,0,True,True
2609863,UTTAR PRADESH,BAREILLY,BHADPURA,1,Jiginia Bhagwantpur,2,3,1,8,1,262406,2,2,3,14,5,10,19,13,16,17,13,0,0,0,0,107,6,5,1,0,6,4,0,2,1,1,0,0,2,2,1,1,2,Upper Primary (1–8),STANDARD,2,False,True
8830338,UTTAR PRADESH,BAREILLY,BAREILLY TOWN,2,,1,3,1,5,5,243001,2,2,3,19,10,7,4,0,0,0,0,0,0,0,0,40,4,2,2,0,5,5,0,0,1,1,1,1,0,2,1,2,2,Primary (1–5),STANDARD,0,False,False
3492376,UTTAR PRADESH,BAREILLY,NAWABGANJ,1,Paiga,4,3,6,8,1,262406,9,2,3,0,0,0,0,0,63,54,28,0,0,0,0,145,8,6,0,2,5,0,4,1,1,2,0,0,2,2,1,1,1,Upper Primary (6–8),STANDARD,5,False,True
2348713,UTTAR PRADESH,BAREILLY,ALAMPUR,1,Rajupur,1,3,1,5,97,243401,2,2,3,22,18,8,4,2,0,0,0,0,0,0,0,54,5,5,0,0,4,4,0,0,1,1,0,1,0,1,2,1,1,Primary (1–5),STANDARD,0,True,True
1139370,UTTAR PRADESH,BAREILLY,VITHARI CHAINPUR,1,Kalari,4,3,6,8,1,243122,9,2,3,0,0,0,0,0,89,68,61,0,0,0,0,218,8,5,1,2,5,0,2,3,1,1,0,1,1,2,1,1,1,Upper Primary (6–8),STANDARD,5,False,True
1911649,UTTAR PRADESH,BAREILLY,NAWABGANJ,1,Tah,2,3,1,8,5,262406,2,2,3,64,68,45,49,23,40,43,27,0,0,0,0,359,11,11,0,0,9,9,0,0,2,2,8,1,0,1,2,1,1,Upper Primary (1–8),STANDARD,0,True,True
2244491,UTTAR PRADESH,BAREILLY,MIRGANJ,1,Labhari,2,3,1,8,5,243504,2,2,3,37,18,16,16,25,36,26,33,0,0,0,0,207,7,0,7,0,9,9,0,0,2,2,0,1,1,1,1,1,1,Upper Primary (1–8),STANDARD,0,True,True
7287778,UTTAR PRADESH,BAREILLY,VITHARI CHAINPUR,1,Saidpur Khajuria (Ct),1,3,1,5,5,243001,1,2,3,17,16,22,14,9,0,0,0,0,0,0,0,78,7,6,0,1,5,5,0,0,2,1,7,1,0,2,1,1,1,Primary (1–5),STANDARD,0,False,True
1695548,UTTAR PRADESH,BAREILLY,FATEHGANJ,2,,2,3,1,8,5,243501,2,2,3,36,38,39,28,32,55,40,31,0,0,0,0,299,7,7,0,0,9,9,0,0,5,8,0,0,0,2,1,1,1,Upper Primary (1–8),STANDARD,0,False,True
3616648,UTTAR PRADESH,BAREILLY,MIRGANJ,1,Simaria,2,3,1,8,1,243001,2,2,3,18,8,14,19,23,16,20,24,0,0,0,0,142,8,6,2,0,7,0,7,0,1,1,0,2,0,2,1,1,2,Upper Primary (1–8),STANDARD,7,False,True
7676521,UTTAR PRADESH,BAREILLY,BAREILLY TOWN,2,,4,3,6,8,3,243001,9,2,3,0,0,0,0,0,33,23,18,0,0,0,0,74,2,2,0,0,8,8,0,0,4,3,1,0,0,2,1,2,1,Upper Primary (6–8),STANDARD,0,False,False
6263106,UTTAR PRADESH,BAREILLY,BAREILLY TOWN,2,,2,3,1,8,5,243502,2,2,3,34,18,47,36,40,38,39,32,0,0,0,0,284,7,7,0,0,8,8,0,0,1,1,0,1,0,2,1,2,2,Upper Primary (1–8),STANDARD,0,False,False
3645556,UTTAR PRADESH,BAREILLY,BHADPURA,1,Keyolariya,1,3,1,5,5,262406,2,2,3,13,8,13,8,6,0,0,0,0,0,0,0,48,5,4,1,0,5,5,0,0,2,2,1,1,0,1,1,1,1,Primary (1–5),STANDARD,0,True,True
9291842,UTTAR PRADESH,BAREILLY,BAREILLY TOWN,2,,6,3,1,10,5,243001,2,2,3,61,53,41,55,53,42,58,29,22,27,0,0,441,23,6,17,0,15,15,0,0,3,6,22,2,0,1,1,1,1,Secondary (1–10),STANDARD,0,True,True
1848655,UTTAR PRADESH,BAREILLY,FARIDPUR,1,Naugawan,1,3,1,5,5,243506,2,2,3,17,20,14,3,1,0,0,0,0,0,0,0,55,4,3,1,0,5,5,0,0,1,1,0,0,0,1,1,1,1,Primary (1–5),STANDARD,0,True,True
3329147,UTTAR PRADESH,BAREILLY,BAHERI,1,Rai Nawada,1,3,1,5,5,243201,2,2,3,30,50,22,20,27,0,0,0,0,0,0,0,149,5,2,3,0,8,8,0,0,3,1,5,1,1,1,1,1,1,Primary (1–5),STANDARD,0,True,True
4680892,UTTAR PRADESH,BAREILLY,BHOJIPURA,1,Itauwa Kedar Nath,1,3,1,5,97,243202,2,2,3,0,0,0,24,14,0,0,0,0,0,0,0,38,3,3,0,0,4,4,0,0,1,1,0,0,0,1,1,2,1,Primary (1–5),STANDARD,0,True,False
9941122,UTTAR PRADESH,BAREILLY,BHUTA,1,Dhakni Rajpuri,1,3,1,5,5,243503,2,2,3,14,7,9,7,2,0,0,0,0,0,0,0,39,3,3,0,0,5,5,0,0,2,2,1,1,0,1,2,1,2,Primary (1–5),STANDARD,0,True,True
4833651,UTTAR PRADESH,BAREILLY,BAHERI,1,Juva Jawaharpur,1,3,1,5,97,243201,2,2,3,10,9,6,11,6,0,0,0,0,0,0,0,42,3,3,0,0,5,5,0,0,1,1,1,0,0,2,2,1,2,Primary (1–5),STANDARD,0,False,True
1870976,UTTAR PRADESH,BAREILLY,SHERGARH,1,Bairamnagar,6,3,1,10,97,243505,2,2,3,9,3,10,15,6,7,1,2,5,0,0,0,58,7,7,0,0,7,7,0,0,3,3,0,0,0,1,2,2,1,Secondary (1–10),STANDARD,0,True,False
3984792,UTTAR PRADESH,BAREILLY,BAREILLY TOWN,2,,1,3,1,5,5,243005,2,2,3,6,31,2,8,26,0,0,0,0,0,0,0,73,4,4,0,0,5,5,0,0,2,2,0,1,0,2,1,1,1,Primary (1–5),STANDARD,0,False,True
8142330,UTTAR PRADESH,BAREILLY,BAHERI,1,Utarsia Samukhiya,4,3,6,8,5,263148,9,2,3,0,0,0,0,0,25,33,27,0,0,0,0,85,7,7,0,0,6,6,0,0,1,1,20,2,1,1,1,1,1,Upper Primary (6–8),STANDARD,0,True,True
4575925,UTTAR PRADESH,BAREILLY,FARIDPUR TOWN,1,Bairamnagar,1,3,1,5,97,243505,2,2,3,15,50,9,8,8,0,0,0,0,0,0,0,90,7,5,2,0,4,4,0,0,1,1,0,0,0,2,2,1,1,Primary (1–5),STANDARD,0,False,True
8999990,UTTAR PRADESH,BAREILLY,VITHARI CHAINPUR,1,Mallahpur,2,3,1,8,5,243122,2,2,3,9,15,10,14,15,14,21,12,0,0,0,0,110,9,8,1,0,24,18,0,6,6,6,16,2,0,1,1,1,2,Upper Primary (1–8),STANDARD,6,True,True
9658602,UTTAR PRADESH,BAREILLY,SHERGARH,2,,1,3,1,5,97,243505,2,2,3,3,8,5,12,12,0,0,0,0,0,0,0,40,5,5,0,0,6,6,0,0,1,1,0,0,0,1,1,1,1,Primary (1–5),STANDARD,0,True,True
6029516,UTTAR PRADESH,BAREILLY,KYARA,1,Dhaneti Kharagpur,1,3,1,5,5,243302,2,2,3,47,25,23,31,38,0,0,0,0,0,0,0,164,8,8,0,0,8,8,0,0,3,3,0,1,0,2,1,1,1,Primary (1–5),STANDARD,0,False,True
4076502,UTTAR PRADESH,BAREILLY,BAREILLY TOWN,2,,3,3,1,12,5,243122,1,2,3,148,143,138,131,144,122,153,123,128,103,86,63,1482,98,98,0,0,56,56,0,0,21,18,80,3,0,1,1,1,1,Higher Secondary (1–12),STANDARD,0,True,True
3243304,UTTAR PRADESH,BAREILLY,NAWABGANJ,1,Indh Jagir,1,3,1,5,5,262406,1,2,3,72,56,60,64,81,0,0,0,0,0,0,0,333,13,13,0,0,12,12,0,0,1,3,0,1,0,1,1,2,1,Primary (1–5),STANDARD,0,True,False
8453250,UTTAR PRADESH,BAREILLY,BAREILLY TOWN,2,,1,3,1,5,5,243001,2,2,3,16,8,14,5,8,0,0,0,0,0,0,0,51,4,0,2,2,6,6,0,0,3,2,1,0,0,1,1,1,2,Primary (1–5),STANDARD,0,True,True
2588083,UTTAR PRADESH,BAREILLY,RAMNAGAR,2,,10,3,9,12,5,243303,9,2,3,0,0,0,0,0,0,0,0,38,32,20,35,125,10,10,0,0,16,16,0,0,5,6,10,1,1,1,1,1,2,Higher Secondary (9–12),STANDARD,0,True,True
7339870,UTTAR PRADESH,BAREILLY,BAREILLY TOWN,2,,2,3,1,8,5,243001,1,2,3,38,29,32,20,32,25,26,20,0,0,0,0,222,10,4,6,0,12,12,0,0,6,6,30,3,1,1,1,1,1,Upper Primary (1–8),STANDARD,0,True,True
6317273,UTTAR PRADESH,BAREILLY,BAHERI,1,Nadeli,1,3,1,5,5,243201,2,2,3,0,42,21,59,42,0,0,0,0,0,0,0,164,4,4,0,0,5,5,0,0,2,2,0,0,0,2,2,2,2,Primary (1–5),STANDARD,0,False,False
5928911,UTTAR PRADESH,BAREILLY,BAREILLY TOWN,2,,2,3,1,8,5,243502,2,2,3,10,12,20,15,17,56,37,58,0,0,0,0,225,4,4,0,0,8,8,0,0,2,2,1,0,0,1,1,1,1,Upper Primary (1–8),STANDARD,0,True,True
3957695,UTTAR PRADESH,BAREILLY,BAREILLY TOWN,2,,2,3,1,8,5,243003,2,2,3,18,13,14,17,16,14,10,16,0,0,0,0,118,9,9,0,0,8,8,0,0,1,1,0,1,0,2,1,2,2,Upper Primary (1–8),STANDARD,0,False,False
7309697,UTTAR PRADESH,BAREILLY,MAJHGAWAN,2,,1,3,1,5,5,243302,2,2,3,35,29,38,57,55,0,0,0,0,0,0,0,214,5,0,5,0,7,7,0,0,3,2,10,5,0,1,1,1,1,Primary (1–5),STANDARD,0,True,True
5184111,UTTAR PRADESH,BAREILLY,BAREILLY TOWN,2,,5,3,6,12,4,243002,9,2,3,0,0,0,0,0,64,70,100,153,170,78,70,705,11,8,0,3,13,0,13,0,3,3,1,1,0,1,1,1,1,Higher Secondary (6–12),STANDARD,13,True,True
3155382,UTTAR PRADESH,BAREILLY,VITHARI CHAINPUR,1,Kesarpur,7,3,6,10,4,243123,9,2,3,0,0,0,0,0,47,75,61,140,116,0,0,439,9,5,4,0,9,4,2,3,1,1,1,0,0,1,3,1,1,Secondary (6–10),STANDARD,5,True,True
1336281,UTTAR PRADESH,BAREILLY,BHOJIPURA,1,Gopalpur Azizpur,5,3,6,12,4,243202,9,2,3,0,0,0,0,0,79,78,90,152,127,109,155,790,8,8,0,0,16,3,13,0,5,5,10,0,0,2,1,1,1,Higher Secondary (6–12),STANDARD,13,False,True
8356802,UTTAR PRADESH,BAREILLY,NAWABGANJ,2,,5,3,6,12,4,243001,9,2,3,0,0,0,0,0,109,99,123,264,217,177,213,1202,27,27,0,0,16,16,0,0,5,5,10,0,0,1,1,1,1,Higher Secondary (6–12),STANDARD,0,True,True
1299173,UTTAR PRADESH,BAREILLY,VITHARI CHAINPUR,1,Bhandsar,7,3,6,10,4,243122,9,2,3,0,0,0,0,0,11,3,17,78,66,0,0,175,8,8,0,0,5,0,2,3,1,1,0,0,0,2,2,1,1,Secondary (6–10),STANDARD,5,False,True
7702609,UTTAR PRADESH,BAREILLY,RICHHA(DAMKHODA),2,,5,1,6,12,97,243201,9,2,2,0,0,0,0,0,17,4,20,19,16,16,9,101,14,14,0,0,32,32,0,0,3,0,18,2,2,2,1,1,1,Higher Secondary (6–12),STANDARD,0,False,True
5097325,UTTAR PRADESH,BAREILLY,SHERGARH,2,,1,3,1,5,97,243505,2,2,3,19,24,14,12,10,0,0,0,0,0,0,0,79,5,0,5,0,7,7,0,0,4,5,0,0,0,1,1,1,1,Primary (1–5),STANDARD,0,True,True
9410651,UTTAR PRADESH,BAREILLY,MAJHGAWAN,1,Rampura Khurd,1,3,1,5,1,243302,2,2,3,25,26,25,43,42,0,0,0,0,0,0,0,161,6,3,3,0,5,5,0,0,1,1,0,0,2,2,1,1,2,Primary (1–5),STANDARD,0,False,True
1007242,UTTAR PRADESH,BAREILLY,ALAMPUR,1,Rasoola,1,3,1,5,1,243301,2,2,3,16,11,13,16,14,0,0,0,0,0,0,0,70,3,3,0,0,4,3,0,1,1,1,0,0,2,2,1,1,2,Primary (1–5),STANDARD,1,False,True
9181513,UTTAR PRADESH,BAREILLY,BAHERI,1,Girdharpur,1,3,1,5,97,243201,2,2,3,6,1,3,0,0,0,0,0,0,0,0,0,10,6,5,0,1,5,5,0,0,1,1,1,1,1,1,1,2,2,Primary (1–5),STANDARD,0,True,False
2189423,UTTAR PRADESH,BAREILLY,MIRGANJ,1,Pahuncha Khurd,1,3,1,5,1,243504,2,2,3,2,4,9,9,8,0,0,0,0,0,0,0,32,3,2,1,0,4,3,0,1,1,1,0,0,2,1,1,1,2,Primary (1–5),STANDARD,1,True,True
2271733,UTTAR PRADESH,BAREILLY,BHUTA,1,Patna,1,3,1,5,1,243503,2,2,3,15,9,7,24,18,0,0,0,0,0,0,0,73,6,3,3,0,5,2,1,2,1,1,0,0,2,1,1,1,2,Primary (1–5),STANDARD,3,True,True
4710981,UTTAR PRADESH,BAREILLY,BHOJIPURA,1,Milak Kalara,1,3,1,5,1,243202,2,2,3,1,3,3,7,8,0,0,0,0,0,0,0,22,2,2,0,0,4,2,0,2,2,1,0,1,2,1,1,1,2,Primary (1–5),STANDARD,2,True,True
3385243,UTTAR PRADESH,BAREILLY,RAMNAGAR,1,Lelaur Buzurg,1,3,1,5,1,243303,2,2,3,5,2,2,10,7,0,0,0,0,0,0,0,26,3,1,2,0,5,3,0,2,2,2,0,0,2,1,1,1,1,Primary (1–5),STANDARD,2,True,True
7342996,UTTAR PRADESH,BAREILLY,BHOJIPURA,1,Lakhampur,1,3,1,5,1,243502,2,2,3,35,28,17,36,32,0,0,0,0,0,0,0,148,7,5,2,0,5,4,0,1,1,1,0,0,2,1,1,1,1,Primary (1–5),STANDARD,1,True,True
9526053,UTTAR PRADESH,BAREILLY,BHADPURA,1,Khataua,1,3,1,5,1,262406,2,2,3,19,14,14,18,23,0,0,0,0,0,0,0,88,6,4,2,0,6,5,0,1,1,1,0,0,2,1,1,1,1,Primary (1–5),STANDARD,1,True,True
8948691,UTTAR PRADESH,BAREILLY,FATEHGANJ,2,,1,3,1,5,1,243501,2,2,3,22,20,20,23,31,0,0,0,0,0,0,0,116,4,2,2,0,5,4,1,0,1,2,0,0,2,2,1,1,1,Primary (1–5),STANDARD,1,False,True
2006486,UTTAR PRADESH,BAREILLY,BAREILLY TOWN,2,,1,3,1,5,1,243001,2,2,3,8,6,7,13,10,0,0,0,0,0,0,0,44,2,1,1,0,3,0,3,0,1,1,0,0,2,1,1,1,2,Primary (1–5),STANDARD,3,True,True
5327817,UTTAR PRADESH,BAREILLY,FARIDPUR,1,Bhagwanpur Kundan,1,3,1,5,1,243506,2,2,3,10,5,5,9,9,0,0,0,0,0,0,0,38,3,2,1,0,4,0,2,2,1,1,0,0,0,2,1,1,2,Primary (1–5),STANDARD,4,False,True
9592699,UTTAR PRADESH,BAREILLY,FARIDPUR,1,Shivpuri,1,3,1,5,1,243503,2,2,3,20,15,13,33,28,0,0,0,0,0,0,0,109,8,8,0,0,5,4,1,0,2,2,0,0,2,2,1,1,1,Primary (1–5),STANDARD,1,False,True
4487651,UTTAR PRADESH,BAREILLY,MIRGANJ,1,Goola,1,3,1,5,1,243504,2,2,3,7,4,7,22,19,0,0,0,0,0,0,0,59,6,3,3,0,6,4,0,2,1,1,0,0,2,1,1,1,2,Primary (1–5),STANDARD,2,True,True
2086557,UTTAR PRADESH,BAREILLY,BAREILLY TOWN,2,,1,3,1,5,1,243006,2,2,3,22,42,113,112,48,0,0,0,0,0,0,0,337,4,3,1,0,5,3,2,0,2,2,0,0,0,2,1,1,2,Primary (1–5),STANDARD,2,False,True
7739442,UTTAR PRADESH,BAREILLY,BAHERI,1,Maksoodanpur,1,3,1,5,1,243201,2,2,3,4,2,5,5,12,0,0,0,0,0,0,0,28,2,2,0,0,2,2,0,0,1,1,0,1,0,2,1,1,1,Primary (1–5),STANDARD,0,False,True
1275624,UTTAR PRADESH,BAREILLY,BHADPURA,1,Barkhan,1,3,1,5,1,262406,2,2,3,15,20,17,42,64,0,0,0,0,0,0,0,158,8,5,3,0,7,2,0,5,1,1,0,0,2,2,1,1,1,Primary (1–5),STANDARD,5,False,True
2788839,UTTAR PRADESH,BAREILLY,MAJHGAWAN,1,Rahtuiya,1,3,1,5,1,243301,2,2,3,12,23,29,27,16,0,0,0,0,0,0,0,107,3,2,1,0,3,1,1,1,1,1,0,0,0,2,1,1,2,Primary (1–5),STANDARD,2,False,True
4338437,UTTAR PRADESH,BAREILLY,BHUTA,1,Athana,1,3,1,5,1,243503,2,2,3,3,9,7,9,5,0,0,0,0,0,0,0,33,2,1,1,0,7,3,0,4,1,1,0,0,2,2,1,1,2,Primary (1–5),STANDARD,4,False,True
3739967,UTTAR PRADESH,BAREILLY,FARIDPUR,1,Nivdiya,1,3,1,5,1,243506,2,2,3,34,15,62,76,131,0,0,0,0,0,0,0,318,15,12,3,0,8,2,2,4,1,1,0,0,2,1,1,1,2,Primary (1–5),STANDARD,6,True,True
4639771,UTTAR PRADESH,BAREILLY,ALAMPUR,1,Rampur Buzurg,1,3,1,5,1,243001,2,2,3,25,38,27,38,47,0,0,0,0,0,0,0,175,5,3,2,0,8,2,3,3,1,2,0,0,2,2,1,1,2,Primary (1–5),STANDARD,6,False,True
9263202,UTTAR PRADESH,BAREILLY,FARIDPUR,1,Bilpur,1,3,1,5,1,243506,2,2,3,15,8,13,41,34,0,0,0,0,0,0,0,111,5,2,3,0,6,4,0,2,2,2,0,0,2,2,1,1,2,Primary (1–5),STANDARD,2,False,True
3983642,UTTAR PRADESH,BAREILLY,FATEHGANJ,1,Jianagla,1,3,1,5,1,243505,2,2,3,11,11,19,19,21,0,0,0,0,0,0,0,81,5,3,2,0,3,3,0,0,1,1,0,1,0,2,1,1,1,Primary (1–5),STANDARD,0,False,True
2099796,UTTAR PRADESH,BAREILLY,RICHHA(DAMKHODA),1,Basupura,1,3,1,5,1,243203,2,2,3,11,8,12,19,25,0,0,0,0,0,0,0,75,5,3,2,0,6,0,3,3,1,1,0,0,2,2,1,1,1,Primary (1–5),STANDARD,6,False,True
6009240,UTTAR PRADESH,BAREILLY,BHOJIPURA,1,Khatola Ganpat Rai,1,3,1,5,1,243502,2,2,3,33,14,21,26,25,0,0,0,0,0,0,0,119,6,5,1,0,7,7,0,0,1,1,1,1,0,2,1,1,1,Primary (1–5),STANDARD,0,False,True
2613018,UTTAR PRADESH,BAREILLY,RAMNAGAR,1,Hardaspur,1,3,1,5,1,243303,2,2,3,25,22,45,70,74,0,0,0,0,0,0,0,236,4,3,1,0,7,4,3,0,3,3,0,0,2,1,1,1,2,Primary (1–5),STANDARD,3,True,True
8009912,UTTAR PRADESH,BAREILLY,BHADPURA,1,Dhakia Barkali Sahib,1,3,1,5,1,262406,2,2,3,2,1,1,3,1,0,0,0,0,0,0,0,8,2,2,0,0,2,1,1,0,1,1,0,0,2,1,1,1,1,Primary (1–5),STANDARD,1,True,True
1144695,UTTAR PRADESH,BAREILLY,BHUTA,1,Prithipur,1,3,1,5,1,243503,2,2,3,24,29,24,24,27,0,0,0,0,0,0,0,128,3,3,0,0,7,4,1,2,2,2,0,0,2,1,1,1,1,Primary (1–5),STANDARD,3,True,True
6637220,UTTAR PRADESH,BAREILLY,NAWABGANJ,1,Chandua Chamraua,1,3,1,5,1,243407,2,2,3,0,1,1,0,2,0,0,0,0,0,0,0,4,2,1,1,0,2,0,0,2,1,1,0,0,0,1,1,1,2,Primary (1–5),STANDARD,2,True,True
2779085,UTTAR PRADESH,BAREILLY,KYARA,1,Lakhaura,1,3,1,5,1,243001,2,2,3,26,50,30,64,53,0,0,0,0,0,0,0,223,8,5,3,0,5,2,1,2,3,3,1,0,2,2,1,1,2,Primary (1–5),STANDARD,3,False,True
6990125,UTTAR PRADESH,BAREILLY,ALAMPUR,1,Siholia,1,3,1,5,1,243301,2,2,3,8,11,16,19,21,0,0,0,0,0,0,0,75,4,2,2,0,5,5,0,0,1,1,0,0,2,2,1,1,1,Primary (1–5),STANDARD,0,False,True
9584597,UTTAR PRADESH,BAREILLY,RICHHA(DAMKHODA),1,Bhogpur,1,3,1,5,1,243201,2,2,3,11,15,8,18,17,0,0,0,0,0,0,0,69,4,3,1,0,4,4,0,0,1,1,0,0,2,2,1,1,2,Primary (1–5),STANDARD,0,False,True
2755775,UTTAR PRADESH,BAREILLY,BHOJIPURA,1,Masit,1,3,1,5,1,243202,2,2,3,15,12,22,31,43,0,0,0,0,0,0,0,123,4,3,1,0,5,3,0,2,1,1,0,0,2,1,1,1,1,Primary (1–5),STANDARD,2,True,True
6800262,UTTAR PRADESH,BAREILLY,MIRGANJ,1,Thiria Brahmanan,1,3,1,5,1,243504,2,2,3,9,5,4,6,4,0,0,0,0,0,0,0,28,2,1,1,0,3,3,0,0,1,1,0,0,2,2,1,1,1,Primary (1–5),STANDARD,0,False,True
9423754,UTTAR PRADESH,BAREILLY,SHERGARH,1,Aaspur Kheraa,1,3,1,5,1,243203,2,2,3,12,8,5,10,15,0,0,0,0,0,0,0,50,4,3,1,0,4,3,1,0,1,1,0,1,2,1,1,1,1,Primary (1–5),STANDARD,1,True,True
6534922,UTTAR PRADESH,BAREILLY,BHADPURA,1,Saraura,1,3,1,5,1,262406,2,2,3,4,4,2,4,0,0,0,0,0,0,0,0,14,2,1,1,0,3,2,1,0,1,1,0,0,2,1,1,1,1,Primary (1–5),STANDARD,1,True,True
7817297,UTTAR PRADESH,BAREILLY,BHOJIPURA,1,Kasampur,1,3,1,5,1,243502,2,2,3,13,10,6,17,13,0,0,0,0,0,0,0,59,4,2,2,0,4,2,0,2,1,1,0,0,2,1,1,1,1,Primary (1–5),STANDARD,2,True,True
2470022,UTTAR PRADESH,BAREILLY,BHOJIPURA,1,Khitausa,1,3,1,5,1,243202,2,2,3,11,15,20,22,17,0,0,0,0,0,0,0,85,5,5,0,0,5,5,0,0,1,1,0,1,2,1,1,1,1,Primary (1–5),STANDARD,0,True,True
3889859,UTTAR PRADESH,BAREILLY,BAHERI,1,Mirzapur Ranjeet,4,3,6,8,1,243201,9,2,3,0,0,0,0,0,31,16,15,0,0,0,0,62,3,3,0,0,4,0,0,4,1,1,0,1,2,2,1,1,1,Upper Primary (6–8),STANDARD,4,False,True
1537159,UTTAR PRADESH,BAREILLY,BAHERI,1,Bhilaiya,4,3,6,8,2,243001,9,2,3,0,0,0,0,0,7,3,0,0,0,0,0,10,6,6,0,0,3,3,0,0,1,1,0,0,0,2,2,2,2,Upper Primary (6–8),STANDARD,0,False,False
5536412,UTTAR PRADESH,BAREILLY,BHADPURA,1,Mohammadpur,8,3,9,10,1,262406,9,2,3,0,0,0,0,0,0,0,0,26,24,0,0,50,3,3,0,0,4,0,4,0,3,2,0,0,1,1,1,1,1,Secondary (9–10),STANDARD,4,True,True
1559696,UTTAR PRADESH,BAREILLY,BHADPURA,1,Guladia Lekhraj,2,3,1,8,1,262406,2,2,3,14,9,3,16,8,17,23,11,0,0,0,0,101,5,4,1,0,14,12,0,2,2,2,0,0,2,2,1,1,1,Upper Primary (1–8),STANDARD,2,False,True
5890752,UTTAR PRADESH,BAREILLY,BAHERI,1,Bhilaur,1,3,1,5,1,243201,2,2,3,10,4,4,9,13,0,0,0,0,0,0,0,40,3,1,2,0,3,0,3,0,1,1,0,1,2,1,1,1,1,Primary (1–5),STANDARD,3,True,True
7324360,UTTAR PRADESH,BAREILLY,BAREILLY TOWN,2,,1,3,1,5,1,243001,2,2,3,10,19,6,6,7,0,0,0,0,0,0,0,48,1,1,0,0,1,1,0,0,1,1,0,0,1,1,3,1,2,Primary (1–5),STANDARD,0,True,True
2608441,UTTAR PRADESH,BAREILLY,BHUTA,1,Dalautpur Karena,1,3,1,5,1,243126,2,2,3,15,11,7,30,40,0,0,0,0,0,0,0,103,6,6,0,0,4,0,3,1,1,1,0,0,0,2,1,1,2,Primary (1–5),STANDARD,4,False,True
8532600,UTTAR PRADESH,BAREILLY,RICHHA(DAMKHODA),1,Kanman,1,3,1,5,1,243203,2,2,3,4,5,4,8,6,0,0,0,0,0,0,0,27,3,1,2,0,3,3,0,0,1,1,0,0,2,2,1,1,2,Primary (1–5),STANDARD,0,False,True
4922549,UTTAR PRADESH,BAREILLY,MIRGANJ,1,Paiga Nagri Urf Nagaria Bhagat,1,3,1,5,1,243001,2,2,3,17,22,17,35,30,0,0,0,0,0,0,0,121,6,4,2,0,5,2,1,2,1,1,0,0,2,2,1,1,2,Primary (1–5),STANDARD,3,False,True
6937022,UTTAR PRADESH,BAREILLY,BHOJIPURA,1,Raipur,1,3,1,5,1,243202,2,2,3,19,32,20,19,13,0,0,0,0,0,0,0,103,5,4,1,0,4,3,1,0,1,1,0,1,2,2,1,1,2,Primary (1–5),STANDARD,1,False,True
7232274,UTTAR PRADESH,BAREILLY,MIRGANJ,1,Saijana,1,3,1,5,1,243504,2,2,3,13,19,9,14,12,0,0,0,0,0,0,0,67,2,2,0,0,7,3,2,2,1,1,0,0,2,2,1,1,1,Primary (1–5),STANDARD,4,False,True
6328857,UTTAR PRADESH,BAREILLY,MAJHGAWAN,1,Katroibuzurg,1,3,1,5,1,243302,2,2,3,16,14,21,21,16,0,0,0,0,0,0,0,88,4,3,1,0,3,3,0,0,1,1,0,0,2,2,1,1,2,Primary (1–5),STANDARD,0,False,True
7905868,UTTAR PRADESH,BAREILLY,FATEHGANJ,1,Sevajwalapur,1,3,1,5,1,243505,2,2,3,30,28,17,41,30,0,0,0,0,0,0,0,146,4,3,1,0,11,8,0,3,2,3,0,0,0,2,1,1,1,Primary (1–5),STANDARD,3,False,True
3802127,UTTAR PRADESH,BAREILLY,MAJHGAWAN,1,Biharipur Jageer,1,3,1,5,1,243302,2,2,3,26,9,17,24,30,0,0,0,0,0,0,0,106,5,3,2,0,4,0,4,0,2,1,0,0,2,1,1,1,1,Primary (1–5),STANDARD,4,True,True
1461089,UTTAR PRADESH,BAREILLY,VITHARI CHAINPUR,1,Dogharia,1,3,1,5,1,243006,2,2,3,41,13,21,29,50,0,0,0,0,0,0,0,154,8,7,1,0,6,6,0,0,2,3,0,1,2,2,1,1,1,Primary (1–5),STANDARD,0,False,True
4575237,UTTAR PRADESH,BAREILLY,RAMNAGAR,2,,2,3,1,8,1,243303,2,2,3,14,25,37,36,67,70,55,62,0,0,0,0,366,7,5,2,0,9,5,4,0,1,1,0,0,2,2,1,1,2,Upper Primary (1–8),STANDARD,4,False,True
8575012,UTTAR PRADESH,BAREILLY,NAWABGANJ,1,Adhakata Nazrana,4,3,6,8,1,262406,9,2,3,0,0,0,0,0,18,22,16,0,0,0,0,56,3,3,0,0,4,2,1,1,1,1,1,1,1,2,1,1,1,Upper Primary (6–8),STANDARD,2,False,True
4314597,UTTAR PRADESH,BAREILLY,NAWABGANJ,1,Harhar Matkali,8,3,9,10,1,243001,9,2,3,0,0,0,0,0,0,0,0,53,56,0,0,109,6,6,0,0,4,0,4,0,3,3,14,3,1,1,1,1,1,Secondary (9–10),STANDARD,4,True,True
8678444,UTTAR PRADESH,BAREILLY,BHUTA,1,Gajnera,4,3,6,8,1,243503,9,2,3,0,0,0,0,0,32,54,39,0,0,0,0,125,4,4,0,0,3,1,1,1,1,1,0,0,0,2,1,1,1,Upper Primary (6–8),STANDARD,2,False,True
6097223,UTTAR PRADESH,BAREILLY,RAMNAGAR,1,Islamnagar Urf Dalippur,4,3,6,8,1,243303,9,2,3,0,0,0,0,0,21,26,23,0,0,0,0,70,2,2,0,0,3,0,3,0,2,1,0,0,2,1,2,1,1,Upper Primary (6–8),STANDARD,3,True,True
2797996,UTTAR PRADESH,BAREILLY,KYARA,1,Umarsia,5,3,6,12,1,243004,9,2,3,0,0,0,0,0,20,26,0,160,157,149,0,512,4,4,0,0,14,14,0,0,4,4,0,0,0,2,1,1,1,Higher Secondary (6–12),STANDARD,0,False,True
5679457,UTTAR PRADESH,BAREILLY,BAREILLY TOWN,2,,6,3,1,10,97,243005,2,2,3,0,2,0,9,12,9,11,11,8,9,0,0,71,10,2,8,0,11,11,0,0,3,1,2,1,0,1,1,1,1,Secondary (1–10),STANDARD,0,True,True
6647463,UTTAR PRADESH,BAREILLY,FARIDPUR,1,Bhagwanpur Kundan,2,3,1,8,5,243506,2,2,3,7,9,9,16,19,21,13,18,0,0,0,0,112,8,5,3,0,8,8,0,0,1,1,0,0,0,2,1,1,1,Upper Primary (1–8),STANDARD,0,False,True
1074094,UTTAR PRADESH,BAREILLY,FARIDPUR TOWN,2,,1,3,1,5,97,243503,2,2,1,14,15,21,5,13,0,0,0,0,0,0,0,68,5,5,0,0,5,5,0,0,1,1,1,1,0,1,1,1,1,Primary (1–5),STANDARD,0,True,True
6961011,UTTAR PRADESH,BAREILLY,BHUTA,1,Rashulpur Bahanpur,4,3,6,8,1,243503,9,2,3,0,0,0,0,0,71,76,72,0,0,0,0,219,8,6,1,1,7,7,0,0,1,1,0,0,0,1,1,1,1,Upper Primary (6–8),STANDARD,0,True,True
1983311,UTTAR PRADESH,BAREILLY,BAREILLY TOWN,2,,2,3,1,8,5,243003,2,2,3,6,7,8,5,5,0,3,1,0,0,0,0,35,8,8,0,0,8,8,0,0,2,2,0,1,0,1,1,1,1,Upper Primary (1–8),STANDARD,0,True,True
8515600,UTTAR PRADESH,BAREILLY,RAMNAGAR,1,Beudhan Khurd,5,3,6,12,5,243303,9,2,3,0,0,0,0,0,38,49,67,132,116,73,123,598,10,10,0,0,9,9,0,0,1,1,0,1,1,1,1,2,1,Higher Secondary (6–12),STANDARD,0,True,False
4954958,UTTAR PRADESH,BAREILLY,MAJHGAWAN,2,,4,3,6,8,5,243302,9,2,3,0,0,0,0,0,63,77,62,0,0,0,0,202,5,1,4,0,7,7,0,0,3,2,10,5,0,1,1,1,2,Upper Primary (6–8),STANDARD,0,True,True
1498218,UTTAR PRADESH,BAREILLY,BHUTA,1,Tisuwa,5,3,6,12,5,243503,9,2,3,0,0,0,0,0,54,51,34,153,147,134,183,756,11,6,0,5,11,11,0,0,2,2,2,1,0,1,1,1,1,Higher Secondary (6–12),STANDARD,0,True,True
4692383,UTTAR PRADESH,BAREILLY,KYARA,1,Babhia,4,3,6,8,5,243001,9,2,3,0,0,0,0,0,33,54,25,0,0,0,0,112,6,6,0,0,4,4,0,0,2,2,0,0,0,1,1,2,1,Upper Primary (6–8),STANDARD,0,True,False
2159631,UTTAR PRADESH,BAREILLY,KYARA,1,Sahasia Hasainpur Mustqil,2,3,1,8,5,243001,2,2,3,29,36,37,25,29,24,22,13,0,0,0,0,215,7,5,2,0,8,8,0,0,1,1,1,0,0,1,1,1,1,Upper Primary (1–8),STANDARD,0,True,True
7459476,UTTAR PRADESH,BAREILLY,BAREILLY TOWN,2,,2,3,1,8,5,243003,2,2,3,41,26,32,36,28,17,17,19,0,0,0,0,216,8,8,0,0,11,11,0,0,3,3,0,1,1,1,1,1,1,Upper Primary (1–8),STANDARD,0,True,True
6478633,UTTAR PRADESH,BAREILLY,BAREILLY TOWN,2,,1,3,1,5,5,243001,2,2,3,0,1,6,0,0,0,0,0,0,0,0,0,7,3,3,0,0,0,0,0,0,1,1,0,0,0,2,2,2,2,Primary (1–5),STANDARD,0,False,False
3505264,UTTAR PRADESH,BAREILLY,NAWABGANJ,1,Pandra,1,3,1,5,5,262406,2,2,3,25,3,8,14,26,0,0,0,0,0,0,0,76,8,8,0,0,5,5,0,0,2,2,0,2,0,2,1,1,1,Primary (1–5),STANDARD,0,False,True
1722945,UTTAR PRADESH,BAREILLY,MIRGANJ,1,Anandpur,4,3,6,8,5,243504,9,2,3,0,0,0,0,0,32,10,12,0,0,0,0,54,2,2,0,0,3,3,0,0,1,1,2,3,0,1,1,1,1,Upper Primary (6–8),STANDARD,0,True,True
2992379,UTTAR PRADESH,BAREILLY,BAREILLY TOWN,2,,7,3,6,10,5,243005,9,2,3,0,0,0,0,0,2,5,3,34,35,0,0,79,3,0,3,0,7,7,0,0,0,1,0,0,0,1,1,1,2,Secondary (6–10),STANDARD,0,True,True
6197708,UTTAR PRADESH,BAREILLY,RICHHA(DAMKHODA),2,,1,3,1,5,97,243201,2,2,3,3,4,4,6,6,0,0,0,0,0,0,0,23,4,0,4,0,4,4,0,0,1,2,0,0,0,2,1,2,2,Primary (1–5),STANDARD,0,False,False
2936073,UTTAR PRADESH,BAREILLY,RICHHA(DAMKHODA),1,Katharra,1,3,1,5,97,243203,2,2,3,0,1,0,1,0,0,0,0,0,0,0,0,2,3,0,3,0,4,4,0,0,1,1,0,0,0,2,1,1,1,Primary (1–5),STANDARD,0,False,True
1675392,UTTAR PRADESH,BAREILLY,KYARA,1,Chandpur Kajiyan,2,3,1,8,5,243502,1,2,3,33,38,25,32,24,26,14,16,0,0,0,0,208,8,8,0,0,9,9,0,0,1,1,2,0,0,2,1,2,1,Upper Primary (1–8),STANDARD,0,False,False
8836967,UTTAR PRADESH,BAREILLY,BAREILLY TOWN,2,,7,3,6,10,5,243005,9,2,3,0,0,0,0,0,7,11,18,52,49,0,0,137,3,2,0,1,10,10,0,0,5,5,1,0,0,2,1,1,1,Secondary (6–10),STANDARD,0,False,True
2424149,UTTAR PRADESH,BAREILLY,BAREILLY TOWN,2,,2,3,1,8,5,243001,2,2,3,2,0,2,2,2,13,7,12,0,0,0,0,40,4,3,1,0,8,8,0,0,2,3,0,1,0,1,1,1,2,Upper Primary (1–8),STANDARD,0,True,True
9662485,UTTAR PRADESH,BAREILLY,SHERGARH,1,Dunka,1,3,1,5,97,243505,2,2,3,0,1,2,6,2,0,0,0,0,0,0,0,11,3,0,3,0,5,5,0,0,2,2,0,0,0,2,2,2,2,Primary (1–5),STANDARD,0,False,False
7580770,UTTAR PRADESH,BAREILLY,BHADPURA,1,Gangapur,4,3,6,8,5,243001,9,2,3,0,0,0,0,0,15,13,12,0,0,0,0,40,3,3,0,0,4,4,0,0,1,1,0,0,0,2,1,2,1,Upper Primary (6–8),STANDARD,0,False,False
3214496,UTTAR PRADESH,BAREILLY,KYARA,1,Bahjuiya Jagir,2,3,1,8,97,243502,2,2,3,3,1,0,0,3,1,5,0,0,0,0,0,13,4,4,0,0,5,5,0,0,1,1,0,0,0,1,1,2,1,Upper Primary (1–8),STANDARD,0,True,False
4108763,UTTAR PRADESH,BAREILLY,NAWABGANJ,1,Sijaulia,2,3,1,8,5,262406,1,2,3,20,20,13,12,15,13,12,8,0,0,0,0,113,11,3,1,7,11,11,0,0,3,3,7,1,0,2,1,1,1,Upper Primary (1–8),STANDARD,0,False,True
8382523,UTTAR PRADESH,BAREILLY,RICHHA(DAMKHODA),1,Tejnagar,1,3,1,5,5,243201,2,2,3,12,26,31,18,15,0,0,0,0,0,0,0,102,7,1,6,0,5,5,0,0,1,1,0,1,0,2,2,2,1,Primary (1–5),STANDARD,0,False,False
8130874,UTTAR PRADESH,BAREILLY,BAREILLY TOWN,2,,3,3,1,12,5,243003,2,2,3,126,156,135,136,154,125,142,145,149,155,156,146,1725,72,72,0,0,50,50,0,0,7,7,13,59,0,1,1,1,1,Higher Secondary (1–12),STANDARD,0,True,True
2331293,UTTAR PRADESH,BAREILLY,ALAMPUR,1,Sirohi,6,3,1,10,97,243201,2,1,3,10,4,3,12,4,13,26,31,1,3,0,0,107,10,3,7,0,11,11,0,0,3,1,0,1,0,1,1,1,2,Secondary (1–10),STANDARD,0,True,True
1539358,UTTAR PRADESH,BAREILLY,VITHARI CHAINPUR,2,,2,3,1,8,5,243001,2,2,3,17,24,15,9,3,11,8,2,0,0,0,0,89,7,0,7,0,10,10,0,0,2,1,1,1,1,1,2,1,1,Upper Primary (1–8),STANDARD,0,True,True
7220499,UTTAR PRADESH,BAREILLY,FARIDPUR,1,Bhagwanpur Phulwa,7,3,6,10,5,243503,9,2,3,0,0,0,0,0,61,53,44,127,102,0,0,387,5,5,0,0,13,13,0,0,3,3,1,2,0,1,1,1,1,Secondary (6–10),STANDARD,0,True,True
7799282,UTTAR PRADESH,BAREILLY,BAREILLY TOWN,2,,2,3,1,8,5,243001,2,2,3,18,19,10,8,0,0,0,0,0,0,0,0,55,5,5,0,0,8,8,0,0,2,2,0,0,0,1,3,2,1,Upper Primary (1–8),STANDARD,0,True,False
7693238,UTTAR PRADESH,BAREILLY,VITHARI CHAINPUR,1,Saidpur Khajuria (Ct),2,3,1,8,5,243123,1,2,3,12,8,7,6,2,5,2,2,0,0,0,0,44,8,0,8,0,19,19,0,0,4,4,8,2,0,1,1,1,1,Upper Primary (1–8),STANDARD,0,True,True
5044357,UTTAR PRADESH,BAREILLY,BAREILLY TOWN,2,,1,3,1,5,5,243001,2,2,3,54,48,40,37,56,0,0,0,0,0,0,0,235,2,2,0,0,5,5,0,0,1,2,1,0,0,2,1,1,1,Primary (1–5),STANDARD,0,False,True
3280720,UTTAR PRADESH,BAREILLY,VITHARI CHAINPUR,1,Kesarpur,2,3,1,8,5,243001,2,2,3,76,89,81,108,94,0,0,0,0,0,0,0,448,8,7,1,0,15,15,0,0,12,10,5,0,0,1,1,2,1,Upper Primary (1–8),STANDARD,0,True,False
3302456,UTTAR PRADESH,BAREILLY,BAHERI,1,Nawayal,1,3,1,5,5,243201,2,2,3,6,0,2,3,2,0,0,0,0,0,0,0,13,4,4,0,0,6,6,0,0,1,1,0,1,0,2,2,1,1,Primary (1–5),STANDARD,0,False,True
7125951,UTTAR PRADESH,BAREILLY,BAREILLY TOWN,2,,1,3,1,5,97,243006,2,2,3,26,43,45,23,18,0,0,0,0,0,0,0,155,6,6,0,0,6,6,0,0,1,1,2,1,0,1,1,1,2,Primary (1–5),STANDARD,0,True,True
1664555,UTTAR PRADESH,BAREILLY,FATEHGANJ,1,Agras,5,3,6,12,4,243501,9,2,3,0,0,0,0,0,131,129,134,118,100,39,32,683,14,14,0,0,12,12,0,0,7,10,11,0,0,1,1,1,1,Higher Secondary (6–12),STANDARD,0,True,True
7944828,UTTAR PRADESH,BAREILLY,ALAMPUR,1,Alampur Japhrabad,1,3,1,5,5,243001,2,2,3,34,61,53,63,49,0,0,0,0,0,0,0,260,4,0,4,0,5,5,0,0,1,1,0,1,0,1,1,1,1,Primary (1–5),STANDARD,0,True,True
4246570,UTTAR PRADESH,BAREILLY,NAWABGANJ,1,Himkarpur Chamraua,5,3,6,12,4,243407,9,2,3,0,0,0,0,0,40,46,36,98,104,36,51,411,11,11,0,0,16,10,6,0,2,4,10,0,0,1,1,1,1,Higher Secondary (6–12),STANDARD,6,True,True
4041697,UTTAR PRADESH,BAREILLY,BHOJIPURA,1,Ghanghora Piparia,8,3,9,10,5,243001,9,2,3,0,0,0,0,0,0,0,0,78,66,0,0,144,4,4,0,0,7,7,0,0,2,2,1,0,0,2,2,1,1,Secondary (9–10),STANDARD,0,False,True
5213050,UTTAR PRADESH,BAREILLY,VITHARI CHAINPUR,1,Khajuria Zulfiqar,2,3,1,8,5,243123,1,2,3,48,44,34,17,8,10,9,5,0,0,0,0,175,8,7,1,0,11,11,0,0,2,2,5,0,0,1,1,2,1,Upper Primary (1–8),STANDARD,0,True,False
8686035,UTTAR PRADESH,BAREILLY,VITHARI CHAINPUR,1,Bhoora,1,3,1,5,5,243123,2,2,3,11,11,8,10,7,0,0,0,0,0,0,0,47,7,0,7,0,6,6,0,0,1,2,0,0,0,2,1,1,2,Primary (1–5),STANDARD,0,False,True
4228356,UTTAR PRADESH,BAREILLY,BAHERI,1,Bahapur,1,3,1,5,5,243201,2,2,3,26,21,10,9,25,0,0,0,0,0,0,0,91,6,6,0,0,7,4,3,0,1,1,0,1,0,2,1,1,1,Primary (1–5),STANDARD,3,False,True
4632775,UTTAR PRADESH,BAREILLY,NAWABGANJ,1,Mundia Bhikampur,4,3,6,8,1,243407,9,2,3,0,0,0,0,0,14,20,29,0,0,0,0,63,6,3,2,1,5,5,0,0,1,1,0,0,2,1,1,1,1,Upper Primary (6–8),STANDARD,0,True,True
5289621,UTTAR PRADESH,BAREILLY,RICHHA(DAMKHODA),1,Kachnara,5,3,6,12,1,262406,9,2,3,0,0,0,0,0,12,21,9,76,101,38,55,312,8,6,2,0,15,15,0,0,4,6,11,0,0,1,1,1,1,Higher Secondary (6–12),STANDARD,0,True,True
6465252,UTTAR PRADESH,BAREILLY,BAREILLY TOWN,2,,1,3,1,5,1,243001,2,2,1,5,4,10,12,3,0,0,0,0,0,0,0,34,0,0,0,0,4,3,1,0,1,1,0,0,2,2,1,1,2,Primary (1–5),STANDARD,1,False,True
6642931,UTTAR PRADESH,BAREILLY,ALAMPUR,1,Bahanpur,1,3,1,5,1,243401,2,2,3,41,15,16,31,41,0,0,0,0,0,0,0,144,6,4,2,0,5,2,0,3,1,1,0,0,2,2,1,1,1,Primary (1–5),STANDARD,3,False,True
3471166,UTTAR PRADESH,BAREILLY,SHERGARH,1,Sisauna,1,3,1,5,1,243505,2,2,3,5,4,5,5,4,0,0,0,0,0,0,0,23,4,2,2,0,2,2,0,0,1,1,0,1,2,2,1,1,1,Primary (1–5),STANDARD,0,False,True
3462310,UTTAR PRADESH,BAREILLY,VITHARI CHAINPUR,1,Bhoora,1,3,1,5,1,243202,2,2,3,47,45,44,68,69,0,0,0,0,0,0,0,273,9,8,1,0,6,4,2,0,1,1,0,1,2,2,1,1,1,Primary (1–5),STANDARD,2,False,True
1706005,UTTAR PRADESH,BAREILLY,NAWABGANJ,1,Dhaunrera,1,3,1,5,1,262406,2,2,3,5,3,1,9,10,0,0,0,0,0,0,0,28,3,1,2,0,4,0,2,2,1,1,0,0,2,2,1,1,1,Primary (1–5),STANDARD,4,False,True
3080612,UTTAR PRADESH,BAREILLY,NAWABGANJ,1,Mubarikpur,1,3,1,5,1,262406,2,2,3,5,3,3,4,12,0,0,0,0,0,0,0,27,2,1,1,0,4,4,0,0,1,1,0,0,2,1,1,1,1,Primary (1–5),STANDARD,0,True,True
8291562,UTTAR PRADESH,BAREILLY,NAWABGANJ,1,Saidoo Pur,1,3,1,5,1,262406,2,2,3,13,10,6,12,10,0,0,0,0,0,0,0,51,2,1,1,0,4,0,2,2,1,1,0,0,2,1,1,1,1,Primary (1–5),STANDARD,4,True,True
7550717,UTTAR PRADESH,BAREILLY,FARIDPUR,1,Nagria Kala,1,3,1,5,1,243506,2,2,3,14,10,8,20,11,0,0,0,0,0,0,0,63,4,3,1,0,2,2,0,0,1,1,0,0,1,1,1,1,2,Primary (1–5),STANDARD,0,True,True
7677604,UTTAR PRADESH,BAREILLY,RICHHA(DAMKHODA),1,Mundia Nasir,1,3,1,5,1,243201,2,2,3,4,4,7,5,7,0,0,0,0,0,0,0,27,2,1,1,0,3,3,0,0,1,1,0,1,2,2,1,1,1,Primary (1–5),STANDARD,0,False,True
9968602,UTTAR PRADESH,BAREILLY,SHERGARH,1,Bairamnagar,1,3,1,5,1,243505,2,2,3,29,52,45,78,64,0,0,0,0,0,0,0,268,5,3,2,0,9,6,3,0,1,3,0,0,2,2,1,1,1,Primary (1–5),STANDARD,3,False,True
2428404,UTTAR PRADESH,BAREILLY,KYARA,1,Gauntara Mustakil,1,3,1,5,1,243001,2,2,3,16,9,6,13,18,0,0,0,0,0,0,0,62,5,2,3,0,1,1,0,0,1,1,0,0,2,2,1,1,2,Primary (1–5),STANDARD,0,False,True
6176820,UTTAR PRADESH,BAREILLY,BHUTA,1,Padarathpur,1,3,1,5,1,243503,2,2,3,35,24,37,47,57,0,0,0,0,0,0,0,200,6,3,3,0,7,3,1,3,1,1,0,0,2,1,1,1,1,Primary (1–5),STANDARD,4,True,True
4675480,UTTAR PRADESH,BAREILLY,FATEHGANJ,1,Rahpura Jagir,1,3,1,5,1,243501,2,2,3,46,38,47,61,74,0,0,0,0,0,0,0,266,10,7,3,0,7,6,0,1,2,4,0,0,2,2,1,1,2,Primary (1–5),STANDARD,1,False,True
7096113,UTTAR PRADESH,BAREILLY,FATEHGANJ,1,Chamraua,1,3,1,5,1,243505,2,2,3,4,7,2,5,3,0,0,0,0,0,0,0,21,2,2,0,0,4,2,0,2,1,1,0,0,2,2,1,1,2,Primary (1–5),STANDARD,2,False,True
3405188,UTTAR PRADESH,BAREILLY,MAJHGAWAN,1,Shivnagar Champatpur,1,3,1,5,1,243302,2,2,3,15,7,9,11,22,0,0,0,0,0,0,0,64,4,3,1,0,2,0,0,2,1,1,0,0,2,1,1,1,2,Primary (1–5),STANDARD,2,True,True
7519867,UTTAR PRADESH,BAREILLY,BAHERI TOWN,2,,2,3,1,8,1,243201,2,2,3,15,14,30,32,33,52,17,29,0,0,0,0,222,2,0,2,0,8,8,0,0,3,3,0,2,1,1,1,1,1,Upper Primary (1–8),STANDARD,0,True,True
1175369,UTTAR PRADESH,BAREILLY,FARIDPUR TOWN,2,,2,3,1,8,5,243503,1,2,3,35,63,52,56,51,54,31,25,0,0,0,0,367,15,15,0,0,12,12,0,0,2,2,10,1,5,1,1,2,1,Upper Primary (1–8),STANDARD,0,True,False
8642646,UTTAR PRADESH,BAREILLY,BAHERI,1,Gursauli,2,3,1,8,5,243001,2,2,3,34,54,49,42,31,33,37,28,0,0,0,0,308,9,9,0,0,8,8,0,0,4,3,0,0,0,2,1,1,1,Upper Primary (1–8),STANDARD,0,False,True
7514632,UTTAR PRADESH,BAREILLY,RICHHA(DAMKHODA),1,Milak Pichhaura,4,3,6,8,5,243201,9,2,3,0,0,0,0,0,43,23,19,0,0,0,0,85,5,3,2,0,3,3,0,0,1,1,0,0,0,2,1,1,1,Upper Primary (6–8),STANDARD,0,False,True
6095289,UTTAR PRADESH,BAREILLY,ALAMPUR,1,Kangawaurla,4,3,6,8,4,243301,9,2,3,0,0,0,0,0,47,67,58,0,0,0,0,172,2,2,0,0,3,3,0,0,2,2,0,0,0,2,1,1,1,Upper Primary (6–8),STANDARD,0,False,True
4902307,UTTAR PRADESH,BAREILLY,BAREILLY TOWN,2,,1,3,1,5,97,243001,2,2,3,4,15,15,12,18,0,0,0,0,0,0,0,64,6,1,5,0,5,5,0,0,2,2,0,0,0,1,1,2,2,Primary (1–5),STANDARD,0,True,False
6726641,UTTAR PRADESH,BAREILLY,BAHERI TOWN,2,,8,3,9,10,5,243201,9,2,3,0,0,0,0,0,0,0,0,34,42,0,0,76,6,5,1,0,10,10,0,0,1,1,5,0,0,1,1,1,1,Secondary (9–10),STANDARD,0,True,True
3021308,UTTAR PRADESH,BAREILLY,NAWABGANJ,1,Saidoo Pur,1,3,1,5,5,262406,2,2,3,9,8,6,10,15,0,0,0,0,0,0,0,48,5,0,5,0,5,5,0,0,2,2,1,1,0,1,2,1,1,Primary (1–5),STANDARD,0,True,True
8977805,UTTAR PRADESH,BAREILLY,SHERGARH,1,Saida,1,3,1,5,1,243203,2,2,3,10,9,11,19,18,0,0,0,0,0,0,0,67,5,2,3,0,4,3,0,1,1,1,0,0,0,2,1,1,1,Primary (1–5),STANDARD,1,False,True
6303529,UTTAR PRADESH,BAREILLY,RICHHA(DAMKHODA),1,Bahadurganj,1,3,1,5,1,243201,2,2,3,6,5,3,3,6,0,0,0,0,0,0,0,23,2,2,0,0,2,2,0,0,1,1,0,0,0,2,1,1,2,Primary (1–5),STANDARD,0,False,True
4083288,UTTAR PRADESH,BAREILLY,BAHERI,1,Hathmana,1,3,1,5,1,243201,2,2,3,0,0,0,0,2,0,0,0,0,0,0,0,2,3,1,2,0,4,1,3,0,1,1,0,0,2,2,1,1,1,Primary (1–5),STANDARD,3,False,True
8267823,UTTAR PRADESH,BAREILLY,FATEHGANJ,1,Khajuria,1,3,1,5,1,243001,2,1,3,9,11,11,17,20,0,0,0,0,0,0,0,68,3,1,2,0,0,0,0,0,2,1,0,0,2,2,1,1,2,Primary (1–5),STANDARD,0,False,True
4825630,UTTAR PRADESH,BAREILLY,FATEHGANJ,1,Kharagpur,1,3,1,5,1,243501,2,2,3,8,8,13,18,18,0,0,0,0,0,0,0,65,4,3,1,0,3,1,1,1,2,1,0,0,2,2,1,1,1,Primary (1–5),STANDARD,2,False,True
7465244,UTTAR PRADESH,BAREILLY,BHUTA,1,Khanpur,1,3,1,5,1,243503,2,2,3,22,24,15,18,23,0,0,0,0,0,0,0,102,3,2,1,0,5,4,0,1,1,1,0,0,2,2,1,1,1,Primary (1–5),STANDARD,1,False,True
7646858,UTTAR PRADESH,BAREILLY,MAJHGAWAN,1,Dhakia,1,3,1,5,1,243302,2,2,3,14,13,27,24,31,0,0,0,0,0,0,0,109,5,3,2,0,5,0,0,5,1,1,0,0,2,1,1,1,2,Primary (1–5),STANDARD,5,True,True
6797978,UTTAR PRADESH,BAREILLY,BHADPURA,1,Khata,1,3,1,5,1,262406,2,2,3,4,2,5,10,12,0,0,0,0,0,0,0,33,2,1,1,0,5,3,2,0,1,1,0,0,2,2,1,1,1,Primary (1–5),STANDARD,2,False,True
2366637,UTTAR PRADESH,BAREILLY,FARIDPUR,1,Majhuawa Majra Bilra,1,3,1,5,1,243503,2,2,3,33,31,32,33,40,0,0,0,0,0,0,0,169,4,3,1,0,6,2,3,1,1,1,0,0,2,1,1,1,2,Primary (1–5),STANDARD,4,True,True
3703133,UTTAR PRADESH,BAREILLY,RAMNAGAR,1,Jangteera,1,3,1,5,1,243501,2,2,3,10,19,11,18,16,0,0,0,0,0,0,0,74,3,3,0,0,4,0,1,3,1,1,0,0,0,2,1,1,2,Primary (1–5),STANDARD,4,False,True
3997432,UTTAR PRADESH,BAREILLY,ALAMPUR,1,Rajupur,1,3,1,5,1,243401,2,2,3,20,17,12,20,42,0,0,0,0,0,0,0,111,6,3,3,0,5,0,5,0,1,1,0,0,2,2,1,1,1,Primary (1–5),STANDARD,5,False,True
8865369,UTTAR PRADESH,BAREILLY,KYARA,1,Angori,1,3,1,5,1,243001,2,2,3,31,35,37,44,39,0,0,0,0,0,0,0,186,7,5,2,0,5,1,2,2,1,2,0,0,2,2,1,1,2,Primary (1–5),STANDARD,4,False,True
6414688,UTTAR PRADESH,BAREILLY,NAWABGANJ,1,Rampura Kazian,1,3,1,5,1,243122,2,2,3,5,10,1,9,3,0,0,0,0,0,0,0,28,3,2,1,0,3,3,0,0,1,1,0,0,0,2,1,1,1,Primary (1–5),STANDARD,0,False,True
6580125,UTTAR PRADESH,BAREILLY,BHUTA,1,Dhaurera,1,3,1,5,1,243503,2,2,3,16,6,2,17,9,0,0,0,0,0,0,0,50,2,2,0,0,5,5,0,0,1,1,0,0,2,2,1,1,1,Primary (1–5),STANDARD,0,False,True
6663847,UTTAR PRADESH,BAREILLY,RAMNAGAR,2,,1,3,1,5,1,243303,2,2,3,37,33,42,49,45,0,0,0,0,0,0,0,206,4,3,1,0,5,5,0,0,1,1,0,0,2,2,1,1,2,Primary (1–5),STANDARD,0,False,True
7826855,UTTAR PRADESH,BAREILLY,MIRGANJ,1,Gahabara,4,3,6,8,1,243504,9,2,3,0,0,0,0,0,12,15,12,0,0,0,0,39,2,2,0,0,3,3,0,0,1,1,2,0,2,2,1,1,2,Upper Primary (6–8),STANDARD,0,False,True
9658877,UTTAR PRADESH,BAREILLY,MAJHGAWAN,1,Khangawa Shyam,4,3,6,8,1,243302,9,2,3,0,0,0,0,0,29,43,35,0,0,0,0,107,2,2,0,0,4,3,1,0,1,1,0,0,0,1,1,1,1,Upper Primary (6–8),STANDARD,1,True,True
1691087,UTTAR PRADESH,BAREILLY,NAWABGANJ,1,Parewa Sadat,4,3,6,8,1,262406,9,2,3,0,0,0,0,0,14,16,11,0,0,0,0,41,3,3,0,0,4,0,4,0,1,1,0,0,2,2,1,1,1,Upper Primary (6–8),STANDARD,4,False,True
3947356,UTTAR PRADESH,BAREILLY,MAJHGAWAN,1,Rehagawan,2,3,1,8,1,243302,2,2,3,21,17,16,42,43,70,49,51,0,0,0,0,309,11,7,4,0,12,9,0,3,2,2,0,0,2,1,1,1,1,Upper Primary (1–8),STANDARD,3,True,True
4071810,UTTAR PRADESH,BAREILLY,RAMNAGAR,1,Hardaspur,5,3,6,12,1,243301,9,2,3,0,0,0,0,0,38,61,56,85,87,71,62,460,6,6,0,0,14,10,4,0,8,12,2,0,0,1,1,1,1,Higher Secondary (6–12),STANDARD,4,True,True
4447028,UTTAR PRADESH,BAREILLY,BAHERI,1,Unai Khalsa,2,3,1,8,1,243201,2,2,3,10,9,11,19,13,38,24,28,0,0,0,0,152,6,5,1,0,6,3,3,0,2,2,0,0,2,1,1,1,2,Upper Primary (1–8),STANDARD,3,True,True
4439095,UTTAR PRADESH,BAREILLY,NAWABGANJ,1,Rasoola Talib Husain,4,3,6,8,1,262406,9,2,3,0,0,0,0,0,16,12,7,0,0,0,0,35,2,2,0,0,4,0,4,0,1,1,0,1,2,2,1,1,1,Upper Primary (6–8),STANDARD,4,False,True
1133157,UTTAR PRADESH,BAREILLY,BHADPURA,1,Bijasin,2,3,1,8,1,262406,2,2,3,7,5,4,14,9,32,31,25,0,0,0,0,127,8,5,3,0,8,4,2,2,1,1,0,0,2,1,1,1,1,Upper Primary (1–8),STANDARD,4,True,True
8473263,UTTAR PRADESH,BAREILLY,BHOJIPURA,1,Banjaria Jagir,2,3,1,8,1,243203,2,2,3,9,8,8,31,29,44,32,29,0,0,0,0,190,6,6,0,0,5,0,0,5,3,2,0,0,2,1,1,1,1,Upper Primary (1–8),STANDARD,5,True,True
4881932,UTTAR PRADESH,BAREILLY,BHOJIPURA,1,Dalpatpur,4,3,6,8,1,243001,9,2,3,0,0,0,0,0,20,11,34,0,0,0,0,65,3,3,0,0,4,0,2,2,1,1,0,0,2,2,1,1,1,Upper Primary (6–8),STANDARD,4,False,True
8717091,UTTAR PRADESH,BAREILLY,KYARA,1,Kargaina,5,3,6,12,1,243001,9,2,3,0,0,0,0,0,17,19,14,77,76,47,69,319,8,8,0,0,16,0,16,0,10,16,11,0,0,1,1,1,1,Higher Secondary (6–12),STANDARD,16,True,True
7236654,UTTAR PRADESH,BAREILLY,RICHHA(DAMKHODA),1,Bahadurpur Urf Bhura,4,3,6,8,1,243201,9,2,3,0,0,0,0,0,7,6,14,0,0,0,0,27,1,1,0,0,3,2,0,1,1,1,0,1,1,2,1,1,1,Upper Primary (6–8),STANDARD,1,False,True
8786029,UTTAR PRADESH,BAREILLY,BAREILLY TOWN,2,,4,3,6,8,5,243005,9,2,3,0,0,0,0,0,0,1,2,0,0,0,0,3,2,2,0,0,3,3,0,0,1,1,0,0,0,2,1,2,1,Upper Primary (6–8),STANDARD,0,False,False
6052988,UTTAR PRADESH,BAREILLY,NAWABGANJ,1,Mundia Bisan Sahai,2,3,1,8,1,243407,2,2,3,13,16,9,21,11,10,18,8,0,0,0,0,106,6,5,1,0,10,4,3,3,2,2,0,0,2,2,1,1,2,Upper Primary (1–8),STANDARD,6,False,True
8240462,UTTAR PRADESH,BAREILLY,BHADPURA,1,Khata,4,3,6,8,1,262406,9,2,3,0,0,0,0,0,12,8,10,0,0,0,0,30,2,2,0,0,5,5,0,0,1,1,0,0,2,2,1,1,1,Upper Primary (6–8),STANDARD,0,False,True
4755027,UTTAR PRADESH,BAREILLY,BAREILLY TOWN,2,,6,3,1,10,5,243001,2,2,3,5,3,2,6,5,8,0,7,34,6,0,0,76,5,4,1,0,11,11,0,0,2,2,1,1,0,1,1,1,2,Secondary (1–10),STANDARD,0,True,True
3162609,UTTAR PRADESH,BAREILLY,MAJHGAWAN,1,Madauna Urf Patparaganj,2,3,1,8,5,243302,2,2,3,23,48,54,64,64,126,91,101,0,0,0,0,571,8,7,0,1,8,8,0,0,4,4,10,2,0,1,1,1,1,Upper Primary (1–8),STANDARD,0,True,True
8860469,UTTAR PRADESH,BAREILLY,NAWABGANJ,1,Faizullapur,2,3,1,8,5,262406,2,2,3,21,12,9,14,13,10,12,7,0,0,0,0,98,8,8,0,0,11,11,0,0,3,3,7,0,0,2,1,1,1,Upper Primary (1–8),STANDARD,0,False,True
7435434,UTTAR PRADESH,BAREILLY,ALAMPUR,1,Bhojpur,2,3,1,8,5,243001,2,2,3,16,7,12,8,18,22,19,35,0,0,0,0,137,7,6,0,1,8,8,0,0,2,2,0,1,0,1,2,2,1,Upper Primary (1–8),STANDARD,0,True,False
7943360,UTTAR PRADESH,BAREILLY,BAREILLY TOWN,2,,2,3,1,8,5,243001,2,2,3,30,18,27,26,13,13,8,4,0,0,0,0,139,4,1,3,0,11,11,0,0,2,2,7,0,0,2,1,2,2,Upper Primary (1–8),STANDARD,0,False,False
1106876,UTTAR PRADESH,BAREILLY,BHUTA,1,Shekhapur,1,3,1,5,97,243503,2,2,3,27,20,24,23,19,0,0,0,0,0,0,0,113,5,5,0,0,5,5,0,0,1,1,0,1,0,2,2,1,1,Primary (1–5),STANDARD,0,False,True
7732532,UTTAR PRADESH,BAREILLY,MAJHGAWAN,1,Akha Atmali,1,3,1,5,5,243201,2,2,3,31,28,22,29,39,0,0,0,0,0,0,0,149,5,5,0,0,5,5,0,0,1,2,0,1,0,2,2,1,2,Primary (1–5),STANDARD,0,False,True
8190705,UTTAR PRADESH,BAREILLY,BAREILLY TOWN,2,,2,3,1,8,5,243001,2,2,3,13,7,6,3,1,10,7,22,0,0,0,0,69,6,6,0,0,18,18,0,0,2,2,10,1,0,1,1,1,1,Upper Primary (1–8),STANDARD,0,True,True
3322536,UTTAR PRADESH,BAREILLY,BAREILLY TOWN,2,,2,3,1,8,5,243502,2,2,3,0,0,11,9,7,3,5,7,0,0,0,0,42,5,5,0,0,8,8,0,0,2,2,2,2,0,1,1,1,1,Upper Primary (1–8),STANDARD,0,True,True
5855771,UTTAR PRADESH,BAREILLY,BAHERI TOWN,2,,2,3,1,8,5,243201,2,2,3,48,42,33,46,32,40,18,32,0,0,0,0,291,8,3,5,0,8,8,0,0,5,5,0,8,0,1,1,1,1,Upper Primary (1–8),STANDARD,0,True,True
8802281,UTTAR PRADESH,BAREILLY,MAJHGAWAN,1,Gurganwamustkil,2,3,1,8,5,243303,2,2,3,26,37,26,30,51,49,50,44,0,0,0,0,313,9,9,0,0,10,10,0,0,2,2,0,0,0,2,1,1,1,Upper Primary (1–8),STANDARD,0,False,True
1192396,UTTAR PRADESH,BAREILLY,BAREILLY TOWN,2,,1,3,1,5,5,243005,2,2,3,12,17,12,9,11,0,0,0,0,0,0,0,61,4,4,0,0,4,4,0,0,2,2,1,0,0,2,1,1,1,Primary (1–5),STANDARD,0,False,True
6391216,UTTAR PRADESH,BAREILLY,NAWABGANJ,2,,2,3,1,8,5,262406,2,2,3,27,33,9,18,10,12,15,13,0,0,0,0,137,8,4,4,0,8,8,0,0,2,2,0,0,0,1,1,2,1,Upper Primary (1–8),STANDARD,0,True,False
1740467,UTTAR PRADESH,BAREILLY,ALAMPUR,1,Ballia,5,3,6,12,5,243402,9,2,1,0,0,0,0,0,0,0,1,234,34,16,9,294,5,2,1,2,13,13,0,0,1,1,5,1,0,2,2,1,1,Higher Secondary (6–12),STANDARD,0,False,True
9174756,UTTAR PRADESH,BAREILLY,NAWABGANJ,2,,4,3,6,8,5,262406,9,2,3,0,0,0,0,0,40,42,29,0,0,0,0,111,2,2,0,0,4,3,1,0,3,3,0,0,0,2,1,1,1,Upper Primary (6–8),STANDARD,1,False,True
1636607,UTTAR PRADESH,BAREILLY,BHUTA,1,Gajnera,1,3,1,5,5,243503,2,2,3,4,3,4,4,6,0,0,0,0,0,0,0,21,4,4,0,0,3,3,0,0,1,1,0,0,0,1,2,1,1,Primary (1–5),STANDARD,0,True,True
1777114,UTTAR PRADESH,BAREILLY,BHOJIPURA,1,Bilwa,1,3,1,5,5,243202,2,2,3,7,0,1,3,0,0,0,0,0,0,0,0,11,3,0,3,0,8,8,0,0,1,1,0,1,0,1,1,1,1,Primary (1–5),STANDARD,0,True,True
9409638,UTTAR PRADESH,BAREILLY,RICHHA(DAMKHODA),1,Kalyanpur,2,3,1,8,5,243005,2,2,3,4,7,6,6,4,28,15,7,0,0,0,0,77,2,1,1,0,9,9,0,0,1,1,0,0,0,2,1,2,1,Upper Primary (1–8),STANDARD,0,False,False
7867885,UTTAR PRADESH,BAREILLY,NAWABGANJ,1,Indh Jagir,1,3,1,5,5,262406,1,2,3,13,4,9,6,8,0,0,0,0,0,0,0,40,6,6,0,0,5,5,0,0,1,1,0,1,0,1,1,2,1,Primary (1–5),STANDARD,0,True,False
8853507,UTTAR PRADESH,BAREILLY,FARIDPUR,1,Naugawan,1,3,1,5,5,243001,2,2,1,4,4,5,1,2,0,0,0,0,0,0,0,16,2,2,0,0,6,5,0,1,1,2,0,0,0,2,1,1,2,Primary (1–5),STANDARD,1,False,True
3088862,UTTAR PRADESH,BAREILLY,BAREILLY TOWN,2,,8,3,9,10,5,243002,9,2,3,0,0,0,0,0,0,0,0,92,86,0,0,178,6,6,0,0,4,4,0,0,2,2,4,1,1,1,1,1,1,Secondary (9–10),STANDARD,0,True,True
8992885,UTTAR PRADESH,BAREILLY,FARIDPUR TOWN,2,,1,3,1,5,97,243503,2,2,3,5,23,7,3,2,0,0,0,0,0,0,0,40,5,2,3,0,5,5,0,0,1,1,0,1,0,2,1,2,2,Primary (1–5),STANDARD,0,False,False
3681483,UTTAR PRADESH,BAREILLY,BAHERI,1,Jamsavant Shumali,1,3,1,5,97,243201,2,2,3,33,49,21,32,22,0,0,0,0,0,0,0,157,5,5,0,0,6,6,0,0,1,3,0,1,0,2,1,1,1,Primary (1–5),STANDARD,0,False,True
7589311,UTTAR PRADESH,BAREILLY,BHOJIPURA,2,,1,3,1,5,97,243202,2,2,3,0,0,4,4,7,0,0,0,0,0,0,0,15,3,0,3,0,3,3,0,0,1,1,0,0,0,1,1,2,1,Primary (1–5),STANDARD,0,True,False
1282001,UTTAR PRADESH,BAREILLY,BAREILLY TOWN,2,,6,3,1,10,97,243502,2,2,3,5,7,6,4,5,16,14,2,14,4,0,0,77,7,5,2,0,10,10,0,0,1,1,0,0,0,2,1,2,2,Secondary (1–10),STANDARD,0,False,False
4438871,UTTAR PRADESH,BAREILLY,BHOJIPURA,2,,3,3,1,12,97,243202,2,2,1,14,7,13,16,11,17,15,12,4,7,20,24,160,7,7,0,0,25,25,0,0,2,7,1,0,0,1,1,2,1,Higher Secondary (1–12),STANDARD,0,True,False
6592625,UTTAR PRADESH,BAREILLY,MIRGANJ,2,,10,3,9,12,5,243505,9,2,3,0,0,0,0,0,0,0,0,156,164,51,71,442,6,2,4,0,10,8,0,2,2,2,1,2,2,1,2,1,1,Higher Secondary (9–12),STANDARD,2,True,True
2584487,UTTAR PRADESH,BAREILLY,SHERGARH,1,Bairamnagar,1,3,1,5,5,243001,2,2,3,96,25,42,32,27,0,0,0,0,0,0,0,222,5,5,0,0,5,5,0,0,2,1,0,0,0,2,1,1,2,Primary (1–5),STANDARD,0,False,True
9201076,UTTAR PRADESH,BAREILLY,BAREILLY TOWN,2,,2,3,1,8,4,243005,2,2,3,56,86,90,124,121,131,141,176,0,0,0,0,925,18,4,14,0,20,20,0,0,2,5,10,0,0,1,1,2,2,Upper Primary (1–8),STANDARD,0,True,False
5891447,UTTAR PRADESH,BAREILLY,NAWABGANJ,1,Lavakhera Badri Prasad,2,3,1,8,5,243001,2,2,3,27,15,10,15,12,59,54,45,0,0,0,0,237,6,3,3,0,9,8,1,0,4,4,2,0,0,2,1,1,1,Upper Primary (1–8),STANDARD,1,False,True
6720731,UTTAR PRADESH,BAREILLY,VITHARI CHAINPUR,1,Bithri Chainpur,4,3,6,8,5,243123,9,2,3,0,0,0,0,0,43,47,30,0,0,0,0,120,6,4,2,0,7,7,0,0,2,2,1,1,1,1,2,1,2,Upper Primary (6–8),STANDARD,0,True,True
1742628,UTTAR PRADESH,BAREILLY,BAREILLY TOWN,2,,3,3,1,12,5,243001,1,2,3,137,111,102,115,114,115,114,104,150,110,94,104,1370,34,0,34,0,27,27,0,0,9,9,44,0,0,1,1,1,1,Higher Secondary (1–12),STANDARD,0,True,True
6181122,UTTAR PRADESH,BAREILLY,BAHERI,1,Nazargunj,2,3,1,8,1,243201,2,2,3,20,18,12,32,31,40,35,45,0,0,0,0,233,10,9,1,0,12,8,2,2,1,3,0,1,2,1,1,1,2,Upper Primary (1–8),STANDARD,4,True,True
4183917,UTTAR PRADESH,BAREILLY,NAWABGANJ,1,Ratnanandpur,1,3,1,5,5,262406,2,2,3,6,10,9,11,10,0,0,0,0,0,0,0,46,3,1,2,0,3,3,0,0,1,1,0,0,0,2,2,1,1,Primary (1–5),STANDARD,0,False,True
4940765,UTTAR PRADESH,BAREILLY,SHERGARH,1,Sharif Nagar,5,3,6,12,4,243201,9,2,3,0,0,0,0,0,43,50,41,111,101,33,39,418,15,15,0,0,13,13,0,0,2,5,1,1,0,1,1,1,1,Higher Secondary (6–12),STANDARD,0,True,True
9870199,UTTAR PRADESH,BAREILLY,BAREILLY TOWN,2,,5,3,6,12,4,243001,9,2,3,0,0,0,0,0,32,28,39,76,100,85,129,489,17,16,1,0,15,15,0,0,5,1,9,0,0,1,1,1,1,Higher Secondary (6–12),STANDARD,0,True,True
5215639,UTTAR PRADESH,BAREILLY,BHOJIPURA,1,Jadaunpur,2,3,1,8,5,243202,2,2,3,47,51,48,54,65,40,43,57,0,0,0,0,405,8,5,3,0,9,9,0,0,2,1,0,0,0,2,1,1,1,Upper Primary (1–8),STANDARD,0,False,True
1550348,UTTAR PRADESH,BAREILLY,RAMNAGAR,2,,1,3,1,5,5,243303,2,2,3,31,14,13,9,13,0,0,0,0,0,0,0,80,5,5,0,0,4,4,0,0,1,1,0,0,0,2,1,1,2,Primary (1–5),STANDARD,0,False,True
2957396,UTTAR PRADESH,BAREILLY,MIRGANJ,1,Raiya Nagla,1,3,1,5,5,243504,2,2,3,10,6,8,1,3,0,0,0,0,0,0,0,28,4,4,0,0,8,8,0,0,1,1,0,0,0,2,1,2,1,Primary (1–5),STANDARD,0,False,False
2508888,UTTAR PRADESH,BAREILLY,MIRGANJ,2,,1,3,1,5,1,243504,2,2,3,16,12,15,23,20,0,0,0,0,0,0,0,86,4,2,1,1,6,0,6,0,1,1,0,0,2,2,1,1,2,Primary (1–5),STANDARD,6,False,True
8719218,UTTAR PRADESH,BAREILLY,BHOJIPURA,1,Pardholi,1,3,1,5,5,243202,2,2,3,0,0,1,3,0,0,0,0,0,0,0,0,4,2,2,0,0,5,5,0,0,1,1,0,0,0,1,1,2,1,Primary (1–5),STANDARD,0,True,False
5270264,UTTAR PRADESH,BAREILLY,FARIDPUR,1,Amrekh,1,3,1,5,1,243503,2,2,3,7,13,12,28,23,0,0,0,0,0,0,0,83,5,3,2,0,6,6,0,0,1,1,0,0,2,1,1,1,2,Primary (1–5),STANDARD,0,True,True
9392225,UTTAR PRADESH,BAREILLY,MIRGANJ,1,Gahabara,1,3,1,5,1,243504,2,2,3,6,3,10,14,7,0,0,0,0,0,0,0,40,1,1,0,0,3,3,0,0,1,1,0,0,2,2,1,1,2,Primary (1–5),STANDARD,0,False,True
1817675,UTTAR PRADESH,BAREILLY,VITHARI CHAINPUR,1,Urla Jagir,1,3,1,5,1,243123,2,2,3,9,5,7,10,12,0,0,0,0,0,0,0,43,4,3,1,0,3,3,0,0,1,1,0,0,2,2,1,1,1,Primary (1–5),STANDARD,0,False,True
7851648,UTTAR PRADESH,BAREILLY,BAREILLY TOWN,2,,3,3,1,12,4,243001,2,2,3,19,19,48,76,88,92,143,153,220,225,189,292,1564,19,19,0,0,26,26,0,0,0,10,2,0,0,1,1,2,1,Higher Secondary (1–12),STANDARD,0,True,False
3755615,UTTAR PRADESH,BAREILLY,BHADPURA,1,Dandia Safdarali,1,3,1,5,1,262406,2,2,3,3,2,2,11,4,0,0,0,0,0,0,0,22,2,1,1,0,3,3,0,0,1,1,0,0,2,1,1,1,1,Primary (1–5),STANDARD,0,True,True
1258000,UTTAR PRADESH,BAREILLY,ALAMPUR,1,Tajpur Nawadia,1,3,1,5,1,243402,2,2,3,32,17,14,41,24,0,0,0,0,0,0,0,128,3,3,0,0,2,1,1,0,1,1,0,0,2,1,1,1,2,Primary (1–5),STANDARD,1,True,True
5150330,UTTAR PRADESH,BAREILLY,FATEHGANJ,1,Udaipur Banno Jan,1,3,1,5,1,243505,2,2,3,12,18,14,28,23,0,0,0,0,0,0,0,95,5,3,2,0,6,5,0,1,1,2,0,1,2,2,1,1,1,Primary (1–5),STANDARD,1,False,True
7436036,UTTAR PRADESH,BAREILLY,RICHHA(DAMKHODA),1,Bahadurganj,1,3,1,5,1,243201,2,2,3,19,23,23,18,22,0,0,0,0,0,0,0,105,4,3,1,0,3,3,0,0,1,2,0,1,2,2,1,1,1,Primary (1–5),STANDARD,0,False,True
5670764,UTTAR PRADESH,BAREILLY,ALAMPUR,1,Tanda,1,3,1,5,1,243301,2,2,3,19,8,15,17,20,0,0,0,0,0,0,0,79,3,3,0,0,3,3,0,0,1,1,0,0,2,2,1,1,1,Primary (1–5),STANDARD,0,False,True
5273022,UTTAR PRADESH,BAREILLY,RICHHA(DAMKHODA),1,Abhaypur Mahmoodpur,1,3,1,5,1,243203,2,2,3,10,5,7,5,6,0,0,0,0,0,0,0,33,3,1,2,0,6,3,2,1,1,1,0,0,1,2,1,1,2,Primary (1–5),STANDARD,3,False,True
3856442,UTTAR PRADESH,BAREILLY,BHADPURA,1,Bhadpura,1,3,1,5,1,243001,2,2,3,12,2,2,8,12,0,0,0,0,0,0,0,36,3,1,2,0,2,2,0,0,1,1,0,0,2,1,1,1,1,Primary (1–5),STANDARD,0,True,True
8394695,UTTAR PRADESH,BAREILLY,MAJHGAWAN,1,Bhoora,1,3,1,5,1,243302,2,2,3,2,2,5,13,10,0,0,0,0,0,0,0,32,2,2,0,0,3,0,2,1,1,1,0,0,2,1,1,1,1,Primary (1–5),STANDARD,3,True,True
8091045,UTTAR PRADESH,BAREILLY,BAREILLY TOWN,2,,1,3,1,5,1,243502,2,2,3,15,10,20,17,23,0,0,0,0,0,0,0,85,1,0,1,0,2,2,0,0,1,1,0,0,0,1,1,1,2,Primary (1–5),STANDARD,0,True,True
6945097,UTTAR PRADESH,BAREILLY,FATEHGANJ,1,Sirsa Jagir,1,3,1,5,1,243501,2,2,3,2,5,5,11,10,0,0,0,0,0,0,0,33,4,4,0,0,4,3,1,0,1,1,0,0,2,2,1,1,2,Primary (1–5),STANDARD,1,False,True
7980880,UTTAR PRADESH,BAREILLY,FARIDPUR,1,Nagaria Vikram,1,3,1,5,1,243502,2,2,3,2,2,3,6,7,0,0,0,0,0,0,0,20,2,2,0,0,3,1,1,1,1,1,0,0,0,1,1,1,1,Primary (1–5),STANDARD,2,True,True
9367539,UTTAR PRADESH,BAREILLY,BHADPURA,1,Nawada Imamabad,1,3,1,5,1,262406,2,2,3,26,13,16,30,25,0,0,0,0,0,0,0,110,5,3,2,0,5,5,0,0,1,1,0,0,2,1,1,1,2,Primary (1–5),STANDARD,0,True,True
9252775,UTTAR PRADESH,BAREILLY,MIRGANJ,1,Saijana,1,3,1,5,1,243504,2,2,3,30,35,37,45,47,0,0,0,0,0,0,0,194,5,3,2,0,10,10,0,0,1,1,0,0,2,2,1,1,1,Primary (1–5),STANDARD,0,False,True
3637186,UTTAR PRADESH,BAREILLY,BAHERI,1,Jasanpur,1,3,1,5,1,243201,2,2,3,13,8,13,25,16,0,0,0,0,0,0,0,75,5,3,2,0,3,0,2,1,1,1,0,1,2,2,1,1,2,Primary (1–5),STANDARD,3,False,True
6531503,UTTAR PRADESH,BAREILLY,MIRGANJ,1,Anandpur,1,3,1,5,1,243504,2,2,3,22,19,16,31,30,0,0,0,0,0,0,0,118,4,3,1,0,7,3,0,4,1,1,0,0,2,2,1,1,1,Primary (1–5),STANDARD,4,False,True
2815148,UTTAR PRADESH,BAREILLY,BAHERI,1,Garibpura,1,3,1,5,1,243201,2,2,3,7,1,4,5,4,0,0,0,0,0,0,0,21,3,2,1,0,2,1,0,1,3,3,0,0,2,2,1,1,1,Primary (1–5),STANDARD,1,False,True
6776279,UTTAR PRADESH,BAREILLY,ALAMPUR,1,Bakarganj,1,3,1,5,1,243402,2,2,3,18,7,6,7,7,0,0,0,0,0,0,0,45,3,2,1,0,2,0,2,0,1,1,0,0,2,1,1,1,1,Primary (1–5),STANDARD,2,True,True
4042708,UTTAR PRADESH,BAREILLY,RAMNAGAR,1,Revati,1,3,1,5,1,243301,2,2,3,22,22,18,44,39,0,0,0,0,0,0,0,145,5,2,3,0,3,1,1,1,1,1,0,0,2,1,1,1,1,Primary (1–5),STANDARD,2,True,True
8963110,UTTAR PRADESH,BAREILLY,FARIDPUR,1,Gopalpur,1,3,1,5,1,243001,2,2,3,0,3,9,11,9,0,0,0,0,0,0,0,32,2,1,1,0,3,2,0,1,1,1,0,0,2,1,1,1,2,Primary (1–5),STANDARD,1,True,True
5873908,UTTAR PRADESH,BAREILLY,RAMNAGAR,1,Dhanora Gauree,2,3,1,8,1,243303,2,2,3,18,21,27,19,24,24,13,13,0,0,0,0,159,4,2,2,0,8,7,0,1,1,1,0,0,2,2,1,1,2,Upper Primary (1–8),STANDARD,1,False,True
8854169,UTTAR PRADESH,BAREILLY,MIRGANJ,1,Bahadurpur,4,3,6,8,1,243505,9,2,3,0,0,0,0,0,35,52,32,0,0,0,0,119,4,3,1,0,4,0,2,2,1,1,0,0,0,2,1,1,1,Upper Primary (6–8),STANDARD,4,False,True
3754382,UTTAR PRADESH,BAREILLY,MIRGANJ,1,Goola,4,3,6,8,1,243504,9,2,3,0,0,0,0,0,9,5,5,0,0,0,0,19,1,1,0,0,2,2,0,0,1,1,0,0,0,2,1,1,1,Upper Primary (6–8),STANDARD,0,False,True
4327193,UTTAR PRADESH,BAREILLY,SHERGARH,1,Meori Buzurg,4,3,6,8,1,243001,9,2,3,0,0,0,0,0,24,28,8,0,0,0,0,60,1,1,0,0,4,0,0,4,1,1,0,1,2,2,1,1,1,Upper Primary (6–8),STANDARD,4,False,True
2193716,UTTAR PRADESH,BAREILLY,BAHERI TOWN,2,,2,3,1,8,1,243201,2,2,3,29,23,18,26,33,48,35,18,0,0,0,0,230,6,3,3,0,8,0,8,0,2,3,0,2,0,2,1,1,2,Upper Primary (1–8),STANDARD,8,False,True
3523920,UTTAR PRADESH,BAREILLY,RICHHA(DAMKHODA),1,Paiga,5,2,6,12,1,243203,9,2,3,0,0,0,0,0,0,0,0,14,12,14,15,55,5,5,0,0,14,14,0,0,0,12,0,0,0,1,1,2,1,Higher Secondary (6–12),STANDARD,0,True,False
2233283,UTTAR PRADESH,BAREILLY,ALAMPUR,1,Naugawa,4,3,6,8,1,243401,9,2,3,0,0,0,0,0,45,72,44,0,0,0,0,161,4,4,0,0,4,2,1,1,1,1,0,0,2,1,1,1,1,Upper Primary (6–8),STANDARD,2,True,True
1007722,UTTAR PRADESH,BAREILLY,RICHHA(DAMKHODA),1,Kundara,4,3,6,8,1,243202,9,2,3,0,0,0,0,0,47,26,56,0,0,0,0,129,5,5,0,0,3,2,1,0,1,2,0,1,2,2,1,1,1,Upper Primary (6–8),STANDARD,1,False,True
4417186,UTTAR PRADESH,BAREILLY,ALAMPUR,1,Bilauri,4,3,6,8,1,243301,9,2,3,0,0,0,0,0,46,47,42,0,0,0,0,135,2,2,0,0,3,3,0,0,1,1,0,0,2,2,1,1,1,Upper Primary (6–8),STANDARD,0,False,True
7546571,UTTAR PRADESH,BAREILLY,RAMNAGAR,1,Anjani Mustkil,2,3,1,8,5,243303,2,2,3,31,36,31,55,54,72,72,46,0,0,0,0,397,7,7,0,0,12,12,0,0,10,2,5,1,1,1,1,1,1,Upper Primary (1–8),STANDARD,0,True,True
2449341,UTTAR PRADESH,BAREILLY,NAWABGANJ,2,,1,3,1,5,5,262406,2,2,3,27,21,36,34,29,0,0,0,0,0,0,0,147,5,3,2,0,5,5,0,0,1,1,0,2,0,2,1,1,2,Primary (1–5),STANDARD,0,False,True
5493924,UTTAR PRADESH,BAREILLY,RICHHA(DAMKHODA),1,Pachua,2,3,1,8,1,243201,2,2,3,12,13,8,14,9,16,19,13,0,0,0,0,104,5,4,1,0,5,5,0,0,2,2,0,0,0,2,1,1,1,Upper Primary (1–8),STANDARD,0,False,True
1821554,UTTAR PRADESH,BAREILLY,RAMNAGAR,2,,1,3,1,5,97,243303,2,2,3,17,17,2,6,7,0,0,0,0,0,0,0,49,3,3,0,0,4,4,0,0,1,1,0,0,0,2,1,1,1,Primary (1–5),STANDARD,0,False,True
9567952,UTTAR PRADESH,BAREILLY,MIRGANJ,1,Khamria Sani,1,3,1,5,5,243504,2,2,3,0,4,3,0,0,0,0,0,0,0,0,0,7,1,1,0,0,6,6,0,0,1,1,0,0,0,2,1,2,1,Primary (1–5),STANDARD,0,False,False
9637036,UTTAR PRADESH,BAREILLY,FARIDPUR,1,Haraila,5,3,6,12,5,243506,9,2,3,0,0,0,0,0,9,29,18,45,32,11,14,158,4,4,0,0,9,9,0,0,5,5,2,2,0,1,1,1,1,Higher Secondary (6–12),STANDARD,0,True,True
7735430,UTTAR PRADESH,BAREILLY,BAREILLY TOWN,2,,2,3,1,8,1,243502,2,2,3,8,11,23,16,5,15,11,14,0,0,0,0,103,2,2,0,0,7,4,3,0,2,2,0,0,2,1,1,1,1,Upper Primary (1–8),STANDARD,3,True,True
7651572,UTTAR PRADESH,BAREILLY,SHERGARH,1,Gahluiya,4,3,6,8,5,243202,9,2,3,0,0,0,0,0,8,42,33,0,0,0,0,83,5,5,0,0,2,2,0,0,1,1,0,0,0,2,1,1,2,Upper Primary (6–8),STANDARD,0,False,True
9132125,UTTAR PRADESH,BAREILLY,BHOJIPURA,1,Atapatti Shumali,1,3,1,5,5,243202,2,2,3,30,27,21,9,25,0,0,0,0,0,0,0,112,4,0,3,1,5,5,0,0,1,1,0,1,0,1,1,2,1,Primary (1–5),STANDARD,0,True,False
6770601,UTTAR PRADESH,BAREILLY,SHERGARH,1,Dunka,1,3,1,5,5,243505,2,2,3,18,19,30,29,24,0,0,0,0,0,0,0,120,5,5,0,0,5,5,0,0,1,1,0,0,0,2,1,1,1,Primary (1–5),STANDARD,0,False,True
9575246,UTTAR PRADESH,BAREILLY,BAREILLY TOWN,2,,7,3,6,10,5,243005,9,2,3,0,0,0,0,0,1,18,20,32,22,0,0,93,7,4,3,0,7,7,0,0,2,2,1,1,0,1,1,2,2,Secondary (6–10),STANDARD,0,True,False
8186981,UTTAR PRADESH,BAREILLY,BHOJIPURA,1,Mullapur,1,3,1,5,97,243122,2,2,3,7,14,6,3,4,0,0,0,0,0,0,0,34,2,0,2,0,7,7,0,0,4,4,5,1,0,1,1,1,1,Primary (1–5),STANDARD,0,True,True
8270122,UTTAR PRADESH,BAREILLY,FARIDPUR,1,Bhagwanpur Kundan,1,3,1,5,5,243123,2,2,3,20,18,16,15,9,0,0,0,0,0,0,0,78,2,2,0,0,5,5,0,0,4,4,5,0,0,1,1,1,1,Primary (1–5),STANDARD,0,True,True
3906686,UTTAR PRADESH,BAREILLY,BAREILLY TOWN,2,,1,3,1,5,5,243122,2,2,3,12,10,4,10,2,0,0,0,0,0,0,0,38,6,6,0,0,5,5,0,0,1,2,1,0,0,2,1,1,2,Primary (1–5),STANDARD,0,False,True
1006964,UTTAR PRADESH,BAREILLY,MIRGANJ,1,Ballia,2,3,1,8,5,243504,1,2,3,11,65,30,11,27,40,13,8,0,0,0,0,205,7,6,1,0,10,10,0,0,1,1,2,0,0,2,1,1,1,Upper Primary (1–8),STANDARD,0,False,True
5375031,UTTAR PRADESH,BAREILLY,BAREILLY TOWN,2,,1,3,1,5,5,243122,1,2,3,41,27,20,16,17,0,0,0,0,0,0,0,121,15,15,0,0,9,9,0,0,3,3,6,2,1,1,1,1,1,Primary (1–5),STANDARD,0,True,True
7352519,UTTAR PRADESH,BAREILLY,BAREILLY TOWN,2,,1,3,1,5,5,243001,2,2,3,2,4,3,3,0,0,0,0,0,0,0,0,12,2,2,0,0,3,3,0,0,1,1,0,0,0,2,1,2,1,Primary (1–5),STANDARD,0,False,False
8271789,UTTAR PRADESH,BAREILLY,KYARA,1,Chaneta,1,3,1,5,5,243001,2,2,3,74,59,41,54,57,0,0,0,0,0,0,0,285,5,4,1,0,6,6,0,0,1,1,1,1,0,2,1,2,1,Primary (1–5),STANDARD,0,False,False
7643717,UTTAR PRADESH,BAREILLY,RICHHA(DAMKHODA),1,Damkhoda,2,3,1,8,5,243201,2,2,3,5,7,7,5,3,9,7,7,0,0,0,0,50,4,1,3,0,8,8,0,0,1,1,0,0,0,2,3,2,2,Upper Primary (1–8),STANDARD,0,False,False
6186095,UTTAR PRADESH,BAREILLY,BAHERI TOWN,2,,1,3,1,5,5,243201,2,2,3,3,3,12,8,3,0,0,0,0,0,0,0,29,4,4,0,0,6,6,0,0,1,1,0,0,0,2,1,2,2,Primary (1–5),STANDARD,0,False,False
1608085,UTTAR PRADESH,BAREILLY,BAREILLY TOWN,2,,4,3,6,8,5,243001,9,2,3,0,0,0,0,0,35,46,54,0,0,0,0,135,7,6,1,0,3,3,0,0,3,3,9,0,0,1,1,1,2,Upper Primary (6–8),STANDARD,0,True,True
9389415,UTTAR PRADESH,BAREILLY,BAREILLY TOWN,2,,1,3,1,5,5,243006,1,2,3,4,5,13,5,4,0,0,0,0,0,0,0,31,5,1,4,0,7,7,0,0,1,2,1,0,0,2,1,1,1,Primary (1–5),STANDARD,0,False,True
9162912,UTTAR PRADESH,BAREILLY,BAREILLY TOWN,2,,2,3,1,8,5,243005,1,2,3,33,37,25,19,15,1,0,0,0,0,0,0,130,9,9,0,0,7,7,0,0,2,2,2,1,0,1,1,1,1,Upper Primary (1–8),STANDARD,0,True,True
4319038,UTTAR PRADESH,BAREILLY,NAWABGANJ,2,,2,3,1,8,5,262406,1,2,3,4,0,3,1,1,1,0,0,0,0,0,0,10,4,2,2,0,9,9,0,0,2,2,0,0,0,2,1,1,1,Upper Primary (1–8),STANDARD,0,False,True
2135210,UTTAR PRADESH,BAREILLY,BAREILLY TOWN,2,,2,3,1,8,5,243002,2,2,3,28,12,19,13,10,13,8,9,0,0,0,0,112,9,9,0,0,10,10,0,0,2,2,0,1,0,1,1,1,1,Upper Primary (1–8),STANDARD,0,True,True
9449815,UTTAR PRADESH,BAREILLY,BAREILLY TOWN,2,,4,3,6,8,5,243502,9,2,3,0,0,0,0,0,42,54,34,0,0,0,0,130,1,0,1,0,6,6,0,0,4,4,2,0,0,2,1,1,1,Upper Primary (6–8),STANDARD,0,False,True
5412058,UTTAR PRADESH,BAREILLY,RAMNAGAR,1,Mutlak Pur,1,3,1,5,5,243303,2,2,3,4,13,10,57,24,0,0,0,0,0,0,0,108,5,5,0,0,7,7,0,0,2,2,1,1,0,1,1,1,2,Primary (1–5),STANDARD,0,True,True
4818999,UTTAR PRADESH,BAREILLY,KYARA,1,Chaneta,1,3,1,5,5,243001,2,2,3,0,2,2,5,4,0,0,0,0,0,0,0,13,5,5,0,0,6,6,0,0,1,1,0,0,0,2,1,2,1,Primary (1–5),STANDARD,0,False,False
8142860,UTTAR PRADESH,BAREILLY,SHERGARH,2,,6,3,1,10,97,243001,2,2,1,1,3,3,4,8,13,4,4,18,11,0,0,69,10,6,4,0,12,12,0,0,8,4,5,3,1,1,1,1,1,Secondary (1–10),STANDARD,0,True,True
2682832,UTTAR PRADESH,BAREILLY,VITHARI CHAINPUR,1,Chandpur Bichpuri,3,3,1,12,5,243006,1,2,3,24,23,14,23,24,30,35,37,41,46,61,75,433,30,30,0,0,24,24,0,0,6,6,4,2,0,1,1,1,1,Higher Secondary (1–12),STANDARD,0,True,True
6510634,UTTAR PRADESH,BAREILLY,SHERGARH,1,Dunka,2,3,1,8,5,243505,2,2,3,6,5,6,9,9,9,12,0,0,0,0,0,56,5,0,5,0,4,4,0,0,2,1,0,0,0,2,1,1,1,Upper Primary (1–8),STANDARD,0,False,True
1924841,UTTAR PRADESH,BAREILLY,FARIDPUR,1,Sitarganj,1,3,1,5,5,243503,2,2,3,8,14,32,25,26,0,0,0,0,0,0,0,105,3,3,0,0,5,5,0,0,1,1,1,1,0,1,1,1,1,Primary (1–5),STANDARD,0,True,True
2959973,UTTAR PRADESH,BAREILLY,RAMNAGAR,1,Mahmood Pur,4,3,6,8,4,243301,9,2,3,0,0,0,0,0,33,24,24,0,0,0,0,81,4,4,0,0,11,11,0,0,1,1,0,0,0,2,2,1,2,Upper Primary (6–8),STANDARD,0,False,True
7111584,UTTAR PRADESH,BAREILLY,MAJHGAWAN,1,Gurganwamustkil,1,3,1,5,5,243303,2,2,3,21,10,28,25,34,0,0,0,0,0,0,0,118,5,5,0,0,5,5,0,0,1,1,0,0,0,2,1,1,2,Primary (1–5),STANDARD,0,False,True
8262377,UTTAR PRADESH,BAREILLY,MAJHGAWAN,1,Rampura Khurd,1,3,1,5,5,243002,2,2,3,43,39,33,39,38,0,0,0,0,0,0,0,192,3,3,0,0,6,6,0,0,2,3,0,0,0,2,2,1,1,Primary (1–5),STANDARD,0,False,True
3262846,UTTAR PRADESH,BAREILLY,BAHERI,1,Guwari,1,3,1,5,1,243201,2,2,3,3,7,4,7,11,0,0,0,0,0,0,0,32,1,1,0,0,5,4,0,1,1,1,0,0,2,2,1,1,1,Primary (1–5),STANDARD,1,False,True
4365733,UTTAR PRADESH,BAREILLY,SHERGARH,1,Rampura,1,3,1,5,97,243505,2,2,3,0,4,1,4,1,0,0,0,0,0,0,0,10,2,0,2,0,4,4,0,0,1,1,0,0,0,2,2,2,2,Primary (1–5),STANDARD,0,False,False
3960217,UTTAR PRADESH,BAREILLY,MAJHGAWAN,1,Atarchedi,1,3,1,5,5,243302,2,2,3,5,10,4,7,8,0,0,0,0,0,0,0,34,5,5,0,0,5,5,0,0,2,2,1,1,0,1,2,2,1,Primary (1–5),STANDARD,0,True,False
3023030,UTTAR PRADESH,BAREILLY,BAREILLY TOWN,2,,3,3,1,12,4,243001,2,2,3,15,38,31,35,70,77,99,121,399,420,533,597,2435,60,60,0,0,60,60,0,0,10,2,3,0,0,1,1,1,1,Higher Secondary (1–12),STANDARD,0,True,True
3430611,UTTAR PRADESH,BAREILLY,BAHERI,1,Chhitaunia,1,3,1,5,1,243201,2,2,3,5,2,4,8,6,0,0,0,0,0,0,0,25,2,1,1,0,5,5,0,0,1,1,0,0,2,2,1,1,2,Primary (1–5),STANDARD,0,False,True
2462700,UTTAR PRADESH,BAREILLY,BHOJIPURA,1,Ghanghoua Ghanghori,1,3,1,5,1,243302,2,2,3,13,23,22,33,43,0,0,0,0,0,0,0,134,7,5,2,0,5,5,0,0,2,2,0,0,2,1,1,1,2,Primary (1–5),STANDARD,0,True,True
5690948,UTTAR PRADESH,BAREILLY,FARIDPUR,1,Saripur,1,3,1,5,1,243503,2,2,3,26,21,27,36,17,0,0,0,0,0,0,0,127,6,4,2,0,7,1,4,2,1,1,0,0,2,2,1,1,1,Primary (1–5),STANDARD,6,False,True
8352817,UTTAR PRADESH,BAREILLY,RAMNAGAR,1,Kishanpur,1,3,1,5,1,243301,2,2,3,27,5,4,8,13,0,0,0,0,0,0,0,57,3,1,2,0,4,2,0,2,1,1,0,0,0,1,1,1,2,Primary (1–5),STANDARD,2,True,True
2354717,UTTAR PRADESH,BAREILLY,NAWABGANJ,1,Alinagar,1,3,1,5,1,262406,2,2,3,6,2,4,2,2,0,0,0,0,0,0,0,16,3,2,1,0,2,1,1,0,1,1,0,1,2,2,1,1,1,Primary (1–5),STANDARD,1,False,True
2955293,UTTAR PRADESH,BAREILLY,BHADPURA,1,Dandia Nazmul Nisan,1,3,1,5,1,262406,2,2,3,18,11,15,17,19,0,0,0,0,0,0,0,80,4,3,1,0,4,4,0,0,1,2,0,0,2,2,1,1,2,Primary (1–5),STANDARD,0,False,True
3165314,UTTAR PRADESH,BAREILLY,RICHHA(DAMKHODA),1,Jafra,1,3,1,5,1,243201,2,2,3,20,18,20,31,46,0,0,0,0,0,0,0,135,6,5,1,0,6,2,2,2,1,2,0,0,2,2,1,1,1,Primary (1–5),STANDARD,4,False,True
2870462,UTTAR PRADESH,BAREILLY,RICHHA(DAMKHODA),1,Anuruddhpur,1,3,1,5,1,243005,2,2,3,6,2,4,7,7,0,0,0,0,0,0,0,26,3,1,2,0,5,3,2,0,1,1,0,0,2,1,1,1,2,Primary (1–5),STANDARD,2,True,True
2859760,UTTAR PRADESH,BAREILLY,RICHHA(DAMKHODA),1,Bhudwa,1,3,1,5,1,243203,2,2,3,12,9,9,21,26,0,0,0,0,0,0,0,77,5,3,2,0,5,2,0,3,1,2,0,0,2,1,1,1,1,Primary (1–5),STANDARD,3,True,True
2914192,UTTAR PRADESH,BAREILLY,BHUTA,1,Jawahar Ganj,1,3,1,5,1,243503,2,2,3,29,19,23,39,29,0,0,0,0,0,0,0,139,3,3,0,0,3,2,0,1,1,1,0,0,0,1,1,1,2,Primary (1–5),STANDARD,1,True,True
5236914,UTTAR PRADESH,BAREILLY,BHADPURA,1,Satwan Patti,1,3,1,5,1,262406,2,2,3,12,11,13,16,18,0,0,0,0,0,0,0,70,4,2,2,0,3,2,0,1,1,1,0,0,2,1,1,1,1,Primary (1–5),STANDARD,1,True,True
2907307,UTTAR PRADESH,BAREILLY,VITHARI CHAINPUR,1,Rajpuri Nawada,1,3,1,5,1,243123,2,2,3,6,2,3,2,3,0,0,0,0,0,0,0,16,2,2,0,0,3,2,1,0,1,1,0,0,2,2,1,1,1,Primary (1–5),STANDARD,1,False,True
7584160,UTTAR PRADESH,BAREILLY,MIRGANJ,1,Meernagar Urf Naugawan,1,3,1,5,1,243504,2,2,3,6,10,12,21,14,0,0,0,0,0,0,0,63,3,3,0,0,3,2,0,1,1,1,0,0,2,2,1,1,2,Primary (1–5),STANDARD,1,False,True
4593240,UTTAR PRADESH,BAREILLY,VITHARI CHAINPUR,1,Urla Jagir,1,3,1,5,1,243123,2,2,3,31,23,34,54,52,0,0,0,0,0,0,0,194,8,7,1,0,8,8,0,0,2,1,0,0,2,2,1,1,2,Primary (1–5),STANDARD,0,False,True
2754821,UTTAR PRADESH,BAREILLY,RICHHA(DAMKHODA),1,Hasanpur Majara Kundara,1,3,1,5,1,243202,2,2,3,11,6,13,23,25,0,0,0,0,0,0,0,78,5,3,2,0,5,2,0,3,1,1,0,0,2,2,1,1,2,Primary (1–5),STANDARD,3,False,True
9805373,UTTAR PRADESH,BAREILLY,BHADPURA,1,Asua,1,3,1,5,1,262406,2,2,3,3,1,1,4,7,0,0,0,0,0,0,0,16,2,2,0,0,3,2,0,1,1,1,0,0,2,1,1,1,1,Primary (1–5),STANDARD,1,True,True
4066234,UTTAR PRADESH,BAREILLY,BHADPURA,1,Matkapur,1,3,1,5,1,262406,2,2,3,6,8,5,10,7,0,0,0,0,0,0,0,36,4,2,2,0,3,3,0,0,1,1,0,0,2,1,1,1,2,Primary (1–5),STANDARD,0,True,True
7755480,UTTAR PRADESH,BAREILLY,BHUTA,1,Amirti,1,3,1,5,1,243503,2,2,3,4,5,7,7,8,0,0,0,0,0,0,0,31,2,2,0,0,5,4,0,1,1,1,0,0,2,2,1,1,1,Primary (1–5),STANDARD,1,False,True
6482452,UTTAR PRADESH,BAREILLY,SHERGARH,1,Itaua,2,3,1,8,1,243201,2,2,3,27,26,28,59,46,45,44,39,0,0,0,0,314,11,9,2,0,13,13,0,0,3,4,0,3,2,1,1,1,1,Upper Primary (1–8),STANDARD,0,True,True
6936867,UTTAR PRADESH,BAREILLY,RAMNAGAR,1,Manauna,5,3,6,12,90,243301,9,2,1,0,0,0,0,0,59,66,65,65,57,49,49,410,10,2,8,0,12,12,0,0,0,12,24,0,0,1,1,1,1,Higher Secondary (6–12),STANDARD,0,True,True
4957920,UTTAR PRADESH,BAREILLY,VITHARI CHAINPUR,1,Adoopura Jagir,4,3,6,8,1,243122,9,2,3,0,0,0,0,0,22,21,27,0,0,0,0,70,4,4,0,0,4,0,0,4,1,2,0,0,2,2,1,1,1,Upper Primary (6–8),STANDARD,4,False,True
1379817,UTTAR PRADESH,BAREILLY,KYARA,1,Manpur Ahaiyapur,2,3,1,8,1,243001,2,2,3,12,24,29,21,13,23,29,21,0,0,0,0,172,7,6,1,0,9,8,0,1,2,2,2,0,2,2,1,1,1,Upper Primary (1–8),STANDARD,1,False,True
1305874,UTTAR PRADESH,BAREILLY,FARIDPUR,1,Rampuriya Ilaka Takhari,1,3,1,5,1,243001,2,2,3,22,10,27,18,20,0,0,0,0,0,0,0,97,3,2,1,0,5,2,1,2,4,4,0,0,2,2,1,1,2,Primary (1–5),STANDARD,3,False,True
6366320,UTTAR PRADESH,BAREILLY,RICHHA(DAMKHODA),1,Chaudera,4,3,6,8,1,243201,9,2,3,0,0,0,0,0,12,8,6,0,0,0,0,26,0,0,0,0,4,4,0,0,1,1,0,0,0,2,1,1,1,Upper Primary (6–8),STANDARD,0,False,True
6862716,UTTAR PRADESH,BAREILLY,MIRGANJ,1,Khanpur,1,3,1,5,1,243505,2,2,3,4,2,1,6,7,0,0,0,0,0,0,0,20,1,1,0,0,5,5,0,0,1,1,0,0,2,2,1,1,1,Primary (1–5),STANDARD,0,False,True
8306372,UTTAR PRADESH,BAREILLY,NAWABGANJ,1,Sithra,2,3,1,8,1,243407,2,2,3,7,5,9,9,19,25,30,18,0,0,0,0,122,7,6,1,0,7,4,2,1,3,3,0,0,0,2,1,1,1,Upper Primary (1–8),STANDARD,3,False,True
8969297,UTTAR PRADESH,BAREILLY,MIRGANJ,1,Piparia Ehatmali,4,3,6,8,1,243501,9,2,3,0,0,0,0,0,24,27,24,0,0,0,0,75,3,3,0,0,3,0,3,0,2,2,0,0,2,2,1,1,1,Upper Primary (6–8),STANDARD,3,False,True
6235221,UTTAR PRADESH,BAREILLY,RAMNAGAR,1,Pepereaveerpur,1,3,1,5,1,243303,2,2,3,19,12,17,27,18,0,0,0,0,0,0,0,93,4,2,2,0,5,3,0,2,1,1,0,0,2,2,1,1,1,Primary (1–5),STANDARD,2,False,True
3267691,UTTAR PRADESH,BAREILLY,BAHERI,1,Rampura,1,3,1,5,1,243201,2,2,3,6,3,2,7,10,0,0,0,0,0,0,0,28,3,1,2,0,3,3,0,0,1,1,0,0,2,2,1,1,1,Primary (1–5),STANDARD,0,False,True
1619649,UTTAR PRADESH,BAREILLY,RICHHA(DAMKHODA),1,Husain Nagla,1,3,1,5,1,243201,2,2,3,2,2,3,4,3,0,0,0,0,0,0,0,14,2,2,0,0,5,0,2,3,1,1,0,0,1,1,1,1,1,Primary (1–5),STANDARD,5,True,True
4178298,UTTAR PRADESH,BAREILLY,AONLA,2,,7,3,6,10,4,243301,9,2,3,0,0,0,0,0,25,15,17,0,0,0,0,57,5,5,0,0,10,8,2,0,1,2,1,0,0,2,2,1,2,Secondary (6–10),STANDARD,2,False,True
8856138,UTTAR PRADESH,BAREILLY,RICHHA(DAMKHODA),1,Chaudera,1,3,1,5,1,243201,2,2,3,12,15,18,12,21,0,0,0,0,0,0,0,78,4,2,2,0,5,5,0,0,1,2,0,0,1,2,1,1,1,Primary (1–5),STANDARD,0,False,True
3949739,UTTAR PRADESH,BAREILLY,ALAMPUR,1,Kuddha,7,3,6,10,4,243401,9,2,3,0,0,0,0,0,23,18,29,84,57,0,0,211,9,9,0,0,5,5,0,0,1,1,0,0,0,2,1,1,1,Secondary (6–10),STANDARD,0,False,True
6319132,UTTAR PRADESH,BAREILLY,BHOJIPURA,1,Jamunia Jagir,1,3,1,5,1,243505,2,2,3,9,5,6,16,16,0,0,0,0,0,0,0,52,3,3,0,0,5,3,0,2,1,1,0,0,2,1,1,1,1,Primary (1–5),STANDARD,2,True,True
8499122,UTTAR PRADESH,BAREILLY,MIRGANJ,2,,10,3,9,12,5,243504,9,2,3,0,0,0,0,0,0,0,0,116,181,231,235,763,12,3,8,1,14,14,0,0,3,3,1,2,0,2,1,1,2,Higher Secondary (9–12),STANDARD,0,False,True
9716844,UTTAR PRADESH,BAREILLY,BAREILLY TOWN,2,,2,3,1,8,5,243003,1,2,3,64,53,67,54,54,35,38,33,0,0,0,0,398,12,5,7,0,14,14,0,0,2,2,1,2,0,1,1,1,1,Upper Primary (1–8),STANDARD,0,True,True
3024465,UTTAR PRADESH,BAREILLY,BAHERI,1,Sukatia,6,3,1,10,5,243201,2,2,3,24,11,21,19,18,37,42,18,58,55,0,0,303,11,11,0,0,12,12,0,0,4,4,2,0,0,1,1,1,1,Secondary (1–10),STANDARD,0,True,True
5867786,UTTAR PRADESH,BAREILLY,BAREILLY TOWN,2,,2,3,1,8,5,243001,1,2,3,20,13,9,8,9,6,9,2,0,0,0,0,76,9,9,0,0,11,11,0,0,2,1,3,2,0,1,1,2,1,Upper Primary (1–8),STANDARD,0,True,False
4771532,UTTAR PRADESH,BAREILLY,BAREILLY TOWN,2,,2,3,1,8,5,243001,2,2,3,48,78,36,38,48,19,15,9,0,0,0,0,291,2,2,0,0,15,15,0,0,6,6,2,0,0,2,1,1,1,Upper Primary (1–8),STANDARD,0,False,True
5898840,UTTAR PRADESH,BAREILLY,MAJHGAWAN,2,,1,3,1,5,97,243302,2,2,3,17,16,24,20,17,0,0,0,0,0,0,0,94,6,6,0,0,6,6,0,0,1,1,0,0,0,2,1,2,2,Primary (1–5),STANDARD,0,False,False
4015454,UTTAR PRADESH,BAREILLY,VITHARI CHAINPUR,1,Girdharipur,1,3,1,5,5,243122,2,2,3,16,19,16,21,16,0,0,0,0,0,0,0,88,6,0,6,0,8,8,0,0,2,2,1,0,0,1,1,2,1,Primary (1–5),STANDARD,0,True,False
2015288,UTTAR PRADESH,BAREILLY,MIRGANJ,1,Saijana,2,3,1,8,5,243504,1,2,3,53,64,55,54,63,95,93,93,0,0,0,0,570,12,7,5,0,11,11,0,0,4,4,1,1,1,1,2,1,1,Upper Primary (1–8),STANDARD,0,True,True
2468912,UTTAR PRADESH,BAREILLY,VITHARI CHAINPUR,2,,2,3,1,8,97,243001,2,2,3,26,10,15,10,9,13,3,3,0,0,0,0,89,8,7,0,1,12,12,0,0,3,3,0,1,0,1,1,2,1,Upper Primary (1–8),STANDARD,0,True,False
2770394,UTTAR PRADESH,BAREILLY,BHOJIPURA,2,,2,3,1,8,5,243202,2,2,3,23,32,11,20,12,3,4,5,0,0,0,0,110,6,0,6,0,8,8,0,0,1,1,0,0,0,2,2,1,1,Upper Primary (1–8),STANDARD,0,False,True
5339946,UTTAR PRADESH,BAREILLY,BAREILLY TOWN,2,,2,3,1,8,5,243003,1,2,3,84,62,82,92,72,74,85,67,0,0,0,0,618,16,1,12,3,19,19,0,0,5,6,5,2,0,1,1,1,1,Upper Primary (1–8),STANDARD,0,True,True
5435645,UTTAR PRADESH,BAREILLY,VITHARI CHAINPUR,1,Chandpur Bichpuri,1,3,1,5,97,243006,2,2,3,18,6,6,6,2,0,0,0,0,0,0,0,38,5,5,0,0,5,5,0,0,1,2,0,1,0,2,1,2,2,Primary (1–5),STANDARD,0,False,False
7750139,UTTAR PRADESH,BAREILLY,SHERGARH,1,Gahluiya,1,3,1,5,97,243505,2,2,3,1,3,3,11,15,0,0,0,0,0,0,0,33,3,2,1,0,5,5,0,0,2,2,0,0,0,2,2,1,1,Primary (1–5),STANDARD,0,False,True
8400150,UTTAR PRADESH,BAREILLY,BAREILLY TOWN,2,,4,3,6,8,5,243502,9,2,3,0,0,0,0,0,13,37,29,0,0,0,0,79,3,3,0,0,3,3,0,0,1,1,1,0,0,2,1,2,2,Upper Primary (6–8),STANDARD,0,False,False
7612243,UTTAR PRADESH,BAREILLY,BAREILLY TOWN,2,,2,3,1,8,5,243122,1,2,3,18,12,18,21,11,13,12,6,0,0,0,0,111,8,7,1,0,10,10,0,0,2,2,2,1,0,2,1,1,1,Upper Primary (1–8),STANDARD,0,False,True
4675117,UTTAR PRADESH,BAREILLY,BAREILLY TOWN,2,,1,3,1,5,5,243006,2,2,3,1,1,2,4,0,0,0,0,0,0,0,0,8,3,0,3,0,5,5,0,0,2,1,3,2,0,2,1,1,1,Primary (1–5),STANDARD,0,False,True
9312868,UTTAR PRADESH,BAREILLY,BAREILLY TOWN,2,,2,3,1,8,5,243006,2,2,3,17,8,16,12,11,7,17,14,0,0,0,0,102,7,7,0,0,8,8,0,0,2,2,2,1,0,1,1,1,1,Upper Primary (1–8),STANDARD,0,True,True
8038737,UTTAR PRADESH,BAREILLY,NAWABGANJ,1,Hafiz Ganj,1,3,1,5,5,243407,1,2,3,0,9,43,29,41,0,0,0,0,0,0,0,122,1,0,1,0,5,5,0,0,1,1,0,1,1,1,1,1,1,Primary (1–5),STANDARD,0,True,True
9418837,UTTAR PRADESH,BAREILLY,BHUTA,1,Gangapur Taluka Damora,8,3,9,10,5,243503,9,2,3,0,0,0,0,0,0,0,0,86,56,0,0,142,5,5,0,0,9,9,0,0,1,1,0,0,0,1,1,1,1,Secondary (9–10),STANDARD,0,True,True
5423635,UTTAR PRADESH,BAREILLY,RAMNAGAR,1,Barser Sikandrapur,1,3,1,5,5,243303,2,2,3,20,29,14,17,14,0,0,0,0,0,0,0,94,3,3,0,0,5,5,0,0,2,1,0,0,0,2,2,1,1,Primary (1–5),STANDARD,0,False,True
6816136,UTTAR PRADESH,BAREILLY,VITHARI CHAINPUR,1,Mohanpur,6,3,1,10,5,243123,1,2,3,84,64,50,58,49,50,39,29,21,30,0,0,474,15,15,0,0,16,16,0,0,4,4,26,2,2,1,1,1,1,Secondary (1–10),STANDARD,0,True,True
6504447,UTTAR PRADESH,BAREILLY,FATEHGANJ,1,Tiliya Pur,2,3,1,8,97,243502,2,2,3,0,2,7,6,2,4,8,5,0,0,0,0,34,5,5,0,0,8,8,0,0,2,2,0,0,0,1,1,2,1,Upper Primary (1–8),STANDARD,0,True,False
3403988,UTTAR PRADESH,BAREILLY,BHUTA,1,Budhauli,1,3,1,5,1,243503,2,2,3,7,5,3,6,6,0,0,0,0,0,0,0,27,2,1,1,0,4,1,1,2,1,1,0,0,2,1,1,1,1,Primary (1–5),STANDARD,3,True,True
4528325,UTTAR PRADESH,BAREILLY,FARIDPUR TOWN,2,,2,3,1,8,5,243503,2,2,3,0,2,13,3,5,9,4,6,0,0,0,0,42,4,4,0,0,10,10,0,0,1,1,1,2,0,1,1,2,2,Upper Primary (1–8),STANDARD,0,True,False
5842024,UTTAR PRADESH,BAREILLY,FARIDPUR TOWN,2,,2,3,1,8,5,243503,2,2,3,0,1,1,1,1,29,14,9,0,0,0,0,56,3,3,0,0,8,8,0,0,2,2,0,0,0,1,1,1,1,Upper Primary (1–8),STANDARD,0,True,True
7663936,UTTAR PRADESH,BAREILLY,RICHHA(DAMKHODA),1,Sukatia,1,3,1,5,5,243201,2,2,3,26,12,24,16,43,0,0,0,0,0,0,0,121,6,1,5,0,5,5,0,0,2,2,0,0,0,2,1,2,2,Primary (1–5),STANDARD,0,False,False
1077831,UTTAR PRADESH,BAREILLY,FATEHGANJ,2,,1,3,1,5,5,243505,1,2,3,30,13,21,16,8,0,0,0,0,0,0,0,88,5,1,4,0,6,6,0,0,1,2,0,1,0,1,1,1,1,Primary (1–5),STANDARD,0,True,True
3153629,UTTAR PRADESH,BAREILLY,VITHARI CHAINPUR,2,,4,3,6,8,5,243122,9,2,3,0,0,0,0,0,13,18,13,0,0,0,0,44,5,0,5,0,4,4,0,0,2,2,1,1,1,1,1,1,1,Upper Primary (6–8),STANDARD,0,True,True
9416758,UTTAR PRADESH,BAREILLY,KYARA,1,Bichra Balkishanpur,4,3,6,8,1,243302,9,2,3,0,0,0,0,0,26,13,14,0,0,0,0,53,3,3,0,0,4,2,2,0,1,1,0,0,2,1,1,1,1,Upper Primary (6–8),STANDARD,2,True,True
1864917,UTTAR PRADESH,BAREILLY,BAREILLY TOWN,2,,1,3,1,5,97,243005,2,2,3,0,1,4,3,1,0,0,0,0,0,0,0,9,3,0,1,2,5,5,0,0,1,1,0,0,0,2,1,1,2,Primary (1–5),STANDARD,0,False,True
4650926,UTTAR PRADESH,BAREILLY,BAREILLY TOWN,2,,2,3,1,8,5,243502,2,2,3,0,0,11,5,7,4,5,3,0,0,0,0,35,5,5,0,0,8,8,0,0,2,2,0,0,0,1,1,2,1,Upper Primary (1–8),STANDARD,0,True,False
9954764,UTTAR PRADESH,BAREILLY,BAREILLY TOWN,2,,1,3,1,5,5,243122,1,2,3,13,35,20,34,53,0,0,0,0,0,0,0,155,5,0,5,0,6,6,0,0,1,1,0,0,0,2,1,2,1,Primary (1–5),STANDARD,0,False,False
1220424,UTTAR PRADESH,BAREILLY,NAWABGANJ,2,,3,3,1,12,5,262406,1,2,3,46,41,30,74,63,61,44,46,92,108,74,64,743,26,25,1,0,16,16,0,0,1,3,10,1,1,1,1,1,1,Higher Secondary (1–12),STANDARD,0,True,True
9463959,UTTAR PRADESH,BAREILLY,RICHHA(DAMKHODA),1,Kundara,1,3,1,5,97,262406,2,2,3,0,0,0,3,2,0,0,0,0,0,0,0,5,4,1,3,0,5,5,0,0,1,1,0,0,0,2,2,2,1,Primary (1–5),STANDARD,0,False,False
4418640,UTTAR PRADESH,BAREILLY,BHUTA,1,Umedpur Bhuta,1,3,1,5,97,243503,2,2,3,0,3,5,9,2,0,0,0,0,0,0,0,19,4,0,4,0,8,8,0,0,1,1,0,0,0,2,1,2,1,Primary (1–5),STANDARD,0,False,False
7119198,UTTAR PRADESH,BAREILLY,BHOJIPURA,2,,6,3,1,10,97,243202,2,2,3,56,69,86,65,61,36,45,42,0,0,0,0,460,12,0,12,0,10,10,0,0,2,2,0,0,0,2,1,1,1,Secondary (1–10),STANDARD,0,False,True
4128652,UTTAR PRADESH,BAREILLY,NAWABGANJ,1,Pipra Nighai,2,3,1,8,5,262406,2,2,3,19,16,18,26,17,40,33,16,0,0,0,0,185,15,15,0,0,12,12,0,0,1,1,0,1,0,1,1,1,2,Upper Primary (1–8),STANDARD,0,True,True
5912312,UTTAR PRADESH,BAREILLY,KYARA,1,Rondhi Mustqil,1,3,1,5,1,243001,2,2,3,31,28,36,42,31,0,0,0,0,0,0,0,168,7,6,1,0,7,5,1,1,1,2,0,0,2,1,1,1,2,Primary (1–5),STANDARD,2,True,True
3767787,UTTAR PRADESH,BAREILLY,FARIDPUR,1,Rajau Paraspur,1,3,1,5,1,243001,2,2,3,14,15,13,22,22,0,0,0,0,0,0,0,86,4,3,1,0,5,5,0,0,1,1,0,0,2,2,1,1,1,Primary (1–5),STANDARD,0,False,True
6368780,UTTAR PRADESH,BAREILLY,VITHARI CHAINPUR,1,Ahladpur,4,3,6,8,5,243122,9,2,3,0,0,0,0,0,2,0,0,0,0,0,0,2,3,3,0,0,4,4,0,0,1,2,0,0,0,2,1,1,2,Upper Primary (6–8),STANDARD,0,False,True
3218924,UTTAR PRADESH,BAREILLY,BHUTA,1,Kurmuri,1,3,1,5,1,243503,2,2,3,25,16,30,33,35,0,0,0,0,0,0,0,139,5,3,2,0,3,2,0,1,1,1,0,0,2,2,1,1,1,Primary (1–5),STANDARD,1,False,True
9662228,UTTAR PRADESH,BAREILLY,BHUTA,1,Madhia Bhagwantapur,1,3,1,5,1,243506,2,2,3,18,7,10,17,29,0,0,0,0,0,0,0,81,5,3,2,0,4,0,4,0,1,1,0,0,2,2,1,1,1,Primary (1–5),STANDARD,4,False,True
7258789,UTTAR PRADESH,BAREILLY,NAWABGANJ,1,Pachpera,1,3,1,5,1,243407,2,2,3,8,8,7,11,18,0,0,0,0,0,0,0,52,4,4,0,0,4,4,0,0,1,1,0,0,2,2,1,1,1,Primary (1–5),STANDARD,0,False,True
4958619,UTTAR PRADESH,BAREILLY,BAREILLY TOWN,2,,2,3,1,8,1,243001,2,2,3,5,10,12,28,22,22,21,44,0,0,0,0,164,7,7,0,0,10,10,0,0,1,3,0,0,1,1,1,1,1,Upper Primary (1–8),STANDARD,0,True,True
4420161,UTTAR PRADESH,BAREILLY,FARIDPUR TOWN,2,,2,3,1,8,1,243503,2,2,3,19,36,45,40,13,34,26,9,0,0,0,0,222,2,2,0,0,7,7,0,0,2,1,4,0,0,1,1,1,2,Upper Primary (1–8),STANDARD,0,True,True
2361551,UTTAR PRADESH,BAREILLY,RAMNAGAR,1,Fundapur Urf Ataa,4,3,6,8,1,243303,9,2,3,0,0,0,0,0,10,14,5,0,0,0,0,29,1,1,0,0,4,2,2,0,1,1,0,0,2,1,1,1,1,Upper Primary (6–8),STANDARD,2,True,True
4930843,UTTAR PRADESH,BAREILLY,RAMNAGAR,1,Fundapur Urf Ataa,1,3,1,5,1,243303,2,2,3,12,17,23,18,25,0,0,0,0,0,0,0,95,4,3,1,0,0,0,0,0,1,1,0,0,2,1,1,1,2,Primary (1–5),STANDARD,0,True,True
2453749,UTTAR PRADESH,BAREILLY,SHERGARH,1,Sultanpur,1,3,1,5,1,243505,2,2,3,12,12,7,12,16,0,0,0,0,0,0,0,59,5,3,2,0,3,0,3,0,1,1,0,0,2,2,1,1,2,Primary (1–5),STANDARD,3,False,True
5073203,UTTAR PRADESH,BAREILLY,BAHERI,1,Vaipur,2,3,1,8,1,243201,2,2,3,6,7,4,16,19,17,8,9,0,0,0,0,86,8,5,3,0,11,7,0,4,2,2,0,0,2,2,1,1,1,Upper Primary (1–8),STANDARD,4,False,True
7630300,UTTAR PRADESH,BAREILLY,NAWABGANJ,1,Gurgawan,2,3,1,8,1,243407,2,2,3,4,4,2,4,3,19,25,13,0,0,0,0,74,8,5,3,0,8,8,0,0,2,2,2,0,2,2,1,1,2,Upper Primary (1–8),STANDARD,0,False,True
9115285,UTTAR PRADESH,BAREILLY,BAREILLY TOWN,2,,1,3,1,5,1,243001,2,2,3,0,1,2,2,3,0,0,0,0,0,0,0,8,1,1,0,0,1,1,0,0,1,1,0,0,0,1,1,1,2,Primary (1–5),STANDARD,0,True,True
8913154,UTTAR PRADESH,BAREILLY,NAWABGANJ,1,Madhkar Pur,4,3,6,8,1,262406,9,2,3,0,0,0,0,0,3,2,2,0,0,0,0,7,2,2,0,0,3,0,3,0,1,1,0,1,0,2,1,1,1,Upper Primary (6–8),STANDARD,3,False,True
4059902,UTTAR PRADESH,BAREILLY,MIRGANJ,1,Labhera Durga Prasad,2,3,1,8,1,243504,2,2,3,9,23,12,13,16,12,20,16,0,0,0,0,121,8,6,2,0,8,6,0,2,3,3,0,0,2,2,1,1,1,Upper Primary (1–8),STANDARD,2,False,True
1980330,UTTAR PRADESH,BAREILLY,ALAMPUR,1,Pathree,4,3,6,8,1,243301,9,2,3,0,0,0,0,0,84,97,107,0,0,0,0,288,4,4,0,0,4,0,4,0,1,1,0,0,0,1,1,1,2,Upper Primary (6–8),STANDARD,4,True,True
4176296,UTTAR PRADESH,BAREILLY,SHERGARH,1,Aaklabad,2,3,1,8,1,243203,2,2,3,17,13,14,15,13,43,44,34,0,0,0,0,193,8,7,1,0,10,7,2,1,2,5,4,2,2,1,1,1,1,Upper Primary (1–8),STANDARD,3,True,True
1290126,UTTAR PRADESH,BAREILLY,MAJHGAWAN,1,Gularia Uprala,4,3,6,8,1,243303,9,2,3,0,0,0,0,0,23,13,12,0,0,0,0,48,3,3,0,0,3,3,0,0,1,1,0,0,0,1,1,1,2,Upper Primary (6–8),STANDARD,0,True,True
8400194,UTTAR PRADESH,BAREILLY,MAJHGAWAN,1,Bhajnai,2,3,1,8,1,243302,2,2,3,9,9,6,18,19,48,33,20,0,0,0,0,162,5,5,0,0,10,6,2,2,2,2,0,0,2,2,1,1,1,Upper Primary (1–8),STANDARD,4,False,True
4258313,UTTAR PRADESH,BAREILLY,BHADPURA,1,Silra,4,3,6,8,1,262406,9,2,3,0,0,0,0,0,33,31,32,0,0,0,0,96,4,3,1,0,4,0,4,0,1,1,0,0,0,2,1,1,1,Upper Primary (6–8),STANDARD,4,False,True
4524846,UTTAR PRADESH,BAREILLY,SHERGARH,1,Buyodha,4,3,6,8,1,243505,9,2,3,0,0,0,0,0,63,57,37,0,0,0,0,157,5,4,0,1,3,0,3,0,1,1,1,1,2,2,1,1,1,Upper Primary (6–8),STANDARD,3,False,True
3407395,UTTAR PRADESH,BAREILLY,MAJHGAWAN,1,Bara Sirsa,2,3,1,8,1,243302,2,2,3,25,28,31,45,41,61,70,42,0,0,0,0,343,9,6,3,0,9,3,3,3,2,2,4,0,2,1,1,1,1,Upper Primary (1–8),STANDARD,6,True,True
2291036,UTTAR PRADESH,BAREILLY,BHADPURA,1,Biharipur Abdul Rehman,2,3,1,8,1,262406,2,2,3,7,7,3,13,9,15,21,16,0,0,0,0,91,4,2,2,0,9,5,0,4,1,1,0,0,2,1,1,1,1,Upper Primary (1–8),STANDARD,4,True,True
2677859,UTTAR PRADESH,BAREILLY,VITHARI CHAINPUR,1,Meondi Klhurd Kalan,4,3,6,8,1,243123,9,2,3,0,0,0,0,0,105,42,46,0,0,0,0,193,6,4,0,2,3,3,0,0,1,1,0,0,2,2,1,1,1,Upper Primary (6–8),STANDARD,0,False,True
8616899,UTTAR PRADESH,BAREILLY,FARIDPUR,1,Kuiyan Uganpur,4,3,6,8,1,243503,9,2,3,0,0,0,0,0,21,26,17,0,0,0,0,64,3,3,0,0,3,3,0,0,1,1,0,0,2,2,1,1,1,Upper Primary (6–8),STANDARD,0,False,True
5700901,UTTAR PRADESH,BAREILLY,SHERGARH,1,Kasbapur,4,3,6,8,1,243505,9,2,3,0,0,0,0,0,49,36,23,0,0,0,0,108,1,1,0,0,5,5,0,0,1,1,0,1,2,2,1,1,1,Upper Primary (6–8),STANDARD,0,False,True
6351797,UTTAR PRADESH,BAREILLY,FARIDPUR TOWN,2,,2,3,1,8,1,243503,2,2,3,20,19,11,28,25,38,43,29,0,0,0,0,213,2,2,0,0,8,6,2,0,2,2,0,2,2,1,1,1,1,Upper Primary (1–8),STANDARD,2,True,True
3818028,UTTAR PRADESH,BAREILLY,BHUTA,1,Dandia Nawzis Ali,2,3,1,8,1,243503,2,2,3,26,23,23,39,29,65,50,25,0,0,0,0,280,10,7,3,0,10,6,0,4,2,2,16,0,2,2,1,1,1,Upper Primary (1–8),STANDARD,4,False,True
3812893,UTTAR PRADESH,BAREILLY,BHUTA,1,Gangeypur,2,3,1,8,1,243503,2,2,3,15,16,12,20,15,70,105,102,0,0,0,0,355,8,6,2,0,12,8,0,4,2,2,0,0,2,2,1,1,1,Upper Primary (1–8),STANDARD,4,False,True
5382639,UTTAR PRADESH,BAREILLY,BAHERI,1,Lakhanpur,1,3,1,5,1,243201,2,2,3,8,9,9,22,12,0,0,0,0,0,0,0,60,4,4,0,0,4,4,0,0,2,2,5,1,2,2,1,1,1,Primary (1–5),STANDARD,0,False,True
5999561,UTTAR PRADESH,BAREILLY,ALAMPUR,1,Mai Keeratpur,1,3,1,5,1,243402,2,2,3,18,13,16,23,19,0,0,0,0,0,0,0,89,4,3,1,0,4,2,2,0,1,1,0,0,2,1,1,1,1,Primary (1–5),STANDARD,2,True,True
6319100,UTTAR PRADESH,BAREILLY,MIRGANJ,1,Gora Loknathpur Ehatmali,1,3,1,5,1,243504,2,2,3,17,19,20,26,32,0,0,0,0,0,0,0,114,7,3,4,0,3,0,0,3,1,1,0,0,2,2,1,1,2,Primary (1–5),STANDARD,3,False,True
8030017,UTTAR PRADESH,BAREILLY,BHADPURA,1,Amsaha,1,3,1,5,1,262406,2,2,3,13,15,19,27,26,0,0,0,0,0,0,0,100,3,2,1,0,5,3,1,1,1,1,0,0,2,2,1,1,1,Primary (1–5),STANDARD,2,False,True
9798296,UTTAR PRADESH,BAREILLY,MIRGANJ,1,Tilmas,1,3,1,5,1,243504,2,2,3,11,12,6,12,11,0,0,0,0,0,0,0,52,3,2,1,0,5,4,1,0,1,1,0,0,2,2,1,1,1,Primary (1–5),STANDARD,1,False,True
5768963,UTTAR PRADESH,BAREILLY,KYARA,1,Gauntara Ehatmali,1,3,1,5,1,243502,2,2,3,10,7,9,11,15,0,0,0,0,0,0,0,52,4,2,2,0,2,2,0,0,2,1,0,0,2,1,1,1,1,Primary (1–5),STANDARD,0,True,True
1832407,UTTAR PRADESH,BAREILLY,BAREILLY TOWN,2,,1,3,1,5,1,243005,2,2,3,6,13,9,19,19,0,0,0,0,0,0,0,66,1,1,0,0,1,1,0,0,1,1,0,0,1,1,1,1,2,Primary (1–5),STANDARD,0,True,True
2456341,UTTAR PRADESH,BAREILLY,BHUTA,1,Khandsara,1,3,1,5,1,243503,2,2,3,17,8,7,21,17,0,0,0,0,0,0,0,70,3,3,0,0,4,2,2,0,2,1,0,0,2,2,1,1,2,Primary (1–5),STANDARD,2,False,True
2459852,UTTAR PRADESH,BAREILLY,SHERGARH,2,,4,3,6,8,4,243505,9,2,3,0,0,0,0,0,42,48,40,0,0,0,0,130,3,3,0,0,4,4,0,0,1,1,1,0,0,2,1,1,1,Upper Primary (6–8),STANDARD,0,False,True
8796536,UTTAR PRADESH,BAREILLY,BAREILLY TOWN,2,,3,3,1,12,4,243001,2,2,3,23,26,31,49,47,47,46,46,77,60,81,140,673,23,16,3,4,16,10,2,4,2,14,0,0,0,1,1,2,1,Higher Secondary (1–12),STANDARD,6,True,False
1277109,UTTAR PRADESH,BAREILLY,KYARA,1,Kargaina,2,3,1,8,5,243001,1,2,3,28,20,16,12,11,11,2,5,0,0,0,0,105,8,3,5,0,11,11,0,0,1,1,4,1,0,1,1,1,1,Upper Primary (1–8),STANDARD,0,True,True
9722628,UTTAR PRADESH,BAREILLY,BAREILLY TOWN,2,,2,3,1,8,5,243001,2,2,3,114,91,92,102,81,90,73,69,0,0,0,0,712,5,5,0,0,17,17,0,0,3,3,1,0,0,1,1,1,1,Upper Primary (1–8),STANDARD,0,True,True
4067472,UTTAR PRADESH,BAREILLY,MAJHGAWAN,1,Gainee,2,3,1,8,5,243302,2,2,3,6,10,20,13,15,19,5,4,0,0,0,0,92,7,7,0,0,1,1,0,0,1,1,0,0,0,2,1,1,1,Upper Primary (1–8),STANDARD,0,False,True
4079921,UTTAR PRADESH,BAREILLY,BHUTA,1,Rashulpur Bahanpur,1,3,1,5,1,243503,2,2,3,12,10,13,35,22,0,0,0,0,0,0,0,92,5,2,3,0,6,2,0,4,2,2,0,0,2,2,1,1,1,Primary (1–5),STANDARD,4,False,True
5292905,UTTAR PRADESH,BAREILLY,VITHARI CHAINPUR,2,,2,3,1,8,5,243122,1,2,3,27,26,27,32,38,30,18,18,0,0,0,0,216,11,3,8,0,11,11,0,0,2,2,2,4,0,1,1,1,2,Upper Primary (1–8),STANDARD,0,True,True
3441853,UTTAR PRADESH,BAREILLY,BAREILLY TOWN,2,,1,3,1,5,97,243001,2,1,2,26,8,1,2,6,0,0,0,0,0,0,0,43,6,6,0,0,5,5,0,0,1,1,1,1,0,1,1,2,2,Primary (1–5),STANDARD,0,True,False
8016658,UTTAR PRADESH,BAREILLY,RICHHA(DAMKHODA),2,,1,3,1,5,97,243201,2,2,3,17,0,3,4,7,0,0,0,0,0,0,0,31,3,0,3,0,6,6,0,0,2,2,0,0,0,2,1,1,1,Primary (1–5),STANDARD,0,False,True
8312893,UTTAR PRADESH,BAREILLY,BHOJIPURA,1,Pipalsana Chaudhari (Ct),2,3,1,8,5,243202,1,2,3,24,21,27,12,20,16,9,9,0,0,0,0,138,9,0,9,0,10,10,0,0,2,2,5,1,0,1,2,2,1,Upper Primary (1–8),STANDARD,0,True,False
7223402,UTTAR PRADESH,BAREILLY,BAREILLY TOWN,2,,10,3,9,12,5,243003,9,2,1,0,0,0,0,0,0,0,0,45,45,38,15,143,3,3,0,0,12,12,0,0,1,1,21,1,0,1,1,1,1,Higher Secondary (9–12),STANDARD,0,True,True
9973745,UTTAR PRADESH,BAREILLY,NAWABGANJ,1,Bija Mau,8,3,9,10,5,262406,9,2,3,0,0,0,0,0,0,0,0,36,24,0,0,60,5,5,0,0,4,4,0,0,1,1,0,1,0,1,1,2,1,Secondary (9–10),STANDARD,0,True,False
8051746,UTTAR PRADESH,BAREILLY,VITHARI CHAINPUR,1,Itawa Beni Ram,3,3,1,12,5,243006,1,2,3,78,107,133,132,139,128,156,149,162,128,110,110,1532,83,83,0,0,52,52,0,0,34,63,89,2,0,1,1,1,1,Higher Secondary (1–12),STANDARD,0,True,True
9495797,UTTAR PRADESH,BAREILLY,BAREILLY TOWN,2,,1,3,1,5,5,243005,2,2,3,3,1,2,1,4,0,0,0,0,0,0,0,11,3,0,2,1,5,5,0,0,1,1,0,0,0,1,1,2,1,Primary (1–5),STANDARD,0,True,False
4435749,UTTAR PRADESH,BAREILLY,BAHERI,1,Banjaria,2,3,1,8,5,243001,2,2,3,7,19,23,14,16,37,36,23,0,0,0,0,175,5,5,0,0,7,7,0,0,1,2,0,0,0,2,2,2,2,Upper Primary (1–8),STANDARD,0,False,False
2551680,UTTAR PRADESH,BAREILLY,VITHARI CHAINPUR,1,Naryawal,2,3,1,8,5,243122,2,2,3,27,12,10,10,11,12,28,27,0,0,0,0,137,3,3,0,0,8,8,0,0,1,1,1,1,0,2,1,1,2,Upper Primary (1–8),STANDARD,0,False,True
5859012,UTTAR PRADESH,BAREILLY,VITHARI CHAINPUR,1,Didar Patti,1,3,1,5,5,243202,1,2,3,41,29,19,25,26,0,0,0,0,0,0,0,140,5,5,0,0,5,5,0,0,2,4,1,1,0,1,1,1,1,Primary (1–5),STANDARD,0,True,True
1360618,UTTAR PRADESH,BAREILLY,BHUTA,1,Itauri Jalalpur,4,3,6,8,5,243503,9,2,2,0,0,0,0,0,46,14,3,0,0,0,0,63,3,2,1,0,7,7,0,0,2,2,0,1,1,2,2,2,2,Upper Primary (6–8),STANDARD,0,False,False
2509329,UTTAR PRADESH,BAREILLY,SHERGARH,1,Jianagla,3,3,1,12,5,243505,2,2,3,0,0,0,0,0,0,0,1,111,134,131,187,564,11,4,7,0,18,18,0,0,4,5,2,0,0,1,1,1,1,Higher Secondary (1–12),STANDARD,0,True,True
5916655,UTTAR PRADESH,BAREILLY,AONLA,2,,1,3,1,5,5,243301,2,2,3,125,159,105,112,141,0,0,0,0,0,0,0,642,14,14,0,0,26,26,0,0,1,1,1,0,0,2,1,1,1,Primary (1–5),STANDARD,0,False,True
4541234,UTTAR PRADESH,BAREILLY,MIRGANJ,1,Labhera Durga Prasad,1,3,1,5,5,243504,2,2,1,20,5,9,6,0,0,0,0,0,0,0,0,40,5,3,2,0,5,5,0,0,2,2,1,1,0,2,1,2,1,Primary (1–5),STANDARD,0,False,False
9747118,UTTAR PRADESH,BAREILLY,FARIDPUR TOWN,2,,5,3,6,12,5,243503,9,2,3,0,0,0,0,0,42,65,69,120,164,79,114,653,7,1,6,0,9,9,0,0,2,2,1,1,0,1,1,1,1,Higher Secondary (6–12),STANDARD,0,True,True
5760749,UTTAR PRADESH,BAREILLY,BAHERI,1,Mirzapur Ranjeet,1,3,1,5,5,243201,1,2,3,29,15,23,35,29,0,0,0,0,0,0,0,131,6,6,0,0,5,5,0,0,2,2,0,2,0,1,2,1,2,Primary (1–5),STANDARD,0,True,True
6894876,UTTAR PRADESH,BAREILLY,BAREILLY TOWN,2,,1,3,1,5,5,243001,2,2,3,67,69,55,62,56,0,0,0,0,0,0,0,309,10,10,0,0,7,7,0,0,2,2,1,1,0,1,1,1,1,Primary (1–5),STANDARD,0,True,True
9289076,UTTAR PRADESH,BAREILLY,BAREILLY TOWN,2,,4,3,6,8,5,243001,9,2,3,0,0,0,0,0,4,0,2,0,0,0,0,6,3,1,2,0,3,3,0,0,2,2,0,0,0,1,1,1,1,Upper Primary (6–8),STANDARD,0,True,True
5722774,UTTAR PRADESH,BAREILLY,FARIDPUR,1,Bilpur,1,3,1,5,5,243503,2,2,3,9,8,17,24,22,0,0,0,0,0,0,0,80,5,5,0,0,7,7,0,0,1,1,0,2,0,1,1,1,2,Primary (1–5),STANDARD,0,True,True
4016162,UTTAR PRADESH,BAREILLY,KYARA,1,Bukhara,3,3,1,12,5,243001,2,2,3,26,18,18,17,24,41,21,39,58,20,21,31,334,33,33,0,0,26,26,0,0,8,7,40,1,0,1,1,1,1,Higher Secondary (1–12),STANDARD,0,True,True
1251050,UTTAR PRADESH,BAREILLY,ALAMPUR,1,Aspur,3,3,1,12,5,243301,2,2,3,39,20,32,21,28,40,30,23,65,47,31,32,408,26,7,19,0,22,22,0,0,2,2,20,2,1,1,1,1,1,Higher Secondary (1–12),STANDARD,0,True,True
9719012,UTTAR PRADESH,BAREILLY,FARIDPUR TOWN,2,,1,3,1,5,5,243001,2,2,3,0,3,10,4,3,0,0,0,0,0,0,0,20,2,1,1,0,3,3,0,0,1,1,0,0,0,2,1,1,2,Primary (1–5),STANDARD,0,False,True
4761134,UTTAR PRADESH,BAREILLY,BAREILLY TOWN,2,,1,3,1,5,5,243001,2,2,3,5,7,4,5,2,0,0,0,0,0,0,0,23,4,4,0,0,5,5,0,0,1,2,1,0,0,2,1,1,2,Primary (1–5),STANDARD,0,False,True
7758470,UTTAR PRADESH,BAREILLY,BAHERI TOWN,2,,2,3,1,8,5,243201,2,2,3,57,52,40,34,31,23,27,20,0,0,0,0,284,11,11,0,0,16,16,0,0,3,3,0,1,1,1,1,1,2,Upper Primary (1–8),STANDARD,0,True,True
4982260,UTTAR PRADESH,BAREILLY,FARIDPUR,1,Rampuriya Ilaka Takhari,1,3,1,5,5,243503,2,2,3,12,14,4,11,11,0,0,0,0,0,0,0,52,4,4,0,0,3,3,0,0,1,1,0,0,0,1,1,2,1,Primary (1–5),STANDARD,0,True,False
4389486,UTTAR PRADESH,BAREILLY,RAMNAGAR,1,Anjani Mustkil,7,3,6,10,5,243303,9,2,3,0,0,0,0,0,43,36,50,36,26,0,0,191,6,4,1,1,8,8,0,0,2,2,4,0,0,2,2,1,1,Secondary (6–10),STANDARD,0,False,True
7905126,UTTAR PRADESH,BAREILLY,NAWABGANJ,1,Ahamdabad,2,3,1,8,5,262406,1,2,3,31,20,15,24,14,8,12,3,0,0,0,0,127,9,9,0,0,11,11,0,0,5,5,10,1,1,1,1,1,1,Upper Primary (1–8),STANDARD,0,True,True
7592514,UTTAR PRADESH,BAREILLY,MAJHGAWAN,1,Gainee,5,3,6,12,4,243302,9,2,3,0,0,0,0,0,92,110,105,246,215,180,165,1113,22,22,0,0,19,19,0,0,4,10,10,1,0,1,1,1,1,Higher Secondary (6–12),STANDARD,0,True,True
4127735,UTTAR PRADESH,BAREILLY,FARIDPUR,1,Nagria Kala,4,3,6,8,1,243506,9,2,3,0,0,0,0,0,28,40,48,0,0,0,0,116,3,2,1,0,4,4,0,0,1,1,0,0,2,1,1,1,1,Upper Primary (6–8),STANDARD,0,True,True
7971063,UTTAR PRADESH,BAREILLY,BHUTA,1,Mewa Shafipur,4,3,6,8,1,243503,9,2,3,0,0,0,0,0,56,81,38,0,0,0,0,175,3,3,0,0,4,3,1,0,1,2,0,0,0,1,1,1,1,Upper Primary (6–8),STANDARD,1,True,True
2288862,UTTAR PRADESH,BAREILLY,FARIDPUR,1,Majhuawa Majra Bilra,3,3,1,12,5,243503,1,2,3,57,44,27,41,26,42,31,36,50,68,64,59,545,10,10,0,0,28,28,0,0,18,18,20,2,1,1,1,1,1,Higher Secondary (1–12),STANDARD,0,True,True
1207441,UTTAR PRADESH,BAREILLY,NAWABGANJ,1,Indh Jagir,1,3,1,5,1,262406,2,2,3,47,52,42,64,75,0,0,0,0,0,0,0,280,8,7,1,0,7,4,2,1,3,3,0,1,2,1,1,1,1,Primary (1–5),STANDARD,3,True,True
9826078,UTTAR PRADESH,BAREILLY,SHERGARH,1,Dunka,5,3,6,12,5,243001,9,2,3,0,0,0,0,0,174,135,147,153,176,164,138,1087,10,10,0,0,29,29,0,0,5,9,2,2,2,2,2,1,1,Higher Secondary (6–12),STANDARD,0,False,True
9188468,UTTAR PRADESH,BAREILLY,SHERGARH,1,Simrawa,4,3,6,8,1,243505,9,2,3,0,0,0,0,0,101,51,48,0,0,0,0,200,4,3,0,1,3,0,3,0,1,2,0,0,2,2,1,1,2,Upper Primary (6–8),STANDARD,3,False,True
8049730,UTTAR PRADESH,BAREILLY,BAREILLY TOWN,2,,1,3,1,5,97,243001,2,2,3,0,0,7,28,3,0,0,0,0,0,0,0,38,5,5,0,0,5,5,0,0,2,2,0,0,0,1,1,1,1,Primary (1–5),STANDARD,0,True,True
2684560,UTTAR PRADESH,BAREILLY,BAHERI,1,Tiyula,1,3,1,5,1,243201,2,2,3,14,14,8,27,24,0,0,0,0,0,0,0,87,3,2,1,0,5,1,4,0,1,1,0,1,2,2,1,1,1,Primary (1–5),STANDARD,4,False,True
4012909,UTTAR PRADESH,BAREILLY,MIRGANJ,1,Karmpur,2,3,1,8,1,243504,2,2,3,2,0,10,12,12,25,33,31,0,0,0,0,125,7,4,3,0,8,2,3,3,2,2,0,0,2,2,1,1,1,Upper Primary (1–8),STANDARD,6,False,True
9550634,UTTAR PRADESH,BAREILLY,NAWABGANJ,1,Richhola Chowdhry,2,3,1,8,1,262406,2,2,3,12,13,9,21,21,13,19,13,0,0,0,0,121,5,4,1,0,8,3,5,0,2,2,0,0,2,1,1,1,1,Upper Primary (1–8),STANDARD,5,True,True
8268414,UTTAR PRADESH,BAREILLY,NAWABGANJ,1,Fazilpur,4,3,6,8,1,243407,9,2,3,0,0,0,0,0,29,20,22,0,0,0,0,71,3,3,0,0,3,0,3,0,1,1,0,1,2,1,1,1,1,Upper Primary (6–8),STANDARD,3,True,True
3536503,UTTAR PRADESH,BAREILLY,RICHHA(DAMKHODA),1,Dandi Hamir,1,3,1,5,1,243201,2,2,3,11,11,10,26,12,0,0,0,0,0,0,0,70,4,2,2,0,5,5,0,0,1,1,0,1,2,2,1,1,1,Primary (1–5),STANDARD,0,False,True
5645166,UTTAR PRADESH,BAREILLY,BAHERI,1,Amkhera,4,3,6,8,1,243201,9,2,3,0,0,0,0,0,17,1,2,0,0,0,0,20,1,1,0,0,3,1,2,0,1,1,0,0,1,2,1,1,1,Upper Primary (6–8),STANDARD,2,False,True
2945594,UTTAR PRADESH,BAREILLY,SHERGARH,1,Nirbhua,1,3,1,5,1,243505,2,2,3,15,10,11,20,20,0,0,0,0,0,0,0,76,5,2,3,0,6,5,0,1,3,2,0,1,2,1,1,1,1,Primary (1–5),STANDARD,1,True,True
5001077,UTTAR PRADESH,BAREILLY,BHADPURA,1,Badhaipura Illaka Bahir,1,3,1,5,1,262406,2,2,3,16,11,4,10,11,0,0,0,0,0,0,0,52,3,2,1,0,3,2,0,1,1,1,0,0,2,1,1,1,1,Primary (1–5),STANDARD,1,True,True
9586481,UTTAR PRADESH,BAREILLY,MAJHGAWAN,1,Sisona,1,3,1,5,1,243302,2,2,3,6,8,6,7,6,0,0,0,0,0,0,0,33,4,3,1,0,3,3,0,0,2,2,0,0,2,2,1,1,1,Primary (1–5),STANDARD,0,False,True
2984899,UTTAR PRADESH,BAREILLY,VITHARI CHAINPUR,1,Ahladpur,1,3,1,5,1,243202,2,2,3,19,19,11,18,22,0,0,0,0,0,0,0,89,4,4,0,0,6,4,2,0,1,1,0,0,2,2,1,1,1,Primary (1–5),STANDARD,2,False,True
7927662,UTTAR PRADESH,BAREILLY,BHOJIPURA,1,Lad Pur,1,3,1,5,1,243202,2,2,3,14,21,17,33,33,0,0,0,0,0,0,0,118,6,4,2,0,5,3,0,2,2,3,0,1,2,1,1,1,2,Primary (1–5),STANDARD,2,True,True
4731912,UTTAR PRADESH,BAREILLY,BAREILLY TOWN,2,,1,3,1,5,1,243001,2,2,3,9,12,6,18,41,0,0,0,0,0,0,0,86,0,0,0,0,1,1,0,0,1,1,0,0,2,1,1,1,2,Primary (1–5),STANDARD,0,True,True
5952903,UTTAR PRADESH,BAREILLY,VITHARI CHAINPUR,1,Pahrapur Basawan Nagaria,1,3,1,5,1,243123,2,2,3,2,2,3,5,5,0,0,0,0,0,0,0,17,5,2,3,0,4,2,0,2,1,1,0,0,2,2,1,1,1,Primary (1–5),STANDARD,2,False,True
4062834,UTTAR PRADESH,BAREILLY,BHOJIPURA,1,Majhola Sarv Sukhi,1,3,1,5,1,243202,2,2,3,9,4,10,11,5,0,0,0,0,0,0,0,39,2,2,0,0,3,0,3,0,1,1,0,1,2,1,1,1,1,Primary (1–5),STANDARD,3,True,True
1006921,UTTAR PRADESH,BAREILLY,FARIDPUR,1,Saidpur Mustkil,1,3,1,5,1,243506,2,2,3,20,25,26,54,37,0,0,0,0,0,0,0,162,4,3,1,0,5,5,0,0,1,1,0,0,2,2,1,1,2,Primary (1–5),STANDARD,0,False,True
5743581,UTTAR PRADESH,BAREILLY,SHERGARH,1,Dunki,1,3,1,5,1,243505,2,2,3,48,28,22,28,25,0,0,0,0,0,0,0,151,6,4,2,0,6,4,0,2,1,1,0,0,2,1,1,1,1,Primary (1–5),STANDARD,2,True,True
7122014,UTTAR PRADESH,BAREILLY,MAJHGAWAN,1,Gularia Uprala,1,3,1,5,1,243302,2,2,3,15,14,14,22,16,0,0,0,0,0,0,0,81,6,3,3,0,2,2,0,0,2,2,0,0,2,2,1,1,1,Primary (1–5),STANDARD,0,False,True
8792528,UTTAR PRADESH,BAREILLY,NAWABGANJ,1,Bhatpura Jagir,1,3,1,5,1,243122,2,2,3,13,9,11,10,12,0,0,0,0,0,0,0,55,5,4,1,0,4,2,0,2,1,1,0,0,2,2,1,1,1,Primary (1–5),STANDARD,2,False,True
8638695,UTTAR PRADESH,BAREILLY,FARIDPUR,1,Nawadavan,1,3,1,5,1,243503,2,2,3,14,9,6,24,22,0,0,0,0,0,0,0,75,3,3,0,0,6,2,4,0,2,2,0,0,2,1,1,1,2,Primary (1–5),STANDARD,4,True,True
8549737,UTTAR PRADESH,BAREILLY,NAWABGANJ,1,Sahoder Nagla,1,3,1,5,1,262406,2,2,3,2,2,5,1,6,0,0,0,0,0,0,0,16,3,1,2,0,4,2,2,0,1,1,0,0,2,1,1,1,2,Primary (1–5),STANDARD,2,True,True
2930741,UTTAR PRADESH,BAREILLY,FATEHGANJ,1,Patvaiya,1,3,1,5,1,243501,2,2,3,9,4,6,3,6,0,0,0,0,0,0,0,28,2,1,1,0,3,1,1,1,1,1,0,0,1,2,1,1,1,Primary (1–5),STANDARD,2,False,True
8876485,UTTAR PRADESH,BAREILLY,MAJHGAWAN,1,Dasipur,1,3,1,5,1,243302,2,2,3,16,17,17,27,15,0,0,0,0,0,0,0,92,4,4,0,0,5,3,1,1,1,1,0,0,2,1,1,1,2,Primary (1–5),STANDARD,2,True,True
5237875,UTTAR PRADESH,BAREILLY,BAHERI,1,Manua Pati,1,3,1,5,1,243201,2,2,3,11,16,13,10,13,0,0,0,0,0,0,0,63,6,2,4,0,4,4,0,0,1,1,0,1,2,1,1,1,1,Primary (1–5),STANDARD,0,True,True
4030023,UTTAR PRADESH,BAREILLY,ALAMPUR,1,Kuddha,1,3,1,5,1,243401,2,2,3,21,13,9,15,13,0,0,0,0,0,0,0,71,3,2,1,0,4,4,0,0,3,3,0,0,2,2,1,1,1,Primary (1–5),STANDARD,0,False,True
1883423,UTTAR PRADESH,BAREILLY,RICHHA(DAMKHODA),2,,2,3,1,8,5,243201,2,2,3,49,47,57,40,38,48,35,20,0,0,0,0,334,12,12,0,0,18,18,0,0,4,3,20,3,0,1,1,1,1,Upper Primary (1–8),STANDARD,0,True,True
5254171,UTTAR PRADESH,BAREILLY,BAREILLY TOWN,2,,5,3,6,12,4,243005,9,2,3,0,0,0,0,0,49,62,85,258,240,316,319,1329,40,40,0,0,28,28,0,0,12,1,2,0,0,1,1,1,1,Higher Secondary (6–12),STANDARD,0,True,True
4909643,UTTAR PRADESH,BAREILLY,BAREILLY TOWN,2,,4,3,6,8,5,243001,9,2,3,0,0,0,0,0,10,17,7,0,0,0,0,34,3,0,1,2,4,4,0,0,2,1,4,1,0,1,1,1,1,Upper Primary (6–8),STANDARD,0,True,True
1084781,UTTAR PRADESH,BAREILLY,RICHHA(DAMKHODA),2,,2,3,1,8,5,243201,2,2,3,62,107,42,54,44,2,2,1,0,0,0,0,314,6,3,3,0,22,22,0,0,3,4,1,1,0,2,2,2,2,Upper Primary (1–8),STANDARD,0,False,False
6537195,UTTAR PRADESH,BAREILLY,BAREILLY TOWN,2,,2,3,1,8,5,243001,1,2,3,31,41,30,41,30,17,25,28,0,0,0,0,243,10,10,0,0,11,11,0,0,2,2,10,1,0,1,1,1,1,Upper Primary (1–8),STANDARD,0,True,True
1480752,UTTAR PRADESH,BAREILLY,BAHERI TOWN,2,,4,3,6,8,5,243201,9,2,3,0,0,0,0,0,29,36,53,0,0,0,0,118,5,5,0,0,9,9,0,0,7,7,2,1,0,1,1,1,1,Upper Primary (6–8),STANDARD,0,True,True
8457044,UTTAR PRADESH,BAREILLY,BHADPURA,1,Khajuria Shri Ram,4,3,6,8,5,262406,9,2,3,0,0,0,0,0,35,26,31,0,0,0,0,92,2,1,1,0,3,0,3,0,1,1,0,0,0,1,1,1,1,Upper Primary (6–8),STANDARD,3,True,True
9869474,UTTAR PRADESH,BAREILLY,SHERGARH,1,Dond Alampur,1,3,1,5,1,243505,2,2,3,18,17,14,33,33,0,0,0,0,0,0,0,115,4,2,2,0,4,4,0,0,2,2,0,0,2,2,1,1,1,Primary (1–5),STANDARD,0,False,True
7993702,UTTAR PRADESH,BAREILLY,BAREILLY TOWN,2,,10,3,9,12,5,243005,9,2,3,0,0,0,0,0,0,0,0,234,243,185,236,898,17,0,17,0,15,15,0,0,0,7,5,0,0,1,1,2,2,Higher Secondary (9–12),STANDARD,0,True,False
4897806,UTTAR PRADESH,BAREILLY,BAREILLY TOWN,2,,5,3,6,12,4,243122,9,2,3,0,0,0,0,0,68,98,119,165,162,88,69,769,23,23,0,0,21,21,0,0,4,4,3,0,0,1,1,2,1,Higher Secondary (6–12),STANDARD,0,True,False
8702386,UTTAR PRADESH,BAREILLY,BAREILLY TOWN,2,,2,3,1,8,5,243004,1,2,3,42,58,56,51,44,31,32,19,0,0,0,0,333,7,3,4,0,15,15,0,0,2,2,2,2,1,1,1,1,1,Upper Primary (1–8),STANDARD,0,True,True
9247702,UTTAR PRADESH,BAREILLY,FARIDPUR,1,Aurangabad,2,3,1,8,5,243201,2,2,3,10,25,7,13,20,15,13,12,0,0,0,0,115,6,6,0,0,8,8,0,0,2,2,1,1,0,1,1,2,1,Upper Primary (1–8),STANDARD,0,True,False
8744900,UTTAR PRADESH,BAREILLY,BAREILLY TOWN,2,,2,3,1,8,5,243003,1,1,3,23,21,24,22,11,16,7,7,0,0,0,0,131,12,12,0,0,14,14,0,0,2,1,2,1,0,1,1,2,1,Upper Primary (1–8),STANDARD,0,True,False
9662043,UTTAR PRADESH,BAREILLY,SHERGARH,1,Basai,5,3,6,12,5,243505,9,2,3,0,0,0,0,0,25,27,28,57,67,49,52,305,9,9,0,0,7,7,0,0,2,2,0,2,0,1,1,1,1,Higher Secondary (6–12),STANDARD,0,True,True
3029901,UTTAR PRADESH,BAREILLY,FATEHGANJ,2,,10,3,9,12,5,243501,9,2,3,0,0,0,0,0,0,0,0,207,188,259,320,974,17,0,17,0,12,12,0,0,8,4,0,1,0,1,1,2,1,Higher Secondary (9–12),STANDARD,0,True,False
4599052,UTTAR PRADESH,BAREILLY,BAHERI,1,Nadeli,1,3,1,5,5,243201,2,2,3,23,13,12,17,25,0,0,0,0,0,0,0,90,6,6,0,0,8,8,0,0,2,2,1,1,1,1,1,1,1,Primary (1–5),STANDARD,0,True,True
4210595,UTTAR PRADESH,BAREILLY,BHUTA,1,Tisuwa,2,3,1,8,5,243201,1,2,3,16,29,21,25,19,40,34,57,0,0,0,0,241,8,6,2,0,11,11,0,0,2,2,0,1,0,1,1,1,1,Upper Primary (1–8),STANDARD,0,True,True
4580118,UTTAR PRADESH,BAREILLY,MAJHGAWAN,1,Gurganwamustkil,7,3,6,10,5,243303,9,2,3,0,0,0,0,0,7,0,2,159,135,0,0,303,9,1,4,4,9,9,0,0,5,5,1,1,0,1,1,1,1,Secondary (6–10),STANDARD,0,True,True
7356625,UTTAR PRADESH,BAREILLY,BAREILLY TOWN,2,,1,3,1,5,5,243001,2,2,3,38,31,20,13,21,0,0,0,0,0,0,0,123,10,10,0,0,9,9,0,0,1,1,0,2,0,1,1,2,2,Primary (1–5),STANDARD,0,True,False
6254974,UTTAR PRADESH,BAREILLY,NAWABGANJ,2,,2,3,1,8,5,262406,2,2,3,20,20,15,9,22,14,19,10,0,0,0,0,129,6,5,1,0,8,8,0,0,2,2,1,0,0,2,1,1,2,Upper Primary (1–8),STANDARD,0,False,True
8309365,UTTAR PRADESH,BAREILLY,FARIDPUR TOWN,2,,1,3,1,5,5,243503,1,2,3,7,16,12,20,18,0,0,0,0,0,0,0,73,2,2,0,0,7,7,0,0,2,2,0,0,0,1,1,1,1,Primary (1–5),STANDARD,0,True,True
5111922,UTTAR PRADESH,BAREILLY,FARIDPUR TOWN,2,,2,3,1,8,5,243503,1,2,3,30,30,36,34,32,25,18,20,0,0,0,0,225,16,0,16,0,5,5,0,0,2,2,0,2,0,1,1,1,1,Upper Primary (1–8),STANDARD,0,True,True
6797437,UTTAR PRADESH,BAREILLY,ALAMPUR,1,Islamabad,2,3,1,8,5,243403,2,2,3,7,3,1,2,1,2,3,0,0,0,0,0,19,4,3,1,0,8,8,0,0,1,1,0,0,0,2,2,2,1,Upper Primary (1–8),STANDARD,0,False,False
8660187,UTTAR PRADESH,BAREILLY,BAREILLY TOWN,2,,4,3,6,8,5,243001,9,2,3,0,0,0,0,0,41,31,28,0,0,0,0,100,4,4,0,0,5,5,0,0,1,1,0,0,0,2,1,1,2,Upper Primary (6–8),STANDARD,0,False,True
1481782,UTTAR PRADESH,BAREILLY,BHUTA,1,Rashulpur Bahanpur,2,3,1,8,5,243201,1,2,3,15,7,12,20,26,27,39,32,0,0,0,0,178,8,8,0,0,10,10,0,0,2,2,0,1,0,1,2,1,1,Upper Primary (1–8),STANDARD,0,True,True
1552962,UTTAR PRADESH,BAREILLY,NAWABGANJ,2,,1,3,1,5,5,262406,1,2,3,103,91,87,79,69,0,0,0,0,0,0,0,429,14,0,6,8,11,11,0,0,10,11,10,1,0,1,1,1,1,Primary (1–5),STANDARD,0,True,True
2355891,UTTAR PRADESH,BAREILLY,BAREILLY TOWN,2,,1,3,1,5,5,243003,1,2,3,7,8,3,8,3,0,0,0,0,0,0,0,29,8,8,0,0,9,9,0,0,2,1,1,1,1,1,1,1,2,Primary (1–5),STANDARD,0,True,True
5428321,UTTAR PRADESH,BAREILLY,RICHHA(DAMKHODA),1,Jagandandi,1,3,1,5,5,243201,2,2,3,8,2,2,0,3,0,0,0,0,0,0,0,15,3,3,0,0,8,8,0,0,2,2,1,1,1,1,1,1,1,Primary (1–5),STANDARD,0,True,True
4200794,UTTAR PRADESH,BAREILLY,BAHERI,1,Girdharpur,1,3,1,5,97,243201,2,2,3,16,18,12,13,14,0,0,0,0,0,0,0,73,5,3,2,0,5,5,0,0,1,1,0,0,0,2,2,1,2,Primary (1–5),STANDARD,0,False,True
3916468,UTTAR PRADESH,BAREILLY,BHOJIPURA,1,Bhoji Pura,2,3,1,8,5,243203,2,2,3,67,144,119,110,123,124,123,112,0,0,0,0,922,21,16,5,0,16,16,0,0,2,2,12,0,0,2,1,1,2,Upper Primary (1–8),STANDARD,0,False,True
1897389,UTTAR PRADESH,BAREILLY,BAREILLY TOWN,2,,5,3,6,12,5,243122,9,2,3,0,0,0,0,0,29,23,37,91,66,76,86,408,8,0,8,0,11,11,0,0,2,2,10,2,1,1,1,1,1,Higher Secondary (6–12),STANDARD,0,True,True
4958612,UTTAR PRADESH,BAREILLY,ALAMPUR,1,Navadia Veeran,10,3,9,12,5,243402,9,2,3,0,0,0,0,0,0,0,0,106,92,107,137,442,12,8,4,0,20,20,0,0,2,2,1,0,0,1,1,1,1,Higher Secondary (9–12),STANDARD,0,True,True
2135349,UTTAR PRADESH,BAREILLY,MAJHGAWAN,1,Gainee,5,3,6,12,5,243302,9,2,3,0,0,0,0,0,0,0,1,1,6,0,0,8,4,4,0,0,9,9,0,0,1,1,2,1,0,2,1,1,1,Higher Secondary (6–12),STANDARD,0,False,True
7951457,UTTAR PRADESH,BAREILLY,FATEHGANJ,2,,5,3,6,12,5,243501,9,2,3,0,0,0,0,0,31,34,49,71,84,139,156,564,9,9,0,0,11,11,0,0,3,3,1,1,0,1,1,1,1,Higher Secondary (6–12),STANDARD,0,True,True
2573785,UTTAR PRADESH,BAREILLY,VITHARI CHAINPUR,1,Urla Jagir,2,3,1,8,5,243123,2,2,3,18,27,46,41,18,15,12,8,0,0,0,0,185,8,8,0,0,8,8,0,0,2,2,1,0,0,1,1,1,2,Upper Primary (1–8),STANDARD,0,True,True
1513046,UTTAR PRADESH,BAREILLY,FATEHGANJ,1,,3,3,1,12,5,243505,2,2,3,0,0,0,0,0,0,0,0,161,194,187,267,809,5,0,2,3,8,8,0,0,4,7,2,8,0,2,1,1,1,Higher Secondary (1–12),STANDARD,0,False,True
8796518,UTTAR PRADESH,BAREILLY,BAHERI TOWN,2,,2,3,1,8,5,243201,2,2,3,15,15,2,9,8,15,12,4,0,0,0,0,80,7,7,0,0,8,8,0,0,1,1,3,0,0,1,1,1,1,Upper Primary (1–8),STANDARD,0,True,True
7816951,UTTAR PRADESH,BAREILLY,SHERGARH,1,Manpur,1,3,1,5,5,243201,2,2,3,25,26,33,33,42,0,0,0,0,0,0,0,159,7,0,7,0,6,6,0,0,3,3,2,3,1,1,1,1,1,Primary (1–5),STANDARD,0,True,True
2305628,UTTAR PRADESH,BAREILLY,MIRGANJ,2,,10,3,9,12,5,243504,9,2,3,0,0,0,0,0,0,0,0,33,17,3,0,53,9,9,0,0,21,21,0,0,1,1,2,3,0,1,1,1,1,Higher Secondary (9–12),STANDARD,0,True,True
4636949,UTTAR PRADESH,BAREILLY,SHERGARH,1,Bhaunta,2,3,1,8,5,243505,2,2,3,14,9,11,12,12,53,72,56,0,0,0,0,239,9,9,0,0,9,9,0,0,2,2,2,0,0,1,2,1,1,Upper Primary (1–8),STANDARD,0,True,True
3486136,UTTAR PRADESH,BAREILLY,KYARA,1,Chandur Jogian,2,3,1,8,5,243502,2,2,3,20,28,30,41,18,26,12,12,0,0,0,0,187,9,9,0,0,8,8,0,0,2,2,15,10,0,1,1,1,1,Upper Primary (1–8),STANDARD,0,True,True
3970406,UTTAR PRADESH,BAREILLY,BAREILLY TOWN,2,,5,3,6,12,4,243001,9,2,3,0,0,0,0,0,28,45,46,100,82,95,142,538,18,18,0,0,20,20,0,0,5,10,10,0,0,1,1,1,1,Higher Secondary (6–12),STANDARD,0,True,True
7703338,UTTAR PRADESH,BAREILLY,RICHHA(DAMKHODA),1,Bakainia Swaleh,1,3,1,5,5,243201,2,2,3,22,7,7,9,7,0,0,0,0,0,0,0,52,4,1,3,0,5,3,2,0,1,2,0,0,0,2,1,1,1,Primary (1–5),STANDARD,2,False,True
8125033,UTTAR PRADESH,BAREILLY,NAWABGANJ,1,Laikhera,1,3,1,5,97,243201,2,2,3,14,9,8,16,12,0,0,0,0,0,0,0,59,6,3,3,0,5,5,0,0,1,1,0,0,0,2,2,2,1,Primary (1–5),STANDARD,0,False,False
7934744,UTTAR PRADESH,BAREILLY,BAREILLY TOWN,2,,6,3,1,10,97,243005,2,2,3,20,20,23,25,18,17,11,17,3,2,0,0,156,10,3,6,1,10,10,0,0,1,1,0,0,0,2,1,1,2,Secondary (1–10),STANDARD,0,False,True
4116926,UTTAR PRADESH,BAREILLY,BAHERI,1,Sukatia,2,3,1,8,5,243001,1,2,3,7,3,5,6,4,15,23,21,0,0,0,0,84,10,10,0,0,10,10,0,0,2,4,0,1,1,1,1,1,1,Upper Primary (1–8),STANDARD,0,True,True
3545661,UTTAR PRADESH,BAREILLY,FATEHGANJ,1,Jalimnagla,1,3,1,5,1,243202,2,2,3,18,9,11,20,24,0,0,0,0,0,0,0,82,5,3,2,0,5,3,2,0,2,2,0,0,2,1,1,1,1,Primary (1–5),STANDARD,2,True,True
2559512,UTTAR PRADESH,BAREILLY,FARIDPUR,1,Suktiya Singhabari,1,3,1,5,1,243506,2,2,3,18,11,11,23,22,0,0,0,0,0,0,0,85,7,3,4,0,5,3,0,2,1,1,0,0,2,2,1,1,1,Primary (1–5),STANDARD,2,False,True
1762677,UTTAR PRADESH,BAREILLY,FARIDPUR,1,Rasuiya,1,3,1,5,1,243503,2,2,3,18,9,23,20,29,0,0,0,0,0,0,0,99,4,4,0,0,5,5,0,0,1,1,0,0,2,2,1,1,1,Primary (1–5),STANDARD,0,False,True
3492061,UTTAR PRADESH,BAREILLY,FARIDPUR,1,Nawadia Kalyanpur,4,3,6,8,1,243001,9,2,3,0,0,0,0,0,52,53,36,0,0,0,0,141,4,4,0,0,4,0,4,0,1,1,0,0,2,1,1,1,1,Upper Primary (6–8),STANDARD,4,True,True
1549561,UTTAR PRADESH,BAREILLY,MAJHGAWAN,1,Kaini Shivnagar,4,3,6,8,1,243302,9,2,3,0,0,0,0,0,56,41,39,0,0,0,0,136,4,4,0,0,5,4,0,1,1,1,0,0,0,1,1,1,1,Upper Primary (6–8),STANDARD,1,True,True
3471766,UTTAR PRADESH,BAREILLY,ALAMPUR,1,Bheempur,2,3,1,8,1,243301,2,2,3,11,19,24,16,21,21,23,16,0,0,0,0,151,9,6,3,0,7,7,0,0,1,1,3,0,2,1,1,1,1,Upper Primary (1–8),STANDARD,0,True,True
1398326,UTTAR PRADESH,BAREILLY,KYARA,1,Pargawan,1,3,1,5,1,243001,2,2,3,30,23,25,34,32,0,0,0,0,0,0,0,144,6,4,2,0,6,5,0,1,1,1,0,0,0,2,1,1,1,Primary (1–5),STANDARD,1,False,True
1392986,UTTAR PRADESH,BAREILLY,BHOJIPURA,1,Chaupara Janubi,1,3,1,5,1,243202,2,2,3,56,40,43,59,90,0,0,0,0,0,0,0,288,9,9,0,0,8,8,0,0,2,2,0,1,2,1,1,1,2,Primary (1–5),STANDARD,0,True,True
5203614,UTTAR PRADESH,BAREILLY,BAHERI,1,Shakras,1,3,1,5,1,243201,2,2,3,47,36,45,62,76,0,0,0,0,0,0,0,266,10,8,2,0,5,5,0,0,1,4,0,0,2,1,1,1,2,Primary (1–5),STANDARD,0,True,True
2394659,UTTAR PRADESH,BAREILLY,BHUTA,1,Athana,1,3,1,5,5,243503,2,2,3,20,8,27,6,6,0,0,0,0,0,0,0,67,3,3,0,0,5,5,0,0,1,1,0,0,0,2,2,2,1,Primary (1–5),STANDARD,0,False,False
1957509,UTTAR PRADESH,BAREILLY,SHERGARH,1,Haldikalan,1,3,1,5,1,243505,2,2,3,24,19,17,27,45,0,0,0,0,0,0,0,132,7,3,4,0,8,6,2,0,2,2,0,0,2,2,1,1,1,Primary (1–5),STANDARD,2,False,True
8537457,UTTAR PRADESH,BAREILLY,BHUTA,1,Kurmuri,4,3,6,8,1,243503,9,2,3,0,0,0,0,0,43,56,38,0,0,0,0,137,3,3,0,0,4,0,4,0,1,1,0,0,2,1,1,1,1,Upper Primary (6–8),STANDARD,4,True,True
8468813,UTTAR PRADESH,BAREILLY,BHADPURA,1,Prehladpur,4,3,6,8,1,262406,9,2,3,0,0,0,0,0,40,45,47,0,0,0,0,132,2,2,0,0,5,5,0,0,1,1,0,1,0,1,1,1,1,Upper Primary (6–8),STANDARD,0,True,True
5333226,UTTAR PRADESH,BAREILLY,BHADPURA,1,Keyolariya,8,3,9,10,1,243001,9,2,3,0,0,0,0,0,0,0,0,58,58,0,0,116,4,4,0,0,4,3,1,0,3,3,11,0,0,1,1,1,1,Secondary (9–10),STANDARD,1,True,True
9088430,UTTAR PRADESH,BAREILLY,BHADPURA,1,Nakti Narianpur,4,3,6,8,1,262406,9,2,3,0,0,0,0,0,25,85,45,0,0,0,0,155,3,2,1,0,3,3,0,0,1,1,0,0,2,2,1,1,1,Upper Primary (6–8),STANDARD,0,False,True
7248953,UTTAR PRADESH,BAREILLY,BHADPURA,1,Sukatia,1,3,1,5,1,262406,2,2,3,2,2,3,4,6,0,0,0,0,0,0,0,17,3,1,2,0,2,1,0,1,1,1,0,0,2,1,1,1,1,Primary (1–5),STANDARD,1,True,True
6968832,UTTAR PRADESH,BAREILLY,VITHARI CHAINPUR,1,Padarathpur (Ct),1,3,1,5,1,243123,2,2,3,30,30,24,34,29,0,0,0,0,0,0,0,147,6,4,2,0,4,0,2,2,2,1,0,0,2,2,1,1,1,Primary (1–5),STANDARD,4,False,True
6868556,UTTAR PRADESH,BAREILLY,BHADPURA,1,Mahmoodapur,1,3,1,5,1,262406,2,2,3,10,7,11,17,16,0,0,0,0,0,0,0,61,4,2,2,0,5,5,0,0,2,1,0,0,2,1,1,1,2,Primary (1–5),STANDARD,0,True,True
6282991,UTTAR PRADESH,BAREILLY,BHOJIPURA,1,Mundia Chetram,1,3,1,5,1,243002,2,2,3,22,13,16,20,30,0,0,0,0,0,0,0,101,5,4,1,0,6,6,0,0,1,1,0,0,2,1,1,1,2,Primary (1–5),STANDARD,0,True,True
2780022,UTTAR PRADESH,BAREILLY,MAJHGAWAN,1,Majhgawan,1,3,1,5,1,243302,2,2,3,32,25,25,59,52,0,0,0,0,0,0,0,193,11,8,3,0,10,0,2,8,1,1,0,0,2,2,1,1,1,Primary (1–5),STANDARD,10,False,True
7482261,UTTAR PRADESH,BAREILLY,BAHERI,1,Chubakia,1,3,1,5,1,243201,2,2,3,11,5,4,10,4,0,0,0,0,0,0,0,34,4,2,2,0,2,1,0,1,1,1,0,1,2,2,1,1,1,Primary (1–5),STANDARD,1,False,True
5483318,UTTAR PRADESH,BAREILLY,NAWABGANJ,2,,5,3,6,12,4,243407,9,2,3,0,0,0,0,0,30,61,41,60,75,33,21,321,11,11,0,0,26,26,0,0,5,5,2,0,0,1,1,1,1,Higher Secondary (6–12),STANDARD,0,True,True
2298806,UTTAR PRADESH,BAREILLY,VITHARI CHAINPUR,1,Purnapur,2,3,1,8,5,243123,2,2,3,22,14,7,10,9,13,12,10,0,0,0,0,97,7,5,2,0,8,8,0,0,2,2,2,1,1,2,1,1,1,Upper Primary (1–8),STANDARD,0,False,True
7730345,UTTAR PRADESH,BAREILLY,BHOJIPURA,1,Ghunsa,1,3,1,5,1,243502,2,2,3,51,38,38,59,50,0,0,0,0,0,0,0,236,8,6,2,0,7,5,0,2,1,2,0,1,2,2,1,1,1,Primary (1–5),STANDARD,2,False,True
9298719,UTTAR PRADESH,BAREILLY,RICHHA(DAMKHODA),1,Charai Dandi,1,3,1,5,1,243201,2,2,3,9,12,14,12,16,0,0,0,0,0,0,0,63,4,3,1,0,4,4,0,0,1,1,0,0,2,1,1,1,2,Primary (1–5),STANDARD,0,True,True
9367235,UTTAR PRADESH,BAREILLY,BAREILLY TOWN,2,,2,3,1,8,5,243001,2,2,3,29,46,47,37,28,35,19,15,0,0,0,0,256,6,6,0,0,8,8,0,0,2,2,1,0,0,2,1,1,2,Upper Primary (1–8),STANDARD,0,False,True
7566483,UTTAR PRADESH,BAREILLY,ALAMPUR,1,Ballia,2,3,1,8,5,243001,2,2,3,2,1,1,2,14,12,8,17,0,0,0,0,57,4,0,3,1,8,8,0,0,1,1,0,0,0,1,2,2,1,Upper Primary (1–8),STANDARD,0,True,False
6173962,UTTAR PRADESH,BAREILLY,RAMNAGAR,1,Lelaur Sahasa,1,3,1,5,1,243303,2,2,3,5,6,10,11,9,0,0,0,0,0,0,0,41,2,1,1,0,3,3,0,0,1,2,0,0,2,2,1,1,2,Primary (1–5),STANDARD,0,False,True
6371164,UTTAR PRADESH,BAREILLY,ALAMPUR,1,Dharmpur,1,3,1,5,1,243301,2,2,3,17,6,7,8,7,0,0,0,0,0,0,0,45,1,1,0,0,2,0,2,0,1,1,0,0,2,1,1,1,1,Primary (1–5),STANDARD,2,True,True
5480704,UTTAR PRADESH,BAREILLY,FARIDPUR,1,Kadarganj,1,3,1,5,1,243506,2,2,3,16,12,5,31,16,0,0,0,0,0,0,0,80,5,3,2,0,1,0,1,0,1,1,0,0,2,1,1,1,2,Primary (1–5),STANDARD,1,True,True
5227408,UTTAR PRADESH,BAREILLY,ALAMPUR,1,Aspur,1,3,1,5,1,243301,2,2,3,23,23,32,53,31,0,0,0,0,0,0,0,162,5,3,2,0,3,3,0,0,1,1,0,0,2,1,1,1,1,Primary (1–5),STANDARD,0,True,True
8297097,UTTAR PRADESH,BAREILLY,NAWABGANJ,1,Shahpur Inayatullah,1,3,1,5,1,262406,2,2,3,12,3,8,18,14,0,0,0,0,0,0,0,55,3,3,0,0,3,0,2,1,1,1,0,0,2,1,1,1,2,Primary (1–5),STANDARD,3,True,True
9544215,UTTAR PRADESH,BAREILLY,BHUTA,1,Gajnera,1,3,1,5,1,243503,2,2,3,4,4,7,19,16,0,0,0,0,0,0,0,50,3,3,0,0,5,3,1,1,1,1,0,0,2,2,1,1,2,Primary (1–5),STANDARD,2,False,True
3003635,UTTAR PRADESH,BAREILLY,ALAMPUR,1,Ballia,1,3,1,5,1,243402,2,2,3,13,11,14,14,12,0,0,0,0,0,0,0,64,3,2,1,0,3,0,3,0,1,1,0,0,0,2,1,1,2,Primary (1–5),STANDARD,3,False,True
4717292,UTTAR PRADESH,BAREILLY,BHUTA,1,Harali Alipur,1,3,1,5,1,243506,2,2,3,13,16,25,47,28,0,0,0,0,0,0,0,129,5,3,2,0,6,4,0,2,1,2,0,0,2,2,1,1,2,Primary (1–5),STANDARD,2,False,True
9907935,UTTAR PRADESH,BAREILLY,BAHERI TOWN,2,,2,3,1,8,5,243201,2,2,3,23,25,26,23,16,18,15,6,0,0,0,0,152,14,14,0,0,15,15,0,0,4,4,6,2,0,1,1,1,1,Upper Primary (1–8),STANDARD,0,True,True
8074473,UTTAR PRADESH,BAREILLY,BHOJIPURA,2,,1,3,1,5,1,243202,2,2,3,25,17,14,13,19,0,0,0,0,0,0,0,88,4,3,1,0,4,0,2,2,1,1,0,1,0,1,1,1,2,Primary (1–5),STANDARD,4,True,True
9448821,UTTAR PRADESH,BAREILLY,RICHHA(DAMKHODA),1,Baikarnanda,1,3,1,5,1,243203,2,2,3,7,7,7,14,9,0,0,0,0,0,0,0,44,3,1,2,0,4,1,1,2,2,2,0,0,0,2,1,1,2,Primary (1–5),STANDARD,3,False,True
2434645,UTTAR PRADESH,BAREILLY,FATEHGANJ,1,,10,3,9,12,5,243505,9,2,3,0,0,0,0,0,0,0,0,203,173,160,200,736,7,2,5,0,17,17,0,0,3,6,1,1,0,1,1,1,1,Higher Secondary (9–12),STANDARD,0,True,True
9489304,UTTAR PRADESH,BAREILLY,FATEHGANJ,1,Sukali,7,3,6,10,5,243505,9,2,3,0,0,0,0,0,3,0,14,168,256,0,0,441,7,7,0,0,8,6,0,2,7,7,0,0,0,2,1,1,1,Secondary (6–10),STANDARD,2,False,True
8712116,UTTAR PRADESH,BAREILLY,BAHERI,1,Girdharpur,3,3,1,12,97,243201,2,2,1,0,0,2,9,9,9,7,10,17,34,5,6,108,14,14,0,0,15,15,0,0,8,8,0,0,0,1,1,1,2,Higher Secondary (1–12),STANDARD,0,True,True
2322019,UTTAR PRADESH,BAREILLY,BAREILLY TOWN,2,,6,3,1,10,97,243003,2,2,3,9,10,8,5,11,11,9,10,5,7,0,0,85,7,2,5,0,9,9,0,0,1,2,0,0,0,1,1,1,1,Secondary (1–10),STANDARD,0,True,True
4931075,UTTAR PRADESH,BAREILLY,BAREILLY TOWN,2,,4,3,6,8,5,243001,9,2,3,0,0,0,0,0,18,21,16,0,0,0,0,55,2,2,0,0,4,4,0,0,2,2,0,1,0,1,1,1,1,Upper Primary (6–8),STANDARD,0,True,True
9137322,UTTAR PRADESH,BAREILLY,BAREILLY TOWN,2,,2,3,1,8,5,243005,2,2,3,19,17,16,22,19,13,10,10,0,0,0,0,126,1,0,1,0,5,5,0,0,4,4,4,0,0,2,1,1,1,Upper Primary (1–8),STANDARD,0,False,True
6510411,UTTAR PRADESH,BAREILLY,FATEHGANJ,1,Ballia,1,3,1,5,5,243502,2,2,3,0,3,6,6,6,0,0,0,0,0,0,0,21,3,1,0,2,6,6,0,0,6,6,0,0,0,2,1,2,1,Primary (1–5),STANDARD,0,False,False
9013907,UTTAR PRADESH,BAREILLY,BHADPURA,1,Barkhan,1,3,1,5,5,243201,1,2,3,6,8,8,7,5,0,0,0,0,0,0,0,34,3,3,0,0,6,6,0,0,1,1,0,1,0,1,2,1,1,Primary (1–5),STANDARD,0,True,True
1210916,UTTAR PRADESH,BAREILLY,MAJHGAWAN,1,Baragaon,2,3,1,8,5,243303,2,2,3,3,12,12,17,10,13,15,8,0,0,0,0,90,11,11,0,0,8,6,2,0,2,2,1,1,0,1,1,1,1,Upper Primary (1–8),STANDARD,2,True,True
6531878,UTTAR PRADESH,BAREILLY,BAREILLY TOWN,2,,2,3,1,8,5,243502,2,2,3,0,1,20,15,13,19,6,5,0,0,0,0,79,6,6,0,0,8,8,0,0,2,2,0,0,0,2,1,2,1,Upper Primary (1–8),STANDARD,0,False,False
8439575,UTTAR PRADESH,BAREILLY,MAJHGAWAN,1,Rahtuiya,7,3,6,10,5,243301,9,1,3,0,0,0,0,0,12,16,13,104,104,0,0,249,6,6,0,0,13,13,0,0,2,2,5,1,0,1,1,1,1,Secondary (6–10),STANDARD,0,True,True
1737067,UTTAR PRADESH,BAREILLY,BAREILLY TOWN,2,,1,3,1,5,5,243005,2,2,3,8,5,1,3,2,0,0,0,0,0,0,0,19,3,1,2,0,5,5,0,0,1,1,0,0,0,2,1,2,2,Primary (1–5),STANDARD,0,False,False
5078481,UTTAR PRADESH,BAREILLY,BAHERI,1,Jamsavant Shumali,4,3,6,8,5,243201,9,2,3,0,0,0,0,0,30,17,14,0,0,0,0,61,7,7,0,0,3,3,0,0,1,1,0,0,0,2,1,1,1,Upper Primary (6–8),STANDARD,0,False,True
8399465,UTTAR PRADESH,BAREILLY,BAREILLY TOWN,2,,2,3,1,8,5,243001,1,2,3,35,9,8,12,16,3,4,3,0,0,0,0,90,6,6,0,0,10,10,0,0,2,2,2,1,0,1,1,1,1,Upper Primary (1–8),STANDARD,0,True,True
7789996,UTTAR PRADESH,BAREILLY,BAREILLY TOWN,2,,2,3,1,8,5,243004,1,2,3,63,54,94,57,47,46,27,29,0,0,0,0,417,22,22,0,0,13,13,0,0,3,3,5,2,1,1,1,1,2,Upper Primary (1–8),STANDARD,0,True,True
2734630,UTTAR PRADESH,BAREILLY,ALAMPUR,1,Bichuraiya Sirsa,1,3,1,5,5,243001,2,2,3,22,22,22,26,12,0,0,0,0,0,0,0,104,4,0,0,4,4,4,0,0,1,1,0,0,0,2,1,2,2,Primary (1–5),STANDARD,0,False,False
2265144,UTTAR PRADESH,BAREILLY,ALAMPUR,1,Devchara,2,3,1,8,5,243301,1,2,3,48,40,34,42,33,35,26,14,0,0,0,0,272,4,4,0,0,12,12,0,0,10,10,6,2,5,1,1,2,1,Upper Primary (1–8),STANDARD,0,True,False
3040609,UTTAR PRADESH,BAREILLY,RAMNAGAR,1,Beudhan Khurd,1,3,1,5,5,243303,2,2,3,0,0,1,0,0,0,0,0,0,0,0,0,1,5,5,0,0,4,4,0,0,1,1,0,0,0,2,2,1,2,Primary (1–5),STANDARD,0,False,True
2485384,UTTAR PRADESH,BAREILLY,SHERGARH,1,Bisalpur,1,3,1,5,5,243505,2,2,1,10,14,10,23,8,0,0,0,0,0,0,0,65,10,10,0,0,5,5,0,0,1,1,0,0,0,1,1,1,1,Primary (1–5),STANDARD,0,True,True
1100886,UTTAR PRADESH,BAREILLY,BAHERI TOWN,2,,3,3,1,12,5,243201,1,2,3,78,75,75,66,61,72,73,84,81,103,63,69,900,43,43,0,0,41,41,0,0,10,10,33,1,0,1,1,1,1,Higher Secondary (1–12),STANDARD,0,True,True
4989692,UTTAR PRADESH,BAREILLY,RICHHA(DAMKHODA),2,,1,3,1,5,97,243203,2,2,3,17,19,28,28,34,0,0,0,0,0,0,0,126,5,4,1,0,8,8,0,0,1,2,0,0,0,1,1,1,2,Primary (1–5),STANDARD,0,True,True
8066399,UTTAR PRADESH,BAREILLY,FATEHGANJ,1,Mirzapur,7,3,6,10,5,243505,9,2,3,0,0,0,0,0,0,16,9,29,23,0,0,77,5,5,0,0,10,10,0,0,4,4,0,0,0,2,2,2,1,Secondary (6–10),STANDARD,0,False,False
7946448,UTTAR PRADESH,BAREILLY,BHOJIPURA,1,Mianpur,1,3,1,5,5,243202,2,2,3,3,5,6,8,6,0,0,0,0,0,0,0,28,5,0,5,0,3,3,0,0,1,1,0,0,0,2,2,1,2,Primary (1–5),STANDARD,0,False,True
1457139,UTTAR PRADESH,BAREILLY,BAREILLY TOWN,2,,1,3,1,5,5,243502,2,2,3,8,5,3,7,8,0,0,0,0,0,0,0,31,3,3,0,0,5,5,0,0,1,1,1,0,0,2,1,2,2,Primary (1–5),STANDARD,0,False,False
9053306,UTTAR PRADESH,BAREILLY,BAREILLY TOWN,2,,4,3,6,8,5,243001,9,2,3,0,0,0,0,0,42,56,42,0,0,0,0,140,4,0,4,0,5,5,0,0,1,2,1,0,0,2,1,1,1,Upper Primary (6–8),STANDARD,0,False,True
7626313,UTTAR PRADESH,BAREILLY,NAWABGANJ,2,,2,3,1,8,5,243407,1,2,3,63,60,44,62,42,66,60,59,0,0,0,0,456,17,17,0,0,24,24,0,0,5,5,15,2,0,1,1,1,1,Upper Primary (1–8),STANDARD,0,True,True
7785167,UTTAR PRADESH,BAREILLY,BAREILLY TOWN,2,,4,3,6,8,5,243002,9,2,3,0,0,0,0,0,31,12,24,0,0,0,0,67,5,3,2,0,3,3,0,0,1,1,1,1,0,1,1,1,1,Upper Primary (6–8),STANDARD,0,True,True
1220300,UTTAR PRADESH,BAREILLY,BHUTA,1,Reona Kalan,1,3,1,5,5,243503,2,2,3,14,1,1,0,0,0,0,0,0,0,0,0,16,2,2,0,0,5,5,0,0,1,1,0,0,0,1,1,1,1,Primary (1–5),STANDARD,0,True,True
2295368,UTTAR PRADESH,BAREILLY,BAREILLY TOWN,2,,1,3,1,5,5,243122,2,2,3,38,23,24,24,17,0,0,0,0,0,0,0,126,10,9,1,0,5,5,0,0,6,6,9,2,1,1,1,2,2,Primary (1–5),STANDARD,0,True,False
7053551,UTTAR PRADESH,BAREILLY,BAHERI,1,Banjaria,1,3,1,5,5,243201,2,2,3,15,29,30,18,19,0,0,0,0,0,0,0,111,5,5,0,0,5,5,0,0,1,1,0,0,0,1,1,1,1,Primary (1–5),STANDARD,0,True,True
8462240,UTTAR PRADESH,BAREILLY,SHERGARH,2,,1,3,1,5,5,243202,2,2,3,5,3,12,3,0,0,0,0,0,0,0,0,23,5,5,0,0,4,4,0,0,1,1,0,0,0,1,1,2,1,Primary (1–5),STANDARD,0,True,False
3730715,UTTAR PRADESH,BAREILLY,BHOJIPURA,1,Parsu Nagla,1,3,1,5,97,243202,2,2,3,0,0,6,20,13,0,0,0,0,0,0,0,39,3,3,0,0,5,5,0,0,2,2,0,0,0,2,2,1,2,Primary (1–5),STANDARD,0,False,True
8945888,UTTAR PRADESH,BAREILLY,KYARA,1,Chandur Jogian,1,3,1,5,97,243502,2,2,3,0,0,5,14,22,0,0,0,0,0,0,0,41,4,3,0,1,6,6,0,0,1,1,0,0,0,2,1,2,2,Primary (1–5),STANDARD,0,False,False
7900428,UTTAR PRADESH,BAREILLY,BAREILLY TOWN,2,,1,3,1,5,5,243005,2,2,3,29,19,20,23,13,0,0,0,0,0,0,0,104,4,4,0,0,5,5,0,0,1,1,1,1,5,2,1,2,2,Primary (1–5),STANDARD,0,False,False
4437300,UTTAR PRADESH,BAREILLY,BAHERI,1,Itauva Khushhal,1,3,1,5,5,243201,2,2,3,24,24,29,14,17,0,0,0,0,0,0,0,108,6,6,0,0,5,5,0,0,2,2,0,0,0,2,1,2,1,Primary (1–5),STANDARD,0,False,False
5563581,UTTAR PRADESH,BAREILLY,BAREILLY TOWN,2,,2,3,1,8,5,243005,2,2,3,8,13,14,18,9,0,0,0,0,0,0,0,62,4,0,4,0,6,6,0,0,2,2,1,1,0,2,1,2,1,Upper Primary (1–8),STANDARD,0,False,False
7642134,UTTAR PRADESH,BAREILLY,NAWABGANJ,1,Saidpur Saraura,4,3,6,8,1,262406,9,2,3,0,0,0,0,0,18,38,20,0,0,0,0,76,3,3,0,0,4,4,0,0,1,1,0,1,0,2,1,1,2,Upper Primary (6–8),STANDARD,0,False,True
1697343,UTTAR PRADESH,BAREILLY,BAREILLY TOWN,2,,1,3,1,5,5,243001,2,2,3,25,24,33,26,23,0,0,0,0,0,0,0,131,5,4,1,0,8,8,0,0,1,1,1,0,0,1,1,1,1,Primary (1–5),STANDARD,0,True,True
1525291,UTTAR PRADESH,BAREILLY,BAREILLY TOWN,2,,3,3,1,12,4,243001,2,1,3,63,55,49,87,93,121,109,115,133,118,71,59,1073,25,18,7,0,21,21,0,0,3,2,4,0,0,1,1,1,2,Higher Secondary (1–12),STANDARD,0,True,True
8281813,UTTAR PRADESH,BAREILLY,RAMNAGAR,1,Namdarganj,2,3,1,8,1,243303,2,2,3,5,8,10,17,23,38,47,37,0,0,0,0,185,7,4,3,0,9,0,0,9,1,1,0,0,2,2,1,1,1,Upper Primary (1–8),STANDARD,9,False,True
7746858,UTTAR PRADESH,BAREILLY,BAHERI,1,Punai,2,3,1,8,1,243201,2,2,3,6,3,4,11,4,22,8,9,0,0,0,0,67,5,4,1,0,7,7,0,0,1,1,0,0,2,1,1,1,1,Upper Primary (1–8),STANDARD,0,True,True
8215900,UTTAR PRADESH,BAREILLY,BAHERI TOWN,2,,5,3,6,12,4,243201,9,2,3,0,0,0,0,0,79,103,143,320,320,324,379,1668,35,35,0,0,31,31,0,0,3,1,1,1,0,1,1,1,2,Higher Secondary (6–12),STANDARD,0,True,True
1027194,UTTAR PRADESH,BAREILLY,BAHERI,1,Jamsavant Janubi,2,3,1,8,1,243201,2,2,3,18,22,20,35,29,44,33,24,0,0,0,0,225,8,6,2,0,9,4,5,0,1,3,0,2,0,1,1,1,2,Upper Primary (1–8),STANDARD,5,True,True
9528677,UTTAR PRADESH,BAREILLY,RICHHA(DAMKHODA),2,,4,3,6,8,1,243201,9,2,3,0,0,0,0,0,10,6,9,0,0,0,0,25,2,2,0,0,4,3,0,1,1,1,0,1,2,1,1,1,1,Upper Primary (6–8),STANDARD,1,True,True
2964144,UTTAR PRADESH,BAREILLY,NAWABGANJ,1,Bija Mau,8,3,9,10,1,262406,9,2,3,0,0,0,0,0,0,0,0,60,52,0,0,112,5,5,0,0,4,0,0,4,3,2,11,0,1,1,1,1,1,Secondary (9–10),STANDARD,4,True,True
4713623,UTTAR PRADESH,BAREILLY,BHADPURA,1,Chaukhandi,4,3,6,8,1,262406,9,2,3,0,0,0,0,0,19,18,17,0,0,0,0,54,3,3,0,0,4,0,0,4,2,1,0,0,2,2,1,1,1,Upper Primary (6–8),STANDARD,4,False,True
2403344,UTTAR PRADESH,BAREILLY,MIRGANJ,1,Sahasa,1,3,1,5,1,243504,2,2,3,1,2,3,9,4,0,0,0,0,0,0,0,19,3,1,2,0,3,2,1,0,1,1,0,0,2,2,1,1,1,Primary (1–5),STANDARD,1,False,True
7870447,UTTAR PRADESH,BAREILLY,MIRGANJ,1,Gugai,2,3,1,8,1,243504,2,2,3,20,18,26,35,31,43,35,47,0,0,0,0,255,10,6,1,3,12,10,1,1,2,2,0,0,2,2,1,1,1,Upper Primary (1–8),STANDARD,2,False,True
1602781,UTTAR PRADESH,BAREILLY,MAJHGAWAN,1,Gurganwamustkil,4,3,6,8,1,243303,9,2,3,0,0,0,0,0,16,11,12,0,0,0,0,39,2,2,0,0,3,3,0,0,1,1,0,0,2,2,1,1,1,Upper Primary (6–8),STANDARD,0,False,True
8637079,UTTAR PRADESH,BAREILLY,MIRGANJ,1,Gularia,4,3,6,8,1,243504,9,2,3,0,0,0,0,0,27,41,34,0,0,0,0,102,3,3,0,0,3,0,2,1,2,2,0,0,0,1,1,1,1,Upper Primary (6–8),STANDARD,3,True,True
8731090,UTTAR PRADESH,BAREILLY,RICHHA(DAMKHODA),1,Banjaria,2,3,1,8,1,243001,2,2,3,4,6,4,9,4,22,17,22,0,0,0,0,88,7,5,0,2,9,7,0,2,1,1,0,0,2,2,1,1,1,Upper Primary (1–8),STANDARD,2,False,True
5776256,UTTAR PRADESH,BAREILLY,MIRGANJ,1,Simaria,1,3,1,5,1,243504,2,2,3,11,6,10,5,5,0,0,0,0,0,0,0,37,4,1,0,3,3,0,3,0,1,1,0,0,2,2,1,1,2,Primary (1–5),STANDARD,3,False,True
9771852,UTTAR PRADESH,BAREILLY,RICHHA(DAMKHODA),1,Karanpur,1,3,1,5,1,243203,2,2,3,18,7,12,28,21,0,0,0,0,0,0,0,86,4,3,1,0,4,2,2,0,1,1,0,0,2,2,1,1,2,Primary (1–5),STANDARD,2,False,True
7838642,UTTAR PRADESH,BAREILLY,NAWABGANJ,2,,1,3,1,5,1,262406,2,2,3,11,14,24,42,35,0,0,0,0,0,0,0,126,7,4,3,0,2,2,0,0,1,1,0,1,2,2,1,1,2,Primary (1–5),STANDARD,0,False,True
3832802,UTTAR PRADESH,BAREILLY,BHUTA,1,Nikasuwa,1,3,1,5,1,243506,2,2,3,3,4,3,7,8,0,0,0,0,0,0,0,25,2,1,1,0,3,2,0,1,1,1,0,0,2,2,1,1,2,Primary (1–5),STANDARD,1,False,True
1561763,UTTAR PRADESH,BAREILLY,BHUTA,1,Jataua,1,3,1,5,1,243123,2,2,3,10,13,8,13,13,0,0,0,0,0,0,0,57,4,3,1,0,5,3,1,1,1,1,0,0,0,2,1,1,2,Primary (1–5),STANDARD,2,False,True
2681940,UTTAR PRADESH,BAREILLY,BHOJIPURA,1,Mudia Hafiz,2,3,1,8,1,243202,2,2,3,13,7,12,22,21,44,31,24,0,0,0,0,174,7,6,1,0,9,9,0,0,2,2,0,2,2,1,1,1,1,Upper Primary (1–8),STANDARD,0,True,True
3603561,UTTAR PRADESH,BAREILLY,FARIDPUR,1,Rasuiya,1,3,1,5,1,243123,2,2,3,14,14,7,13,17,0,0,0,0,0,0,0,65,4,3,1,0,5,5,0,0,1,1,0,0,2,1,1,1,1,Primary (1–5),STANDARD,0,True,True
1071568,UTTAR PRADESH,BAREILLY,ALAMPUR,1,Chandowa,1,3,1,5,1,243402,2,2,3,30,30,28,26,32,0,0,0,0,0,0,0,146,7,4,3,0,6,0,5,1,1,1,0,0,2,2,1,1,1,Primary (1–5),STANDARD,6,False,True
4466312,UTTAR PRADESH,BAREILLY,SHERGARH,1,Rampura,1,3,1,5,1,243001,2,2,3,27,28,32,33,30,0,0,0,0,0,0,0,150,7,7,0,0,4,1,2,1,2,2,0,1,2,2,1,1,2,Primary (1–5),STANDARD,3,False,True
5044436,UTTAR PRADESH,BAREILLY,NAWABGANJ,1,Faizullapur,1,3,1,5,1,243407,2,2,3,12,14,7,12,10,0,0,0,0,0,0,0,55,5,4,1,0,4,2,2,0,1,1,0,0,2,1,1,1,1,Primary (1–5),STANDARD,2,True,True
4528636,UTTAR PRADESH,BAREILLY,BHUTA,1,Gangeypur,1,3,1,5,1,243503,2,2,3,22,22,18,17,19,0,0,0,0,0,0,0,98,3,3,0,0,4,3,1,0,1,1,0,0,2,1,1,1,1,Primary (1–5),STANDARD,1,True,True
7301134,UTTAR PRADESH,BAREILLY,MIRGANJ,1,Singra,1,3,1,5,1,243504,2,2,3,18,17,17,23,26,0,0,0,0,0,0,0,101,4,2,2,0,6,4,0,2,1,1,0,0,2,2,1,1,2,Primary (1–5),STANDARD,2,False,True
2516867,UTTAR PRADESH,BAREILLY,RAMNAGAR,1,Mazra Daulatpur,1,3,1,5,1,243301,2,2,3,10,10,9,12,15,0,0,0,0,0,0,0,56,4,3,1,0,5,0,2,3,1,1,0,0,2,1,1,1,1,Primary (1–5),STANDARD,5,True,True
4236392,UTTAR PRADESH,BAREILLY,BHUTA,1,Dhaurera,1,3,1,5,1,243503,2,2,3,13,9,6,16,14,0,0,0,0,0,0,0,58,5,3,2,0,5,0,2,3,2,2,0,0,1,1,1,1,1,Primary (1–5),STANDARD,5,True,True
1182000,UTTAR PRADESH,BAREILLY,RAMNAGAR,1,Jangbazpur,1,3,1,5,1,243303,2,2,3,17,12,16,23,26,0,0,0,0,0,0,0,94,5,3,2,0,5,3,0,2,1,1,0,0,1,2,1,1,1,Primary (1–5),STANDARD,2,False,True
8182805,UTTAR PRADESH,BAREILLY,MIRGANJ,1,Bahadurpur,1,3,1,5,1,243505,2,2,3,16,15,13,18,20,0,0,0,0,0,0,0,82,3,2,1,0,5,4,1,0,1,1,0,0,0,2,1,1,1,Primary (1–5),STANDARD,1,False,True
7210968,UTTAR PRADESH,BAREILLY,BAHERI TOWN,2,,4,3,6,8,4,243201,9,2,3,0,0,0,0,0,27,51,25,0,0,0,0,103,2,2,0,0,3,3,0,0,1,1,0,0,0,2,1,1,1,Upper Primary (6–8),STANDARD,0,False,True
2362614,UTTAR PRADESH,BAREILLY,FARIDPUR,1,Bhagwanpur Kundan,4,3,6,8,4,243001,9,2,3,0,0,0,0,0,97,151,139,0,0,0,0,387,4,4,0,0,7,7,0,0,5,5,0,1,0,1,1,2,1,Upper Primary (6–8),STANDARD,0,True,False
4443594,UTTAR PRADESH,BAREILLY,FATEHGANJ,1,Chitauli,3,3,1,12,4,243501,2,2,3,1,3,0,0,2,23,45,47,60,47,47,24,299,9,6,3,0,12,12,0,0,1,3,9,0,0,2,1,1,1,Higher Secondary (1–12),STANDARD,0,False,True
5732522,UTTAR PRADESH,BAREILLY,NAWABGANJ,1,Pachpera,1,3,1,5,1,262406,2,2,3,1,1,1,3,2,0,0,0,0,0,0,0,8,2,1,1,0,3,2,0,1,1,1,0,0,2,2,1,1,1,Primary (1–5),STANDARD,1,False,True
3270882,UTTAR PRADESH,BAREILLY,AONLA,2,,1,3,1,5,1,243301,2,2,3,5,4,8,20,17,0,0,0,0,0,0,0,54,2,0,2,0,4,4,0,0,1,1,0,0,0,2,1,1,2,Primary (1–5),STANDARD,0,False,True
1400501,UTTAR PRADESH,BAREILLY,VITHARI CHAINPUR,1,Pahrapur Basawan Nagaria,1,3,1,5,1,243123,2,2,3,1,1,0,1,1,0,0,0,0,0,0,0,4,3,1,2,0,4,2,2,0,1,1,0,0,2,1,1,1,1,Primary (1–5),STANDARD,2,True,True
9404935,UTTAR PRADESH,BAREILLY,BHOJIPURA,1,Mudia Hafiz,1,3,1,5,1,243202,2,2,3,3,3,3,10,6,0,0,0,0,0,0,0,25,3,2,1,0,6,6,0,0,2,2,1,1,2,1,1,1,2,Primary (1–5),STANDARD,0,True,True
2224834,UTTAR PRADESH,BAREILLY,SHERGARH,1,Ganeshpur,1,3,1,5,1,243505,2,2,3,18,21,19,30,22,0,0,0,0,0,0,0,110,6,4,2,0,5,3,0,2,1,1,0,1,2,2,1,1,1,Primary (1–5),STANDARD,2,False,True
4813098,UTTAR PRADESH,BAREILLY,RICHHA(DAMKHODA),1,Kachnara,1,3,1,5,1,243202,2,2,3,10,5,6,18,21,0,0,0,0,0,0,0,60,3,2,1,0,5,0,0,5,1,2,0,0,2,2,1,1,2,Primary (1–5),STANDARD,5,False,True
1209430,UTTAR PRADESH,BAREILLY,FARIDPUR,1,Khani Nawada,1,3,1,5,1,243506,2,2,3,10,16,8,14,30,0,0,0,0,0,0,0,78,4,3,1,0,3,0,1,2,2,2,0,0,2,2,1,1,1,Primary (1–5),STANDARD,3,False,True
8709085,UTTAR PRADESH,BAREILLY,VITHARI CHAINPUR,1,Kalapur,1,3,1,5,1,243122,2,2,3,15,10,21,35,26,0,0,0,0,0,0,0,107,6,5,1,0,4,4,0,0,1,1,0,0,2,2,1,1,2,Primary (1–5),STANDARD,0,False,True
6225829,UTTAR PRADESH,BAREILLY,BAREILLY TOWN,2,,4,3,6,8,5,243001,9,2,2,0,0,0,0,0,7,5,3,0,0,0,0,15,2,2,0,0,2,2,0,0,1,1,0,1,0,1,1,2,2,Upper Primary (6–8),STANDARD,0,True,False
7821652,UTTAR PRADESH,BAREILLY,FATEHGANJ,1,Dhantiya,2,3,1,8,5,243001,2,2,3,24,33,44,53,47,84,79,59,0,0,0,0,423,8,0,8,0,8,8,0,0,6,6,10,1,0,1,1,1,1,Upper Primary (1–8),STANDARD,0,True,True
5288342,UTTAR PRADESH,BAREILLY,BAREILLY TOWN,2,,1,3,1,5,5,243001,2,2,3,0,0,0,0,1,0,0,0,0,0,0,0,1,1,1,0,0,6,6,0,0,2,2,0,4,0,1,1,1,1,Primary (1–5),STANDARD,0,True,True
7713031,UTTAR PRADESH,BAREILLY,ALAMPUR,1,Nagla,2,3,1,8,5,243001,2,2,3,10,5,12,20,11,11,9,12,0,0,0,0,90,6,2,1,3,5,5,0,0,1,1,0,0,0,2,2,2,1,Upper Primary (1–8),STANDARD,0,False,False
1608136,UTTAR PRADESH,BAREILLY,ALAMPUR,1,,1,3,1,5,5,243402,2,2,3,25,6,10,6,6,0,0,0,0,0,0,0,53,1,1,0,0,1,1,0,0,1,1,1,1,0,1,3,1,2,Primary (1–5),STANDARD,0,True,True
1701481,UTTAR PRADESH,BAREILLY,BHADPURA,1,Bishi Rampura,1,3,1,5,1,262406,2,2,3,12,8,11,24,12,0,0,0,0,0,0,0,67,5,4,1,0,2,0,0,2,1,1,0,0,2,2,1,1,2,Primary (1–5),STANDARD,2,False,True
5085696,UTTAR PRADESH,BAREILLY,BHOJIPURA,1,Surla,2,3,1,8,5,243202,2,2,3,15,27,25,23,18,22,19,19,0,0,0,0,168,6,1,5,0,9,9,0,0,1,1,0,1,0,1,1,2,1,Upper Primary (1–8),STANDARD,0,True,False
2538717,UTTAR PRADESH,BAREILLY,SHERGARH,1,Manpur,4,3,6,8,5,243201,9,2,3,0,0,0,0,0,53,76,72,0,0,0,0,201,7,0,7,0,6,6,0,0,2,3,8,1,1,1,1,1,1,Upper Primary (6–8),STANDARD,0,True,True
4733534,UTTAR PRADESH,BAREILLY,ALAMPUR,1,Aonla(Grameen),1,3,1,5,5,243401,1,2,3,7,10,18,21,28,0,0,0,0,0,0,0,84,4,3,0,1,9,9,0,0,2,2,1,1,0,1,1,1,1,Primary (1–5),STANDARD,0,True,True
3824159,UTTAR PRADESH,BAREILLY,BHUTA,1,Kuan Danda,2,3,1,8,5,243503,2,2,3,30,34,37,38,33,73,48,45,0,0,0,0,338,9,5,4,0,8,8,0,0,2,1,3,1,0,1,2,2,1,Upper Primary (1–8),STANDARD,0,True,False
5189643,UTTAR PRADESH,BAREILLY,VITHARI CHAINPUR,1,Pahrapur Basawan Nagaria,1,3,1,5,1,243123,2,2,3,1,2,1,3,3,0,0,0,0,0,0,0,10,3,1,2,0,4,0,2,2,1,1,0,0,2,2,1,1,1,Primary (1–5),STANDARD,4,False,True
5861890,UTTAR PRADESH,BAREILLY,FATEHGANJ,1,Bhamora,1,3,1,5,1,243505,2,2,3,24,15,21,22,28,0,0,0,0,0,0,0,110,4,3,1,0,5,3,0,2,2,2,0,0,2,2,1,1,1,Primary (1–5),STANDARD,2,False,True
1271423,UTTAR PRADESH,BAREILLY,RAMNAGAR,1,Beudhan Khurd,2,3,1,8,5,243303,2,2,3,31,46,49,49,50,15,6,1,0,0,0,0,247,7,7,0,0,10,10,0,0,1,1,0,0,0,2,1,1,2,Upper Primary (1–8),STANDARD,0,False,True
1347535,UTTAR PRADESH,BAREILLY,VITHARI CHAINPUR,2,,2,3,1,8,5,243123,1,2,3,73,64,44,36,22,27,30,17,0,0,0,0,313,28,28,0,0,19,19,0,0,3,4,4,1,0,1,1,2,1,Upper Primary (1–8),STANDARD,0,True,False
7861168,UTTAR PRADESH,BAREILLY,BAREILLY TOWN,2,,2,3,1,8,5,243001,2,2,3,27,27,22,31,17,7,8,5,0,0,0,0,144,5,5,0,0,5,5,0,0,2,2,1,0,0,1,1,1,1,Upper Primary (1–8),STANDARD,0,True,True
4986700,UTTAR PRADESH,BAREILLY,NAWABGANJ,1,Aurangabad,3,3,1,12,5,262406,1,2,3,13,9,10,13,14,17,14,16,54,74,20,54,308,26,25,0,1,25,25,0,0,2,4,19,3,15,1,2,1,1,Higher Secondary (1–12),STANDARD,0,True,True
5943773,UTTAR PRADESH,BAREILLY,FATEHGANJ,1,Bhur Marhauli,2,3,1,8,5,243502,2,2,3,6,2,4,2,1,5,3,4,0,0,0,0,27,8,7,0,1,10,10,0,0,2,2,0,0,0,2,2,1,1,Upper Primary (1–8),STANDARD,0,False,True
6476304,UTTAR PRADESH,BAREILLY,KYARA,1,Dhaneti Kharagpur,1,3,1,5,5,243302,2,2,3,5,0,11,7,6,0,0,0,0,0,0,0,29,4,0,4,0,5,5,0,0,1,1,0,0,0,2,1,1,2,Primary (1–5),STANDARD,0,False,True
3174748,UTTAR PRADESH,BAREILLY,BAREILLY TOWN,2,,3,3,1,12,5,243001,1,2,3,158,147,136,140,125,163,111,113,225,199,174,136,1827,105,105,0,0,55,55,0,0,27,26,50,3,2,1,1,1,1,Higher Secondary (1–12),STANDARD,0,True,True
2314117,UTTAR PRADESH,BAREILLY,BAHERI TOWN,2,,1,3,1,5,97,243201,2,2,3,11,16,23,15,10,0,0,0,0,0,0,0,75,4,4,0,0,5,5,0,0,1,1,0,1,0,1,1,2,1,Primary (1–5),STANDARD,0,True,False
6774127,UTTAR PRADESH,BAREILLY,VITHARI CHAINPUR,2,,10,3,9,12,5,243123,9,2,3,0,0,0,0,0,0,0,0,59,16,25,30,130,8,8,0,0,21,21,0,0,5,6,5,0,0,1,1,1,1,Higher Secondary (9–12),STANDARD,0,True,True
7729304,UTTAR PRADESH,BAREILLY,ALAMPUR,1,Ballia,10,3,9,12,5,243402,9,2,3,0,0,0,0,0,0,0,0,118,175,169,198,660,13,3,10,0,12,12,0,0,6,6,1,0,0,1,1,1,1,Higher Secondary (9–12),STANDARD,0,True,True
1223747,UTTAR PRADESH,BAREILLY,RICHHA(DAMKHODA),1,Mundia Nabibaksha,2,3,1,8,5,243201,2,2,3,17,24,21,26,38,52,44,49,0,0,0,0,271,8,3,2,3,10,10,0,0,2,3,0,0,0,2,2,2,2,Upper Primary (1–8),STANDARD,0,False,False
9726936,UTTAR PRADESH,BAREILLY,KYARA,1,Kargaina,2,3,1,8,5,243001,1,2,3,23,22,14,9,11,6,9,3,0,0,0,0,97,9,0,9,0,9,9,0,0,2,2,1,1,0,2,1,2,2,Upper Primary (1–8),STANDARD,0,False,False
4568694,UTTAR PRADESH,BAREILLY,BAREILLY TOWN,2,,1,3,1,5,97,243502,1,2,3,1,0,1,0,15,0,0,0,0,0,0,0,17,5,3,2,0,9,9,0,0,2,1,1,0,0,1,1,2,1,Primary (1–5),STANDARD,0,True,False
4568921,UTTAR PRADESH,BAREILLY,MIRGANJ,1,Bitham Naugawan,1,3,1,5,1,243504,2,2,3,11,8,14,10,28,0,0,0,0,0,0,0,71,5,3,1,1,5,3,0,2,1,1,0,0,2,2,1,1,1,Primary (1–5),STANDARD,2,False,True
1564878,UTTAR PRADESH,BAREILLY,BHOJIPURA,1,Karampur Chaudhary,3,3,1,12,5,243202,1,2,3,13,23,26,12,20,20,18,18,37,17,27,35,266,22,22,0,0,22,22,0,0,15,10,4,5,1,1,1,1,1,Higher Secondary (1–12),STANDARD,0,True,True
9973889,UTTAR PRADESH,BAREILLY,NAWABGANJ,2,,6,3,1,10,97,243201,2,2,3,13,6,19,5,6,7,5,2,0,0,0,0,63,9,6,3,0,8,8,0,0,1,1,0,0,1,2,1,2,2,Secondary (1–10),STANDARD,0,False,False
5300004,UTTAR PRADESH,BAREILLY,RICHHA(DAMKHODA),1,Charai Dandi,1,3,1,5,5,262121,2,2,3,7,14,18,19,18,0,0,0,0,0,0,0,76,3,1,2,0,5,5,0,0,1,1,0,0,0,2,2,2,2,Primary (1–5),STANDARD,0,False,False
5944636,UTTAR PRADESH,BAREILLY,BAREILLY TOWN,2,,2,3,1,8,1,243005,2,2,3,10,13,34,58,41,21,25,24,0,0,0,0,226,5,5,0,0,4,3,0,1,1,1,0,0,2,1,1,1,2,Upper Primary (1–8),STANDARD,1,True,True
8026208,UTTAR PRADESH,BAREILLY,KYARA,1,Babhia,4,3,6,8,1,243001,9,2,3,0,0,0,0,0,103,113,102,0,0,0,0,318,9,9,0,0,6,3,2,1,1,1,7,0,0,2,1,1,1,Upper Primary (6–8),STANDARD,3,False,True
5650621,UTTAR PRADESH,BAREILLY,FATEHGANJ,1,Amaur,2,3,1,8,1,243505,2,2,3,19,6,9,15,27,24,30,26,0,0,0,0,156,7,6,1,0,10,7,0,3,1,2,0,0,2,1,1,1,1,Upper Primary (1–8),STANDARD,3,True,True
3919681,UTTAR PRADESH,BAREILLY,SHERGARH,2,,1,3,1,5,97,243505,2,2,3,10,8,25,26,14,0,0,0,0,0,0,0,83,6,0,6,0,6,6,0,0,2,1,0,1,0,1,2,2,2,Primary (1–5),STANDARD,0,True,False
1717345,UTTAR PRADESH,BAREILLY,NAWABGANJ,1,Khai Khera,4,3,6,8,1,243122,9,2,3,0,0,0,0,0,21,37,28,0,0,0,0,86,3,3,0,0,4,4,0,0,1,1,0,1,0,2,1,1,1,Upper Primary (6–8),STANDARD,0,False,True
6925251,UTTAR PRADESH,BAREILLY,VITHARI CHAINPUR,1,Lahiya,4,3,6,8,1,262406,9,2,3,0,0,0,0,0,17,27,30,0,0,0,0,74,3,3,0,0,3,0,0,3,1,1,0,0,2,2,1,1,1,Upper Primary (6–8),STANDARD,3,False,True
1224380,UTTAR PRADESH,BAREILLY,RAMNAGAR,1,Bari Khera,2,3,1,8,1,243303,2,2,3,25,25,44,35,34,61,50,39,0,0,0,0,313,6,4,2,0,10,2,6,2,3,3,0,0,2,2,1,1,1,Upper Primary (1–8),STANDARD,8,False,True
9039978,UTTAR PRADESH,BAREILLY,MIRGANJ,1,Junhai Ehatmali,4,3,6,8,1,243505,9,2,3,0,0,0,0,0,21,36,41,0,0,0,0,98,3,3,0,0,5,1,2,2,1,1,0,0,0,2,1,1,2,Upper Primary (6–8),STANDARD,4,False,True
3265946,UTTAR PRADESH,BAREILLY,ALAMPUR,1,Chigari Wal Kishanpur,4,3,6,8,1,243302,9,2,3,0,0,0,0,0,24,24,20,0,0,0,0,68,3,3,0,0,3,1,2,0,1,1,0,0,2,2,1,1,1,Upper Primary (6–8),STANDARD,2,False,True
4928111,UTTAR PRADESH,BAREILLY,MIRGANJ,1,Saijana,4,3,6,8,1,243504,9,2,3,0,0,0,0,0,50,45,51,0,0,0,0,146,5,3,0,2,4,2,0,2,1,2,0,0,2,2,1,1,1,Upper Primary (6–8),STANDARD,2,False,True
7946685,UTTAR PRADESH,BAREILLY,FATEHGANJ,1,Tiliya Pur,4,3,6,8,1,243502,9,2,3,0,0,0,0,0,86,76,65,0,0,0,0,227,6,4,2,0,4,4,0,0,2,4,0,1,0,2,1,1,1,Upper Primary (6–8),STANDARD,0,False,True
6348034,UTTAR PRADESH,BAREILLY,NAWABGANJ,1,Atanga Yogi,2,3,1,8,1,243407,2,2,3,9,12,8,8,9,23,40,40,0,0,0,0,149,7,6,1,0,8,6,0,2,1,1,0,2,2,1,1,1,1,Upper Primary (1–8),STANDARD,2,True,True
7583758,UTTAR PRADESH,BAREILLY,FATEHGANJ,1,Narafaridpur,2,3,1,8,1,243505,2,2,3,11,8,12,12,12,53,42,21,0,0,0,0,171,10,6,4,0,8,4,0,4,1,2,0,0,2,2,1,1,1,Upper Primary (1–8),STANDARD,4,False,True
6024345,UTTAR PRADESH,BAREILLY,BAREILLY TOWN,2,,6,3,1,10,4,243005,2,2,3,19,15,15,35,26,29,20,20,6,10,0,0,195,10,10,0,0,10,10,0,0,1,1,0,0,0,2,2,2,1,Secondary (1–10),STANDARD,0,False,False
4973509,UTTAR PRADESH,BAREILLY,BAHERI,1,Tanda Meernagar,1,3,1,5,1,243201,2,2,3,5,2,2,7,11,0,0,0,0,0,0,0,27,3,1,2,0,2,2,0,0,1,1,0,1,2,2,1,1,1,Primary (1–5),STANDARD,0,False,True
5075685,UTTAR PRADESH,BAREILLY,BHOJIPURA,1,Naugawan Ghatampur,1,3,1,5,1,243502,2,2,3,14,24,21,26,23,0,0,0,0,0,0,0,108,4,3,1,0,7,2,3,2,1,1,0,0,2,1,1,1,1,Primary (1–5),STANDARD,5,True,True
7169884,UTTAR PRADESH,BAREILLY,FATEHGANJ,1,Bhur Marhauli,1,3,1,5,1,243502,2,2,3,2,3,6,9,11,0,0,0,0,0,0,0,31,2,2,0,0,4,3,0,1,1,1,0,0,2,2,1,1,1,Primary (1–5),STANDARD,1,False,True
1509031,UTTAR PRADESH,BAREILLY,BHUTA,1,Faiz Nagaar,1,3,1,5,1,243503,2,2,3,28,25,32,42,21,0,0,0,0,0,0,0,148,7,5,2,0,4,0,0,4,1,1,0,0,2,2,1,1,2,Primary (1–5),STANDARD,4,False,True
8486121,UTTAR PRADESH,BAREILLY,KYARA,1,Khajuhai Mustqil,1,3,1,5,1,243001,2,2,3,40,40,35,46,42,0,0,0,0,0,0,0,203,7,7,0,0,4,2,2,0,1,1,0,0,2,1,1,1,1,Primary (1–5),STANDARD,2,True,True
1959096,UTTAR PRADESH,BAREILLY,BAHERI,1,Bhainsia,1,3,1,5,1,243201,2,2,3,2,3,4,6,5,0,0,0,0,0,0,0,20,3,2,1,0,4,4,0,0,1,1,0,1,2,1,1,1,1,Primary (1–5),STANDARD,0,True,True
3901880,UTTAR PRADESH,BAREILLY,BHOJIPURA,1,Baikunthapur,1,3,1,5,1,243202,2,2,3,26,22,16,52,38,0,0,0,0,0,0,0,154,6,4,2,0,5,1,0,4,2,2,3,0,2,1,1,1,1,Primary (1–5),STANDARD,4,True,True
4910225,UTTAR PRADESH,BAREILLY,NAWABGANJ,1,Fridapur Nawada,1,3,1,5,1,243407,2,2,3,3,2,1,5,4,0,0,0,0,0,0,0,15,4,2,2,0,4,3,1,0,1,1,0,0,2,2,1,1,1,Primary (1–5),STANDARD,1,False,True
4330958,UTTAR PRADESH,BAREILLY,BHUTA,1,Shabazpur,1,3,1,5,1,243503,2,2,3,15,17,18,16,23,0,0,0,0,0,0,0,89,3,3,0,0,5,5,0,0,2,2,0,0,2,1,1,1,1,Primary (1–5),STANDARD,0,True,True
5874080,UTTAR PRADESH,BAREILLY,NAWABGANJ,1,Malhpur,1,3,1,5,1,262406,2,2,3,9,2,4,12,7,0,0,0,0,0,0,0,34,1,1,0,0,4,0,3,1,1,1,0,0,2,2,1,1,1,Primary (1–5),STANDARD,4,False,True
1193720,UTTAR PRADESH,BAREILLY,RICHHA(DAMKHODA),1,Khara Ramnagar,1,3,1,5,1,243203,2,2,3,5,3,3,6,10,0,0,0,0,0,0,0,27,2,1,1,0,3,3,0,0,1,1,0,0,2,1,1,1,1,Primary (1–5),STANDARD,0,True,True
2612746,UTTAR PRADESH,BAREILLY,KYARA,1,Chaneti,1,3,1,5,1,243001,2,2,3,27,28,33,34,31,0,0,0,0,0,0,0,153,8,6,2,0,4,4,0,0,2,2,0,0,2,2,1,1,2,Primary (1–5),STANDARD,0,False,True
1325351,UTTAR PRADESH,BAREILLY,RICHHA(DAMKHODA),2,,1,3,1,5,1,243201,2,2,3,15,19,14,32,20,0,0,0,0,0,0,0,100,6,4,2,0,5,0,0,5,1,1,0,2,0,2,1,1,2,Primary (1–5),STANDARD,5,False,True
7463349,UTTAR PRADESH,BAREILLY,BAHERI,1,Kunwarpur,1,3,1,5,1,243201,2,2,3,13,14,9,14,25,0,0,0,0,0,0,0,75,2,2,0,0,5,0,5,0,1,1,0,0,2,2,1,1,2,Primary (1–5),STANDARD,5,False,True
4872946,UTTAR PRADESH,BAREILLY,VITHARI CHAINPUR,1,Barkapur,1,3,1,5,5,243001,2,2,3,3,7,8,8,15,0,0,0,0,0,0,0,41,5,5,0,0,4,4,0,0,1,1,0,0,0,1,1,1,1,Primary (1–5),STANDARD,0,True,True
4174231,UTTAR PRADESH,BAREILLY,BAREILLY TOWN,2,,4,3,6,8,5,243003,9,2,3,0,0,0,0,0,12,12,17,0,0,0,0,41,7,2,5,0,5,4,1,0,1,1,0,1,0,1,1,2,2,Upper Primary (6–8),STANDARD,1,True,False
5749477,UTTAR PRADESH,BAREILLY,BHUTA,1,Angadpur Khamria,1,3,1,5,5,243503,2,2,3,9,9,10,5,6,0,0,0,0,0,0,0,39,4,1,3,0,5,5,0,0,1,1,0,0,0,2,2,1,1,Primary (1–5),STANDARD,0,False,True
8777209,UTTAR PRADESH,BAREILLY,BAREILLY TOWN,2,,2,3,1,8,1,243005,2,2,3,14,21,28,39,48,47,51,48,0,0,0,0,296,8,4,4,0,18,4,0,14,4,4,0,0,2,1,1,1,1,Upper Primary (1–8),STANDARD,14,True,True
3323688,UTTAR PRADESH,BAREILLY,MIRGANJ,2,,5,3,6,12,4,243504,9,2,3,0,0,0,0,0,37,63,28,79,81,43,40,371,6,6,0,0,20,20,0,0,0,6,10,0,0,1,1,1,1,Higher Secondary (6–12),STANDARD,0,True,True
2581147,UTTAR PRADESH,BAREILLY,BAREILLY TOWN,2,,2,3,1,8,5,243502,2,2,3,7,6,0,1,0,0,2,0,0,0,0,0,16,6,6,0,0,8,8,0,0,1,1,0,1,0,2,1,2,2,Upper Primary (1–8),STANDARD,0,False,False
7458520,UTTAR PRADESH,BAREILLY,ALAMPUR,1,Keona Sadipuur,1,3,1,5,1,243401,2,2,3,22,19,31,35,28,0,0,0,0,0,0,0,135,5,4,1,0,4,2,2,0,1,1,0,0,2,2,1,1,2,Primary (1–5),STANDARD,2,False,True
5345223,UTTAR PRADESH,BAREILLY,ALAMPUR,1,Bhagwanpur,1,3,1,5,1,243401,2,2,3,7,8,7,11,6,0,0,0,0,0,0,0,39,2,2,0,0,2,2,0,0,1,1,0,0,2,1,1,1,1,Primary (1–5),STANDARD,0,True,True
4048552,UTTAR PRADESH,BAREILLY,FATEHGANJ,1,Kera,1,3,1,5,1,243505,2,2,3,7,9,7,7,12,0,0,0,0,0,0,0,42,3,2,1,0,4,2,1,1,1,1,0,0,2,2,1,1,1,Primary (1–5),STANDARD,2,False,True
5987544,UTTAR PRADESH,BAREILLY,BAREILLY TOWN,2,,1,3,1,5,1,243122,2,2,3,3,3,5,28,18,0,0,0,0,0,0,0,57,0,0,0,0,6,2,2,2,1,1,0,0,2,1,1,1,1,Primary (1–5),STANDARD,4,True,True
6606880,UTTAR PRADESH,BAREILLY,NAWABGANJ,1,Ghatampur,1,3,1,5,1,243202,2,2,3,24,19,14,35,29,0,0,0,0,0,0,0,121,6,5,1,0,5,0,1,4,2,1,0,0,0,2,1,1,1,Primary (1–5),STANDARD,5,False,True
7501694,UTTAR PRADESH,BAREILLY,RICHHA(DAMKHODA),1,Igrah,1,3,1,5,1,243201,2,2,3,16,13,3,16,10,0,0,0,0,0,0,0,58,3,2,1,0,5,3,0,2,1,2,0,1,2,2,1,1,2,Primary (1–5),STANDARD,2,False,True
5528310,UTTAR PRADESH,BAREILLY,BHADPURA,1,Bhadpura,1,3,1,5,1,262406,2,2,3,16,9,13,16,19,0,0,0,0,0,0,0,73,4,3,1,0,5,1,2,2,1,1,0,0,0,2,1,1,1,Primary (1–5),STANDARD,4,False,True
8815176,UTTAR PRADESH,BAREILLY,SHERGARH,1,Amrita,1,3,1,5,1,243203,2,2,3,14,11,8,14,13,0,0,0,0,0,0,0,60,3,2,1,0,7,6,0,1,1,1,0,1,2,1,1,1,1,Primary (1–5),STANDARD,1,True,True
9216570,UTTAR PRADESH,BAREILLY,RAMNAGAR,1,Dastampur,1,3,1,5,1,243303,2,2,3,9,8,6,13,17,0,0,0,0,0,0,0,53,2,2,0,0,3,3,0,0,1,1,0,0,0,2,1,1,2,Primary (1–5),STANDARD,0,False,True
7634851,UTTAR PRADESH,BAREILLY,MIRGANJ,1,Mankara,1,3,1,5,1,243504,2,2,3,10,10,11,11,9,0,0,0,0,0,0,0,51,2,1,1,0,4,0,4,0,1,1,0,0,2,1,1,1,1,Primary (1–5),STANDARD,4,True,True
3847751,UTTAR PRADESH,BAREILLY,BAHERI,1,Nauli,1,3,1,5,1,243001,2,2,3,3,1,5,5,6,0,0,0,0,0,0,0,20,3,1,2,0,4,2,0,2,2,2,0,0,2,1,1,1,1,Primary (1–5),STANDARD,2,True,True
4321788,UTTAR PRADESH,BAREILLY,NAWABGANJ,1,Pirthivipur Nawadia,1,3,1,5,1,243407,2,2,3,20,17,20,25,19,0,0,0,0,0,0,0,101,5,3,2,0,6,3,1,2,1,1,0,1,2,2,1,1,2,Primary (1–5),STANDARD,3,False,True
5031393,UTTAR PRADESH,BAREILLY,MIRGANJ,1,Firozpur Ehatmali,1,3,1,5,1,243301,2,2,3,20,23,21,44,52,0,0,0,0,0,0,0,160,6,4,2,0,5,0,1,4,1,1,0,0,2,2,1,1,1,Primary (1–5),STANDARD,5,False,True
9555708,UTTAR PRADESH,BAREILLY,BAREILLY TOWN,2,,1,3,1,5,5,243001,2,2,3,4,6,7,24,14,0,0,0,0,0,0,0,55,4,4,0,0,3,3,0,0,1,1,1,0,0,2,1,2,1,Primary (1–5),STANDARD,0,False,False
1602779,UTTAR PRADESH,BAREILLY,BAREILLY TOWN,2,,1,3,1,5,97,243001,2,2,3,13,2,0,8,0,0,0,0,0,0,0,0,23,4,4,0,0,4,4,0,0,2,2,1,1,1,1,1,2,2,Primary (1–5),STANDARD,0,True,False
7752348,UTTAR PRADESH,BAREILLY,NAWABGANJ,2,,2,3,1,8,5,243407,1,2,3,58,43,42,71,58,0,0,0,0,0,0,0,272,7,7,0,0,13,13,0,0,5,5,5,1,0,1,1,1,2,Upper Primary (1–8),STANDARD,0,True,True
1424496,UTTAR PRADESH,BAREILLY,NAWABGANJ,1,Richhola Kifayatullah,4,3,6,8,5,262406,9,2,3,0,0,0,0,0,5,7,6,0,0,0,0,18,4,0,4,0,5,5,0,0,2,2,0,0,1,1,1,1,1,Upper Primary (6–8),STANDARD,0,True,True
8298076,UTTAR PRADESH,BAREILLY,BHOJIPURA,1,Majhawa Gangapur,7,3,6,10,5,243202,9,2,3,0,0,0,0,0,11,9,14,77,74,0,0,185,6,3,3,0,6,6,0,0,2,2,1,0,0,1,1,1,1,Secondary (6–10),STANDARD,0,True,True
8635333,UTTAR PRADESH,BAREILLY,NAWABGANJ,1,Sanekpur,2,3,1,8,5,243407,2,2,3,17,37,11,7,10,31,22,17,0,0,0,0,152,8,8,0,0,8,8,0,0,2,1,0,0,0,2,2,2,1,Upper Primary (1–8),STANDARD,0,False,False
5908143,UTTAR PRADESH,BAREILLY,SHERGARH,1,Manpur,2,3,1,8,5,243201,2,2,3,11,25,35,42,34,49,33,35,0,0,0,0,264,7,1,2,4,8,8,0,0,4,4,1,3,1,1,2,2,1,Upper Primary (1–8),STANDARD,0,True,False
5048560,UTTAR PRADESH,BAREILLY,AONLA,2,,2,3,1,8,5,243301,2,2,3,22,26,11,10,23,14,11,8,0,0,0,0,125,7,7,0,0,8,8,0,0,1,1,0,0,0,1,1,1,1,Upper Primary (1–8),STANDARD,0,True,True
8432878,UTTAR PRADESH,BAREILLY,SHERGARH,1,Sheeshgarh,2,3,1,8,5,243505,1,2,3,14,19,18,12,14,28,23,21,0,0,0,0,149,10,3,6,1,15,15,0,0,1,1,2,1,0,2,2,1,2,Upper Primary (1–8),STANDARD,0,False,True
2605510,UTTAR PRADESH,BAREILLY,BAREILLY TOWN,2,,2,3,1,8,5,243502,2,2,3,0,0,1,0,0,0,0,0,0,0,0,0,1,1,0,1,0,6,6,0,0,2,2,0,0,0,2,2,2,2,Upper Primary (1–8),STANDARD,0,False,False
9775538,UTTAR PRADESH,BAREILLY,MAJHGAWAN,1,Shivpuri,2,3,1,8,5,243303,2,2,3,3,3,2,4,8,32,17,6,0,0,0,0,75,3,3,0,0,7,7,0,0,1,1,1,1,0,1,1,2,2,Upper Primary (1–8),STANDARD,0,True,False
6638526,UTTAR PRADESH,BAREILLY,BAREILLY TOWN,2,,2,3,1,8,5,243502,1,2,3,20,16,13,18,21,15,16,18,0,0,0,0,137,5,5,0,0,8,8,0,0,2,2,5,1,0,1,2,2,1,Upper Primary (1–8),STANDARD,0,True,False
8002419,UTTAR PRADESH,BAREILLY,BAREILLY TOWN,2,,3,3,1,12,5,243001,1,2,3,28,26,21,37,39,40,38,32,40,39,36,25,401,26,17,9,0,15,15,0,0,8,14,13,1,1,1,1,1,1,Higher Secondary (1–12),STANDARD,0,True,True
7152925,UTTAR PRADESH,BAREILLY,BAHERI TOWN,2,,10,3,9,12,5,243201,9,2,3,0,0,0,0,0,0,0,0,8,36,12,24,80,6,6,0,0,16,16,0,0,3,3,1,0,0,1,1,1,1,Higher Secondary (9–12),STANDARD,0,True,True
4057479,UTTAR PRADESH,BAREILLY,BAREILLY TOWN,2,,2,3,1,8,5,243122,2,2,3,28,18,33,24,25,21,35,28,0,0,0,0,212,6,6,0,0,14,14,0,0,4,4,22,1,0,1,1,1,1,Upper Primary (1–8),STANDARD,0,True,True
6734076,UTTAR PRADESH,BAREILLY,BAREILLY TOWN,2,,1,3,1,5,5,243001,2,2,3,10,18,10,7,12,0,0,0,0,0,0,0,57,6,6,0,0,5,5,0,0,1,1,0,1,0,2,1,1,2,Primary (1–5),STANDARD,0,False,True
2097816,UTTAR PRADESH,BAREILLY,BHADPURA,1,Sundari,1,3,1,5,5,262406,2,2,3,9,20,11,8,20,0,0,0,0,0,0,0,68,5,5,0,0,8,5,3,0,1,1,0,1,1,2,2,1,1,Primary (1–5),STANDARD,3,False,True
3928182,UTTAR PRADESH,BAREILLY,VITHARI CHAINPUR,1,Mohanpur,1,3,1,5,97,243123,2,2,3,8,1,1,7,2,0,0,0,0,0,0,0,19,4,0,3,1,3,3,0,0,1,1,0,0,0,2,2,2,2,Primary (1–5),STANDARD,0,False,False
2865430,UTTAR PRADESH,BAREILLY,ALAMPUR,1,Panwaria,4,3,6,8,5,243301,9,2,3,0,0,0,0,0,35,86,65,0,0,0,0,186,3,1,1,1,8,8,0,0,3,3,0,2,0,1,1,1,1,Upper Primary (6–8),STANDARD,0,True,True
6966303,UTTAR PRADESH,BAREILLY,FATEHGANJ,2,,2,3,1,8,5,243501,2,2,3,14,5,11,8,7,11,4,7,0,0,0,0,67,6,5,1,0,8,8,0,0,2,2,5,5,0,2,1,2,2,Upper Primary (1–8),STANDARD,0,False,False
6891466,UTTAR PRADESH,BAREILLY,BAHERI TOWN,2,,1,3,1,5,5,243001,2,2,3,26,28,37,51,41,0,0,0,0,0,0,0,183,11,10,1,0,12,12,0,0,3,3,4,0,0,1,1,1,1,Primary (1–5),STANDARD,0,True,True
3109611,UTTAR PRADESH,BAREILLY,KYARA,1,Karonda,5,3,6,12,5,243001,9,2,3,0,0,0,0,0,4,2,0,12,0,17,0,35,6,1,2,3,11,11,0,0,5,4,2,2,1,1,1,1,1,Higher Secondary (6–12),STANDARD,0,True,True
3011879,UTTAR PRADESH,BAREILLY,MIRGANJ,1,Sidhauli,1,3,1,5,97,243504,2,2,3,12,1,2,2,2,0,0,0,0,0,0,0,19,4,2,2,0,4,4,0,0,1,1,0,0,0,2,1,2,2,Primary (1–5),STANDARD,0,False,False
1356335,UTTAR PRADESH,BAREILLY,BAREILLY TOWN,2,,5,3,6,12,5,243001,9,2,3,0,0,0,0,0,179,180,210,434,325,306,280,1914,19,19,0,0,25,25,0,0,5,10,14,1,0,1,1,1,1,Higher Secondary (6–12),STANDARD,0,True,True
3200339,UTTAR PRADESH,BAREILLY,BAREILLY TOWN,2,,1,3,1,5,5,243003,1,2,3,21,17,8,8,9,0,0,0,0,0,0,0,63,4,4,0,0,6,6,0,0,2,5,1,5,0,1,1,2,2,Primary (1–5),STANDARD,0,True,False
5241411,UTTAR PRADESH,BAREILLY,BAREILLY TOWN,2,,1,3,1,5,5,243122,2,2,3,3,3,9,2,0,0,0,0,0,0,0,0,17,4,4,0,0,6,6,0,0,2,2,1,0,0,2,1,1,1,Primary (1–5),STANDARD,0,False,True
2865541,UTTAR PRADESH,BAREILLY,BAHERI,1,Parohi,6,3,1,10,97,243201,2,2,3,1,3,4,9,6,29,4,7,0,0,0,0,63,5,4,1,0,7,5,0,2,1,1,0,1,0,2,2,1,2,Secondary (1–10),STANDARD,2,False,True
6258032,UTTAR PRADESH,BAREILLY,KYARA,1,Chandur Jogian,4,3,6,8,1,243502,9,2,3,0,0,0,0,0,51,57,49,0,0,0,0,157,7,5,2,0,3,3,0,0,2,2,0,0,2,2,1,1,1,Upper Primary (6–8),STANDARD,0,False,True
8576248,UTTAR PRADESH,BAREILLY,VITHARI CHAINPUR,1,Dohara,4,3,6,8,1,243123,9,2,3,0,0,0,0,0,68,95,85,0,0,0,0,248,10,8,1,1,4,4,0,0,2,2,0,0,1,2,1,1,1,Upper Primary (6–8),STANDARD,0,False,True
1312111,UTTAR PRADESH,BAREILLY,FATEHGANJ,1,Chitauli,5,2,6,12,1,243001,9,2,1,0,0,0,0,0,21,40,25,25,30,7,0,148,9,1,8,0,3,3,0,0,0,11,6,0,0,1,1,1,1,Higher Secondary (6–12),STANDARD,0,True,True
1049209,UTTAR PRADESH,BAREILLY,FARIDPUR,1,Bhagwanpur Kundan,1,3,1,5,97,243503,2,2,3,8,3,7,0,0,0,0,0,0,0,0,0,18,5,2,3,0,5,5,0,0,1,1,1,0,0,1,1,2,2,Primary (1–5),STANDARD,0,True,False
5060738,UTTAR PRADESH,BAREILLY,VITHARI CHAINPUR,1,Bithri Chainpur,2,3,1,8,1,243123,2,2,3,67,60,52,100,115,137,161,152,0,0,0,0,844,27,24,3,0,11,6,3,2,3,4,20,2,2,1,1,1,2,Upper Primary (1–8),STANDARD,5,True,True
3155164,UTTAR PRADESH,BAREILLY,KYARA,1,Dharoopur Thakuran,2,3,1,8,1,243123,2,2,3,10,19,19,22,25,89,87,86,0,0,0,0,357,12,10,2,0,12,0,0,12,4,4,1,0,2,2,1,1,1,Upper Primary (1–8),STANDARD,12,False,True
1601691,UTTAR PRADESH,BAREILLY,BAHERI,1,Tera,2,3,1,8,1,243201,2,2,3,11,15,16,23,18,23,22,34,0,0,0,0,162,4,4,0,0,7,7,0,0,2,2,0,2,2,1,1,1,1,Upper Primary (1–8),STANDARD,0,True,True
1011706,UTTAR PRADESH,BAREILLY,KYARA,1,Lakhaura,4,3,6,8,1,243001,9,2,3,0,0,0,0,0,50,53,58,0,0,0,0,161,6,4,2,0,4,3,1,0,3,3,0,0,2,1,1,1,1,Upper Primary (6–8),STANDARD,1,True,True
6915435,UTTAR PRADESH,BAREILLY,RICHHA(DAMKHODA),2,,4,3,6,8,1,243203,9,2,3,0,0,0,0,0,51,27,30,0,0,0,0,108,4,3,0,1,7,5,1,1,1,2,0,1,2,1,1,1,1,Upper Primary (6–8),STANDARD,2,True,True
1570382,UTTAR PRADESH,BAREILLY,MAJHGAWAN,1,Basantpur,2,3,1,8,1,243302,2,2,3,18,15,23,31,33,46,31,26,0,0,0,0,223,9,7,2,0,7,5,2,0,1,1,0,0,2,1,1,1,1,Upper Primary (1–8),STANDARD,2,True,True
4198514,UTTAR PRADESH,BAREILLY,ALAMPUR,1,Bhartana,4,3,6,8,1,243401,9,2,3,0,0,0,0,0,32,30,26,0,0,0,0,88,3,3,0,0,4,4,0,0,1,1,0,0,2,2,1,1,1,Upper Primary (6–8),STANDARD,0,False,True
3658997,UTTAR PRADESH,BAREILLY,RICHHA(DAMKHODA),1,Udara,2,3,1,8,1,243203,2,2,3,15,18,20,28,13,17,24,26,0,0,0,0,161,8,5,3,0,10,8,0,2,2,2,0,0,2,1,1,1,1,Upper Primary (1–8),STANDARD,2,True,True
4102093,UTTAR PRADESH,BAREILLY,BHOJIPURA,1,Bilwa,2,3,1,8,1,243202,2,2,3,31,31,25,25,33,89,172,58,0,0,0,0,464,15,10,5,0,8,0,8,0,2,2,0,0,2,1,1,1,2,Upper Primary (1–8),STANDARD,8,True,True
1289765,UTTAR PRADESH,BAREILLY,BAHERI,1,Raju Nagala,2,3,1,8,1,243201,2,2,3,19,19,16,24,20,21,26,40,0,0,0,0,185,7,6,1,0,10,1,1,8,1,4,0,2,2,2,1,1,1,Upper Primary (1–8),STANDARD,9,False,True
7405497,UTTAR PRADESH,BAREILLY,FARIDPUR TOWN,2,,4,3,6,8,1,243501,9,2,3,0,0,0,0,0,30,17,23,0,0,0,0,70,1,1,0,0,3,3,0,0,1,1,0,1,2,1,1,1,1,Upper Primary (6–8),STANDARD,0,True,True
7223067,UTTAR PRADESH,BAREILLY,VITHARI CHAINPUR,1,Nawadia Harkishan,2,3,1,8,1,243123,2,2,3,3,4,1,9,6,18,18,13,0,0,0,0,72,8,6,2,0,7,5,0,2,1,1,24,0,2,2,1,1,1,Upper Primary (1–8),STANDARD,2,False,True
2192064,UTTAR PRADESH,BAREILLY,BHOJIPURA,1,Pachdeora Kalan,8,3,9,10,1,243202,9,2,3,0,0,0,0,0,0,0,0,49,50,0,0,99,5,5,0,0,4,4,0,0,3,2,7,0,1,1,1,1,1,Secondary (9–10),STANDARD,0,True,True
3611758,UTTAR PRADESH,BAREILLY,VITHARI CHAINPUR,1,Saidpur Kurmian,2,3,1,8,1,243202,2,2,3,21,16,18,28,32,31,36,23,0,0,0,0,205,9,7,2,0,10,6,2,2,2,2,0,0,0,2,1,1,1,Upper Primary (1–8),STANDARD,4,False,True
4723035,UTTAR PRADESH,BAREILLY,RICHHA(DAMKHODA),1,Singtara,1,3,1,5,1,243203,2,2,3,11,5,5,9,10,0,0,0,0,0,0,0,40,1,1,0,0,5,4,1,0,1,1,0,0,2,1,1,1,1,Primary (1–5),STANDARD,1,True,True
9958474,UTTAR PRADESH,BAREILLY,NAWABGANJ,1,Dandia Baburam,1,3,1,5,1,262406,2,2,3,0,3,0,6,4,0,0,0,0,0,0,0,13,3,1,2,0,2,0,0,2,1,1,0,0,2,1,1,1,2,Primary (1–5),STANDARD,2,True,True
3598832,UTTAR PRADESH,BAREILLY,FARIDPUR,1,Kiratpur Parewa,1,3,1,5,1,243001,2,2,3,21,18,22,24,19,0,0,0,0,0,0,0,104,4,4,0,0,6,3,2,1,1,1,0,0,2,1,1,1,1,Primary (1–5),STANDARD,3,True,True
8996211,UTTAR PRADESH,BAREILLY,MAJHGAWAN,1,Rajpur Kalan,4,3,6,8,5,243302,9,2,3,0,0,0,0,0,66,54,60,0,0,0,0,180,5,5,0,0,3,3,0,0,2,3,0,1,0,2,1,1,1,Upper Primary (6–8),STANDARD,0,False,True
7574402,UTTAR PRADESH,BAREILLY,NAWABGANJ,1,Inayatpur,1,3,1,5,1,243407,2,2,3,8,3,5,9,7,0,0,0,0,0,0,0,32,3,2,1,0,4,4,0,0,1,1,0,0,2,1,1,1,1,Primary (1–5),STANDARD,0,True,True
1155009,UTTAR PRADESH,BAREILLY,NAWABGANJ,1,Bhola Manpur,1,3,1,5,1,243407,2,2,3,1,2,1,4,3,0,0,0,0,0,0,0,11,2,1,1,0,2,0,2,0,1,1,0,0,2,1,1,1,1,Primary (1–5),STANDARD,2,True,True
1811268,UTTAR PRADESH,BAREILLY,ALAMPUR,1,Urla,1,3,1,5,1,243301,2,2,3,10,8,11,37,39,0,0,0,0,0,0,0,105,5,2,3,0,5,5,0,0,1,1,0,0,2,2,1,1,2,Primary (1–5),STANDARD,0,False,True
7668451,UTTAR PRADESH,BAREILLY,FATEHGANJ,1,Titauli,1,3,1,5,1,243501,2,2,3,47,48,31,71,34,0,0,0,0,0,0,0,231,7,6,1,0,7,0,4,3,1,3,0,1,2,1,1,1,1,Primary (1–5),STANDARD,7,True,True
9069841,UTTAR PRADESH,BAREILLY,AONLA,1,Mirjapur,1,3,1,5,1,243301,2,2,3,3,6,2,4,7,0,0,0,0,0,0,0,22,3,1,2,0,3,0,3,0,2,2,0,0,2,1,1,1,1,Primary (1–5),STANDARD,3,True,True
4311701,UTTAR PRADESH,BAREILLY,FATEHGANJ,1,Kharseni,1,3,1,5,1,243505,2,2,3,11,10,18,17,9,0,0,0,0,0,0,0,65,4,4,0,0,5,1,2,2,1,1,0,0,2,2,1,1,2,Primary (1–5),STANDARD,4,False,True
1511948,UTTAR PRADESH,BAREILLY,MAJHGAWAN,1,Hafizganj,1,3,1,5,1,243302,2,2,3,30,13,11,8,24,0,0,0,0,0,0,0,86,6,3,3,0,5,3,0,2,2,2,0,0,2,2,1,1,1,Primary (1–5),STANDARD,2,False,True
9707925,UTTAR PRADESH,BAREILLY,VITHARI CHAINPUR,1,Gopalpur Nagaria Anoop,1,3,1,5,1,243123,2,2,3,15,22,16,15,17,0,0,0,0,0,0,0,85,6,4,2,0,4,0,2,2,1,1,0,0,2,2,1,1,1,Primary (1–5),STANDARD,4,False,True
2045252,UTTAR PRADESH,BAREILLY,FARIDPUR,1,Pandhera,1,3,1,5,1,243503,2,2,3,19,24,26,24,41,0,0,0,0,0,0,0,134,6,3,3,0,4,4,0,0,1,1,0,0,2,2,1,1,2,Primary (1–5),STANDARD,0,False,True
3940953,UTTAR PRADESH,BAREILLY,SHERGARH,1,Mundiauda,1,3,1,5,1,243203,2,2,3,10,14,7,7,11,0,0,0,0,0,0,0,49,3,1,2,0,4,3,0,1,2,1,0,0,2,1,1,1,1,Primary (1–5),STANDARD,1,True,True
6413267,UTTAR PRADESH,BAREILLY,BHADPURA,1,Bilas Nagar,1,3,1,5,1,262406,2,2,3,22,17,18,34,37,0,0,0,0,0,0,0,128,7,5,2,0,6,2,2,2,1,1,0,0,2,1,1,1,1,Primary (1–5),STANDARD,4,True,True
8128337,UTTAR PRADESH,BAREILLY,KYARA,1,Umarsia,1,3,1,5,1,243001,2,2,3,34,31,14,31,28,0,0,0,0,0,0,0,138,6,5,1,0,5,0,0,5,2,2,0,0,2,2,1,1,1,Primary (1–5),STANDARD,5,False,True
9002219,UTTAR PRADESH,BAREILLY,NAWABGANJ,1,Sadar Pur,1,3,1,5,1,262406,2,2,3,7,3,8,7,8,0,0,0,0,0,0,0,33,4,3,1,0,4,0,0,4,1,1,0,0,2,1,1,1,1,Primary (1–5),STANDARD,4,True,True
5893940,UTTAR PRADESH,BAREILLY,BHUTA,1,Dheerpur,1,3,1,5,1,243503,2,2,3,13,6,4,10,13,0,0,0,0,0,0,0,46,3,3,0,0,5,2,2,1,1,1,0,0,2,1,1,1,1,Primary (1–5),STANDARD,3,True,True
1537901,UTTAR PRADESH,BAREILLY,ALAMPUR,1,Daleep Pur,1,3,1,5,1,243301,2,2,3,68,37,31,67,60,0,0,0,0,0,0,0,263,6,3,3,0,5,3,1,1,2,2,0,0,1,2,1,1,1,Primary (1–5),STANDARD,2,False,True
4294688,UTTAR PRADESH,BAREILLY,RICHHA(DAMKHODA),2,,5,3,6,12,5,243203,9,2,3,0,0,0,0,0,31,35,48,100,132,77,128,551,14,14,0,0,14,14,0,0,2,6,0,2,0,1,1,1,1,Higher Secondary (6–12),STANDARD,0,True,True
7033064,UTTAR PRADESH,BAREILLY,RICHHA(DAMKHODA),1,Damkhoda,1,3,1,5,5,243201,2,2,3,48,19,12,6,12,0,0,0,0,0,0,0,97,7,7,0,0,6,6,0,0,1,1,0,1,0,2,1,2,1,Primary (1–5),STANDARD,0,False,False
2851440,UTTAR PRADESH,BAREILLY,FARIDPUR,1,Kartauli,1,3,1,5,1,243506,2,2,3,22,12,14,35,29,0,0,0,0,0,0,0,112,4,2,2,0,7,4,1,2,1,1,0,0,2,2,1,1,2,Primary (1–5),STANDARD,3,False,True
4079050,UTTAR PRADESH,BAREILLY,RICHHA(DAMKHODA),1,Hafizganj,1,3,1,5,1,243201,2,2,3,19,8,3,15,3,0,0,0,0,0,0,0,48,1,1,0,0,3,2,0,1,1,1,0,0,2,2,1,1,1,Primary (1–5),STANDARD,1,False,True
4671913,UTTAR PRADESH,BAREILLY,ALAMPUR,1,Bilauri,1,3,1,5,1,243301,2,2,3,25,20,27,32,35,0,0,0,0,0,0,0,139,6,3,3,0,7,4,2,1,1,1,0,0,2,2,1,1,1,Primary (1–5),STANDARD,3,False,True
2642224,UTTAR PRADESH,BAREILLY,AONLA,2,,1,3,1,5,5,243301,2,2,3,29,13,9,4,10,0,0,0,0,0,0,0,65,6,6,0,0,5,5,0,0,1,1,0,0,0,2,3,1,1,Primary (1–5),STANDARD,0,False,True
9790997,UTTAR PRADESH,BAREILLY,RICHHA(DAMKHODA),1,Bhupatpur,5,3,6,12,5,243203,9,2,3,0,0,0,0,0,59,72,71,241,213,293,381,1330,18,18,0,0,14,14,0,0,3,15,1,1,1,1,1,1,1,Higher Secondary (6–12),STANDARD,0,True,True
7793226,UTTAR PRADESH,BAREILLY,BAREILLY TOWN,2,,8,3,9,10,5,243003,9,2,3,0,0,0,0,0,0,0,0,27,37,0,0,64,5,4,0,1,3,3,0,0,1,1,1,0,0,1,1,1,1,Secondary (9–10),STANDARD,0,True,True
7141702,UTTAR PRADESH,BAREILLY,MAJHGAWAN,1,Sisona,1,3,1,5,5,243302,2,2,3,11,25,17,19,27,0,0,0,0,0,0,0,99,6,6,0,0,5,5,0,0,1,1,1,1,1,1,1,2,1,Primary (1–5),STANDARD,0,True,False
9857043,UTTAR PRADESH,BAREILLY,BHUTA,1,Umedpur Bhuta,2,3,1,8,5,243126,1,2,3,44,27,28,32,27,48,34,17,0,0,0,0,257,13,9,1,3,14,14,0,0,2,2,1,1,0,1,1,1,1,Upper Primary (1–8),STANDARD,0,True,True
7482169,UTTAR PRADESH,BAREILLY,SHERGARH,1,Chathia,4,3,6,8,5,243203,9,2,3,0,0,0,0,0,26,26,20,0,0,0,0,72,5,5,0,0,5,5,0,0,4,4,0,0,0,1,1,1,2,Upper Primary (6–8),STANDARD,0,True,True
9499535,UTTAR PRADESH,BAREILLY,BHADPURA,1,Barkhan,5,3,6,12,5,262406,9,2,3,0,0,0,0,0,45,53,53,207,151,144,139,792,19,7,11,1,20,20,0,0,5,5,3,2,2,1,1,1,1,Higher Secondary (6–12),STANDARD,0,True,True
9128382,UTTAR PRADESH,BAREILLY,NAWABGANJ,2,,1,3,1,5,5,262406,2,2,3,6,4,1,1,4,0,0,0,0,0,0,0,16,3,0,3,0,7,7,0,0,1,1,1,1,0,1,1,1,2,Primary (1–5),STANDARD,0,True,True
6628463,UTTAR PRADESH,BAREILLY,RAMNAGAR,1,Revati,2,3,1,8,5,243301,2,2,3,8,9,19,16,20,45,32,36,0,0,0,0,185,7,4,3,0,8,8,0,0,2,2,0,1,2,2,2,1,1,Upper Primary (1–8),STANDARD,0,False,True
1618388,UTTAR PRADESH,BAREILLY,BAREILLY TOWN,2,,8,3,9,10,5,243001,9,2,3,0,0,0,0,0,0,0,0,0,10,0,0,10,5,0,0,5,4,4,0,0,0,1,0,0,0,1,1,1,1,Secondary (9–10),STANDARD,0,True,True
4659417,UTTAR PRADESH,BAREILLY,MAJHGAWAN,1,Rajpur Kalan,1,3,1,5,5,243302,2,2,3,41,61,66,60,77,0,0,0,0,0,0,0,305,5,5,0,0,5,5,0,0,2,3,0,1,0,2,1,1,1,Primary (1–5),STANDARD,0,False,True
3843546,UTTAR PRADESH,BAREILLY,FARIDPUR,1,Bhagwanpur Kundan,1,3,1,5,97,243506,2,2,3,3,10,11,4,4,0,0,0,0,0,0,0,32,4,4,0,0,4,4,0,0,2,2,0,0,0,1,1,2,2,Primary (1–5),STANDARD,0,True,False
3109430,UTTAR PRADESH,BAREILLY,BHOJIPURA,1,Parsu Nagla,1,3,1,5,97,243202,2,2,3,10,17,20,23,26,0,0,0,0,0,0,0,96,6,6,0,0,9,9,0,0,1,1,0,0,0,1,2,2,2,Primary (1–5),STANDARD,0,True,False
5935803,UTTAR PRADESH,BAREILLY,NAWABGANJ,1,Shahpur Inayatullah,2,3,1,8,5,262406,2,2,3,8,8,5,11,8,18,16,19,0,0,0,0,93,7,7,0,0,8,8,0,0,3,3,1,2,0,1,1,1,1,Upper Primary (1–8),STANDARD,0,True,True
4238155,UTTAR PRADESH,BAREILLY,RICHHA(DAMKHODA),1,Khirni,1,3,1,5,5,243201,1,2,3,27,17,20,21,22,0,0,0,0,0,0,0,107,5,5,0,0,5,5,0,0,3,2,1,1,1,2,2,2,1,Primary (1–5),STANDARD,0,False,False
2985314,UTTAR PRADESH,BAREILLY,BAHERI,1,Bhojpur,1,3,1,5,5,243201,2,2,3,7,9,11,9,4,0,0,0,0,0,0,0,40,4,4,0,0,4,4,0,0,1,1,0,0,0,2,1,2,1,Primary (1–5),STANDARD,0,False,False
9741071,UTTAR PRADESH,BAREILLY,RICHHA(DAMKHODA),1,Rahpura Ganimat,1,3,1,5,5,243201,2,2,3,0,0,0,2,5,0,0,0,0,0,0,0,7,4,0,4,0,8,8,0,0,2,3,0,0,0,2,2,2,1,Primary (1–5),STANDARD,0,False,False
6975350,UTTAR PRADESH,BAREILLY,KYARA,1,Kandharpur (Ct),6,3,1,10,5,243001,1,2,3,35,40,34,27,40,73,44,63,97,77,0,0,530,25,25,0,0,16,16,0,0,2,2,0,0,0,2,1,2,1,Secondary (1–10),STANDARD,0,False,False
7715146,UTTAR PRADESH,BAREILLY,MIRGANJ,2,,6,3,1,10,5,243504,2,2,3,2,6,21,16,23,15,18,24,24,0,0,0,149,7,7,0,0,11,11,0,0,4,6,1,0,0,2,1,2,1,Secondary (1–10),STANDARD,0,False,False
4327917,UTTAR PRADESH,BAREILLY,BAREILLY TOWN,2,,4,3,6,8,5,243502,9,2,3,0,0,0,0,0,45,37,37,0,0,0,0,119,4,4,0,0,3,3,0,0,1,1,1,0,0,2,1,2,2,Upper Primary (6–8),STANDARD,0,False,False
4375799,UTTAR PRADESH,BAREILLY,BAREILLY TOWN,2,,2,3,1,8,5,243001,2,2,3,6,6,8,7,2,0,4,11,0,0,0,0,44,8,8,0,0,9,9,0,0,2,2,1,1,0,1,1,1,1,Upper Primary (1–8),STANDARD,0,True,True
6275152,UTTAR PRADESH,BAREILLY,BAHERI TOWN,2,,2,3,1,8,5,243201,2,2,3,71,61,82,67,85,86,80,66,0,0,0,0,598,17,11,6,0,17,17,0,0,5,5,4,1,0,1,1,1,1,Upper Primary (1–8),STANDARD,0,True,True
6576735,UTTAR PRADESH,BAREILLY,MIRGANJ,1,Khanpur,2,3,1,8,5,243504,2,2,3,7,4,11,9,13,3,0,0,0,0,0,0,47,5,0,5,0,10,10,0,0,2,2,0,1,0,1,1,1,1,Upper Primary (1–8),STANDARD,0,True,True
8813195,UTTAR PRADESH,BAREILLY,FARIDPUR,1,Bhagwanpur Kundan,5,3,6,12,5,243506,9,2,3,0,0,0,0,0,0,0,0,154,141,49,74,418,6,0,5,1,17,17,0,0,5,5,2,2,0,1,1,1,1,Higher Secondary (6–12),STANDARD,0,True,True
4714936,UTTAR PRADESH,BAREILLY,BAREILLY TOWN,2,,4,2,6,8,5,243005,9,2,3,0,0,0,0,0,4,0,1,0,0,0,0,5,2,2,0,0,3,3,0,0,0,1,1,0,0,2,1,1,1,Upper Primary (6–8),STANDARD,0,False,True
9434254,UTTAR PRADESH,BAREILLY,BHOJIPURA,1,Deoria Jagir,1,3,1,5,5,243202,2,2,3,0,0,0,1,2,0,0,0,0,0,0,0,3,3,2,1,0,5,5,0,0,2,1,0,0,0,1,1,2,2,Primary (1–5),STANDARD,0,True,False
7783399,UTTAR PRADESH,BAREILLY,FATEHGANJ,1,Neodhana,1,3,1,5,5,243203,2,2,3,12,13,27,16,20,0,0,0,0,0,0,0,88,4,4,0,0,5,5,0,0,1,1,0,0,0,2,2,1,1,Primary (1–5),STANDARD,0,False,True
8699560,UTTAR PRADESH,BAREILLY,BAREILLY TOWN,2,,3,3,1,12,5,243001,1,2,3,241,224,237,229,252,235,239,234,252,207,184,162,2696,96,96,0,0,86,86,0,0,10,10,122,0,0,1,1,1,1,Higher Secondary (1–12),STANDARD,0,True,True
6737425,UTTAR PRADESH,BAREILLY,SHERGARH,1,Kurka,1,3,1,5,5,243505,2,2,3,35,25,27,17,19,0,0,0,0,0,0,0,123,6,6,0,0,6,6,0,0,1,1,1,0,0,1,1,2,1,Primary (1–5),STANDARD,0,True,False
2068447,UTTAR PRADESH,BAREILLY,BHOJIPURA,1,Milak Imamnager,1,3,1,5,97,243202,2,2,3,0,3,16,43,26,0,0,0,0,0,0,0,88,4,4,0,0,5,5,0,0,2,2,0,0,0,1,1,2,2,Primary (1–5),STANDARD,0,True,False
5479809,UTTAR PRADESH,BAREILLY,BAREILLY TOWN,2,,2,3,1,8,5,243005,2,2,3,2,7,9,15,3,7,1,3,0,0,0,0,47,6,6,0,0,8,8,0,0,1,1,1,1,0,2,2,1,2,Upper Primary (1–8),STANDARD,0,False,True
5658614,UTTAR PRADESH,BAREILLY,KYARA,1,Chaubari Mustqil,5,3,6,12,4,243004,9,2,3,0,0,0,0,0,8,14,14,13,13,13,11,86,3,0,3,0,13,13,0,0,2,2,0,0,0,2,1,2,1,Higher Secondary (6–12),STANDARD,0,False,False
5439257,UTTAR PRADESH,BAREILLY,BHOJIPURA,1,Manda,2,3,1,8,5,243202,1,2,3,55,48,51,50,45,30,31,10,0,0,0,0,320,11,9,2,0,26,26,0,0,4,4,1,7,0,1,1,1,1,Upper Primary (1–8),STANDARD,0,True,True
2064483,UTTAR PRADESH,BAREILLY,FARIDPUR,1,Nagaria Vikram,1,3,1,5,97,243503,2,2,3,8,1,3,3,1,0,0,0,0,0,0,0,16,2,2,0,0,5,5,0,0,2,2,0,0,0,1,1,1,1,Primary (1–5),STANDARD,0,True,True
8394038,UTTAR PRADESH,BAREILLY,BAREILLY TOWN,2,,3,2,1,12,4,243003,2,2,3,13,18,31,49,42,156,185,220,274,240,155,183,1566,27,24,0,3,26,26,0,0,0,10,1,0,0,1,1,1,2,Higher Secondary (1–12),STANDARD,0,True,True
3865828,UTTAR PRADESH,BAREILLY,BHUTA,1,Galsthua,1,3,1,5,1,243506,2,2,3,3,8,3,6,11,0,0,0,0,0,0,0,31,2,1,1,0,4,3,0,1,1,1,0,0,2,1,1,1,1,Primary (1–5),STANDARD,1,True,True
7710594,UTTAR PRADESH,BAREILLY,RICHHA(DAMKHODA),2,,5,3,6,12,5,243203,9,2,2,0,0,0,0,0,0,0,0,144,112,31,86,373,8,6,2,0,17,17,0,0,4,10,7,2,1,1,1,1,1,Higher Secondary (6–12),STANDARD,0,True,True
3765503,UTTAR PRADESH,BAREILLY,MAJHGAWAN,1,Jogither,1,3,1,5,5,243302,2,2,3,18,24,29,24,26,0,0,0,0,0,0,0,121,5,5,0,0,5,5,0,0,1,1,0,0,0,2,2,2,1,Primary (1–5),STANDARD,0,False,False
5273181,UTTAR PRADESH,BAREILLY,BAREILLY TOWN,2,,8,3,9,10,5,243006,9,2,3,0,0,0,0,0,0,0,0,75,91,0,0,166,6,6,0,0,7,7,0,0,2,2,2,0,0,1,1,2,2,Secondary (9–10),STANDARD,0,True,False
4462621,UTTAR PRADESH,BAREILLY,RICHHA(DAMKHODA),1,Rath,1,3,1,5,5,243201,2,2,3,33,47,46,41,29,0,0,0,0,0,0,0,196,5,1,4,0,5,5,0,0,1,1,0,0,0,2,1,2,2,Primary (1–5),STANDARD,0,False,False
1321549,UTTAR PRADESH,BAREILLY,VITHARI CHAINPUR,1,Dohara,2,3,1,8,5,243006,2,2,3,25,12,16,21,23,23,20,9,0,0,0,0,149,7,0,7,0,8,8,0,0,1,1,2,0,0,2,1,1,2,Upper Primary (1–8),STANDARD,0,False,True
4493331,UTTAR PRADESH,BAREILLY,BHOJIPURA,1,Pahladpur,2,3,1,8,5,243202,1,2,3,0,2,0,2,3,2,1,1,0,0,0,0,11,4,1,3,0,8,8,0,0,2,2,0,0,0,1,2,1,1,Upper Primary (1–8),STANDARD,0,True,True
1579605,UTTAR PRADESH,BAREILLY,FATEHGANJ,1,Neodhana,2,3,1,8,5,243501,2,2,3,16,13,16,16,12,14,27,36,0,0,0,0,150,7,0,7,0,8,8,0,0,2,2,0,0,0,2,2,2,2,Upper Primary (1–8),STANDARD,0,False,False
4810351,UTTAR PRADESH,BAREILLY,ALAMPUR,1,Ghilaora,1,3,1,5,1,243402,2,2,3,20,8,8,7,9,0,0,0,0,0,0,0,52,3,3,0,0,3,3,0,0,1,1,0,0,2,2,1,1,2,Primary (1–5),STANDARD,0,False,True
7225435,UTTAR PRADESH,BAREILLY,SHERGARH,1,Jaferpur,1,3,1,5,97,243505,2,2,3,14,27,14,4,1,0,0,0,0,0,0,0,60,4,3,1,0,6,6,0,0,1,1,0,0,0,1,1,1,2,Primary (1–5),STANDARD,0,True,True
8928654,UTTAR PRADESH,BAREILLY,NAWABGANJ,1,Pandri Samip Baraur,4,3,6,8,5,262406,9,2,3,0,0,0,0,0,0,0,1,0,0,0,0,1,0,0,0,0,5,5,0,0,2,2,0,1,0,2,1,1,1,Upper Primary (6–8),STANDARD,0,False,True
5278885,UTTAR PRADESH,BAREILLY,FARIDPUR,1,Rajau Paraspur,1,3,1,5,1,243123,2,2,3,4,6,4,9,6,0,0,0,0,0,0,0,29,3,2,1,0,3,2,1,0,1,1,0,0,0,2,1,1,1,Primary (1–5),STANDARD,1,False,True
5714317,UTTAR PRADESH,BAREILLY,SHERGARH,1,Bhikampur,1,3,1,5,1,243203,2,2,3,18,17,18,28,20,0,0,0,0,0,0,0,101,6,3,3,0,3,3,0,0,2,2,0,1,2,1,1,1,2,Primary (1–5),STANDARD,0,True,True
1798194,UTTAR PRADESH,BAREILLY,FATEHGANJ,1,Durgapur,1,3,1,5,1,243501,2,2,3,4,5,6,8,8,0,0,0,0,0,0,0,31,3,2,1,0,4,3,1,0,1,1,0,0,2,1,1,1,1,Primary (1–5),STANDARD,1,True,True
8734683,UTTAR PRADESH,BAREILLY,FARIDPUR TOWN,2,,1,3,1,5,5,243503,2,2,3,23,24,31,35,51,0,0,0,0,0,0,0,164,5,0,5,0,6,6,0,0,4,4,4,1,0,2,2,1,1,Primary (1–5),STANDARD,0,False,True
5011848,UTTAR PRADESH,BAREILLY,BHUTA,1,Umedpur Bhuta,2,3,1,8,5,243126,2,2,3,65,52,62,83,70,90,64,70,0,0,0,0,556,11,11,0,0,18,18,0,0,4,4,0,0,0,2,1,1,1,Upper Primary (1–8),STANDARD,0,False,True
2042658,UTTAR PRADESH,BAREILLY,BHUTA,1,Gulab Nagar,1,3,1,5,1,243503,2,2,3,13,2,6,16,21,0,0,0,0,0,0,0,58,5,3,2,0,3,3,0,0,1,1,0,0,2,2,1,1,1,Primary (1–5),STANDARD,0,False,True
6889530,UTTAR PRADESH,BAREILLY,MAJHGAWAN,1,Kaini Shivnagar,1,3,1,5,1,243303,2,2,3,9,12,7,24,15,0,0,0,0,0,0,0,67,3,3,0,0,5,3,0,2,1,1,0,0,2,1,1,1,2,Primary (1–5),STANDARD,2,True,True
1743155,UTTAR PRADESH,BAREILLY,ALAMPUR,1,Kemuwa,1,3,1,5,1,243402,2,2,3,39,26,26,35,33,0,0,0,0,0,0,0,159,5,3,2,0,6,4,1,1,1,1,0,0,2,2,1,1,1,Primary (1–5),STANDARD,2,False,True
2354435,UTTAR PRADESH,BAREILLY,BAHERI,1,Sili Jagir,2,3,1,8,1,243201,2,2,3,2,4,9,14,12,15,13,13,0,0,0,0,82,5,2,3,0,4,3,1,0,1,1,0,2,2,2,1,1,2,Upper Primary (1–8),STANDARD,1,False,True
1944246,UTTAR PRADESH,BAREILLY,VITHARI CHAINPUR,1,Bhagwanpur Dhimri,1,3,1,5,1,243123,2,2,3,3,3,4,2,1,0,0,0,0,0,0,0,13,4,1,3,0,2,1,1,0,1,1,0,0,2,2,1,1,1,Primary (1–5),STANDARD,1,False,True
5446558,UTTAR PRADESH,BAREILLY,FARIDPUR,1,Saidpur Mustkil,1,3,1,5,1,243506,2,2,3,17,11,6,23,33,0,0,0,0,0,0,0,90,5,3,2,0,5,4,1,0,2,2,0,0,2,2,1,1,2,Primary (1–5),STANDARD,1,False,True
3844104,UTTAR PRADESH,BAREILLY,KYARA,1,Thiria Thakuran,4,3,6,8,1,243502,9,2,3,0,0,0,0,0,24,25,15,0,0,0,0,64,3,3,0,0,4,4,0,0,1,1,0,0,2,2,1,1,1,Upper Primary (6–8),STANDARD,0,False,True
8843758,UTTAR PRADESH,BAREILLY,RAMNAGAR,1,Mauchand Pur,1,3,1,5,5,243303,2,2,3,65,49,48,54,44,0,0,0,0,0,0,0,260,16,5,11,0,10,10,0,0,2,2,2,1,0,1,1,1,1,Primary (1–5),STANDARD,0,True,True
7865847,UTTAR PRADESH,BAREILLY,BAHERI,1,Nadeli,4,3,6,8,1,243201,9,2,3,0,0,0,0,0,30,18,12,0,0,0,0,60,1,1,0,0,3,3,0,0,1,1,0,1,2,2,1,1,1,Upper Primary (6–8),STANDARD,0,False,True
6997918,UTTAR PRADESH,BAREILLY,BHUTA,1,Chakarpur,1,3,1,5,1,243503,2,2,3,11,8,8,8,10,0,0,0,0,0,0,0,45,3,2,1,0,4,2,2,0,1,1,0,0,2,2,1,1,2,Primary (1–5),STANDARD,2,False,True
9823330,UTTAR PRADESH,BAREILLY,SHERGARH,1,Pandari,1,3,1,5,1,243505,2,2,3,4,3,3,11,9,0,0,0,0,0,0,0,30,2,1,1,0,2,0,0,2,1,1,0,0,2,1,1,1,2,Primary (1–5),STANDARD,2,True,True
1131893,UTTAR PRADESH,BAREILLY,BHADPURA,1,Kunwarpur Tulsi Patti,1,3,1,5,1,262406,2,2,3,20,7,4,9,8,0,0,0,0,0,0,0,48,2,1,1,0,5,1,1,3,1,1,0,0,2,2,1,1,1,Primary (1–5),STANDARD,4,False,True
4143344,UTTAR PRADESH,BAREILLY,VITHARI CHAINPUR,1,Gopalpur Nagaria Anoop,1,3,1,5,1,243123,2,2,3,5,8,4,6,6,0,0,0,0,0,0,0,29,3,1,2,0,4,4,0,0,1,1,0,0,2,2,1,1,1,Primary (1–5),STANDARD,0,False,True
2970681,UTTAR PRADESH,BAREILLY,NAWABGANJ,1,Sethel,1,3,1,5,1,243407,2,2,3,4,2,8,16,12,0,0,0,0,0,0,0,42,2,1,1,0,4,4,0,0,1,1,0,0,2,2,1,1,1,Primary (1–5),STANDARD,0,False,True
4847549,UTTAR PRADESH,BAREILLY,FARIDPUR TOWN,2,,4,2,6,8,1,243201,9,2,2,0,0,0,0,0,27,25,33,0,0,0,0,85,5,3,0,2,3,3,0,0,0,8,3,0,0,1,1,1,1,Upper Primary (6–8),STANDARD,0,True,True
6693565,UTTAR PRADESH,BAREILLY,RAMNAGAR,1,Barathanpur,8,3,9,10,1,243303,9,2,3,0,0,0,0,0,0,0,0,17,12,0,0,29,2,2,0,0,8,4,4,0,1,1,0,0,0,1,1,1,2,Secondary (9–10),STANDARD,4,True,True
1169941,UTTAR PRADESH,BAREILLY,SHERGARH,2,,5,3,6,12,1,243505,9,2,3,0,0,0,0,0,0,0,2,104,57,98,89,350,2,2,0,0,14,2,7,5,5,5,3,1,0,1,1,1,2,Higher Secondary (6–12),STANDARD,12,True,True
8342723,UTTAR PRADESH,BAREILLY,RICHHA(DAMKHODA),1,Khirna,2,3,1,8,1,243201,2,2,3,12,13,13,18,12,18,13,24,0,0,0,0,123,6,6,0,0,8,5,0,3,2,2,0,0,2,1,1,1,1,Upper Primary (1–8),STANDARD,3,True,True
4642440,UTTAR PRADESH,BAREILLY,FARIDPUR,1,Sarkara,2,3,1,8,1,243503,2,2,3,16,19,21,39,26,30,69,38,0,0,0,0,258,12,9,3,0,12,12,0,0,2,2,0,0,2,2,1,1,2,Upper Primary (1–8),STANDARD,0,False,True
5246839,UTTAR PRADESH,BAREILLY,BHUTA,1,Magrasha,2,3,1,8,1,243503,2,2,3,26,27,22,33,34,45,54,43,0,0,0,0,284,11,7,4,0,11,2,1,8,3,3,0,0,2,1,1,1,1,Upper Primary (1–8),STANDARD,9,True,True
1354218,UTTAR PRADESH,BAREILLY,AONLA,2,,1,3,1,5,1,243301,2,2,3,11,14,18,25,25,0,0,0,0,0,0,0,93,2,1,1,0,4,4,0,0,1,1,0,0,0,1,1,1,1,Primary (1–5),STANDARD,0,True,True
8381023,UTTAR PRADESH,BAREILLY,RICHHA(DAMKHODA),1,Tejnagar,1,3,1,5,1,243201,2,2,3,14,13,11,14,13,0,0,0,0,0,0,0,65,4,3,1,0,4,0,0,4,1,1,0,0,2,2,1,1,2,Primary (1–5),STANDARD,4,False,True
3428280,UTTAR PRADESH,BAREILLY,BHOJIPURA,1,Mianpur,1,3,1,5,1,243202,2,2,3,8,5,8,12,13,0,0,0,0,0,0,0,46,2,1,1,0,4,0,2,2,1,1,0,0,2,2,1,1,2,Primary (1–5),STANDARD,4,False,True
1354689,UTTAR PRADESH,BAREILLY,BAHERI,1,Jasai Nagar,4,3,6,8,1,243201,9,2,3,0,0,0,0,0,8,12,15,0,0,0,0,35,2,2,0,0,4,0,0,4,1,1,0,0,0,2,1,1,1,Upper Primary (6–8),STANDARD,4,False,True
5639752,UTTAR PRADESH,BAREILLY,FATEHGANJ,1,Bakenia Champatpur,2,3,1,8,1,243505,2,2,3,9,11,9,13,5,23,26,15,0,0,0,0,111,6,5,1,0,9,5,0,4,1,2,0,0,2,1,1,1,1,Upper Primary (1–8),STANDARD,4,True,True
1718970,UTTAR PRADESH,BAREILLY,NAWABGANJ,1,Hafiz Ganj,5,3,6,12,1,243407,9,2,3,0,0,0,0,0,5,14,31,52,16,53,47,218,6,6,0,0,13,10,3,0,5,5,0,0,0,1,1,1,1,Higher Secondary (6–12),STANDARD,3,True,True
3018521,UTTAR PRADESH,BAREILLY,MAJHGAWAN,1,Akha Mustkil,2,3,1,8,1,243302,2,2,3,35,28,43,87,71,130,82,77,0,0,0,0,553,12,8,4,0,13,13,0,0,2,2,1,0,0,1,1,1,1,Upper Primary (1–8),STANDARD,0,True,True
1532565,UTTAR PRADESH,BAREILLY,ALAMPUR,1,Rajpur Khurd,4,3,6,8,1,243301,9,2,3,0,0,0,0,0,46,53,15,0,0,0,0,114,2,2,0,0,5,3,0,2,1,1,0,0,2,1,1,1,1,Upper Primary (6–8),STANDARD,2,True,True
7733360,UTTAR PRADESH,BAREILLY,MAJHGAWAN,1,Mandora,2,3,1,8,1,243302,2,2,3,12,26,21,38,28,34,43,43,0,0,0,0,245,7,4,3,0,12,5,4,3,2,2,0,0,2,1,1,1,1,Upper Primary (1–8),STANDARD,7,True,True
6469006,UTTAR PRADESH,BAREILLY,BAHERI,1,Bankauli,2,3,1,8,1,243201,2,2,3,12,12,7,16,19,12,13,34,0,0,0,0,125,10,6,4,0,8,8,0,0,2,4,0,2,2,2,1,1,1,Upper Primary (1–8),STANDARD,0,False,True
7159884,UTTAR PRADESH,BAREILLY,NAWABGANJ,1,Tiar Jagir,4,3,6,8,1,262406,9,2,3,0,0,0,0,0,42,45,36,0,0,0,0,123,4,3,1,0,6,3,3,0,1,1,0,0,0,1,1,1,1,Upper Primary (6–8),STANDARD,3,True,True
3658855,UTTAR PRADESH,BAREILLY,FARIDPUR,1,Rampuriya Ilaka Takhari,7,3,6,10,4,243503,9,2,3,0,0,0,0,0,38,17,21,40,44,0,0,160,6,6,0,0,4,4,0,0,2,2,0,0,0,2,1,1,1,Secondary (6–10),STANDARD,0,False,True
4498161,UTTAR PRADESH,BAREILLY,MAJHGAWAN,1,Kandharpur,4,3,6,8,1,243302,9,2,3,0,0,0,0,0,40,50,55,0,0,0,0,145,4,4,0,0,4,4,0,0,3,3,0,0,0,1,1,1,1,Upper Primary (6–8),STANDARD,0,True,True
7719990,UTTAR PRADESH,BAREILLY,ALAMPUR,1,Rampur Kakar,1,3,1,5,1,243401,2,2,3,16,15,14,21,26,0,0,0,0,0,0,0,92,3,3,0,0,4,0,2,2,3,3,0,0,2,2,1,1,2,Primary (1–5),STANDARD,4,False,True
1223230,UTTAR PRADESH,BAREILLY,FARIDPUR,1,Bhagwanpur Kundan,2,3,1,8,5,243001,2,2,3,15,15,11,16,29,87,57,38,0,0,0,0,268,6,6,0,0,5,5,0,0,1,1,2,1,0,1,1,1,2,Upper Primary (1–8),STANDARD,0,True,True
5465897,UTTAR PRADESH,BAREILLY,BHUTA,1,Mankapur,1,3,1,5,1,243503,2,2,3,10,15,12,15,16,0,0,0,0,0,0,0,68,3,2,1,0,3,3,0,0,1,1,0,0,2,2,1,1,1,Primary (1–5),STANDARD,0,False,True
5282556,UTTAR PRADESH,BAREILLY,RICHHA(DAMKHODA),1,Rampura,1,3,1,5,1,243201,2,2,3,6,6,8,16,7,0,0,0,0,0,0,0,43,3,2,1,0,6,6,0,0,1,1,0,1,2,1,1,1,1,Primary (1–5),STANDARD,0,True,True
6767458,UTTAR PRADESH,BAREILLY,BHUTA,1,Majhwa Hetram,1,3,1,5,1,243503,2,2,3,8,5,21,25,23,0,0,0,0,0,0,0,82,4,3,1,0,2,0,0,2,1,1,0,0,2,2,1,1,2,Primary (1–5),STANDARD,2,False,True
1420767,UTTAR PRADESH,BAREILLY,RICHHA(DAMKHODA),1,Jokhanpur,1,3,1,5,1,243201,2,2,3,40,44,38,46,45,0,0,0,0,0,0,0,213,5,3,2,0,7,6,0,1,1,2,0,1,2,1,1,1,1,Primary (1–5),STANDARD,1,True,True
6710178,UTTAR PRADESH,BAREILLY,BHUTA,1,Chandokha Tondi,1,3,1,5,1,243503,2,2,3,13,11,8,11,8,0,0,0,0,0,0,0,51,2,2,0,0,6,3,2,1,1,1,0,0,2,2,1,1,1,Primary (1–5),STANDARD,3,False,True
6697462,UTTAR PRADESH,BAREILLY,VITHARI CHAINPUR,1,Kesarpur,1,3,1,5,1,243123,2,2,3,3,5,7,4,4,0,0,0,0,0,0,0,23,2,2,0,0,4,3,1,0,1,1,0,0,2,2,1,1,1,Primary (1–5),STANDARD,1,False,True
7559177,UTTAR PRADESH,BAREILLY,NAWABGANJ,1,Parothi,1,3,1,5,1,262406,2,2,3,17,19,11,32,21,0,0,0,0,0,0,0,100,4,3,1,0,4,4,0,0,1,1,0,0,2,1,1,1,1,Primary (1–5),STANDARD,0,True,True
5149878,UTTAR PRADESH,BAREILLY,BAREILLY TOWN,2,,1,3,1,5,1,243003,2,2,3,0,3,0,5,4,0,0,0,0,0,0,0,12,0,0,0,0,7,7,0,0,1,1,0,0,0,2,1,1,2,Primary (1–5),STANDARD,0,False,True
4470567,UTTAR PRADESH,BAREILLY,BAHERI,1,Utarsia Samukhiya,1,3,1,5,1,263148,2,2,3,16,16,23,25,25,0,0,0,0,0,0,0,105,7,4,3,0,5,4,0,1,1,2,0,0,2,2,1,1,2,Primary (1–5),STANDARD,1,False,True
8891057,UTTAR PRADESH,BAREILLY,ALAMPUR,1,Devchara,5,3,6,12,4,243401,9,2,3,0,0,0,0,0,255,216,203,434,402,329,246,2085,19,8,6,5,16,16,0,0,6,6,10,0,0,1,1,1,1,Higher Secondary (6–12),STANDARD,0,True,True
7685146,UTTAR PRADESH,BAREILLY,MIRGANJ,1,Gora Loknathpur Ehatmali,1,3,1,5,1,243504,2,2,3,12,9,10,14,16,0,0,0,0,0,0,0,61,4,3,1,0,4,2,0,2,1,1,0,0,0,2,1,1,1,Primary (1–5),STANDARD,2,False,True
7562743,UTTAR PRADESH,BAREILLY,KYARA,1,Dhaneti Kharagpur,1,3,1,5,90,243302,2,2,3,1,9,10,7,3,0,0,0,0,0,0,0,30,1,1,0,0,5,5,0,0,1,1,0,0,0,2,1,2,1,Primary (1–5),STANDARD,0,False,False
6231647,UTTAR PRADESH,BAREILLY,MAJHGAWAN,1,Mansarampur,1,3,1,5,1,243302,2,2,3,15,11,12,16,14,0,0,0,0,0,0,0,68,5,2,3,0,5,0,3,2,1,1,0,0,2,2,1,1,2,Primary (1–5),STANDARD,5,False,True
5060635,UTTAR PRADESH,BAREILLY,MAJHGAWAN,1,Sadullaganj,1,3,1,5,1,243302,2,2,3,12,20,16,30,24,0,0,0,0,0,0,0,102,4,3,1,0,6,4,1,1,1,1,0,0,2,2,1,1,2,Primary (1–5),STANDARD,2,False,True
5584795,UTTAR PRADESH,BAREILLY,RICHHA(DAMKHODA),1,Bahadurpur Urf Bhura,1,3,1,5,1,243201,2,2,3,5,6,14,5,8,0,0,0,0,0,0,0,38,4,2,2,0,5,3,2,0,2,2,0,1,2,2,1,1,1,Primary (1–5),STANDARD,2,False,True
6578544,UTTAR PRADESH,BAREILLY,BAHERI,1,Lodhipur,1,3,1,5,1,243201,2,2,3,25,23,31,33,42,0,0,0,0,0,0,0,154,9,6,3,0,8,5,0,3,2,2,0,1,2,2,1,1,2,Primary (1–5),STANDARD,3,False,True
6302910,UTTAR PRADESH,BAREILLY,VITHARI CHAINPUR,1,Adhkata Bunnyadi Begum,1,3,1,5,1,243122,2,2,3,1,2,4,2,7,0,0,0,0,0,0,0,16,5,2,3,0,4,0,0,4,1,1,0,0,2,2,1,1,1,Primary (1–5),STANDARD,4,False,True
1988433,UTTAR PRADESH,BAREILLY,FARIDPUR,1,Shivpuri,4,2,6,8,1,243506,9,2,3,0,0,0,0,0,97,62,58,0,0,0,0,217,2,1,0,1,0,0,0,0,0,2,0,0,0,2,1,1,1,Upper Primary (6–8),STANDARD,0,False,True
1625886,UTTAR PRADESH,BAREILLY,BHUTA,1,Padarathpur,1,3,1,5,1,243503,2,2,3,20,9,10,21,23,0,0,0,0,0,0,0,83,5,2,3,0,5,5,0,0,1,1,0,0,2,2,1,1,2,Primary (1–5),STANDARD,0,False,True
1382556,UTTAR PRADESH,BAREILLY,BHADPURA,1,Panwaria Illaka Jalalpur,2,3,1,8,5,243503,2,2,3,0,0,3,1,3,4,6,3,0,0,0,0,20,4,4,0,0,8,8,0,0,1,1,1,1,0,1,1,1,1,Upper Primary (1–8),STANDARD,0,True,True
1877555,UTTAR PRADESH,BAREILLY,RICHHA(DAMKHODA),1,Bhojpur Sarvasukh,1,3,1,5,1,243203,2,2,3,5,6,2,7,9,0,0,0,0,0,0,0,29,2,1,1,0,6,6,0,0,1,1,0,1,2,2,1,1,1,Primary (1–5),STANDARD,0,False,True
7920275,UTTAR PRADESH,BAREILLY,VITHARI CHAINPUR,1,Singhai Kayesthan,1,3,1,5,5,243123,2,2,3,6,12,10,17,17,0,0,0,0,0,0,0,62,6,6,0,0,8,8,0,0,1,1,0,0,0,2,1,1,1,Primary (1–5),STANDARD,0,False,True
7732203,UTTAR PRADESH,BAREILLY,NAWABGANJ,2,,4,3,6,8,5,243001,9,2,3,0,0,0,0,0,17,10,13,0,0,0,0,40,5,2,3,0,3,3,0,0,3,3,5,1,1,1,1,1,1,Upper Primary (6–8),STANDARD,0,True,True
3952379,UTTAR PRADESH,BAREILLY,BAHERI,1,Girdharpur,1,3,1,5,97,243201,2,2,3,6,35,26,19,16,0,0,0,0,0,0,0,102,4,4,0,0,5,5,0,0,1,1,0,0,0,2,1,1,1,Primary (1–5),STANDARD,0,False,True
6284989,UTTAR PRADESH,BAREILLY,BAHERI,1,Girdharpur,2,3,1,8,5,243201,2,2,3,11,15,49,45,43,47,41,32,0,0,0,0,283,8,8,0,0,12,12,0,0,1,3,1,0,1,2,1,2,1,Upper Primary (1–8),STANDARD,0,False,False
1246816,UTTAR PRADESH,BAREILLY,BAREILLY TOWN,2,,1,3,1,5,5,243003,2,2,3,0,10,7,4,10,0,0,0,0,0,0,0,31,3,2,1,0,7,7,0,0,2,2,0,0,0,2,1,2,1,Primary (1–5),STANDARD,0,False,False
8382179,UTTAR PRADESH,BAREILLY,FARIDPUR,1,Bhagwanpur Kundan,1,3,1,5,5,243001,2,2,3,53,73,76,76,48,0,0,0,0,0,0,0,326,9,9,0,0,12,12,0,0,3,3,0,1,0,2,1,1,2,Primary (1–5),STANDARD,0,False,True
5174562,UTTAR PRADESH,BAREILLY,BAREILLY TOWN,2,,5,3,6,12,5,243005,9,2,3,0,0,0,0,0,0,0,4,8,9,7,7,35,6,0,3,3,7,7,0,0,2,3,0,0,0,1,1,1,1,Higher Secondary (6–12),STANDARD,0,True,True
3305546,UTTAR PRADESH,BAREILLY,BAREILLY TOWN,2,,2,3,1,8,5,243501,2,2,3,7,3,5,3,3,2,2,0,0,0,0,0,25,5,5,0,0,8,8,0,0,2,2,2,0,0,2,1,1,1,Upper Primary (1–8),STANDARD,0,False,True
1590411,UTTAR PRADESH,BAREILLY,VITHARI CHAINPUR,1,Chandpur Bichpuri,2,3,1,8,5,243001,2,2,3,16,16,14,14,16,24,16,20,0,0,0,0,136,8,8,0,0,15,15,0,0,1,3,1,0,0,1,1,1,1,Upper Primary (1–8),STANDARD,0,True,True
7680779,UTTAR PRADESH,BAREILLY,BHADPURA,1,Baragaon,1,3,1,5,5,262723,2,2,3,16,21,19,19,16,0,0,0,0,0,0,0,91,5,5,0,0,5,5,0,0,1,1,0,0,0,1,1,1,1,Primary (1–5),STANDARD,0,True,True
9310955,UTTAR PRADESH,BAREILLY,RICHHA(DAMKHODA),2,,4,3,6,8,5,243203,9,2,3,0,0,0,0,0,33,41,38,0,0,0,0,112,5,4,1,0,5,5,0,0,2,3,0,0,0,1,1,1,1,Upper Primary (6–8),STANDARD,0,True,True
7119290,UTTAR PRADESH,BAREILLY,FATEHGANJ,1,Meerapur,6,3,1,10,5,243501,2,2,3,13,12,16,10,4,55,45,31,20,35,0,0,241,10,0,10,0,11,11,0,0,2,2,0,1,0,1,2,1,1,Secondary (1–10),STANDARD,0,True,True
9678534,UTTAR PRADESH,BAREILLY,SHERGARH,2,,1,3,1,5,5,243505,2,2,3,0,4,2,11,5,0,0,0,0,0,0,0,22,4,0,0,4,5,5,0,0,1,1,0,0,0,2,1,1,1,Primary (1–5),STANDARD,0,False,True
9965425,UTTAR PRADESH,BAREILLY,BAREILLY TOWN,2,,2,3,1,8,5,243001,1,2,3,13,10,10,10,3,7,8,4,0,0,0,0,65,5,3,2,0,11,11,0,0,2,2,3,0,0,1,1,1,1,Upper Primary (1–8),STANDARD,0,True,True
5588966,UTTAR PRADESH,BAREILLY,KYARA,1,Dharoopur Thakuran,4,3,6,8,5,243123,9,2,3,0,0,0,0,0,7,14,7,0,0,0,0,28,3,3,0,0,6,6,0,0,1,1,0,0,0,2,2,2,1,Upper Primary (6–8),STANDARD,0,False,False
3661326,UTTAR PRADESH,BAREILLY,RICHHA(DAMKHODA),1,Mundia Nabibaksha,1,3,1,5,5,243201,2,2,3,4,8,0,2,2,0,0,0,0,0,0,0,16,2,2,0,0,5,5,0,0,1,1,0,1,0,1,1,2,2,Primary (1–5),STANDARD,0,True,False
1003578,UTTAR PRADESH,BAREILLY,SHERGARH,1,Dunka,1,3,1,5,97,243505,2,2,3,8,4,2,3,4,0,0,0,0,0,0,0,21,5,3,2,0,5,5,0,0,1,1,0,0,0,1,2,1,1,Primary (1–5),STANDARD,0,True,True
2642526,UTTAR PRADESH,BAREILLY,BAREILLY TOWN,2,,2,3,1,8,5,243122,2,2,3,0,0,10,5,5,5,5,8,0,0,0,0,38,5,5,0,0,8,8,0,0,2,2,0,0,0,1,1,2,1,Upper Primary (1–8),STANDARD,0,True,False
5176074,UTTAR PRADESH,BAREILLY,MAJHGAWAN,1,Katroibuzurg,4,3,6,8,5,243303,9,2,3,0,0,0,0,0,16,12,33,0,0,0,0,61,4,4,0,0,4,4,0,0,1,1,1,0,0,2,2,1,2,Upper Primary (6–8),STANDARD,0,False,True
9773572,UTTAR PRADESH,BAREILLY,BAREILLY TOWN,2,,2,3,1,8,5,243001,2,2,3,10,10,16,14,18,13,11,18,0,0,0,0,110,5,2,3,0,8,8,0,0,1,1,1,0,0,2,1,2,1,Upper Primary (1–8),STANDARD,0,False,False
5877590,UTTAR PRADESH,BAREILLY,BHOJIPURA,2,,6,3,1,10,97,243202,2,2,3,6,8,6,6,8,3,4,2,0,0,0,0,43,6,0,6,0,10,10,0,0,2,2,0,0,0,2,1,1,2,Secondary (1–10),STANDARD,0,False,True
6228069,UTTAR PRADESH,BAREILLY,BAREILLY TOWN,2,,8,3,9,10,5,243001,9,2,3,0,0,0,0,0,0,0,0,69,47,0,0,116,6,4,2,0,4,4,0,0,2,2,6,1,0,1,1,1,2,Secondary (9–10),STANDARD,0,True,True
3840308,UTTAR PRADESH,BAREILLY,BHOJIPURA,1,Chaupara Janubi,2,3,1,8,97,243202,1,2,3,15,9,13,6,11,4,2,6,0,0,0,0,66,9,8,1,0,10,9,1,0,1,1,0,1,0,1,1,2,1,Upper Primary (1–8),STANDARD,1,True,False
7805389,UTTAR PRADESH,BAREILLY,KYARA,1,Dharoopur Thakuran,1,3,1,5,5,243123,2,2,3,26,19,18,25,15,0,0,0,0,0,0,0,103,6,6,0,0,6,6,0,0,2,1,0,2,0,1,1,2,1,Primary (1–5),STANDARD,0,True,False
5583443,UTTAR PRADESH,BAREILLY,NAWABGANJ,1,Tanda Sadat,6,3,1,10,97,243407,2,2,3,9,5,11,1,7,12,13,12,0,0,0,0,70,8,4,2,2,9,9,0,0,2,2,0,1,0,2,1,1,2,Secondary (1–10),STANDARD,0,False,True
3726197,UTTAR PRADESH,BAREILLY,NAWABGANJ,1,Indh Jagir,5,3,6,12,5,262406,9,2,3,0,0,0,0,0,78,85,107,182,173,161,194,980,27,18,9,0,24,24,0,0,6,8,4,1,0,1,1,1,1,Higher Secondary (6–12),STANDARD,0,True,True
4479860,UTTAR PRADESH,BAREILLY,SHERGARH,1,Haldikalan,2,3,1,8,5,243505,2,2,3,12,17,17,18,20,27,26,18,0,0,0,0,155,5,5,0,0,8,8,0,0,2,2,0,0,0,2,1,2,2,Upper Primary (1–8),STANDARD,0,False,False
7224871,UTTAR PRADESH,BAREILLY,MAJHGAWAN,1,Rampura Khurd,1,3,1,5,5,243302,2,2,3,15,25,19,27,18,0,0,0,0,0,0,0,104,8,8,0,0,7,7,0,0,2,2,0,0,0,2,1,1,1,Primary (1–5),STANDARD,0,False,True
1000833,UTTAR PRADESH,BAREILLY,BHUTA,1,Badra Kasampur,2,3,1,8,5,243503,1,2,3,7,13,11,15,19,23,25,25,0,0,0,0,138,7,7,0,0,13,13,0,0,3,3,5,1,2,1,2,2,1,Upper Primary (1–8),STANDARD,0,True,False
1020500,UTTAR PRADESH,BAREILLY,ALAMPUR,1,Ballia,2,3,1,8,5,243001,1,2,3,13,29,30,29,39,39,28,32,0,0,0,0,239,10,10,0,0,12,12,0,0,3,2,0,0,0,1,2,1,1,Upper Primary (1–8),STANDARD,0,True,True
9748976,UTTAR PRADESH,BAREILLY,BAREILLY TOWN,2,,2,3,1,8,5,243003,2,2,3,0,0,11,10,3,0,7,13,0,0,0,0,44,5,4,0,1,8,8,0,0,2,2,0,0,0,1,1,1,1,Upper Primary (1–8),STANDARD,0,True,True
7156849,UTTAR PRADESH,BAREILLY,MAJHGAWAN,1,Gurganwamustkil,1,3,1,5,5,243303,2,2,3,49,45,41,68,62,0,0,0,0,0,0,0,265,6,6,0,0,8,8,0,0,3,2,1,2,1,1,1,1,1,Primary (1–5),STANDARD,0,True,True
9834810,UTTAR PRADESH,BAREILLY,FATEHGANJ,1,Kulchha,2,3,1,8,1,243505,2,2,3,39,29,31,40,45,74,51,58,0,0,0,0,367,11,10,1,0,10,5,3,2,4,5,0,0,2,1,1,1,1,Upper Primary (1–8),STANDARD,5,True,True
9138541,UTTAR PRADESH,BAREILLY,FARIDPUR,1,Rajau Paraspur,4,3,6,8,1,243123,9,2,3,0,0,0,0,0,161,146,132,0,0,0,0,439,17,14,3,0,12,8,0,4,1,1,0,0,0,2,1,1,1,Upper Primary (6–8),STANDARD,4,False,True
6306089,UTTAR PRADESH,BAREILLY,BHOJIPURA,1,Mianpur,5,3,6,12,4,243001,9,2,3,0,0,0,0,0,45,53,45,137,182,96,110,668,20,20,0,0,29,23,6,0,3,4,20,0,0,1,1,1,1,Higher Secondary (6–12),STANDARD,6,True,True
8165630,UTTAR PRADESH,BAREILLY,RICHHA(DAMKHODA),1,Dopaharia,4,3,6,8,1,243203,9,2,3,0,0,0,0,0,27,17,25,0,0,0,0,69,3,3,0,0,4,4,0,0,1,1,0,0,0,2,1,1,1,Upper Primary (6–8),STANDARD,0,False,True
5794239,UTTAR PRADESH,BAREILLY,NAWABGANJ,1,Dhaunrera,2,3,1,8,1,262406,2,2,3,17,7,11,14,15,37,37,48,0,0,0,0,186,12,8,1,3,8,7,0,1,3,5,0,0,2,1,1,1,1,Upper Primary (1–8),STANDARD,1,True,True
2266869,UTTAR PRADESH,BAREILLY,BHOJIPURA,1,Jafarpur,4,3,6,8,1,243202,9,2,3,0,0,0,0,0,23,25,26,0,0,0,0,74,3,3,0,0,3,0,0,3,2,1,0,0,2,1,1,1,2,Upper Primary (6–8),STANDARD,3,True,True
6397415,UTTAR PRADESH,BAREILLY,BHOJIPURA,1,Pipalsana Chaudhari (Ct),4,3,6,8,1,243202,9,2,3,0,0,0,0,0,66,65,36,0,0,0,0,167,3,3,0,0,4,4,0,0,2,2,0,1,0,2,1,1,1,Upper Primary (6–8),STANDARD,0,False,True
1179989,UTTAR PRADESH,BAREILLY,BHUTA,1,Mehtarpur Tej Singh,4,3,6,8,1,243503,9,2,3,0,0,0,0,0,43,31,32,0,0,0,0,106,4,4,0,0,0,0,0,0,1,1,0,0,2,2,3,1,1,Upper Primary (6–8),STANDARD,0,False,True
3703708,UTTAR PRADESH,BAREILLY,VITHARI CHAINPUR,1,Bithri Chainpur,2,3,1,8,5,243123,2,2,3,17,18,14,19,13,17,14,7,0,0,0,0,119,4,0,4,0,7,7,0,0,1,1,0,0,0,2,2,2,2,Upper Primary (1–8),STANDARD,0,False,False
7558936,UTTAR PRADESH,BAREILLY,BHADPURA,1,Karua Sahab Ganj,1,3,1,5,1,262406,2,2,3,22,17,12,36,18,0,0,0,0,0,0,0,105,7,3,4,0,9,0,4,5,2,2,0,0,2,2,1,1,1,Primary (1–5),STANDARD,9,False,True
9039891,UTTAR PRADESH,BAREILLY,BAREILLY TOWN,2,,1,3,1,5,1,243122,2,2,3,9,17,15,9,6,0,0,0,0,0,0,0,56,0,0,0,0,5,5,0,0,1,1,0,0,1,1,1,1,2,Primary (1–5),STANDARD,0,True,True
9267460,UTTAR PRADESH,BAREILLY,FATEHGANJ,1,Thiria Khetal,1,3,1,5,1,243501,2,2,3,45,24,42,44,49,0,0,0,0,0,0,0,204,7,6,1,0,6,5,0,1,1,3,0,0,0,1,1,1,1,Primary (1–5),STANDARD,1,True,True
1121010,UTTAR PRADESH,BAREILLY,SHERGARH,1,Nagaria Kalan,4,3,6,8,1,243505,9,2,3,0,0,0,0,0,20,27,19,0,0,0,0,66,2,2,0,0,6,3,2,1,1,1,0,0,0,2,1,1,1,Upper Primary (6–8),STANDARD,3,False,True
4216521,UTTAR PRADESH,BAREILLY,NAWABGANJ,1,Ahrola,1,3,1,5,1,262406,2,2,3,16,7,6,4,10,0,0,0,0,0,0,0,43,2,2,0,0,3,0,0,3,1,1,0,0,2,2,1,1,1,Primary (1–5),STANDARD,3,False,True
6408714,UTTAR PRADESH,BAREILLY,RICHHA(DAMKHODA),1,Kachnari,1,3,1,5,1,243201,2,2,3,8,4,11,9,12,0,0,0,0,0,0,0,44,4,1,3,0,5,3,2,0,1,1,0,0,2,2,1,1,1,Primary (1–5),STANDARD,2,False,True
9577396,UTTAR PRADESH,BAREILLY,FARIDPUR,1,Shahpoor,1,3,1,5,1,243506,2,2,3,34,30,39,79,76,0,0,0,0,0,0,0,258,11,9,2,0,10,6,1,3,2,3,0,0,2,1,1,1,1,Primary (1–5),STANDARD,4,True,True
1147254,UTTAR PRADESH,BAREILLY,KYARA,1,Jagatpur,1,3,1,5,1,243001,2,2,3,16,16,8,13,8,0,0,0,0,0,0,0,61,5,3,2,0,4,3,0,1,1,1,0,0,2,2,1,1,2,Primary (1–5),STANDARD,1,False,True
4723870,UTTAR PRADESH,BAREILLY,NAWABGANJ,1,Sijaulia,1,3,1,5,1,262406,2,2,3,22,15,13,26,24,0,0,0,0,0,0,0,100,4,2,2,0,5,5,0,0,1,1,0,1,2,2,1,1,2,Primary (1–5),STANDARD,0,False,True
4424979,UTTAR PRADESH,BAREILLY,BHUTA,1,Mewa Shafipur,1,3,1,5,1,243503,2,2,3,13,23,24,39,49,0,0,0,0,0,0,0,148,5,3,2,0,7,4,1,2,1,1,0,0,2,1,1,1,1,Primary (1–5),STANDARD,3,True,True
8641369,UTTAR PRADESH,BAREILLY,FARIDPUR,1,Amirta Ilaka Shivpuri,1,3,1,5,1,243506,2,2,3,11,13,6,21,13,0,0,0,0,0,0,0,64,3,2,1,0,5,2,0,3,1,1,0,0,1,1,1,1,1,Primary (1–5),STANDARD,3,True,True
4436623,UTTAR PRADESH,BAREILLY,NAWABGANJ,1,Mundia Bhikampur,1,3,1,5,1,243407,2,2,3,6,6,21,17,14,0,0,0,0,0,0,0,64,5,3,2,0,5,5,0,0,1,1,0,0,0,2,1,1,1,Primary (1–5),STANDARD,0,False,True
4279509,UTTAR PRADESH,BAREILLY,VITHARI CHAINPUR,1,Mohanpur,1,3,1,5,1,243123,2,2,3,97,61,66,169,115,0,0,0,0,0,0,0,508,15,14,1,0,8,4,2,2,3,3,1,1,2,1,1,1,2,Primary (1–5),STANDARD,4,True,True
9256569,UTTAR PRADESH,BAREILLY,RAMNAGAR,1,Guleli,1,3,1,5,1,243301,2,2,3,34,23,20,32,14,0,0,0,0,0,0,0,123,4,3,1,0,10,4,4,2,2,2,0,0,2,1,1,1,1,Primary (1–5),STANDARD,6,True,True
1262702,UTTAR PRADESH,BAREILLY,KYARA,1,Maheshpur Thakuran,1,3,1,5,1,243001,2,2,3,14,16,32,28,31,0,0,0,0,0,0,0,121,6,6,0,0,6,0,3,3,2,2,0,1,2,1,1,1,1,Primary (1–5),STANDARD,6,True,True
7349236,UTTAR PRADESH,BAREILLY,FARIDPUR,1,Kuiyan Uganpur,1,3,1,5,1,243503,2,2,3,14,16,12,15,20,0,0,0,0,0,0,0,77,6,6,0,0,5,3,0,2,1,1,0,0,2,2,1,1,2,Primary (1–5),STANDARD,2,False,True
2875567,UTTAR PRADESH,BAREILLY,BHUTA,1,Tisuwa,1,3,1,5,1,243506,2,2,3,77,82,62,100,143,0,0,0,0,0,0,0,464,22,15,7,0,10,8,2,0,2,1,0,0,2,2,1,1,2,Primary (1–5),STANDARD,2,False,True
1036012,UTTAR PRADESH,BAREILLY,SHERGARH,1,Tanda,1,3,1,5,1,243505,2,2,3,17,25,21,24,22,0,0,0,0,0,0,0,109,4,3,1,0,6,4,0,2,1,1,0,1,2,1,1,1,2,Primary (1–5),STANDARD,2,True,True
7529237,UTTAR PRADESH,BAREILLY,RICHHA(DAMKHODA),1,Husain Nagla,1,3,1,5,5,243203,2,2,3,27,18,22,22,12,0,0,0,0,0,0,0,101,6,1,5,0,5,5,0,0,1,1,0,0,0,2,1,2,1,Primary (1–5),STANDARD,0,False,False
4887372,UTTAR PRADESH,BAREILLY,BHADPURA,1,Barsia,1,3,1,5,1,262406,2,2,3,21,4,9,16,14,0,0,0,0,0,0,0,64,5,3,2,0,7,3,0,4,1,1,0,0,2,2,1,1,1,Primary (1–5),STANDARD,4,False,True
7827851,UTTAR PRADESH,BAREILLY,BAHERI,1,Bahapur,4,3,6,8,5,243302,9,2,3,0,0,0,0,0,41,43,38,0,0,0,0,122,3,3,0,0,7,4,3,0,1,1,0,1,0,2,1,1,1,Upper Primary (6–8),STANDARD,3,False,True
8446021,UTTAR PRADESH,BAREILLY,BHADPURA,1,Mauzam Nagla Thakur Dass,1,3,1,5,1,262406,2,2,3,7,4,7,6,10,0,0,0,0,0,0,0,34,3,1,2,0,4,4,0,0,1,1,0,0,2,1,1,1,1,Primary (1–5),STANDARD,0,True,True
9675116,UTTAR PRADESH,BAREILLY,RICHHA(DAMKHODA),2,,10,3,9,12,5,243201,9,2,3,0,0,0,0,0,0,0,0,126,146,220,284,776,10,10,0,0,12,12,0,0,4,8,1,1,1,1,1,2,1,Higher Secondary (9–12),STANDARD,0,True,False
3932946,UTTAR PRADESH,BAREILLY,MIRGANJ,1,Hurhuri,2,3,1,8,5,243504,2,2,3,42,52,40,25,24,36,22,30,0,0,0,0,271,9,9,0,0,10,10,0,0,1,1,0,0,0,2,1,2,1,Upper Primary (1–8),STANDARD,0,False,False
1728668,UTTAR PRADESH,BAREILLY,BAREILLY TOWN,2,,2,3,1,8,5,243003,1,2,3,60,57,58,53,44,43,32,16,0,0,0,0,363,4,0,4,0,1,1,0,0,3,3,10,2,1,1,1,1,1,Upper Primary (1–8),STANDARD,0,True,True
1822380,UTTAR PRADESH,BAREILLY,VITHARI CHAINPUR,1,Dandia,1,3,1,5,5,243001,2,2,3,9,8,5,7,6,0,0,0,0,0,0,0,35,2,2,0,0,4,4,0,0,1,1,0,0,0,2,2,2,2,Primary (1–5),STANDARD,0,False,False
5581747,UTTAR PRADESH,BAREILLY,NAWABGANJ,1,Indh Jagir,3,3,1,12,5,262406,2,2,3,0,0,0,0,0,87,101,110,169,181,149,177,974,16,16,0,0,28,28,0,0,1,9,0,1,0,1,1,1,1,Higher Secondary (1–12),STANDARD,0,True,True
8223166,UTTAR PRADESH,BAREILLY,BAREILLY TOWN,2,,2,3,1,8,5,243005,2,2,3,43,49,58,34,31,34,26,19,0,0,0,0,294,8,8,0,0,12,12,0,0,4,4,10,0,0,1,1,1,1,Upper Primary (1–8),STANDARD,0,True,True
8900937,UTTAR PRADESH,BAREILLY,SHERGARH,1,Lakha,2,3,1,8,5,243505,2,2,3,20,25,25,33,26,40,28,23,0,0,0,0,220,8,5,1,2,8,8,0,0,2,2,0,0,0,2,1,1,1,Upper Primary (1–8),STANDARD,0,False,True
7671479,UTTAR PRADESH,BAREILLY,BAHERI TOWN,2,,8,3,9,10,5,243001,9,2,3,0,0,0,0,0,0,0,0,90,100,0,0,190,7,7,0,0,11,11,0,0,2,2,1,0,0,1,1,1,1,Secondary (9–10),STANDARD,0,True,True
3068756,UTTAR PRADESH,BAREILLY,BAREILLY TOWN,2,,2,3,1,8,5,243001,2,2,3,18,37,22,25,22,0,0,0,0,0,0,0,124,7,0,7,0,8,8,0,0,2,2,1,0,0,1,1,1,1,Upper Primary (1–8),STANDARD,0,True,True
5460439,UTTAR PRADESH,BAREILLY,NAWABGANJ,2,,1,3,1,5,5,243407,2,2,3,4,14,7,9,8,0,0,0,0,0,0,0,42,4,4,0,0,5,5,0,0,1,1,0,0,0,1,1,2,2,Primary (1–5),STANDARD,0,True,False
5872042,UTTAR PRADESH,BAREILLY,FARIDPUR TOWN,2,,4,2,6,8,5,243503,9,2,3,0,0,0,0,0,98,95,174,0,0,0,0,367,11,1,8,2,8,8,0,0,0,8,12,1,1,1,1,1,1,Upper Primary (6–8),STANDARD,0,True,True
8915551,UTTAR PRADESH,BAREILLY,MAJHGAWAN,1,Gurganwamustkil,4,3,6,8,5,243303,9,2,3,0,0,0,0,0,89,99,129,0,0,0,0,317,5,5,0,0,8,8,0,0,3,2,1,2,1,1,1,1,1,Upper Primary (6–8),STANDARD,0,True,True
2628883,UTTAR PRADESH,BAREILLY,RICHHA(DAMKHODA),2,,4,3,6,8,5,243201,9,2,3,0,0,0,0,0,39,46,57,0,0,0,0,142,4,4,0,0,6,6,0,0,2,2,1,1,0,1,1,2,1,Upper Primary (6–8),STANDARD,0,True,False
5201115,UTTAR PRADESH,BAREILLY,MIRGANJ,1,Paraura,2,3,1,8,5,243504,2,2,3,9,17,14,16,19,41,23,21,0,0,0,0,160,5,0,5,0,16,16,0,0,2,2,0,1,0,2,1,1,2,Upper Primary (1–8),STANDARD,0,False,True
9175157,UTTAR PRADESH,BAREILLY,SHERGARH,2,,1,3,1,5,5,243505,2,2,3,10,17,20,24,21,0,0,0,0,0,0,0,92,6,4,1,1,4,4,0,0,1,1,0,0,0,1,1,1,1,Primary (1–5),STANDARD,0,True,True
7998573,UTTAR PRADESH,BAREILLY,BAREILLY TOWN,2,,2,3,1,8,5,243001,1,2,3,39,79,76,66,62,45,46,59,0,0,0,0,472,12,12,0,0,8,8,0,0,3,6,2,1,0,1,1,2,2,Upper Primary (1–8),STANDARD,0,True,False
5617136,UTTAR PRADESH,BAREILLY,MAJHGAWAN,2,,2,3,1,8,5,243302,2,2,3,12,21,27,20,20,25,17,15,0,0,0,0,157,8,8,0,0,8,8,0,0,1,1,0,1,0,2,2,2,2,Upper Primary (1–8),STANDARD,0,False,False
7635001,UTTAR PRADESH,BAREILLY,SHERGARH,1,Sahora,1,3,1,5,5,243505,2,1,3,15,16,9,12,16,0,0,0,0,0,0,0,68,6,5,1,0,6,6,0,0,1,1,0,1,0,2,1,1,1,Primary (1–5),STANDARD,0,False,True
7513332,UTTAR PRADESH,BAREILLY,BAHERI,1,Bhilaiya,10,3,9,12,5,243201,9,2,3,0,0,0,0,0,0,0,0,298,423,548,515,1784,15,12,0,3,18,18,0,0,6,6,6,5,1,1,1,1,1,Higher Secondary (9–12),STANDARD,0,True,True
9476632,UTTAR PRADESH,BAREILLY,FARIDPUR,1,Bhagwanpur Kundan,4,3,6,8,5,243001,9,2,3,0,0,0,0,0,37,37,39,0,0,0,0,113,3,0,1,2,3,3,0,0,4,4,1,0,0,2,1,1,1,Upper Primary (6–8),STANDARD,0,False,True
7023857,UTTAR PRADESH,BAREILLY,BHUTA,1,Dhakni Rajpuri,2,3,1,8,5,243503,2,2,3,52,51,42,39,43,55,30,17,0,0,0,0,329,9,8,1,0,14,14,0,0,2,2,9,1,0,1,1,1,1,Upper Primary (1–8),STANDARD,0,True,True
2747289,UTTAR PRADESH,BAREILLY,BAREILLY TOWN,2,,2,3,1,8,5,243005,2,2,3,2,0,2,8,4,4,4,7,0,0,0,0,31,5,1,4,0,8,8,0,0,3,3,1,1,0,1,1,2,1,Upper Primary (1–8),STANDARD,0,True,False
1417016,UTTAR PRADESH,BAREILLY,MIRGANJ,1,Sidhauli,6,3,1,10,97,243504,2,2,3,10,7,3,21,7,9,16,8,2,8,0,0,91,8,0,8,0,10,10,0,0,2,2,1,0,0,1,1,2,1,Secondary (1–10),STANDARD,0,True,False
4557824,UTTAR PRADESH,BAREILLY,FARIDPUR,1,Nawada Bilshandi,2,3,1,8,5,243201,2,2,3,13,3,21,19,21,8,7,7,0,0,0,0,99,4,4,0,0,7,7,0,0,2,2,0,0,0,1,1,1,2,Upper Primary (1–8),STANDARD,0,True,True
3979260,UTTAR PRADESH,BAREILLY,BAHERI,1,Adilpur,3,3,1,12,5,243201,1,2,3,12,36,28,36,54,54,38,57,69,1,34,0,419,17,15,2,0,24,24,0,0,10,10,30,2,0,1,1,1,1,Higher Secondary (1–12),STANDARD,0,True,True
2058612,UTTAR PRADESH,BAREILLY,VITHARI CHAINPUR,1,Parataspur,2,3,1,8,5,243123,2,2,3,3,2,10,15,10,0,0,0,0,0,0,0,40,7,7,0,0,5,5,0,0,1,1,1,1,0,2,1,1,1,Upper Primary (1–8),STANDARD,0,False,True
3605232,UTTAR PRADESH,BAREILLY,BHUTA,1,Shekhapur,1,3,1,5,97,243503,2,2,3,30,26,18,21,25,0,0,0,0,0,0,0,120,5,3,2,0,7,7,0,0,1,1,0,1,0,1,1,2,2,Primary (1–5),STANDARD,0,True,False
8908624,UTTAR PRADESH,BAREILLY,BHUTA,1,Umedpur Bhuta,2,3,1,8,5,243126,2,2,3,11,12,18,20,14,25,26,22,0,0,0,0,148,7,7,0,0,8,8,0,0,2,2,0,1,0,1,1,1,1,Upper Primary (1–8),STANDARD,0,True,True
